member_id,first_name,last_name,email,phone,dob,state,zip_code,enrollment_date,agent_id,carrier,plan_type
MEM000001,William,Duran,marcia99@example.org,(816)255-8523,1981-04-24,OH,06439,2023-05-16,AGT0032,VSP,Dental Premium
MEM000002,Benjamin,Reeves,jstone@example.net,925.695.2694x95888,1998-09-26,KY,62746,2024-03-24,AGT0079,Zurich,Vision Basic
MEM000003,Lisa,Richardson,whitneybrandy@example.net,001-809-474-9930x972,1999-10-04,KY,89725,2024-11-14,AGT0014,MetLife,Dental Premium
MEM000004,John,Armstrong,leescott@example.com,(563)768-9702,1999-08-20,IL,87300,2023-04-20,AGT0035,VSP,Vision Basic
MEM000005,Timothy,Bennett,stevepatel@example.net,(549)973-3484x344,1968-04-07,KY,42056,2023-12-18,AGT0065,VSP,Dental Premium
MEM000006,Timothy,Castro,keith98@example.com,(652)640-4157x4733,1958-04-13,GA,18493,2023-02-22,AGT0036,MetLife,Dental Basic
MEM000007,Daniel,Yang,johnsantiago@example.net,230.416.5712,1973-07-02,IL,53835,2023-05-14,AGT0057,Zurich,Vision Premium
MEM000008,Denise,Gilmore,mwoods@example.com,440-619-3802x62067,1950-11-13,OH,05411,2024-07-28,AGT0010,Zurich,Dental+Vision Bundle
MEM000009,Albert,Bradley,hebertmatthew@example.com,+1-688-472-8743x1527,1953-03-26,TN,02347,2024-07-12,AGT0075,Zurich,Dental Basic
MEM000010,Jill,Gibbs,gregorychase@example.com,(585)916-1227x53046,1953-10-02,KY,99297,2023-05-11,AGT0047,MetLife,Dental+Vision Bundle
MEM000011,Joseph,Rivera,greenmichael@example.org,6177426841,1972-05-21,OH,81061,2023-08-04,AGT0046,Zurich,Dental+Vision Bundle
MEM000012,Jeffrey,Bernard,vhernandez@example.net,(768)378-3391x878,1963-11-13,MI,74447,2024-02-21,AGT0021,MetLife,Dental+Vision Bundle
MEM000013,Daniel,Poole,ashleyhernandez@example.com,971.239.7187x07286,1966-02-03,TN,73743,2023-01-26,AGT0053,Zurich,Dental+Vision Bundle
MEM000014,Steven,Roman,fosterlisa@example.net,391.906.5180,1973-12-08,IL,04660,2023-09-12,AGT0014,VSP,Dental+Vision Bundle
MEM000015,Justin,White,katiegood@example.net,(456)576-6182x51286,1969-12-15,MI,00956,2024-04-26,AGT0059,VSP,Dental Premium
MEM000016,Katelyn,Good,inunez@example.com,+1-363-237-5243,1969-12-31,IN,87034,2023-08-22,AGT0025,VSP,Dental Premium
MEM000017,Robert,Miranda,allencarlos@example.net,5792030673,1975-01-16,TN,18868,2023-03-13,AGT0066,VSP,Vision Premium
MEM000018,William,Roberts,barbara53@example.com,(483)864-4089,1979-09-17,IN,73357,2024-07-03,AGT0015,VSP,Dental Basic
MEM000019,Tyler,Compton,ufloyd@example.net,(862)846-2873x34270,1953-06-07,OH,73545,2023-09-29,AGT0077,VSP,Dental Premium
MEM000020,Alyssa,Price,james17@example.com,383-504-6990,1989-02-24,CA,77516,2023-11-18,AGT0066,MetLife,Dental Premium
MEM000021,Jennifer,Hansen,vclark@example.com,5337173936,1967-01-20,KY,37602,2024-08-13,AGT0006,Zurich,Dental Premium
MEM000022,Oscar,Ferguson,kyle58@example.com,217.653.5560x932,1998-04-22,MI,73024,2024-06-16,AGT0047,VSP,Dental Basic
MEM000023,Sarah,Riley,mphillips@example.com,969.937.8547,1979-08-16,CA,22551,2024-11-11,AGT0041,Zurich,Dental+Vision Bundle
MEM000024,Jessica,Bell,jenniferfreeman@example.net,+1-508-901-0062x3120,1995-07-01,KY,49417,2023-11-04,AGT0053,VSP,Dental Premium
MEM000025,Bruce,Little,bhopkins@example.org,+1-286-800-8484,1999-09-27,IL,23997,2023-10-30,AGT0025,VSP,Vision Premium
MEM000026,Daniel,Davis,johnharvey@example.com,(246)315-6793x341,1965-08-12,CA,53621,2024-01-24,AGT0073,VSP,Dental Premium
MEM000027,Nicholas,Tran,walshjacqueline@example.org,365.691.8033x9740,1977-04-06,KY,71677,2023-01-01,AGT0027,VSP,Vision Premium
MEM000028,Anna,Johnson,alexis39@example.org,001-761-242-9396x85621,1978-11-29,FL,13304,2024-09-13,AGT0057,VSP,Vision Premium
MEM000029,Samuel,Roberson,cassie99@example.com,001-350-647-7358x66296,1992-06-14,IL,32803,2024-06-07,AGT0011,VSP,Vision Basic
MEM000030,Jennifer,Miller,normanbowers@example.org,001-365-451-1047x5412,1980-01-27,OH,56990,2024-10-10,AGT0031,Zurich,Dental Premium
MEM000031,Shane,Peters,fgarcia@example.com,+1-819-395-6046,1963-03-22,IN,95507,2023-07-23,AGT0006,MetLife,Dental+Vision Bundle
MEM000032,Rachel,Stein,ashleyjackson@example.com,(824)644-7212,1956-07-14,FL,55695,2024-09-17,AGT0054,Zurich,Vision Basic
MEM000033,Kevin,Patton,johnathan37@example.net,+1-937-712-4065x965,1994-05-09,GA,56942,2024-01-29,AGT0032,MetLife,Vision Premium
MEM000034,Lisa,Villarreal,kevinmorrison@example.net,575.726.5479,1959-07-25,GA,49791,2023-01-06,AGT0029,MetLife,Dental+Vision Bundle
MEM000035,Juan,Hartman,daniel93@example.net,+1-828-907-3741,1991-09-05,IN,18743,2024-06-14,AGT0072,MetLife,Dental+Vision Bundle
MEM000036,Cynthia,Allen,jennifermccormick@example.org,397.396.8868x058,1990-12-14,IL,33037,2023-05-05,AGT0060,Zurich,Vision Basic
MEM000037,Diane,Kelly,hartdeanna@example.net,(556)910-1438x8899,2003-06-03,TN,49537,2024-07-26,AGT0057,Zurich,Dental+Vision Bundle
MEM000038,Peter,Barton,michaeljohnson@example.org,961-312-5457x3875,1988-04-14,TX,57932,2024-05-31,AGT0058,MetLife,Vision Premium
MEM000039,Jennifer,Chavez,evanslisa@example.org,7518238282,1990-05-18,KY,61063,2024-05-01,AGT0032,Zurich,Dental Premium
MEM000040,Jesse,Sullivan,jacobsandoval@example.com,5936796603,1993-06-23,MI,99109,2024-06-17,AGT0036,VSP,Dental Basic
MEM000041,Jane,Flynn,lloydamanda@example.com,737-714-7859x69691,1971-01-14,KY,60513,2023-10-20,AGT0043,VSP,Dental+Vision Bundle
MEM000042,Christina,Cervantes,samantha91@example.net,(851)834-1252,1962-06-01,IL,78675,2023-03-24,AGT0030,VSP,Vision Premium
MEM000043,Devin,Reyes,tommymedina@example.net,(282)774-2257,1955-10-06,GA,01757,2023-08-08,AGT0053,VSP,Vision Basic
MEM000044,Todd,Lee,gmaynard@example.net,667.567.7219x0340,1955-08-03,MI,70966,2024-03-01,AGT0054,VSP,Dental+Vision Bundle
MEM000045,Keith,Norman,hdunn@example.net,848-358-0783,1951-10-03,CA,96968,2024-08-21,AGT0049,VSP,Dental Basic
MEM000046,Maria,Potter,nancy07@example.com,(417)513-3959x629,1976-10-15,GA,27625,2023-12-27,AGT0054,Zurich,Vision Premium
MEM000047,Linda,Hudson,candice25@example.net,449-748-1260x4223,1969-10-14,FL,32948,2024-07-13,AGT0029,VSP,Dental Premium
MEM000048,Kathleen,Lowe,othomas@example.com,+1-266-371-1684x5775,1984-11-20,TN,96305,2023-01-30,AGT0052,Zurich,Dental Basic
MEM000049,Teresa,Reid,melissa86@example.org,(237)345-4589x29750,1961-06-14,CA,82575,2024-04-23,AGT0069,MetLife,Dental+Vision Bundle
MEM000050,Kristen,Stevens,nobleeric@example.com,6633242415,2000-08-19,IN,49239,2024-08-29,AGT0011,Zurich,Dental Premium
MEM000051,Elizabeth,Banks,sanderskevin@example.net,001-236-211-0371x29387,1966-04-21,IN,91674,2024-04-17,AGT0034,VSP,Dental Premium
MEM000052,Matthew,Martinez,ebenson@example.org,861.411.5542,1979-04-29,TN,84593,2024-04-10,AGT0049,VSP,Vision Premium
MEM000053,Victoria,Thomas,bishopfrank@example.com,001-732-869-7311x2196,1972-08-19,OH,41723,2024-03-07,AGT0061,MetLife,Vision Premium
MEM000054,Kylie,Wright,wrightcarolyn@example.net,+1-540-943-8983x640,1981-05-25,MI,51079,2023-02-23,AGT0009,Zurich,Dental Basic
MEM000055,Daniel,Porter,ricetiffany@example.com,626-596-5827x10910,1972-03-08,MI,05721,2023-02-01,AGT0003,Zurich,Dental Basic
MEM000056,Sandra,Fry,ohunter@example.net,566.461.8892x41418,1992-06-26,OH,70806,2023-05-10,AGT0073,MetLife,Vision Basic
MEM000057,Mark,Willis,collinssamuel@example.org,6314617990,1983-02-04,IL,16156,2023-09-20,AGT0078,Zurich,Dental+Vision Bundle
MEM000058,Alexander,Taylor,martinstephanie@example.net,342.952.4105x64814,1964-09-10,KY,60164,2023-04-28,AGT0014,Zurich,Dental Basic
MEM000059,William,Brown,michaelscott@example.org,001-913-780-0030,2001-08-28,GA,50698,2023-11-16,AGT0051,Zurich,Dental Basic
MEM000060,Samantha,White,tranrobin@example.net,+1-263-453-6541x9518,1971-10-15,OH,29754,2024-08-29,AGT0039,Zurich,Vision Basic
MEM000061,Linda,Jarvis,djones@example.com,001-945-718-7053x49493,2000-10-09,IN,78055,2023-05-04,AGT0045,Zurich,Dental Premium
MEM000062,Teresa,Cuevas,jessicapayne@example.org,(206)803-8505,1956-03-09,TX,97242,2024-01-15,AGT0044,MetLife,Dental+Vision Bundle
MEM000063,Jessica,Garcia,robertwoodward@example.org,001-441-803-8657x191,1959-06-21,GA,10309,2024-05-16,AGT0047,Zurich,Dental+Vision Bundle
MEM000064,Brittany,Brown,joelgreen@example.com,(455)974-3132x9121,1963-09-23,GA,61587,2024-04-15,AGT0023,Zurich,Vision Basic
MEM000065,Lee,Martinez,tami37@example.com,541.712.4903x521,1974-03-26,CA,52437,2024-10-28,AGT0069,VSP,Vision Basic
MEM000066,William,Byrd,lori20@example.com,488.531.7121x003,1974-01-29,TN,53006,2024-08-29,AGT0032,MetLife,Dental Premium
MEM000067,Nathan,Mccoy,aguilarjonathan@example.org,9132721510,1971-11-17,FL,22519,2024-04-06,AGT0073,Zurich,Vision Premium
MEM000068,Sandra,Hamilton,ycrawford@example.net,(625)932-4472x09993,1952-07-29,FL,54501,2023-12-11,AGT0042,MetLife,Vision Basic
MEM000069,Nicole,Mendoza,ramirezderrick@example.org,+1-783-880-6578x7598,1973-03-06,TN,35947,2023-12-30,AGT0036,Zurich,Vision Premium
MEM000070,Hector,Flores,anthonycochran@example.com,5786593213,1999-11-12,IN,70452,2023-10-10,AGT0067,MetLife,Dental Basic
MEM000071,Lisa,Stark,gallagherstacie@example.net,(452)523-9559x0599,1993-10-31,TX,65018,2024-02-21,AGT0031,Zurich,Vision Basic
MEM000072,Amber,Thompson,davisjesse@example.org,4877059325,1990-03-17,IN,08307,2024-05-17,AGT0012,VSP,Dental Basic
MEM000073,Andrew,Willis,kimmathis@example.com,456-891-5452,1977-06-21,CA,84290,2023-09-07,AGT0048,VSP,Vision Basic
MEM000074,Susan,Banks,jasminehoffman@example.net,(239)426-4422x096,1988-03-04,TX,79457,2023-12-19,AGT0043,VSP,Vision Premium
MEM000075,Lucas,Lamb,daniellegarcia@example.com,(951)235-5215,1977-07-05,KY,35262,2023-10-05,AGT0030,MetLife,Vision Premium
MEM000076,Jason,Steele,jonathan10@example.org,(576)426-7658x6179,1960-09-22,TX,59652,2023-11-20,AGT0024,MetLife,Dental Basic
MEM000077,Charles,Singleton,andrew41@example.org,826-421-8159x97062,1974-10-22,CA,07520,2024-05-10,AGT0068,Zurich,Dental Premium
MEM000078,Craig,Harris,robertspencer@example.net,+1-944-443-1069,1967-06-01,KY,07645,2023-04-13,AGT0030,VSP,Dental Basic
MEM000079,Michael,Patterson,madison97@example.org,803-924-1714,1997-12-02,IL,64607,2023-01-15,AGT0036,MetLife,Dental+Vision Bundle
MEM000080,Patricia,Baker,ylopez@example.com,(270)447-7434,1976-03-17,IL,99097,2024-07-20,AGT0063,MetLife,Dental+Vision Bundle
MEM000081,Heather,Davis,lindsey69@example.org,+1-906-686-8793,1975-07-06,FL,10849,2024-08-10,AGT0062,VSP,Dental Premium
MEM000082,Ralph,Nash,shawrachel@example.net,+1-592-417-2233x20616,1972-08-26,FL,78495,2023-02-22,AGT0015,MetLife,Dental Premium
MEM000083,Jonathan,Bartlett,millerangela@example.net,348-370-9986x16229,2001-10-07,IN,74253,2023-03-17,AGT0020,MetLife,Dental+Vision Bundle
MEM000084,Kimberly,Floyd,natalie46@example.net,899.770.2462x9960,1957-08-23,MI,91008,2023-11-08,AGT0016,Zurich,Vision Premium
MEM000085,John,Reese,penny05@example.com,547-913-2475x4691,2003-06-25,CA,28208,2024-09-12,AGT0029,Zurich,Dental Premium
MEM000086,Robin,Russell,xmalone@example.org,521.248.6289x02330,1976-09-04,CA,60328,2024-03-29,AGT0055,VSP,Vision Basic
MEM000087,Brent,Ward,joshuacolon@example.net,(710)435-7972x7985,1958-11-26,MI,34404,2023-03-03,AGT0028,VSP,Vision Premium
MEM000088,Kaitlyn,Barker,anthony02@example.net,001-233-533-4680x07229,1971-07-09,IL,33582,2023-06-10,AGT0071,MetLife,Dental Basic
MEM000089,Charlene,Hahn,rodney65@example.com,637-648-9691x085,1990-06-02,CA,90208,2024-02-23,AGT0061,VSP,Dental Basic
MEM000090,Daniel,Brown,danielle44@example.net,001-943-628-3096x520,1975-05-14,FL,34504,2023-10-23,AGT0010,Zurich,Dental Basic
MEM000091,Rebecca,Sullivan,aguilarwanda@example.org,638-475-8428x24172,2002-11-30,MI,89592,2023-09-28,AGT0055,MetLife,Vision Basic
MEM000092,Rachel,Pena,michaelgarner@example.com,(955)549-4717x09991,1963-05-15,KY,66099,2024-10-25,AGT0019,MetLife,Dental Basic
MEM000093,David,Becker,robert22@example.org,969-672-5217x52500,2003-05-21,CA,27945,2023-11-11,AGT0037,VSP,Dental Basic
MEM000094,Kathleen,Jackson,tracygallagher@example.org,(296)566-6760,1986-02-10,KY,96269,2023-11-08,AGT0065,Zurich,Vision Basic
MEM000095,Nathan,Smith,katherine83@example.org,+1-203-635-4216x89421,2003-08-27,IN,38620,2023-03-24,AGT0056,Zurich,Dental Premium
MEM000096,Stephen,Meyer,ryan25@example.com,(432)360-3323x098,1952-04-27,OH,48550,2023-09-14,AGT0030,Zurich,Dental+Vision Bundle
MEM000097,Jennifer,Conner,qmcdowell@example.net,+1-609-901-0016x761,2002-09-03,IN,92496,2024-08-12,AGT0035,Zurich,Dental Basic
MEM000098,Eric,Neal,turnerdorothy@example.net,549.592.6189x14117,1992-03-18,TX,34972,2023-06-29,AGT0057,VSP,Dental Basic
MEM000099,Marie,Dudley,jade42@example.org,+1-373-975-3001,1989-02-08,FL,20049,2024-08-22,AGT0012,VSP,Dental Premium
MEM000100,Stacy,Chan,cummingscraig@example.com,+1-837-344-7012x0455,1978-10-21,OH,12952,2023-12-08,AGT0021,VSP,Dental Premium
MEM000101,Melissa,Zamora,christianelizabeth@example.org,857-994-1552x16674,1975-11-10,GA,55779,2024-05-22,AGT0071,MetLife,Vision Basic
MEM000102,Deborah,Robles,andersonjessica@example.org,769-279-7296,1972-08-23,TN,90215,2023-11-19,AGT0015,VSP,Dental+Vision Bundle
MEM000103,Nichole,Acosta,timothyfreeman@example.com,301.845.0899x358,1998-09-05,FL,87233,2023-01-02,AGT0053,MetLife,Dental Basic
MEM000104,Jessica,Olson,jhernandez@example.net,7025877217,1994-09-21,FL,43872,2024-01-06,AGT0007,MetLife,Dental Premium
MEM000105,Tara,Williams,andreagray@example.org,377-997-1775,1975-11-04,FL,98180,2023-05-15,AGT0063,MetLife,Dental Basic
MEM000106,Denise,Garcia,jjohnson@example.org,799-248-8375,1971-06-21,IL,29719,2024-10-07,AGT0040,Zurich,Dental Basic
MEM000107,Megan,Rivera,xmoran@example.net,211.430.5548x851,1958-05-13,MI,65043,2024-02-22,AGT0015,VSP,Dental+Vision Bundle
MEM000108,Donald,Love,nrodriguez@example.org,216.337.3516,1963-10-25,FL,59549,2024-10-25,AGT0038,Zurich,Vision Premium
MEM000109,Stephen,Lawrence,tamarasmith@example.net,4863978292,1993-04-15,FL,51279,2024-03-01,AGT0032,VSP,Vision Basic
MEM000110,Diane,Obrien,william66@example.net,001-634-765-4722x698,1967-02-06,CA,93807,2024-01-28,AGT0066,Zurich,Dental+Vision Bundle
MEM000111,Jillian,Spencer,jamesweber@example.com,+1-652-828-8515x87996,1974-10-14,GA,02174,2023-03-13,AGT0044,Zurich,Dental Premium
MEM000112,Alexandra,Johnson,brianbrown@example.com,001-524-842-0438x05719,1975-05-18,KY,31643,2023-01-03,AGT0076,Zurich,Dental+Vision Bundle
MEM000113,William,Robles,heather06@example.com,(558)500-4397x35989,1963-05-02,FL,39059,2024-05-16,AGT0069,VSP,Dental Premium
MEM000114,Shane,Lucero,lopezglenn@example.net,660-264-8422,1998-10-03,GA,43828,2024-07-19,AGT0059,VSP,Dental+Vision Bundle
MEM000115,Steven,Pineda,hernandezmarcus@example.org,001-494-879-8515x83281,2001-04-19,GA,71683,2023-09-02,AGT0030,VSP,Dental Basic
MEM000116,Amanda,Davis,nicolealvarado@example.com,(543)298-7801x573,1984-03-15,GA,89964,2024-04-29,AGT0020,VSP,Dental+Vision Bundle
MEM000117,Nicole,James,cruzamber@example.com,5857887704,1995-01-24,CA,67858,2023-05-10,AGT0043,MetLife,Dental+Vision Bundle
MEM000118,Christopher,Davis,simsjason@example.net,001-336-213-8612x07501,1958-12-12,TX,23830,2024-03-26,AGT0059,MetLife,Vision Premium
MEM000119,Laura,Grant,rhondarussell@example.com,+1-366-750-6180x9190,1963-11-07,OH,66408,2024-02-24,AGT0061,VSP,Dental Premium
MEM000120,Daniel,Buchanan,catherine47@example.com,(207)428-3268x4245,1957-03-16,TN,16653,2024-02-12,AGT0069,VSP,Dental+Vision Bundle
MEM000121,Bobby,Armstrong,fmedina@example.com,653.568.2223,1993-10-11,TX,15524,2024-10-03,AGT0005,Zurich,Dental Basic
MEM000122,Howard,Marsh,yorksarah@example.net,481.541.4139x755,1975-10-13,MI,13614,2024-10-08,AGT0012,VSP,Dental+Vision Bundle
MEM000123,Justin,Jones,louishayes@example.net,+1-849-629-9556x20533,1959-01-07,FL,47619,2024-10-10,AGT0022,Zurich,Dental Premium
MEM000124,Dennis,Quinn,wford@example.com,281.229.1428x3411,1954-02-16,TN,76770,2023-01-30,AGT0008,VSP,Dental Premium
MEM000125,Beth,Hammond,rebeccaarnold@example.net,+1-972-356-3942,1963-01-23,MI,52508,2024-03-17,AGT0068,VSP,Vision Basic
MEM000126,Michael,Smith,melaniedrake@example.net,+1-928-527-2299x27503,1965-04-02,IL,08740,2023-07-04,AGT0011,Zurich,Dental+Vision Bundle
MEM000127,Joseph,Young,aprilmoody@example.com,870.805.1844x9892,1971-08-10,FL,48381,2024-09-26,AGT0075,MetLife,Dental Basic
MEM000128,Briana,Villanueva,blacknicholas@example.org,665.557.7908x27231,1972-10-14,FL,20193,2024-10-15,AGT0033,Zurich,Dental Basic
MEM000129,Jacob,Cox,guerrerorobert@example.com,001-417-477-3926x0302,1975-10-22,TX,83016,2024-04-21,AGT0021,MetLife,Dental Premium
MEM000130,William,Macdonald,brianscott@example.org,869.490.4137x97723,2002-09-18,KY,76869,2023-12-20,AGT0055,Zurich,Dental Premium
MEM000131,Lori,White,gary57@example.net,001-813-466-2103,1967-11-15,GA,79866,2023-11-06,AGT0062,MetLife,Dental Basic
MEM000132,Cole,Alvarez,richamanda@example.org,772-298-0686,1982-03-16,CA,91942,2024-08-08,AGT0038,Zurich,Dental Premium
MEM000133,Alyssa,Perez,yclarke@example.com,001-691-862-4731,1985-07-05,KY,34292,2024-11-05,AGT0002,Zurich,Dental+Vision Bundle
MEM000134,Jacob,Fletcher,lanedavid@example.org,(735)665-1269x4486,1994-07-25,KY,89709,2023-02-20,AGT0030,Zurich,Dental+Vision Bundle
MEM000135,Raymond,Harris,jwhite@example.net,844.795.6213x7213,1967-01-22,CA,72666,2023-08-13,AGT0033,Zurich,Vision Premium
MEM000136,Christina,Cohen,martintamara@example.org,727-396-1143,1962-04-09,OH,80327,2024-11-06,AGT0006,VSP,Vision Premium
MEM000137,Benjamin,Cruz,hmendez@example.com,001-590-427-7038x430,2001-12-30,TN,88846,2023-02-04,AGT0017,MetLife,Dental+Vision Bundle
MEM000138,Barry,Allen,cantrellchristopher@example.com,001-765-766-9380x11848,1987-04-12,IL,36743,2023-12-01,AGT0026,MetLife,Vision Premium
MEM000139,Jeremy,Mccarty,kspears@example.org,626-681-8184x518,1997-08-16,TX,91490,2024-01-10,AGT0035,MetLife,Dental Premium
MEM000140,Scott,Bennett,wcarrillo@example.com,001-777-290-7141x63356,1976-06-24,TN,92358,2024-05-08,AGT0015,VSP,Dental+Vision Bundle
MEM000141,Marilyn,Wright,rosskaitlyn@example.com,482-575-5394,1970-03-29,GA,65905,2023-05-25,AGT0072,VSP,Dental Basic
MEM000142,Jillian,Young,moniqueclark@example.org,295.221.1179,1951-04-02,KY,63715,2024-02-09,AGT0069,MetLife,Vision Basic
MEM000143,Nathan,Stewart,travis84@example.com,792.808.6780,1973-07-09,CA,90460,2024-11-19,AGT0049,Zurich,Dental+Vision Bundle
MEM000144,Kimberly,Bryant,wolfesteve@example.net,6034691559,1970-12-23,FL,72402,2023-04-21,AGT0004,Zurich,Dental+Vision Bundle
MEM000145,Jose,Adams,michael76@example.org,(855)864-7292x93143,1979-06-06,CA,26199,2024-07-28,AGT0029,Zurich,Dental Basic
MEM000146,Dustin,Haley,thomassmith@example.com,428.285.7448x9061,1977-02-10,GA,28742,2024-04-20,AGT0015,MetLife,Dental Basic
MEM000147,Lisa,Woods,colematthew@example.com,(488)645-0615x939,1977-04-22,FL,47045,2023-02-08,AGT0015,MetLife,Dental Basic
MEM000148,Mark,Dixon,ypreston@example.net,572-725-6996x1125,1962-03-04,GA,42034,2024-07-04,AGT0059,VSP,Vision Premium
MEM000149,Denise,Page,cnelson@example.com,001-498-876-2202x3413,1987-08-08,CA,14002,2024-07-07,AGT0020,VSP,Vision Premium
MEM000150,Cody,Zuniga,bkelley@example.com,411.449.2164x33472,1986-08-13,KY,04245,2024-05-16,AGT0005,Zurich,Dental Premium
MEM000151,Austin,Kelly,michelle78@example.com,+1-872-682-9979,1989-11-23,MI,46005,2024-03-30,AGT0047,MetLife,Dental+Vision Bundle
MEM000152,Timothy,Perez,ramosmichael@example.com,(240)908-2547,1998-11-06,TN,99522,2024-01-12,AGT0008,VSP,Dental Premium
MEM000153,Thomas,Smith,myates@example.org,4858368663,1990-10-18,OH,50093,2023-05-06,AGT0028,Zurich,Vision Basic
MEM000154,Jeffrey,Miller,zacharymarsh@example.net,001-944-984-6312x241,1954-07-16,TN,36170,2023-01-22,AGT0032,MetLife,Vision Premium
MEM000155,Jackie,Vasquez,andrew08@example.org,(414)242-7031,1956-02-27,TX,65195,2023-07-30,AGT0027,Zurich,Dental Basic
MEM000156,Jeff,Fisher,dbolton@example.net,9514204618,1979-06-24,IL,25692,2023-08-27,AGT0077,MetLife,Dental Premium
MEM000157,Paula,Wright,hclayton@example.net,567.930.3718,1961-08-30,TX,51504,2023-05-29,AGT0033,MetLife,Dental Basic
MEM000158,Erin,Collins,eric08@example.net,547-843-5031,1961-10-28,IN,43035,2023-01-27,AGT0046,MetLife,Vision Basic
MEM000159,Alexis,Bauer,fosterjohn@example.org,001-379-725-1327,1965-08-19,KY,82438,2023-01-17,AGT0007,MetLife,Vision Premium
MEM000160,Brian,Kelly,jacquelinemoody@example.org,935.985.7306x5240,1960-03-13,OH,73773,2024-06-22,AGT0061,VSP,Vision Premium
MEM000161,Kenneth,Terry,ashleystephens@example.com,001-774-998-2182x7448,2003-04-06,OH,00595,2024-06-09,AGT0058,Zurich,Dental Basic
MEM000162,Kimberly,Hunter,nicoleharvey@example.com,001-793-851-8638x78294,1953-11-21,TX,84505,2024-09-21,AGT0039,VSP,Vision Basic
MEM000163,Marc,Davis,williamssharon@example.org,9316731096,1955-06-17,FL,06934,2023-02-01,AGT0052,VSP,Vision Premium
MEM000164,Michael,Obrien,smithsamantha@example.net,317.605.8650x9480,1989-10-17,OH,10716,2024-05-17,AGT0011,VSP,Vision Basic
MEM000165,Shirley,Yu,garciajerry@example.com,338.739.2886,1961-04-28,KY,88908,2023-03-09,AGT0080,Zurich,Vision Basic
MEM000166,Stephen,Ortega,jacksonhenry@example.com,552.589.7558x55665,1984-03-04,CA,49661,2023-11-29,AGT0068,VSP,Vision Basic
MEM000167,Katie,Howe,michael77@example.com,6045908240,1988-08-05,OH,28658,2024-09-11,AGT0015,Zurich,Vision Premium
MEM000168,Melissa,Smith,samantha88@example.net,001-721-507-5224,1969-04-16,GA,31040,2024-07-18,AGT0058,MetLife,Dental Premium
MEM000169,Jonathan,Evans,ncarroll@example.net,257-827-9194,1985-10-09,GA,10787,2024-04-09,AGT0013,VSP,Dental Premium
MEM000170,Kimberly,Weeks,michael66@example.org,001-539-406-0480x58925,1972-11-13,TN,07122,2024-11-12,AGT0020,Zurich,Dental+Vision Bundle
MEM000171,Emily,Osborn,kmullins@example.net,936-246-2251,1958-03-09,OH,72348,2023-03-10,AGT0012,VSP,Dental Basic
MEM000172,Raymond,Miller,iayala@example.org,683.876.9389x8331,1961-09-03,TX,42891,2024-01-17,AGT0008,Zurich,Dental+Vision Bundle
MEM000173,Gail,Johnston,powersrodney@example.com,955.490.4259,1979-07-29,OH,58233,2024-07-29,AGT0053,VSP,Dental+Vision Bundle
MEM000174,Brady,Meyers,ginamoore@example.net,310-639-2405,1954-08-13,KY,59491,2024-03-09,AGT0077,VSP,Dental Premium
MEM000175,Thomas,Rivera,jamesmills@example.com,+1-679-420-6980,1995-07-10,MI,08379,2024-08-14,AGT0020,Zurich,Vision Basic
MEM000176,Justin,Mccormick,brian01@example.com,+1-345-410-4636x81579,1981-05-30,TX,26567,2023-04-21,AGT0048,MetLife,Vision Premium
MEM000177,Vincent,Ellis,williamssandra@example.com,876-220-5554x38404,1970-04-16,GA,73238,2024-08-10,AGT0072,Zurich,Vision Basic
MEM000178,Stacy,Perez,penny21@example.net,(489)536-3926x4957,1999-12-13,IN,86021,2024-10-20,AGT0078,Zurich,Dental+Vision Bundle
MEM000179,Dillon,Weaver,michelleparker@example.net,226.729.2518x81252,1952-08-06,IL,54770,2023-10-01,AGT0035,Zurich,Vision Premium
MEM000180,Susan,Turner,edwin31@example.org,(509)594-9993,1981-06-29,IN,90596,2023-12-14,AGT0024,MetLife,Vision Basic
MEM000181,Anthony,Miller,manderson@example.com,001-252-667-7223x306,1956-03-30,IL,54639,2024-02-15,AGT0004,MetLife,Vision Premium
MEM000182,Jeffrey,Powers,katherinejones@example.com,+1-275-373-6609x656,1983-10-02,GA,59694,2023-08-09,AGT0059,VSP,Dental Basic
MEM000183,Stephen,Rich,aprilfoster@example.net,6866803476,1979-02-07,CA,60970,2023-11-16,AGT0077,MetLife,Dental+Vision Bundle
MEM000184,Garrett,Phillips,vaughnrebecca@example.com,+1-271-481-2982x6657,1964-02-15,CA,59965,2023-06-09,AGT0007,Zurich,Dental Basic
MEM000185,Brittany,Marquez,nicoledavis@example.com,001-421-811-7518x689,1988-01-16,FL,72635,2024-03-29,AGT0078,VSP,Dental Premium
MEM000186,Oscar,Tate,ariana22@example.org,(406)544-7421,1995-12-19,OH,00964,2023-08-09,AGT0045,VSP,Dental Basic
MEM000187,Cindy,King,fjimenez@example.net,9973339776,2003-03-19,FL,79303,2024-11-25,AGT0068,Zurich,Dental Premium
MEM000188,Carol,Sanchez,christine83@example.org,(620)750-2099,1985-06-17,CA,11996,2023-08-14,AGT0008,MetLife,Dental Basic
MEM000189,Brandon,Butler,evanmitchell@example.net,001-799-882-7950x145,1962-04-24,KY,09370,2023-08-05,AGT0038,VSP,Dental Basic
MEM000190,Katherine,Bridges,carterdennis@example.net,358-968-3390x198,1988-08-20,IL,95406,2024-05-24,AGT0017,VSP,Vision Basic
MEM000191,Haley,Peck,ronald54@example.net,001-995-429-9787,1994-11-18,TX,80377,2023-08-24,AGT0046,MetLife,Dental Premium
MEM000192,Jesse,Roberts,aaronjohnson@example.net,539-266-0558,1989-02-19,IN,84468,2023-02-13,AGT0059,MetLife,Dental+Vision Bundle
MEM000193,James,Campbell,parkerwilliam@example.com,001-901-255-6990x23557,1988-07-06,CA,85127,2024-08-12,AGT0052,Zurich,Vision Basic
MEM000194,Derek,Moore,imcclain@example.com,760.784.9588x039,1960-05-02,GA,09179,2023-10-24,AGT0003,VSP,Dental Basic
MEM000195,Tara,Ramirez,morgannicholas@example.net,(299)662-9145,1991-04-12,TN,54747,2024-09-24,AGT0012,VSP,Dental+Vision Bundle
MEM000196,Christopher,Wiley,shannon43@example.net,521-750-3178x0782,1989-02-01,CA,63870,2023-09-07,AGT0052,Zurich,Dental Basic
MEM000197,Jessica,Mills,douglas18@example.net,(230)376-8104,1980-06-17,MI,44185,2023-11-14,AGT0043,MetLife,Dental Basic
MEM000198,Steven,Williams,andrew43@example.com,434.448.5714,1960-03-25,TX,36367,2024-10-10,AGT0066,MetLife,Dental+Vision Bundle
MEM000199,Danny,Mullen,clarkmichael@example.com,224-493-2149x587,1981-07-01,IL,04301,2023-12-24,AGT0031,MetLife,Dental Basic
MEM000200,Thomas,Lowe,reyeschristopher@example.com,(399)979-5453,1965-07-26,CA,74922,2023-07-22,AGT0020,Zurich,Dental Basic
MEM000201,David,Hess,tdavis@example.net,+1-977-933-2945x6255,1994-05-01,FL,04467,2024-10-05,AGT0073,Zurich,Dental Premium
MEM000202,Cameron,Rodriguez,kmurray@example.com,001-959-892-8161x58148,1978-12-30,TN,77903,2024-08-01,AGT0020,VSP,Dental Basic
MEM000203,Robert,Oliver,terrireyes@example.com,396.969.5832,1977-03-02,KY,15485,2024-03-28,AGT0076,MetLife,Dental Premium
MEM000204,Brittany,Ford,shortgregory@example.com,591-496-5701,1977-11-06,FL,76623,2023-03-17,AGT0058,MetLife,Dental Basic
MEM000205,Rebecca,Fields,shermandonna@example.com,+1-646-699-7335,1956-11-19,OH,57481,2023-10-21,AGT0079,Zurich,Vision Basic
MEM000206,Jennifer,Herman,aguilarcheryl@example.net,(524)805-8008x5140,2002-01-24,TX,92542,2024-04-18,AGT0006,VSP,Dental+Vision Bundle
MEM000207,Brittany,Garrett,bsullivan@example.net,427.623.8656,1966-11-21,TN,88327,2024-08-08,AGT0078,VSP,Vision Basic
MEM000208,David,Smith,thomasnicole@example.net,(921)826-7969x27868,1990-06-02,OH,47071,2023-03-05,AGT0044,Zurich,Dental Basic
MEM000209,Jeremiah,Coleman,lanemelanie@example.org,001-384-968-9500x975,1965-06-25,IN,91005,2024-10-23,AGT0032,Zurich,Dental Premium
MEM000210,Christopher,Cross,steven18@example.net,737-218-9490,1997-01-06,TX,61956,2024-03-25,AGT0079,MetLife,Dental Premium
MEM000211,Shawn,Escobar,robert44@example.org,2946940792,1984-10-03,GA,97150,2023-10-17,AGT0044,Zurich,Vision Basic
MEM000212,Claudia,Mitchell,martinezchase@example.com,929-744-4019x292,1980-01-09,OH,23490,2024-10-08,AGT0043,MetLife,Vision Basic
MEM000213,Jose,Haynes,hwhite@example.org,212-692-7663x72395,1975-06-29,KY,99523,2024-01-31,AGT0078,MetLife,Dental Premium
MEM000214,Lori,Williams,tross@example.com,001-883-766-7428x6047,1962-09-09,TN,70002,2024-08-19,AGT0040,Zurich,Vision Premium
MEM000215,Felicia,Williams,stephanie69@example.net,754-441-4967x393,1961-07-27,CA,41561,2024-02-06,AGT0011,VSP,Vision Basic
MEM000216,Amy,Chambers,smithconnor@example.org,+1-375-334-4300x91093,1979-06-21,IL,11823,2024-10-20,AGT0068,MetLife,Vision Basic
MEM000217,Melissa,Anderson,pauladominguez@example.com,871-774-6542x1406,1995-08-15,TN,08373,2024-03-09,AGT0003,VSP,Dental Premium
MEM000218,Jonathan,Hess,scottvasquez@example.org,+1-662-371-2863x917,1980-08-28,FL,05070,2023-08-08,AGT0025,MetLife,Dental+Vision Bundle
MEM000219,Charles,Duncan,kimberly07@example.org,+1-800-864-2569x0877,1956-12-03,KY,95890,2023-06-08,AGT0013,Zurich,Vision Premium
MEM000220,Kimberly,Floyd,aaronfinley@example.com,798-755-4601,1953-05-21,TN,11046,2024-06-23,AGT0080,MetLife,Vision Basic
MEM000221,Maureen,Hodges,deborah28@example.org,(234)561-5717x3203,1964-07-22,IL,64625,2023-06-07,AGT0080,MetLife,Vision Premium
MEM000222,Paul,Sparks,victor70@example.org,205-406-1387x82931,1986-11-11,TN,64581,2023-02-14,AGT0031,VSP,Vision Basic
MEM000223,Desiree,Ruiz,sanchezdeborah@example.org,(304)317-9291,1970-12-29,TX,65662,2024-04-04,AGT0031,VSP,Dental+Vision Bundle
MEM000224,Brooke,Gilbert,brockronald@example.net,+1-365-619-8253x09251,1967-05-29,TN,19013,2024-04-25,AGT0074,VSP,Vision Basic
MEM000225,Katherine,Jackson,angela73@example.net,2212962071,1984-04-05,TX,24017,2023-10-16,AGT0068,VSP,Dental+Vision Bundle
MEM000226,Sara,Mann,robert72@example.org,(448)976-3290,1962-06-02,KY,80723,2023-07-24,AGT0007,Zurich,Vision Basic
MEM000227,Stephanie,Burton,michael08@example.org,918.519.5883,1999-10-02,OH,36732,2024-01-16,AGT0067,MetLife,Dental Premium
MEM000228,Brian,Rodriguez,ginaschmitt@example.com,222.300.5436x4597,1974-06-22,FL,97548,2023-06-14,AGT0066,MetLife,Dental+Vision Bundle
MEM000229,Brian,Medina,kristenwashington@example.org,537-399-5635,1969-12-02,FL,43247,2023-04-04,AGT0045,MetLife,Dental Premium
MEM000230,Jeremy,Young,ykane@example.org,979-470-6239,1995-01-14,TN,51269,2024-02-10,AGT0031,VSP,Dental+Vision Bundle
MEM000231,Nathaniel,Ellis,crystalcantrell@example.org,620-490-4217x76253,1970-02-22,IN,84124,2024-01-19,AGT0041,MetLife,Dental+Vision Bundle
MEM000232,Stephanie,Whitehead,christophervincent@example.com,797.874.0633,1980-01-30,IL,76452,2024-10-27,AGT0018,MetLife,Dental Premium
MEM000233,Jeffrey,Pennington,robinvillanueva@example.com,3079806867,1962-06-14,FL,65419,2024-04-28,AGT0058,Zurich,Dental Basic
MEM000234,John,Hansen,steelerichard@example.org,(954)231-0742,1951-09-15,KY,60117,2023-03-23,AGT0028,MetLife,Vision Basic
MEM000235,Steven,Taylor,xlopez@example.net,501.365.8046x498,1997-05-08,GA,81825,2024-09-15,AGT0015,VSP,Dental Basic
MEM000236,Nicole,Fitzgerald,robertsonrenee@example.com,4163579055,1954-04-14,MI,74000,2023-05-05,AGT0054,Zurich,Vision Premium
MEM000237,Jenna,Harris,john17@example.net,001-993-935-5486x40155,1955-08-21,OH,66227,2024-04-13,AGT0064,Zurich,Vision Basic
MEM000238,Alisha,Martinez,shannon51@example.org,911.462.4112x412,1996-03-27,CA,27273,2024-10-09,AGT0031,Zurich,Dental Basic
MEM000239,Abigail,Burton,robert82@example.com,(767)704-3103x856,1950-02-21,CA,64221,2024-03-15,AGT0046,MetLife,Vision Basic
MEM000240,Brittney,Terry,kellis@example.org,424-637-5402x5472,1957-09-06,TX,24392,2023-07-11,AGT0047,MetLife,Dental+Vision Bundle
MEM000241,Teresa,Franco,evanwilson@example.com,001-727-745-2380,1995-07-08,TX,19892,2024-07-11,AGT0071,MetLife,Dental Premium
MEM000242,Nathan,Fernandez,amandamartinez@example.org,(472)975-2088x5474,1953-11-27,GA,44893,2024-04-26,AGT0048,VSP,Vision Premium
MEM000243,Hannah,Dennis,taylorandrea@example.com,5695375150,1956-01-23,TN,36929,2024-01-01,AGT0031,Zurich,Vision Premium
MEM000244,James,Miller,frhodes@example.net,(837)759-9805x6265,2002-03-16,TN,02098,2023-04-17,AGT0018,MetLife,Dental Premium
MEM000245,Justin,Bell,fsawyer@example.org,001-576-674-2662x9912,1965-09-16,FL,62709,2023-12-13,AGT0062,Zurich,Dental Basic
MEM000246,Vanessa,Fox,carl96@example.org,5644628792,1955-08-30,FL,50540,2023-05-19,AGT0005,VSP,Dental Basic
MEM000247,Keith,Henry,mary47@example.net,001-973-500-2447x1462,1953-10-05,TN,04229,2023-07-24,AGT0040,Zurich,Dental Premium
MEM000248,David,Ramirez,georgemichael@example.com,001-664-471-5890,1992-06-21,KY,76739,2024-07-10,AGT0005,Zurich,Dental Basic
MEM000249,Brian,Flores,michaelbrown@example.com,(750)744-8183x21928,1954-04-16,TN,90281,2024-01-01,AGT0035,MetLife,Vision Premium
MEM000250,Lauren,Nelson,cody95@example.org,3285457652,1985-11-20,FL,20758,2024-03-23,AGT0050,VSP,Dental+Vision Bundle
MEM000251,Wesley,Decker,butlersabrina@example.org,(707)454-5279,1994-08-20,TN,93548,2024-05-23,AGT0067,VSP,Dental+Vision Bundle
MEM000252,Kevin,Garner,walkermelissa@example.org,001-834-223-2161x107,1957-01-30,GA,26237,2024-03-10,AGT0078,MetLife,Vision Basic
MEM000253,Daniel,Mcguire,harrisonrebekah@example.org,440-711-9393,1959-03-16,OH,04336,2023-11-25,AGT0042,Zurich,Dental Premium
MEM000254,Christopher,Singleton,stacy55@example.org,293.389.1190x83342,1988-03-24,IL,28552,2024-04-01,AGT0057,VSP,Dental Premium
MEM000255,Samantha,York,lrichardson@example.org,312.956.6383x615,1989-01-08,KY,14960,2023-12-28,AGT0008,MetLife,Vision Premium
MEM000256,April,Simpson,janet80@example.org,571-364-7947x38646,1982-08-05,TX,62848,2024-02-20,AGT0021,MetLife,Dental Basic
MEM000257,Sheila,Richardson,lutztravis@example.org,(578)711-2669x1215,1989-04-24,IN,26749,2024-09-14,AGT0017,MetLife,Dental Basic
MEM000258,Brooke,Ewing,hallroger@example.com,499-946-5796x784,1982-11-12,TN,14661,2024-10-22,AGT0050,Zurich,Dental Basic
MEM000259,David,Burns,courtneytaylor@example.org,001-301-370-2695x2499,1990-05-14,TN,87150,2023-06-07,AGT0048,VSP,Vision Premium
MEM000260,Karen,Saunders,qharris@example.com,784.885.8800x6167,1962-05-09,TX,58507,2024-08-10,AGT0047,VSP,Dental Premium
MEM000261,Steve,Johnson,nicole27@example.com,(946)971-9788,1972-05-24,OH,74196,2023-10-13,AGT0004,Zurich,Dental Basic
MEM000262,Melissa,Hunter,lbaker@example.com,+1-254-750-0902x559,1984-09-19,TX,50383,2024-06-14,AGT0016,VSP,Vision Premium
MEM000263,Connor,Reed,robert03@example.org,249.711.4152,1969-04-02,CA,05400,2024-04-01,AGT0037,Zurich,Dental+Vision Bundle
MEM000264,Steven,Boyer,sadams@example.com,001-905-369-6591,1967-12-17,OH,91053,2024-05-17,AGT0018,MetLife,Vision Basic
MEM000265,Emily,Rogers,garrett45@example.com,871.583.4404,1957-11-16,TN,82364,2024-03-31,AGT0045,Zurich,Dental Basic
MEM000266,Julia,Davis,vargasjoshua@example.net,876.635.1484x68536,1976-01-19,KY,82416,2024-07-09,AGT0021,Zurich,Vision Premium
MEM000267,Zachary,Powers,nicoleburton@example.net,(297)537-4896,1965-08-14,TN,48247,2024-10-15,AGT0066,MetLife,Dental Basic
MEM000268,Steven,Allen,megan65@example.org,+1-536-244-2493x6312,1962-06-17,MI,32690,2023-07-25,AGT0064,MetLife,Dental Premium
MEM000269,Laura,Collins,bcastro@example.com,+1-203-224-2044x8207,1983-02-05,FL,11501,2024-08-09,AGT0071,MetLife,Vision Basic
MEM000270,Lee,Evans,lesterrichard@example.com,+1-316-523-1981x89847,1955-11-25,KY,79120,2023-03-30,AGT0051,Zurich,Vision Premium
MEM000271,David,Roman,marisa63@example.com,221.923.4764,1986-11-08,GA,70423,2024-06-22,AGT0074,MetLife,Dental Basic
MEM000272,Nicholas,Fry,amy73@example.com,(557)654-0900,1956-08-27,FL,72948,2023-11-21,AGT0060,Zurich,Vision Basic
MEM000273,Paul,Fowler,rebecca18@example.org,760.864.4134x327,1999-06-18,CA,04941,2023-05-12,AGT0024,MetLife,Dental Premium
MEM000274,Joshua,Miller,aruiz@example.com,001-961-224-8156x985,1961-02-20,TX,07329,2023-02-26,AGT0020,VSP,Dental Basic
MEM000275,Danielle,White,igibbs@example.org,(734)959-1123x8296,1970-03-25,TN,63201,2023-11-27,AGT0067,VSP,Dental+Vision Bundle
MEM000276,Morgan,Anderson,graceserrano@example.com,216.252.6693,1967-08-12,TX,73708,2023-09-14,AGT0036,MetLife,Vision Basic
MEM000277,Deborah,Sims,mccannjames@example.net,(706)496-9421,1997-11-11,OH,74850,2024-09-21,AGT0065,Zurich,Dental Basic
MEM000278,David,Higgins,dayala@example.net,513.633.4476x2639,1963-11-01,IL,95752,2024-08-17,AGT0080,Zurich,Dental+Vision Bundle
MEM000279,Erica,Barnes,bsparks@example.com,739-873-5971x072,2000-07-25,IN,90528,2023-12-12,AGT0004,MetLife,Dental Basic
MEM000280,Jason,Reyes,qfitzgerald@example.org,280-205-3759,2001-09-29,KY,33748,2024-10-18,AGT0027,Zurich,Dental Premium
MEM000281,William,James,ilambert@example.net,4923428757,1952-09-19,FL,42092,2024-10-16,AGT0070,VSP,Vision Basic
MEM000282,Jennifer,Hamilton,darryl02@example.com,956-444-9485x625,1993-04-30,MI,73334,2023-11-06,AGT0052,VSP,Vision Basic
MEM000283,Melissa,Sandoval,jbrown@example.org,920.274.2761,1964-03-07,FL,58371,2023-03-03,AGT0054,VSP,Vision Basic
MEM000284,Michael,Fletcher,hellis@example.net,(615)513-4228,1962-11-21,TN,76987,2023-12-15,AGT0041,Zurich,Dental+Vision Bundle
MEM000285,Whitney,Smith,robertjones@example.com,+1-915-904-1659x15201,1985-10-09,IL,60014,2023-12-20,AGT0048,Zurich,Vision Basic
MEM000286,Courtney,Adams,riverabradley@example.net,859.323.0450x189,1971-09-09,FL,52780,2023-11-23,AGT0016,VSP,Dental Premium
MEM000287,Jonathan,Allen,ndavis@example.org,(764)521-4764x9251,1958-09-08,IN,64676,2023-05-25,AGT0038,VSP,Dental+Vision Bundle
MEM000288,Sean,Hughes,anna61@example.com,(992)366-1085x732,1972-04-10,IL,38604,2024-03-04,AGT0042,Zurich,Vision Premium
MEM000289,Taylor,Miller,ievans@example.net,838-864-9081x0818,1964-04-18,FL,12885,2023-07-14,AGT0066,VSP,Vision Basic
MEM000290,Steven,Cortez,michael91@example.net,6177226016,1994-08-15,IN,77467,2023-11-12,AGT0012,VSP,Vision Basic
MEM000291,Jennifer,Todd,qhanson@example.com,(232)219-4168,1969-04-20,CA,52265,2023-09-04,AGT0046,MetLife,Dental Basic
MEM000292,Darryl,Jackson,zstevens@example.net,001-597-349-9564x1220,2003-08-10,FL,02583,2024-05-21,AGT0037,Zurich,Dental Basic
MEM000293,Heather,Lopez,clarkdeborah@example.net,868.231.4727,1988-08-29,IL,15765,2023-04-21,AGT0034,Zurich,Dental Premium
MEM000294,Gabriel,Hernandez,emaynard@example.org,893.934.9605x016,1982-10-31,IN,97111,2024-02-17,AGT0052,MetLife,Vision Basic
MEM000295,Beth,Simon,benjamin67@example.net,001-797-330-8069,1982-07-11,TX,35608,2023-07-19,AGT0037,MetLife,Dental Premium
MEM000296,Patricia,Butler,nwilson@example.net,(576)702-4375x738,1999-05-01,KY,79419,2024-04-06,AGT0080,Zurich,Vision Basic
MEM000297,Melissa,Espinoza,sanderson@example.net,001-466-557-2934x172,1958-09-04,GA,20989,2023-05-12,AGT0048,VSP,Vision Basic
MEM000298,Catherine,Garcia,fhahn@example.com,438.200.5452,1962-12-11,MI,08845,2024-01-10,AGT0078,Zurich,Dental Premium
MEM000299,Matthew,Wilson,davidwalker@example.com,350-284-2891x07711,1954-01-24,IN,66994,2023-02-11,AGT0018,Zurich,Dental Premium
MEM000300,Daniel,Soto,rhondamoore@example.com,001-878-271-2552x137,1996-08-04,FL,32655,2024-04-30,AGT0020,Zurich,Dental+Vision Bundle
MEM000301,Mary,Wells,william14@example.com,001-965-732-8632x666,1979-06-04,CA,04402,2023-05-24,AGT0041,MetLife,Dental Premium
MEM000302,Scott,Carrillo,millerleroy@example.org,(706)202-9084x66845,1976-11-05,CA,37172,2024-09-23,AGT0044,Zurich,Dental+Vision Bundle
MEM000303,Rachel,Bishop,isabellagriffin@example.org,+1-299-775-6341,1993-12-12,CA,51618,2024-06-29,AGT0039,VSP,Dental+Vision Bundle
MEM000304,Jessica,Singh,abigailfernandez@example.org,688-548-5200,1979-09-20,OH,40339,2024-01-13,AGT0054,Zurich,Dental Premium
MEM000305,Jessica,Benitez,dennismckenzie@example.com,+1-585-710-1749x0753,1952-05-23,CA,39717,2024-10-06,AGT0061,VSP,Dental+Vision Bundle
MEM000306,Justin,Glover,jenniferstone@example.org,858-893-5712,2001-10-27,MI,11241,2024-08-15,AGT0007,Zurich,Vision Basic
MEM000307,Christopher,Coleman,thomasgriffin@example.com,+1-486-498-8649x76776,1984-02-10,IL,66795,2024-06-20,AGT0032,MetLife,Vision Basic
MEM000308,David,Dawson,tammypalmer@example.net,837-370-2851,1967-02-12,IN,16343,2023-04-23,AGT0057,VSP,Dental Premium
MEM000309,Mike,Roberts,davidtorres@example.com,947-202-2960x4432,1968-04-17,GA,16534,2024-02-27,AGT0065,Zurich,Dental+Vision Bundle
MEM000310,Amy,Jones,butlerashley@example.net,756.379.2287x772,1962-05-22,TX,82390,2023-03-05,AGT0027,Zurich,Dental Premium
MEM000311,Elizabeth,Ortiz,rachelmorgan@example.org,+1-274-512-0948x18139,1992-12-01,TX,98878,2024-11-09,AGT0049,VSP,Dental+Vision Bundle
MEM000312,Thomas,Prince,barrettamanda@example.org,933-297-1895x690,1997-10-30,TN,45059,2024-04-15,AGT0070,VSP,Vision Premium
MEM000313,Samuel,Perry,patrick11@example.org,+1-824-422-4124,1973-09-19,CA,08222,2024-11-28,AGT0062,MetLife,Dental+Vision Bundle
MEM000314,Christina,Nguyen,reeveskenneth@example.org,826-354-6103x39937,2000-01-26,KY,35797,2023-10-13,AGT0029,VSP,Vision Premium
MEM000315,Bruce,Marshall,bjones@example.com,+1-930-348-9138x2496,1993-11-14,TN,83836,2023-08-01,AGT0062,VSP,Vision Basic
MEM000316,Vincent,Patton,nathanielgalloway@example.org,+1-468-270-0794,1975-10-27,OH,08388,2023-10-08,AGT0074,Zurich,Vision Basic
MEM000317,Sarah,Olson,mary65@example.net,698.340.2891,1980-12-18,IL,52314,2024-02-09,AGT0038,MetLife,Dental Premium
MEM000318,Holly,Rivas,natalie39@example.net,254-974-3553x79502,1981-01-27,FL,01061,2023-03-22,AGT0033,Zurich,Vision Basic
MEM000319,Rachel,Chambers,speters@example.net,868.411.8071x5695,1998-04-27,KY,91862,2023-07-26,AGT0072,Zurich,Dental Premium
MEM000320,Tonya,Martinez,sharon70@example.org,001-604-953-1943x3750,2002-08-25,MI,92781,2023-04-22,AGT0032,MetLife,Vision Premium
MEM000321,Jasmine,Clark,traceylittle@example.org,498-372-8399x921,1970-03-31,MI,17203,2024-06-27,AGT0007,MetLife,Dental Premium
MEM000322,Jordan,Hudson,nicoledaniel@example.com,208.794.8706,1959-01-08,IL,57195,2024-04-28,AGT0001,Zurich,Dental+Vision Bundle
MEM000323,Megan,Russell,fraziersteven@example.com,203.504.6875x06351,1986-07-04,FL,90881,2023-06-11,AGT0062,Zurich,Dental Basic
MEM000324,Rodney,Jones,jamesmurphy@example.org,+1-710-276-0954x3173,1978-10-25,KY,44225,2023-10-22,AGT0008,MetLife,Vision Premium
MEM000325,April,Young,parsonschristine@example.org,+1-279-611-0065x1207,1998-01-04,IN,80551,2023-08-26,AGT0023,VSP,Dental+Vision Bundle
MEM000326,Connie,Jones,hansenkenneth@example.com,(319)763-9907x6769,1953-04-05,GA,85818,2023-06-30,AGT0064,MetLife,Dental+Vision Bundle
MEM000327,Sharon,Logan,lholmes@example.org,610-791-9392,1953-05-12,IN,55683,2023-10-24,AGT0039,Zurich,Vision Basic
MEM000328,Timothy,Oliver,johnrobles@example.org,(449)468-5498,1975-07-13,FL,62042,2023-12-10,AGT0070,Zurich,Vision Basic
MEM000329,Kyle,Cooper,tara89@example.net,+1-520-938-8065x33315,1995-03-28,FL,91567,2023-05-18,AGT0035,MetLife,Dental+Vision Bundle
MEM000330,Heather,Mcdonald,melissa95@example.net,565-521-7073x0337,1964-07-30,FL,63513,2023-12-05,AGT0033,Zurich,Dental Basic
MEM000331,Jessica,Cisneros,lindsay63@example.com,(405)601-5081,1976-06-20,CA,58226,2023-12-12,AGT0025,MetLife,Vision Basic
MEM000332,James,Willis,bradley03@example.org,323-242-5832x3024,1986-05-19,GA,89296,2024-10-16,AGT0066,VSP,Dental Basic
MEM000333,Derrick,Pena,morganjason@example.com,455.428.9611,1958-07-23,IL,25357,2024-11-16,AGT0018,VSP,Dental Premium
MEM000334,James,Gray,louis63@example.org,001-999-538-4253x04289,1950-08-12,KY,95829,2023-09-12,AGT0050,MetLife,Dental Premium
MEM000335,Christopher,Ruiz,jacksonpaul@example.net,001-885-278-7255x87774,1979-07-29,KY,27659,2023-10-01,AGT0075,Zurich,Vision Basic
MEM000336,Jeffrey,Harris,randytorres@example.com,001-925-748-1214,1982-04-04,MI,30670,2023-09-25,AGT0008,Zurich,Dental Basic
MEM000337,Brandy,Marshall,ronald76@example.com,(375)646-0273x415,1964-04-30,GA,66268,2023-11-11,AGT0065,Zurich,Vision Premium
MEM000338,William,Schneider,sara11@example.org,(408)635-3544x439,1976-06-20,TN,01619,2023-05-01,AGT0079,MetLife,Dental Basic
MEM000339,Kayla,Campbell,krista66@example.net,001-907-982-6333x73898,1992-11-25,IL,45151,2023-05-17,AGT0059,Zurich,Dental+Vision Bundle
MEM000340,Latoya,Edwards,roymcmahon@example.com,677.280.5292,1987-04-23,TX,66010,2024-01-18,AGT0061,Zurich,Dental+Vision Bundle
MEM000341,Lisa,Flowers,jeremiah66@example.net,+1-745-890-9022,1972-03-14,CA,50481,2023-08-12,AGT0011,Zurich,Dental Premium
MEM000342,James,Myers,glopez@example.com,001-974-212-1820,1957-01-03,CA,24971,2024-01-06,AGT0015,MetLife,Dental+Vision Bundle
MEM000343,James,Pruitt,ocampbell@example.com,+1-481-870-5802x56621,1968-02-20,CA,63186,2024-06-01,AGT0069,MetLife,Dental Basic
MEM000344,Julia,Price,davidharris@example.com,001-272-499-4938x743,1989-08-22,OH,58923,2024-06-16,AGT0027,Zurich,Vision Basic
MEM000345,Caleb,Ross,aliciakent@example.com,879.501.4754x692,1995-10-15,FL,24038,2023-04-04,AGT0008,VSP,Dental Basic
MEM000346,Rachel,Quinn,qcruz@example.org,001-991-860-3248x413,1990-12-25,CA,72960,2024-03-01,AGT0008,Zurich,Vision Basic
MEM000347,David,Wood,gordonkimberly@example.com,824.538.0701x765,1951-12-15,GA,52493,2023-11-12,AGT0033,MetLife,Vision Premium
MEM000348,Benjamin,King,markgoodman@example.com,311.483.7274x220,1956-07-21,IN,39055,2024-08-15,AGT0055,VSP,Vision Premium
MEM000349,David,Figueroa,chrisgallagher@example.net,327-852-3083x708,1955-05-29,OH,90986,2024-07-08,AGT0061,MetLife,Dental Premium
MEM000350,Kyle,Williams,williamsnicholas@example.org,753.531.0600,1962-02-24,GA,89624,2023-07-04,AGT0048,VSP,Dental Premium
MEM000351,Elizabeth,Walker,roblesmaria@example.org,001-820-868-1558x3938,1983-09-14,OH,16335,2024-01-22,AGT0070,MetLife,Vision Premium
MEM000352,Jesse,Rodriguez,glenn65@example.org,(937)331-4950x1364,1960-08-23,IL,93893,2023-12-23,AGT0069,VSP,Vision Basic
MEM000353,Amanda,Mooney,johnathandavis@example.com,+1-862-552-5715x0997,1950-04-24,IN,66485,2023-08-17,AGT0039,VSP,Vision Premium
MEM000354,Briana,Mcneil,andrewblake@example.org,836-539-1025x7432,1988-01-19,TX,84654,2024-07-11,AGT0049,MetLife,Dental Basic
MEM000355,Benjamin,Mclean,vstevenson@example.org,250-586-4035x533,1963-12-02,KY,90593,2023-12-21,AGT0025,Zurich,Vision Premium
MEM000356,Heather,Walker,lboyd@example.com,+1-501-571-3023x2129,1987-08-12,CA,67010,2023-02-02,AGT0003,MetLife,Dental Basic
MEM000357,Christian,Hardy,frank33@example.com,(993)344-9734,2003-04-15,IN,47632,2023-04-14,AGT0058,Zurich,Vision Premium
MEM000358,Raymond,Jackson,nhenderson@example.net,(827)906-6149x82824,1971-12-16,IN,40589,2023-02-19,AGT0052,VSP,Dental Basic
MEM000359,Shawn,Brooks,ijones@example.net,832.930.0857x6665,1955-01-24,IL,40846,2023-08-11,AGT0065,VSP,Dental Basic
MEM000360,Danielle,Chapman,hdyer@example.com,001-223-864-5875,1978-08-11,CA,56080,2024-08-12,AGT0077,Zurich,Dental+Vision Bundle
MEM000361,Jill,Allen,dorseymichael@example.net,+1-302-849-7243x99201,1977-01-27,IL,52623,2023-08-31,AGT0067,MetLife,Dental Premium
MEM000362,Janice,Mccann,stonejacob@example.com,(864)348-8694,1955-06-21,TX,14823,2023-10-09,AGT0076,Zurich,Dental+Vision Bundle
MEM000363,Daisy,Frank,lisa43@example.net,(440)427-0116x8646,1988-04-29,TX,49607,2024-10-03,AGT0064,MetLife,Dental+Vision Bundle
MEM000364,Jacob,Taylor,hwhite@example.com,001-932-330-2346,1984-03-12,TX,83919,2024-10-20,AGT0041,Zurich,Dental Premium
MEM000365,Gabriel,Carter,emartinez@example.com,2932771004,1976-11-26,GA,13194,2023-06-02,AGT0024,Zurich,Vision Basic
MEM000366,Jason,Conner,wmorrison@example.com,275.796.5555x3566,1976-12-24,IL,43788,2023-08-19,AGT0060,MetLife,Vision Basic
MEM000367,Linda,Smith,ihardy@example.org,+1-218-743-5797x863,1999-12-31,TX,02680,2024-03-02,AGT0018,VSP,Dental Basic
MEM000368,Cynthia,Marks,erica39@example.com,(291)456-7164x9328,1979-08-19,OH,65765,2023-07-28,AGT0058,VSP,Dental Basic
MEM000369,Laura,Turner,cjackson@example.org,683.533.2116x0256,1954-08-16,KY,94764,2023-07-15,AGT0049,Zurich,Vision Basic
MEM000370,Jonathan,Alvarez,wadesandra@example.net,001-571-553-9915x6686,1956-07-12,MI,34460,2023-02-10,AGT0076,Zurich,Vision Premium
MEM000371,Darrell,Miller,petersonbrittany@example.org,001-519-852-5690x4098,1993-01-03,MI,56036,2023-08-11,AGT0043,VSP,Dental+Vision Bundle
MEM000372,Luis,Diaz,aprilguzman@example.org,960-987-5243,1969-01-01,MI,19824,2023-01-16,AGT0016,Zurich,Dental+Vision Bundle
MEM000373,Carolyn,Thomas,georgekyle@example.net,749-473-7460,1971-10-07,CA,94448,2024-05-05,AGT0027,VSP,Dental+Vision Bundle
MEM000374,Jason,Oconnor,isabellawilliams@example.org,364.620.8656x7566,1978-11-08,KY,37511,2024-07-19,AGT0049,VSP,Vision Basic
MEM000375,Heather,Lee,udavis@example.net,4475292774,1977-09-02,KY,29092,2024-01-03,AGT0047,Zurich,Dental+Vision Bundle
MEM000376,Linda,Gonzalez,coxmelissa@example.org,+1-826-462-0157x20185,1958-11-06,FL,82679,2024-04-22,AGT0041,MetLife,Dental Premium
MEM000377,Jennifer,Sanchez,allentracy@example.net,+1-326-317-6475x011,1954-02-07,CA,64623,2024-02-28,AGT0029,Zurich,Dental Basic
MEM000378,Darlene,Kerr,andrewberry@example.net,341.492.6764x9215,1999-08-22,CA,53628,2023-09-25,AGT0075,Zurich,Dental Premium
MEM000379,Lisa,Smith,lbrown@example.net,001-213-412-9208x751,1967-08-08,TN,75878,2023-06-06,AGT0030,VSP,Vision Basic
MEM000380,Jamie,Martin,melissa01@example.org,445.982.6034x08487,1994-10-18,TX,91609,2023-09-09,AGT0044,VSP,Vision Premium
MEM000381,Lawrence,Bartlett,catherine83@example.net,503-703-2432,1994-01-05,FL,36859,2024-05-15,AGT0022,Zurich,Vision Premium
MEM000382,David,Dean,piercejorge@example.net,(367)614-6283,1962-07-23,TX,83485,2023-06-23,AGT0063,MetLife,Dental+Vision Bundle
MEM000383,Heather,Lee,anne89@example.org,(825)366-0931x41818,1955-04-09,TX,43670,2024-07-09,AGT0005,MetLife,Dental+Vision Bundle
MEM000384,Danielle,Cox,kimberly23@example.com,6169361128,1954-05-09,IN,13023,2024-11-15,AGT0053,MetLife,Dental+Vision Bundle
MEM000385,Allison,Graves,andrea91@example.org,(956)425-8896,1956-02-06,IL,34456,2023-08-25,AGT0002,MetLife,Vision Basic
MEM000386,Albert,Palmer,dianethomas@example.net,001-640-653-9672x7578,1955-06-04,CA,56569,2024-01-18,AGT0079,VSP,Vision Premium
MEM000387,Abigail,Higgins,kevinhodge@example.com,(251)811-3129x01487,1950-08-05,TX,89241,2023-01-17,AGT0071,VSP,Dental Basic
MEM000388,William,Cross,rjimenez@example.net,+1-716-509-3068,1974-08-25,TX,97360,2024-06-26,AGT0037,MetLife,Vision Basic
MEM000389,Donna,Knapp,lawsontami@example.net,001-783-321-5285x06762,1988-08-18,IL,44797,2024-11-21,AGT0014,MetLife,Vision Basic
MEM000390,Robin,Wright,robertstimothy@example.com,909.263.4807,1967-03-22,CA,47129,2023-09-04,AGT0068,VSP,Dental+Vision Bundle
MEM000391,Adam,Stevens,michael05@example.net,(465)801-6731,1985-08-10,OH,16733,2023-10-01,AGT0048,VSP,Vision Basic
MEM000392,Robin,Smith,jeremy65@example.com,(262)784-1772x256,1970-04-06,KY,93459,2023-09-07,AGT0011,Zurich,Dental+Vision Bundle
MEM000393,James,Lopez,andersonrobert@example.com,9234741678,1952-11-04,OH,43084,2024-10-27,AGT0052,VSP,Dental Premium
MEM000394,Karen,Deleon,vshaw@example.com,(511)202-2580,1955-01-13,IN,89408,2024-05-02,AGT0022,MetLife,Vision Basic
MEM000395,Maria,Jordan,hamiltonkeith@example.com,363-692-8234,1979-09-21,CA,92376,2024-03-20,AGT0013,Zurich,Dental+Vision Bundle
MEM000396,John,Hoover,thomaspatton@example.org,001-689-523-9231x260,1968-12-19,CA,19664,2023-08-24,AGT0061,VSP,Dental Basic
MEM000397,Ronald,Jensen,linomar@example.net,733-656-7086x0414,1975-02-26,TX,46510,2023-03-18,AGT0073,Zurich,Dental Basic
MEM000398,Jennifer,Wright,whiteaaron@example.net,001-753-647-4916x2475,1951-05-29,MI,15119,2023-11-19,AGT0076,MetLife,Vision Premium
MEM000399,Collin,Smith,markfigueroa@example.com,001-398-295-3439x6112,1956-11-26,KY,77382,2024-02-12,AGT0021,Zurich,Dental Basic
MEM000400,Tanya,Henson,jamesgriffin@example.org,289-454-7382,1998-07-01,TN,25628,2024-02-03,AGT0050,Zurich,Dental Basic
MEM000401,Robert,Dawson,patricia71@example.com,476-688-0294,1994-12-05,TN,06457,2023-03-22,AGT0007,MetLife,Dental Premium
MEM000402,Stephanie,Brown,joysanders@example.net,+1-881-627-8686,1980-07-22,CA,27623,2023-03-19,AGT0079,Zurich,Dental Premium
MEM000403,Jack,Moore,brittanysmith@example.net,288.544.3448x123,1952-08-28,KY,38753,2023-12-01,AGT0058,VSP,Dental Basic
MEM000404,Benjamin,Hernandez,sara40@example.net,338.610.5955,1983-09-06,GA,95145,2024-07-20,AGT0024,Zurich,Vision Basic
MEM000405,Dennis,Villanueva,mark00@example.com,642.540.8916,1957-09-09,CA,58459,2024-01-25,AGT0038,MetLife,Vision Premium
MEM000406,Jeffrey,Adams,omoore@example.net,001-965-427-1727x2239,1974-01-15,IL,85378,2023-03-26,AGT0049,Zurich,Vision Premium
MEM000407,Julian,Collins,lisamcdaniel@example.org,421-263-7618,1984-12-15,TN,79575,2023-06-07,AGT0047,MetLife,Dental Basic
MEM000408,Cory,Cruz,serranokathryn@example.net,3237142900,1989-11-25,TN,93228,2023-11-12,AGT0035,MetLife,Dental Basic
MEM000409,Christopher,Taylor,tochoa@example.com,323.808.4810x0184,1988-08-31,FL,19091,2023-07-11,AGT0072,Zurich,Vision Basic
MEM000410,Aaron,Walker,ronaldhernandez@example.net,736-317-2131x4519,1952-05-10,OH,47751,2023-04-16,AGT0046,Zurich,Dental Basic
MEM000411,Sandra,Gillespie,munozgregory@example.net,392-262-4945x14754,1979-02-08,GA,19983,2024-09-04,AGT0002,VSP,Dental Premium
MEM000412,Kimberly,Thomas,petergriffith@example.com,419-864-2152,2000-03-13,MI,46718,2023-03-28,AGT0074,Zurich,Dental Basic
MEM000413,Luis,Coleman,oguzman@example.com,(536)868-7887,1965-03-17,IL,11460,2024-01-25,AGT0035,VSP,Dental Premium
MEM000414,Bianca,Fisher,jacquelineyoung@example.org,705.487.2105,1955-09-05,IL,39127,2023-05-30,AGT0056,VSP,Dental Premium
MEM000415,Steven,Conley,osanchez@example.org,001-421-226-0650x1917,1956-11-25,TN,19753,2024-05-10,AGT0033,MetLife,Vision Premium
MEM000416,Michael,Miller,smithmariah@example.com,(927)228-4765,2003-04-10,CA,38088,2024-05-22,AGT0026,VSP,Dental Basic
MEM000417,Daniel,Brown,munozglenn@example.org,5668784984,1950-08-10,GA,21053,2023-11-08,AGT0043,Zurich,Dental Premium
MEM000418,Joseph,Davis,ispence@example.net,369.903.6289,1989-06-30,TN,63076,2023-12-04,AGT0056,Zurich,Dental+Vision Bundle
MEM000419,Lawrence,May,zmartin@example.com,+1-463-341-1159x5034,1976-12-14,TN,09062,2023-05-20,AGT0078,Zurich,Dental Basic
MEM000420,Jason,Smith,jacob30@example.org,219-790-9700x514,1965-12-08,GA,99025,2023-11-18,AGT0041,VSP,Vision Premium
MEM000421,Justin,Sanders,leonardmyers@example.com,(815)968-1820,1994-01-19,CA,77356,2024-10-10,AGT0032,VSP,Dental Premium
MEM000422,Misty,Johnson,edwardford@example.net,733-922-8898,1982-09-30,OH,17697,2024-02-07,AGT0073,MetLife,Vision Basic
MEM000423,Matthew,Ward,twilliams@example.net,(333)999-1297x1024,1966-02-21,TX,12836,2024-07-12,AGT0004,Zurich,Vision Basic
MEM000424,Shawn,Jackson,evan49@example.com,(911)227-4747x219,1989-05-03,KY,48142,2023-08-03,AGT0009,VSP,Vision Premium
MEM000425,Michele,Morales,scotthunt@example.net,351-668-7409x03802,1977-03-03,MI,49760,2023-05-23,AGT0033,Zurich,Dental Basic
MEM000426,Eric,Ross,walkermorgan@example.net,357-878-7112,1983-10-28,OH,57270,2024-03-09,AGT0058,Zurich,Vision Basic
MEM000427,James,Murphy,matthew97@example.org,001-271-847-0827x235,1997-12-10,TX,08679,2024-02-15,AGT0054,Zurich,Dental Basic
MEM000428,Sharon,Ward,nirwin@example.org,606.844.2121,1998-03-03,CA,11210,2024-01-04,AGT0011,MetLife,Vision Premium
MEM000429,Kenneth,Joseph,qwarren@example.com,(801)965-4235,1981-11-06,IL,62825,2024-11-04,AGT0079,MetLife,Vision Basic
MEM000430,Amanda,Bowers,sgomez@example.net,(908)493-1992x5502,1985-11-07,TN,65964,2024-10-22,AGT0056,MetLife,Dental Basic
MEM000431,Michelle,Wilson,ubaker@example.org,827.591.0336x829,1969-12-01,TX,46125,2023-09-22,AGT0067,Zurich,Vision Basic
MEM000432,Jason,Lee,woodmichael@example.com,381-477-6655x8685,1969-10-30,FL,60639,2024-08-12,AGT0048,VSP,Vision Basic
MEM000433,Ross,Thompson,amyjames@example.net,001-964-391-1110x961,2002-10-21,TX,83538,2024-11-26,AGT0020,VSP,Dental+Vision Bundle
MEM000434,Sean,Perkins,contrerasmelissa@example.org,978.861.3715,1959-05-19,KY,85024,2024-05-09,AGT0054,MetLife,Dental Basic
MEM000435,Jane,Figueroa,ayerskimberly@example.net,744-746-3060x0025,1981-04-02,KY,22837,2023-05-26,AGT0044,VSP,Vision Premium
MEM000436,Susan,Haney,angelamyers@example.net,+1-560-396-2626x5826,1993-04-29,TN,93565,2024-06-17,AGT0061,MetLife,Dental Premium
MEM000437,Laurie,Gordon,ocameron@example.com,+1-425-231-1060,1978-08-12,OH,81516,2024-04-08,AGT0039,MetLife,Dental+Vision Bundle
MEM000438,Jasmine,Knapp,armstronganthony@example.net,(575)823-3438,1952-01-11,TN,34642,2023-04-28,AGT0014,Zurich,Dental+Vision Bundle
MEM000439,Donna,Hill,courtneylittle@example.net,417-391-1244,1996-04-17,IL,10643,2023-09-07,AGT0071,MetLife,Dental Premium
MEM000440,Troy,Ward,peterhenry@example.org,(217)313-6657x22402,1991-06-15,MI,45433,2024-03-12,AGT0052,Zurich,Dental Basic
MEM000441,Victoria,Webb,moorejudy@example.org,790.380.8823,1988-10-08,GA,28938,2024-10-17,AGT0004,Zurich,Vision Basic
MEM000442,Anthony,Taylor,lunashelby@example.com,573-615-8477x686,1990-05-02,CA,23171,2023-07-22,AGT0055,VSP,Dental Basic
MEM000443,James,Mathis,suzanne19@example.net,823-876-7694x5919,1968-06-18,KY,26678,2023-08-08,AGT0009,Zurich,Dental Basic
MEM000444,Ashley,Brooks,colepamela@example.net,896-449-8560x125,1966-10-10,TN,47391,2024-07-03,AGT0042,MetLife,Vision Basic
MEM000445,John,Lewis,nathan51@example.org,505-337-9538x16493,1993-11-30,TX,74026,2023-09-26,AGT0041,Zurich,Dental Premium
MEM000446,Joshua,Franklin,berrydebbie@example.net,001-965-453-3077x04611,2002-08-30,OH,79331,2024-02-06,AGT0045,VSP,Dental+Vision Bundle
MEM000447,Mark,Reyes,mitchelldawn@example.net,7742260880,1965-06-24,KY,09604,2024-09-24,AGT0079,Zurich,Dental Basic
MEM000448,Terry,Gallegos,rcummings@example.com,001-756-318-5790x64771,1978-02-05,OH,04339,2023-05-18,AGT0031,VSP,Dental Basic
MEM000449,Jeffrey,Petersen,danielmorris@example.net,001-263-621-3580x0401,1962-09-07,TX,10336,2024-01-18,AGT0050,VSP,Vision Basic
MEM000450,Joseph,Watts,knelson@example.org,001-371-525-2967,1984-06-04,GA,76245,2024-08-11,AGT0024,VSP,Vision Basic
MEM000451,Timothy,Henry,marc73@example.org,241-558-3311x703,1965-07-17,TX,61862,2024-10-22,AGT0022,VSP,Dental Premium
MEM000452,Lori,Lopez,petersonlisa@example.net,554.872.8123x56798,1978-03-23,FL,25136,2023-07-11,AGT0080,MetLife,Dental+Vision Bundle
MEM000453,Casey,Henderson,stephanie91@example.org,711.630.7240x787,1993-06-23,IL,16010,2023-01-10,AGT0025,VSP,Dental+Vision Bundle
MEM000454,Sara,Miller,zlewis@example.net,(885)407-4510x66343,1994-05-29,GA,78364,2024-06-01,AGT0063,VSP,Vision Premium
MEM000455,Joshua,Lawson,drodriguez@example.net,313.310.0943,1993-11-04,IL,36606,2024-03-30,AGT0011,Zurich,Dental Basic
MEM000456,Jeremy,Oliver,gmyers@example.org,001-947-632-3549x4012,1976-03-16,IN,90670,2023-08-14,AGT0036,MetLife,Vision Basic
MEM000457,John,Edwards,jacksonmartin@example.com,(407)265-0241,1991-01-11,CA,78358,2023-06-22,AGT0064,Zurich,Vision Basic
MEM000458,Michael,Wells,freemanjohn@example.org,3093438822,1960-03-31,KY,40425,2024-08-09,AGT0070,VSP,Vision Basic
MEM000459,Linda,Rogers,inavarro@example.com,+1-274-457-0545x89714,1989-08-06,TX,54282,2023-02-12,AGT0028,VSP,Dental Basic
MEM000460,Melissa,Hopkins,michaeljohnson@example.net,001-665-731-3614x8782,1972-03-17,KY,43911,2024-10-31,AGT0005,VSP,Dental Premium
MEM000461,Peter,Butler,kyle09@example.net,001-459-916-7954x107,1989-05-23,OH,89750,2023-03-31,AGT0031,MetLife,Dental+Vision Bundle
MEM000462,Edward,Levy,kevinroberts@example.com,6702349107,1981-06-16,CA,56904,2024-08-25,AGT0055,MetLife,Vision Basic
MEM000463,Michael,Flowers,kingmichael@example.com,782.514.2369x14307,1968-07-26,IN,89433,2023-07-31,AGT0073,VSP,Vision Basic
MEM000464,Dana,Henderson,orozcosamantha@example.net,629-665-9234x2683,1998-05-03,IL,11720,2024-09-03,AGT0042,Zurich,Dental Premium
MEM000465,Kenneth,Ho,ygardner@example.com,828-975-8575,1973-12-26,TX,55617,2024-08-09,AGT0013,MetLife,Dental+Vision Bundle
MEM000466,Suzanne,Murray,bernardrobert@example.org,+1-843-498-5298x940,1955-04-27,KY,53315,2024-02-26,AGT0017,Zurich,Dental+Vision Bundle
MEM000467,Elizabeth,Ford,fcombs@example.org,215-591-4975x019,1963-02-14,TN,68168,2023-09-13,AGT0032,Zurich,Dental Premium
MEM000468,Douglas,Yang,rtaylor@example.net,(244)407-9311,2001-10-21,KY,79641,2023-05-26,AGT0054,VSP,Vision Basic
MEM000469,Nichole,Meyer,jameswells@example.net,960.314.6723x849,1958-05-09,GA,57170,2024-10-10,AGT0066,Zurich,Dental Premium
MEM000470,Dustin,Smith,lorisandoval@example.org,383.977.4419x75466,1990-10-17,FL,55144,2024-01-13,AGT0042,Zurich,Dental Basic
MEM000471,Lisa,Hernandez,stephen96@example.org,001-940-697-0527,1991-02-17,TN,01696,2023-04-06,AGT0009,Zurich,Dental Premium
MEM000472,Tina,Howard,michaelmccarthy@example.com,812.925.9572x44617,1969-01-02,FL,79909,2024-03-15,AGT0035,VSP,Dental+Vision Bundle
MEM000473,Donna,Johnston,david59@example.net,(999)761-0023x117,1999-02-07,CA,30848,2023-12-12,AGT0017,Zurich,Dental+Vision Bundle
MEM000474,Tina,Stokes,danielgilmore@example.net,(461)709-4101x7590,1954-05-06,IN,14612,2023-12-18,AGT0013,Zurich,Vision Premium
MEM000475,Holly,Gray,jameshenry@example.net,433-226-8319x0130,1951-06-18,OH,47629,2024-04-15,AGT0021,VSP,Vision Basic
MEM000476,Kim,Carroll,petersonfaith@example.net,+1-387-933-9785x5982,1968-02-25,IL,56535,2024-03-14,AGT0039,MetLife,Dental+Vision Bundle
MEM000477,Colleen,Sawyer,martinezzachary@example.org,673-609-8503,1958-05-17,TN,51674,2023-10-08,AGT0033,MetLife,Dental Premium
MEM000478,Jacqueline,Jones,tammyjones@example.net,389.984.6908,1964-11-06,IN,34979,2024-10-26,AGT0051,Zurich,Dental Premium
MEM000479,Denise,Johnson,vgreen@example.org,(238)750-3719,1988-07-05,OH,09776,2023-08-28,AGT0013,MetLife,Dental Basic
MEM000480,Stephanie,George,claytimothy@example.org,201-207-8356x743,1961-11-27,CA,03955,2023-03-21,AGT0029,Zurich,Vision Premium
MEM000481,Kim,Shepherd,vfleming@example.org,+1-470-366-2668,1950-09-22,TN,57904,2023-01-10,AGT0016,VSP,Vision Premium
MEM000482,David,Gilbert,michael56@example.org,231.290.3689,1956-05-09,MI,94850,2024-05-04,AGT0050,MetLife,Vision Premium
MEM000483,John,Brown,martinezhenry@example.org,559-934-2967x11148,1959-04-05,TN,92940,2023-04-15,AGT0048,VSP,Dental Basic
MEM000484,Jill,Kelly,scottturner@example.com,001-984-638-4588x10569,1962-10-26,OH,10783,2023-05-17,AGT0068,Zurich,Dental Basic
MEM000485,James,Taylor,kevintran@example.org,(820)637-7107x044,1964-09-21,FL,11575,2024-10-27,AGT0045,Zurich,Dental Basic
MEM000486,Brian,Bond,ysimpson@example.com,703.236.2680x408,1986-12-08,CA,80289,2023-06-05,AGT0057,MetLife,Dental Basic
MEM000487,Karen,Rogers,lisa93@example.org,696-460-1864x87699,1962-07-24,OH,50477,2023-04-13,AGT0076,Zurich,Dental Premium
MEM000488,Tanner,Riddle,davidsmith@example.net,613-684-5960x945,1978-03-20,IL,86095,2024-03-15,AGT0032,VSP,Vision Basic
MEM000489,Lisa,Franklin,parkerdonna@example.com,(977)507-0705,1999-08-25,CA,54058,2023-09-12,AGT0077,Zurich,Vision Basic
MEM000490,Brian,Mcmillan,penny85@example.org,524.344.7232x290,1977-01-23,MI,86300,2023-01-28,AGT0067,Zurich,Vision Basic
MEM000491,Benjamin,Cohen,criley@example.net,001-330-344-0580x935,1976-07-07,IN,66946,2024-02-06,AGT0031,VSP,Dental Premium
MEM000492,Scott,Dixon,jameshudson@example.net,(216)442-0595x56574,1994-10-27,CA,48775,2023-09-04,AGT0010,Zurich,Dental+Vision Bundle
MEM000493,Bradley,Conrad,rodriguezjason@example.com,889.353.6902x61139,1982-05-25,TN,69675,2023-01-13,AGT0017,VSP,Dental+Vision Bundle
MEM000494,Lauren,Lawson,mstewart@example.net,335-735-3751x3765,1987-10-04,TN,73961,2024-08-05,AGT0070,Zurich,Dental Basic
MEM000495,William,Melendez,cjacobs@example.com,692.683.6929,1956-07-19,IN,45271,2024-04-27,AGT0076,MetLife,Dental Basic
MEM000496,Lee,Miller,jwagner@example.net,232.870.2164x8712,1953-07-29,IN,03637,2023-08-09,AGT0051,Zurich,Dental Premium
MEM000497,Hannah,Fritz,zacharymoreno@example.com,(252)368-3415x59991,1987-04-09,GA,97330,2024-05-28,AGT0052,MetLife,Vision Basic
MEM000498,Samantha,Dodson,vmccoy@example.com,872-729-8120x9957,1963-09-13,KY,57987,2024-07-04,AGT0011,VSP,Dental Basic
MEM000499,Gregory,Sharp,shirley13@example.com,450.498.8986x4565,1963-12-10,TX,05997,2023-07-28,AGT0042,VSP,Vision Basic
MEM000500,Lisa,Navarro,russellramirez@example.net,315-542-1447x73244,1955-12-07,KY,87851,2024-10-27,AGT0056,Zurich,Dental+Vision Bundle
MEM000501,Joshua,Davis,anthonyorr@example.net,+1-830-970-5349,1955-03-13,MI,68775,2023-09-02,AGT0012,VSP,Dental Basic
MEM000502,David,Chavez,moransamantha@example.org,767.441.2415x131,1954-12-09,KY,66962,2024-09-18,AGT0023,MetLife,Dental Basic
MEM000503,Matthew,Chavez,mannleroy@example.org,(618)953-8003x29633,1951-01-07,IL,20349,2023-05-21,AGT0064,VSP,Vision Basic
MEM000504,Todd,Lopez,mcampbell@example.net,583-406-1789,1964-12-24,TN,05588,2023-09-23,AGT0017,Zurich,Vision Premium
MEM000505,Robert,Baker,pwelch@example.net,(978)624-3477x695,1960-08-04,IN,13153,2023-10-03,AGT0043,VSP,Dental Premium
MEM000506,Jeffery,Mccarty,robert75@example.org,+1-561-227-5156x27796,1973-08-04,CA,38633,2023-03-07,AGT0010,VSP,Vision Basic
MEM000507,Joseph,Lewis,xbrown@example.com,756-267-6640x473,1954-12-22,FL,40938,2024-01-04,AGT0073,MetLife,Dental Premium
MEM000508,Seth,Walker,amandachan@example.org,+1-395-229-8006x155,1959-03-26,CA,68481,2023-09-19,AGT0015,MetLife,Vision Premium
MEM000509,Jason,Nichols,maryfoster@example.net,242.255.6383,1953-12-14,IN,03126,2023-01-03,AGT0032,MetLife,Vision Basic
MEM000510,Kari,Rose,cmoody@example.org,340-333-0416x6241,1963-06-19,IL,66628,2024-01-28,AGT0005,Zurich,Dental+Vision Bundle
MEM000511,Jennifer,Farmer,vsmith@example.net,+1-621-696-3945x680,1987-08-16,MI,60650,2024-11-02,AGT0042,MetLife,Dental Premium
MEM000512,James,Baker,bbennett@example.org,868.247.4883,1974-05-03,OH,65648,2023-11-24,AGT0074,VSP,Dental Basic
MEM000513,Jessica,Bean,chavezbecky@example.org,(437)557-9145x2118,1954-09-22,IL,64701,2024-11-20,AGT0029,Zurich,Dental+Vision Bundle
MEM000514,Brittney,Miller,ejensen@example.net,001-893-207-4645x2059,1956-03-08,FL,35647,2024-02-15,AGT0037,VSP,Dental Premium
MEM000515,Hannah,Fischer,ugardner@example.net,357.878.8116,1990-12-23,IN,17184,2024-07-20,AGT0048,MetLife,Dental Premium
MEM000516,Katherine,Martin,martinsamuel@example.org,8672287286,1971-10-06,FL,39396,2023-11-08,AGT0048,Zurich,Dental+Vision Bundle
MEM000517,David,Forbes,alexandra95@example.net,+1-522-748-3958x9477,1999-01-13,MI,98380,2023-07-20,AGT0020,MetLife,Dental+Vision Bundle
MEM000518,Jennifer,Phelps,frankespinoza@example.com,5565227104,1970-11-26,TX,91470,2023-01-25,AGT0045,Zurich,Dental+Vision Bundle
MEM000519,Clifford,Ellis,browntaylor@example.org,858-635-0344,1980-01-21,IN,48640,2023-01-10,AGT0049,Zurich,Vision Premium
MEM000520,Claudia,Powell,ann31@example.net,(813)742-4912,1968-05-29,TX,75953,2023-04-17,AGT0031,VSP,Vision Basic
MEM000521,Kelsey,Vargas,tammy97@example.org,(903)231-9222,1962-10-10,KY,42881,2023-03-03,AGT0012,MetLife,Dental+Vision Bundle
MEM000522,Christian,Booker,williamgonzales@example.net,754.381.3866x6754,1987-01-22,TN,79849,2024-06-16,AGT0059,Zurich,Dental Basic
MEM000523,Megan,Moses,jennifer68@example.com,541.886.5205x7563,1995-05-06,IL,49548,2023-04-08,AGT0051,MetLife,Vision Basic
MEM000524,Harold,Adkins,gonzalezmichael@example.org,6942515480,1989-01-09,IL,85333,2023-03-05,AGT0031,VSP,Dental Premium
MEM000525,Joshua,Mendoza,forbesjanet@example.com,+1-709-207-9772x7810,1985-04-03,TN,80837,2023-11-19,AGT0041,VSP,Dental Premium
MEM000526,Patricia,Hernandez,monicaanderson@example.com,207-705-1843,1968-03-09,IL,88580,2023-03-18,AGT0075,MetLife,Dental Basic
MEM000527,Melanie,Stewart,rebeccamatthews@example.com,606.560.1382x41270,1990-05-02,FL,90772,2023-06-18,AGT0041,VSP,Dental Basic
MEM000528,William,Thompson,collinsann@example.org,279-419-7111x21259,1968-08-17,FL,01869,2024-01-02,AGT0040,VSP,Dental Premium
MEM000529,Jeff,Brooks,wileysherry@example.com,+1-532-640-6424x29563,1958-02-10,IL,26613,2023-05-03,AGT0039,Zurich,Vision Premium
MEM000530,Gregory,Phillips,fbaker@example.com,001-455-587-2096,1969-04-16,TN,92538,2023-02-11,AGT0019,MetLife,Vision Premium
MEM000531,Ryan,Brewer,jared88@example.net,918-434-3740x182,1985-07-20,TX,61743,2023-12-31,AGT0007,Zurich,Dental Premium
MEM000532,Brenda,Watson,cbarrett@example.com,001-615-402-6755x125,1952-10-15,GA,61690,2023-06-28,AGT0058,Zurich,Vision Premium
MEM000533,Amy,Walton,dlamb@example.net,001-966-873-4595,1958-07-01,FL,39845,2023-09-13,AGT0014,MetLife,Dental Basic
MEM000534,Billy,Hickman,kathrynsantana@example.net,466-649-6902,1969-12-10,IL,78731,2023-03-05,AGT0026,VSP,Dental Premium
MEM000535,Tammy,Bender,stephaniebradley@example.org,(450)914-2576,1957-07-16,CA,00611,2024-10-07,AGT0076,VSP,Dental+Vision Bundle
MEM000536,Donna,Gonzalez,kevinmiller@example.org,461.732.8507,1951-12-16,OH,13596,2023-03-18,AGT0026,Zurich,Dental Premium
MEM000537,Thomas,Mcdaniel,robertabarnett@example.com,001-831-362-5265x469,1958-04-02,TN,45965,2023-05-12,AGT0016,MetLife,Dental+Vision Bundle
MEM000538,Tracy,Yang,walkercharlotte@example.org,(555)280-9961x327,1965-01-26,CA,28187,2023-02-21,AGT0056,Zurich,Dental Premium
MEM000539,Kevin,Davis,bvaldez@example.org,346-770-4622x6817,1984-05-03,GA,90424,2023-01-31,AGT0023,VSP,Dental Basic
MEM000540,Jessica,Rios,alara@example.org,329-986-7076x60464,1974-09-02,KY,66307,2023-07-11,AGT0058,MetLife,Dental Basic
MEM000541,Nathan,Wells,megan51@example.org,(286)912-0594x38976,1972-01-19,KY,37425,2024-09-26,AGT0064,VSP,Dental+Vision Bundle
MEM000542,Bill,Parrish,mrichardson@example.net,(246)954-0842x456,1955-06-22,OH,43051,2024-05-05,AGT0036,VSP,Dental Basic
MEM000543,Kenneth,Johnson,howardbenjamin@example.net,(532)918-1227x6457,1997-03-04,MI,05827,2023-07-24,AGT0070,MetLife,Dental+Vision Bundle
MEM000544,Charles,Watson,chelseacummings@example.org,(581)654-6602x4161,1993-01-13,TX,40242,2024-01-03,AGT0063,VSP,Dental+Vision Bundle
MEM000545,Christina,Ryan,heatherwilliams@example.net,236.842.4809x6244,1978-11-08,GA,27650,2024-05-29,AGT0035,MetLife,Dental Basic
MEM000546,Andrew,Perry,joshuaford@example.net,713-830-5319x49796,1969-08-25,IN,62839,2024-09-03,AGT0036,MetLife,Dental+Vision Bundle
MEM000547,Sarah,Smith,luis72@example.com,001-773-382-6460x9178,1997-07-01,TN,27705,2024-04-28,AGT0075,MetLife,Dental+Vision Bundle
MEM000548,Julie,Moreno,kelly57@example.net,602.999.2959x660,1972-03-27,MI,31266,2023-04-13,AGT0035,Zurich,Dental+Vision Bundle
MEM000549,Nicholas,Medina,hlawson@example.org,(833)619-4226x8653,1969-09-07,CA,42365,2023-02-27,AGT0050,VSP,Dental+Vision Bundle
MEM000550,Kaylee,Mccoy,wayne86@example.org,(477)347-2264x0857,1965-10-19,MI,50747,2023-06-27,AGT0076,VSP,Dental+Vision Bundle
MEM000551,Betty,Barnes,ojenkins@example.org,+1-532-499-8199x605,2003-01-27,IN,75121,2024-01-03,AGT0046,Zurich,Vision Basic
MEM000552,Colleen,Cohen,andrew96@example.net,532.975.3273x52410,1966-11-21,FL,60688,2024-07-30,AGT0070,VSP,Dental Basic
MEM000553,John,Morrison,laurakaufman@example.net,+1-819-352-3710x0687,1958-02-05,IN,55169,2023-02-08,AGT0030,Zurich,Dental Basic
MEM000554,Susan,Ware,baldwincatherine@example.net,001-807-370-4605x687,1992-11-18,IN,14083,2024-06-23,AGT0043,Zurich,Dental Basic
MEM000555,Dustin,Baker,bowenmichael@example.net,623-973-4151x77345,1980-07-27,IL,43841,2023-05-14,AGT0042,MetLife,Dental Basic
MEM000556,Kristin,Lyons,brooke22@example.net,603-459-5442x9477,1962-09-16,OH,97983,2024-08-23,AGT0068,VSP,Dental+Vision Bundle
MEM000557,Linda,Anderson,michele43@example.org,894.929.0458,1985-06-28,CA,81563,2024-01-18,AGT0013,VSP,Dental Premium
MEM000558,Rachel,Compton,brendamason@example.net,(567)628-7276x015,1964-02-18,GA,27558,2023-05-20,AGT0063,Zurich,Dental Premium
MEM000559,Jeffrey,Ramirez,santosmichael@example.com,001-708-333-5061,1982-01-05,MI,36083,2024-07-29,AGT0076,MetLife,Dental Premium
MEM000560,Angela,Nichols,wallerbrian@example.net,333.542.3372x09484,1961-06-04,IL,96620,2023-10-29,AGT0001,Zurich,Dental+Vision Bundle
MEM000561,Mariah,Brown,alexandrabrown@example.org,399.577.1805,2000-11-29,IN,63192,2024-02-05,AGT0024,Zurich,Dental Premium
MEM000562,Darren,Miller,corylawrence@example.net,649.809.6173x9970,1969-10-26,CA,79321,2024-09-18,AGT0014,VSP,Dental Basic
MEM000563,Joseph,Welch,william84@example.net,248-735-4884x7127,1971-05-09,TN,67288,2023-03-21,AGT0041,MetLife,Vision Basic
MEM000564,Thomas,Martin,hodgesemily@example.org,958.323.1334x845,1980-02-14,FL,90252,2023-04-01,AGT0002,VSP,Dental Basic
MEM000565,Kevin,Lynch,mariolee@example.com,(629)525-8796,1981-06-11,KY,34953,2023-03-11,AGT0014,Zurich,Dental Basic
MEM000566,Thomas,Chase,nathan45@example.net,(757)446-9660x606,1989-04-25,GA,60386,2024-01-31,AGT0022,VSP,Vision Basic
MEM000567,Katie,Smith,jasonmoran@example.com,(905)666-5883x398,1981-07-06,TX,14504,2024-01-23,AGT0049,MetLife,Dental+Vision Bundle
MEM000568,Charles,Martin,ldavid@example.com,3672349960,1970-03-28,IL,84338,2024-08-14,AGT0058,MetLife,Vision Premium
MEM000569,Matthew,Medina,hmclean@example.com,(515)362-2949,1976-06-16,IN,57944,2023-02-04,AGT0041,VSP,Dental+Vision Bundle
MEM000570,John,Armstrong,angela40@example.org,001-615-657-3257x37553,1980-08-31,IL,79618,2023-03-17,AGT0049,MetLife,Vision Premium
MEM000571,Julie,Johnson,mayronald@example.com,7809850960,1958-05-09,TN,37548,2024-07-14,AGT0077,Zurich,Dental+Vision Bundle
MEM000572,Bailey,Walters,cunninghamterri@example.org,+1-828-619-7931,1988-09-11,IL,61543,2023-02-01,AGT0078,VSP,Dental Basic
MEM000573,Shannon,Gilmore,debrajones@example.net,001-257-886-0694,1979-09-15,MI,02974,2023-04-14,AGT0025,VSP,Vision Premium
MEM000574,Alan,Morris,jonathanwalker@example.net,001-358-273-9592x32342,1973-10-19,KY,70417,2024-07-07,AGT0039,MetLife,Dental Basic
MEM000575,Carolyn,Kirk,amberblevins@example.com,333-834-2643x35027,2001-04-18,TX,03833,2024-02-07,AGT0063,MetLife,Dental Basic
MEM000576,Scott,Manning,omargriffin@example.com,336.491.1289,1988-05-12,OH,99670,2023-01-04,AGT0038,Zurich,Vision Basic
MEM000577,Jason,Shepard,kara56@example.org,218.257.4817,1967-11-30,OH,50312,2024-05-06,AGT0004,MetLife,Dental Basic
MEM000578,Linda,Ross,gomezsonya@example.org,(243)416-7045x02329,1957-05-08,FL,68477,2023-10-26,AGT0015,VSP,Vision Premium
MEM000579,Eric,Neal,brownleah@example.net,+1-445-296-2622x82251,1993-11-17,KY,65716,2024-04-27,AGT0012,Zurich,Vision Basic
MEM000580,James,Powell,regina49@example.com,8054070260,1983-04-15,GA,21232,2023-07-09,AGT0048,MetLife,Dental Premium
MEM000581,Craig,Bailey,christophermcneil@example.org,776.787.2904x7742,1989-06-14,FL,80928,2023-09-27,AGT0034,MetLife,Dental+Vision Bundle
MEM000582,Elizabeth,Davis,kgoodman@example.org,(638)322-3116,1955-07-13,IL,33240,2024-07-31,AGT0013,MetLife,Vision Premium
MEM000583,Jeremy,Lopez,mark79@example.net,294.425.6529x06032,1987-02-21,CA,83683,2024-07-08,AGT0030,Zurich,Dental Basic
MEM000584,Austin,Norton,randysmith@example.com,653.796.7379x4871,1996-11-18,GA,44705,2024-02-01,AGT0069,Zurich,Dental+Vision Bundle
MEM000585,Wendy,Lopez,lindsay78@example.com,+1-315-384-1560x82137,2001-05-19,MI,72651,2024-05-01,AGT0061,VSP,Dental Basic
MEM000586,Jennifer,Martinez,kurt68@example.org,226.783.2303x58929,1995-01-17,CA,71208,2023-02-05,AGT0067,Zurich,Vision Premium
MEM000587,Jerry,Valentine,nicholasgarcia@example.org,+1-893-928-9634x0646,1963-03-25,OH,61843,2024-09-27,AGT0058,MetLife,Dental+Vision Bundle
MEM000588,Marc,Griffith,aaron48@example.net,439-891-0622x7236,1969-01-04,MI,51750,2023-06-21,AGT0017,MetLife,Dental Premium
MEM000589,Brittany,Wright,chad42@example.com,392-637-2450,1989-01-22,MI,69214,2024-11-30,AGT0019,Zurich,Dental Premium
MEM000590,Curtis,Fuller,chall@example.com,889-672-1540,1957-10-22,GA,15290,2023-03-10,AGT0072,VSP,Vision Basic
MEM000591,Courtney,Simmons,nancyholt@example.com,001-343-681-1995x37660,1996-08-16,FL,95403,2023-10-10,AGT0002,Zurich,Vision Basic
MEM000592,Jessica,Conway,robert45@example.org,6173397396,1987-08-24,OH,93369,2024-06-19,AGT0054,MetLife,Dental Basic
MEM000593,Tony,Obrien,qobrien@example.com,7918919113,2002-04-11,OH,52109,2024-08-25,AGT0014,Zurich,Vision Premium
MEM000594,Jennifer,Williams,kphelps@example.net,3666039205,1998-01-20,TN,54521,2023-10-20,AGT0053,VSP,Dental Premium
MEM000595,Laurie,Daniel,michael55@example.org,770-457-4238x856,2001-04-27,CA,66015,2024-05-12,AGT0061,MetLife,Dental Basic
MEM000596,Melissa,Cook,leslietorres@example.net,965-797-2634,1962-11-27,CA,44672,2024-02-17,AGT0078,Zurich,Vision Premium
MEM000597,Linda,Huang,susanmorris@example.org,894.388.4882,1985-07-05,TN,26534,2023-02-09,AGT0031,MetLife,Vision Premium
MEM000598,Clarence,Dawson,jphelps@example.net,285-562-6149x91537,1983-06-01,IN,72326,2023-10-03,AGT0044,VSP,Dental Premium
MEM000599,Eric,Haney,simpsonmartha@example.org,937.932.0430,1958-10-24,MI,54833,2024-05-18,AGT0018,VSP,Dental+Vision Bundle
MEM000600,Angela,Murillo,robertabbott@example.net,(396)445-4655x3585,1978-10-15,KY,42661,2024-03-29,AGT0054,Zurich,Vision Basic
MEM000601,Michelle,Andersen,laurariley@example.org,978.951.9358x37490,1989-08-18,MI,65661,2023-07-12,AGT0053,Zurich,Vision Basic
MEM000602,Brittany,Brown,andrewwest@example.net,6572215149,1983-07-19,IN,94035,2024-06-12,AGT0066,MetLife,Dental Basic
MEM000603,Carla,Jordan,valerielewis@example.com,284-753-9862x8950,1986-03-11,IL,77498,2024-06-02,AGT0068,Zurich,Dental Basic
MEM000604,David,Madden,morenojessica@example.net,339.322.0715,1968-01-04,IN,53395,2023-07-17,AGT0032,MetLife,Vision Basic
MEM000605,Audrey,Rush,yballard@example.net,625.821.4526x4712,1967-11-12,KY,26794,2024-01-05,AGT0048,VSP,Vision Basic
MEM000606,Jeremy,Duke,morgankaren@example.net,209-708-0512x080,1961-02-11,IN,50931,2024-10-12,AGT0031,VSP,Vision Basic
MEM000607,Kevin,Marsh,michele23@example.net,+1-972-483-5129x592,1965-12-07,FL,66997,2024-04-01,AGT0076,Zurich,Dental Premium
MEM000608,Eduardo,Fuentes,howellsavannah@example.org,741-952-9821x7392,1973-03-16,OH,86810,2023-06-17,AGT0037,MetLife,Dental Premium
MEM000609,Amy,Price,qraymond@example.net,253-752-3736,2001-05-04,MI,08184,2023-06-16,AGT0029,Zurich,Dental Basic
MEM000610,Sabrina,Morse,abbottchristopher@example.net,689-898-8683x45273,1974-02-21,GA,53485,2023-07-31,AGT0066,MetLife,Dental+Vision Bundle
MEM000611,Ryan,Miller,henrymarc@example.com,+1-464-774-0803x149,1950-10-19,FL,97396,2024-11-29,AGT0017,Zurich,Dental Basic
MEM000612,Brandon,Johnson,paul58@example.org,+1-368-582-8503x17235,1970-01-28,KY,65417,2023-01-09,AGT0078,VSP,Vision Premium
MEM000613,Jamie,Bowman,williamspatrick@example.net,840-235-2635,1974-09-15,GA,20938,2024-10-20,AGT0049,VSP,Vision Basic
MEM000614,Donald,Sanchez,nicole69@example.net,+1-243-846-0666x4374,1991-11-14,KY,05979,2023-08-12,AGT0067,Zurich,Dental Premium
MEM000615,Heather,Cole,chadwilson@example.org,612.385.2464x8449,1950-08-29,TX,16151,2023-04-15,AGT0048,Zurich,Vision Basic
MEM000616,Ralph,Blackwell,stephaniepeters@example.com,228.807.7113,1975-05-12,KY,24680,2024-09-15,AGT0014,VSP,Dental Basic
MEM000617,Christopher,Steele,allenchristina@example.com,001-727-690-8335x0902,1979-03-04,KY,23507,2023-10-11,AGT0034,Zurich,Vision Premium
MEM000618,Michael,Gonzalez,myerseric@example.com,413.423.5707x13984,1976-10-21,MI,72213,2024-10-29,AGT0020,Zurich,Vision Premium
MEM000619,Tamara,Brown,ortizamanda@example.net,001-825-350-2130x6090,2003-10-31,GA,29929,2023-02-28,AGT0041,Zurich,Dental Basic
MEM000620,Kathleen,Johnson,smithmadison@example.com,001-664-796-7379,1994-08-15,KY,83954,2023-01-27,AGT0034,VSP,Dental Premium
MEM000621,Spencer,Calhoun,shawnsuarez@example.org,(642)464-2506,2002-04-22,CA,06078,2023-02-06,AGT0025,VSP,Vision Premium
MEM000622,Steve,Page,vanessamartinez@example.net,(736)866-7776x755,1997-12-18,FL,17948,2023-08-16,AGT0046,Zurich,Dental Premium
MEM000623,Jennifer,Harris,jennifercarroll@example.net,+1-995-678-6543x62718,2000-01-31,IL,82236,2023-06-24,AGT0038,MetLife,Vision Basic
MEM000624,Robert,Gonzalez,andrea26@example.net,(427)803-6924x92693,2000-02-26,IL,41984,2023-09-22,AGT0043,Zurich,Dental Basic
MEM000625,Taylor,Parrish,kathryntucker@example.net,001-598-401-1100x05155,1970-01-14,KY,28420,2023-12-30,AGT0054,VSP,Dental Premium
MEM000626,Kyle,Jones,brandy77@example.com,001-824-441-8222x618,1976-05-19,FL,74119,2024-08-22,AGT0016,VSP,Dental Basic
MEM000627,Andrea,Harrison,hannah31@example.net,(471)202-6767,2002-05-10,CA,77332,2024-10-11,AGT0080,MetLife,Vision Basic
MEM000628,Hailey,Meyers,lrichards@example.com,4796551512,1994-11-25,OH,89285,2023-07-19,AGT0049,Zurich,Dental Premium
MEM000629,Phillip,Hernandez,suzanneflores@example.net,759-670-9962,1963-07-12,IL,25669,2023-02-25,AGT0026,VSP,Dental Premium
MEM000630,William,Hendrix,burnsrebecca@example.org,+1-234-447-6504x7158,1991-01-19,IL,82312,2024-08-06,AGT0041,Zurich,Dental Basic
MEM000631,Alex,Berry,oscar76@example.com,4467558665,1993-09-29,TN,94757,2023-03-24,AGT0023,VSP,Vision Basic
MEM000632,Jose,Lee,joseph71@example.net,381-302-1312x51293,1990-07-22,KY,01765,2023-01-05,AGT0027,MetLife,Vision Basic
MEM000633,Jennifer,Doyle,molly91@example.org,001-375-419-1023,1993-12-03,OH,12520,2023-06-12,AGT0017,Zurich,Dental Premium
MEM000634,Jennifer,Davis,omoody@example.org,4169583737,1986-03-11,GA,38258,2024-03-15,AGT0062,VSP,Dental Basic
MEM000635,Jessica,Vargas,ramoswilliam@example.org,(534)428-9311,1967-11-22,TN,42628,2024-06-30,AGT0002,VSP,Vision Premium
MEM000636,Katelyn,Perez,lreid@example.com,+1-668-443-6453x804,1967-02-05,IN,08975,2024-06-27,AGT0001,Zurich,Vision Premium
MEM000637,Bryan,Snyder,harveylisa@example.org,+1-970-715-9591x94575,1980-11-22,KY,65997,2023-08-20,AGT0017,MetLife,Dental Premium
MEM000638,Kevin,Burns,jeremyjackson@example.net,(867)275-6777x226,1977-06-18,IL,18776,2024-08-25,AGT0009,MetLife,Dental Premium
MEM000639,Kristina,James,reginaldsmith@example.net,(429)623-1067,1990-11-26,TX,44713,2023-10-25,AGT0077,Zurich,Dental Premium
MEM000640,James,Crawford,kevinmoses@example.net,333-379-7662x705,1980-09-30,FL,42874,2023-05-18,AGT0046,MetLife,Dental Basic
MEM000641,Janice,Franklin,joeharding@example.org,(670)742-5496x91928,1951-09-19,MI,95496,2024-02-18,AGT0029,Zurich,Dental+Vision Bundle
MEM000642,Nathaniel,Barker,mikewaller@example.org,9756633535,1951-12-20,CA,73245,2023-08-05,AGT0065,MetLife,Dental Basic
MEM000643,Matthew,Leon,rachelsheppard@example.net,001-239-793-3797,1953-05-09,GA,67473,2024-10-28,AGT0033,Zurich,Vision Basic
MEM000644,Nicole,Cruz,cindymiller@example.com,594.517.6342x507,1954-04-21,OH,83478,2024-08-31,AGT0003,MetLife,Vision Premium
MEM000645,Aaron,Kelly,yhoffman@example.com,675-598-3399x14038,1989-11-11,GA,49785,2024-03-02,AGT0016,Zurich,Dental Premium
MEM000646,Rodney,Cardenas,evansjames@example.com,4069157276,1968-06-08,IN,99914,2023-06-06,AGT0039,VSP,Vision Premium
MEM000647,Lee,Giles,thill@example.net,742.492.5010x587,1996-09-05,KY,41823,2024-11-09,AGT0080,Zurich,Vision Premium
MEM000648,Marie,Brooks,fullerdebbie@example.com,(259)404-5990,1959-05-31,TX,65601,2024-03-04,AGT0080,MetLife,Dental Premium
MEM000649,Caleb,Jones,curtismartin@example.net,915.855.1651,1994-08-27,MI,71949,2023-04-19,AGT0078,MetLife,Vision Premium
MEM000650,Bryan,Butler,jneal@example.org,272.214.3308,1968-02-04,TN,84767,2024-06-19,AGT0053,VSP,Dental Basic
MEM000651,Megan,Perez,williamskatherine@example.org,(985)256-6084,1994-07-13,MI,88272,2024-07-15,AGT0062,VSP,Dental Basic
MEM000652,Jennifer,Perry,williamsbrittany@example.org,497.805.1958,1957-12-26,OH,28390,2023-01-14,AGT0074,Zurich,Vision Basic
MEM000653,Edwin,Smith,joseph58@example.com,(339)645-3546,1995-11-28,OH,59699,2023-04-03,AGT0013,VSP,Vision Basic
MEM000654,Anthony,Morrison,hharris@example.org,(613)539-4394x5703,1976-07-23,KY,67491,2024-04-12,AGT0060,MetLife,Dental Basic
MEM000655,Andrew,Smith,michelleclark@example.net,(357)269-2778x9431,1953-07-16,KY,04590,2023-06-28,AGT0047,Zurich,Dental Premium
MEM000656,Christine,Vincent,sarah47@example.com,001-292-610-5336x5146,1958-07-10,IN,05087,2023-04-29,AGT0002,MetLife,Vision Premium
MEM000657,Rachel,Turner,stephen31@example.net,001-207-920-1137x9844,1979-06-27,TN,08795,2023-06-24,AGT0057,Zurich,Dental Premium
MEM000658,Jessica,Hernandez,sandersnicholas@example.org,667.262.0901x4473,1983-06-07,TN,88482,2023-04-06,AGT0024,MetLife,Dental Premium
MEM000659,Joseph,Wiggins,hannahpatrick@example.net,3967873045,1974-05-22,GA,60303,2024-04-12,AGT0062,VSP,Vision Basic
MEM000660,Lori,Stephens,donna58@example.net,(755)662-9657,1960-02-22,IL,19851,2023-06-20,AGT0008,MetLife,Dental Basic
MEM000661,Lisa,Walton,alowe@example.com,(419)742-5577x82058,1993-04-21,CA,71307,2024-08-27,AGT0057,MetLife,Vision Basic
MEM000662,Cynthia,Garner,tiffanysparks@example.net,(416)518-8081x9048,1952-08-02,IL,90155,2024-01-03,AGT0062,VSP,Dental Basic
MEM000663,Jenna,Rogers,nguyenmary@example.com,+1-568-963-9561,1989-07-15,IN,20909,2024-02-26,AGT0009,VSP,Vision Premium
MEM000664,Mary,Woodard,jenniferbarry@example.net,372-514-3643,1997-01-31,CA,03581,2023-01-13,AGT0073,MetLife,Dental+Vision Bundle
MEM000665,Allen,Phillips,jacobparsons@example.org,647-716-5609,1980-05-08,TX,51323,2024-11-16,AGT0067,Zurich,Vision Premium
MEM000666,Nicholas,Torres,lreid@example.org,+1-770-975-5047x68169,1988-10-31,MI,04082,2023-04-08,AGT0062,VSP,Vision Premium
MEM000667,Norman,Estes,wellsamy@example.org,717.665.3970,1984-07-12,IL,72934,2024-10-18,AGT0072,Zurich,Dental Basic
MEM000668,Kimberly,Bond,christinadavis@example.net,(690)887-1827,1964-01-30,TX,70711,2024-10-20,AGT0061,VSP,Dental+Vision Bundle
MEM000669,Desiree,Williams,wolfetravis@example.com,520-249-5612x1377,1994-02-09,TN,51265,2023-03-18,AGT0031,VSP,Dental+Vision Bundle
MEM000670,Kimberly,Roman,kelseywilliams@example.org,459.473.7112,1995-06-25,MI,97540,2023-02-21,AGT0071,Zurich,Dental Premium
MEM000671,Tiffany,Jacobs,kimmichael@example.net,(308)358-1670x46861,1957-01-27,FL,34943,2023-08-29,AGT0057,Zurich,Dental Premium
MEM000672,Natalie,Ortega,pmorales@example.org,702-619-2378,1990-02-09,TN,63137,2024-05-25,AGT0016,VSP,Vision Premium
MEM000673,Carl,Tyler,brandiwilson@example.org,232.342.6050,1959-03-18,GA,69256,2023-01-19,AGT0053,MetLife,Vision Basic
MEM000674,Elizabeth,Richards,turnerlisa@example.com,473.837.7731,1958-02-26,CA,72988,2023-01-01,AGT0080,Zurich,Dental Premium
MEM000675,Cynthia,Weaver,thomasdavid@example.net,(717)581-9236,2000-06-13,MI,34903,2024-06-04,AGT0059,VSP,Dental Premium
MEM000676,Richard,Goodwin,harrellkimberly@example.org,856.479.3279,1969-12-31,FL,32133,2023-02-25,AGT0043,Zurich,Vision Premium
MEM000677,Carol,Roberts,reynoldsanthony@example.org,+1-712-605-4647,1992-06-12,TN,70662,2024-09-06,AGT0058,MetLife,Dental Basic
MEM000678,Catherine,Calhoun,ydixon@example.net,001-989-799-2751,1969-11-23,IN,70328,2024-11-05,AGT0044,VSP,Dental+Vision Bundle
MEM000679,Zachary,Welch,crystal44@example.net,635.853.9354x35864,1999-02-19,TX,88277,2023-10-26,AGT0048,Zurich,Dental Basic
MEM000680,Donna,Tate,leahbarker@example.org,+1-758-485-3798x21433,1994-03-06,IL,85367,2023-06-18,AGT0053,MetLife,Dental Premium
MEM000681,Lisa,Brooks,rwashington@example.net,285.324.9141x686,1966-10-29,OH,25264,2023-07-20,AGT0051,MetLife,Vision Basic
MEM000682,Lisa,Scott,jgibson@example.net,889-863-4067x917,1980-04-26,OH,41545,2023-07-15,AGT0054,MetLife,Dental+Vision Bundle
MEM000683,David,White,kathleen00@example.org,218-384-2163x090,2002-10-29,OH,44751,2024-11-19,AGT0058,VSP,Vision Premium
MEM000684,Tiffany,Ball,russell33@example.net,+1-494-885-3208x953,1962-01-29,FL,27127,2024-05-31,AGT0001,Zurich,Vision Premium
MEM000685,Amber,Smith,christopheryang@example.com,311.236.3379x2234,1988-10-30,CA,31797,2024-07-20,AGT0062,Zurich,Vision Premium
MEM000686,Emily,Graham,ogriffin@example.org,667-572-6960,2001-11-27,IL,88753,2023-07-01,AGT0017,MetLife,Dental Premium
MEM000687,Travis,Clarke,marc78@example.net,(779)735-2196x2633,1978-11-16,TX,53598,2024-09-06,AGT0050,VSP,Dental+Vision Bundle
MEM000688,Joshua,Espinoza,nicolasrich@example.org,+1-993-817-0695x56076,1974-07-19,GA,12226,2023-09-12,AGT0044,VSP,Vision Basic
MEM000689,Samuel,Bailey,michael47@example.org,(739)289-8306,1962-05-25,GA,30461,2023-05-17,AGT0078,Zurich,Dental+Vision Bundle
MEM000690,Christopher,Moon,gilbertangela@example.com,484-572-4264,1976-10-25,TX,54170,2024-06-08,AGT0041,Zurich,Vision Premium
MEM000691,Larry,Meyer,monicaoliver@example.net,+1-324-687-6230x3911,1969-07-01,MI,23927,2024-07-20,AGT0027,Zurich,Vision Premium
MEM000692,Amanda,Maxwell,jennifer28@example.org,205.824.8088,1961-11-26,IL,18189,2023-12-20,AGT0065,Zurich,Vision Premium
MEM000693,Gary,Harrison,johnlynch@example.com,001-247-337-2132,1960-05-09,TN,49970,2023-11-27,AGT0072,VSP,Vision Basic
MEM000694,Derek,Mitchell,zbyrd@example.net,+1-668-878-5996,1987-06-15,TX,22376,2024-11-14,AGT0037,VSP,Dental+Vision Bundle
MEM000695,Wesley,Porter,clarkcarol@example.com,519-866-6450x5730,1959-07-21,IN,84184,2024-06-19,AGT0049,MetLife,Dental Basic
MEM000696,Karen,Cole,deborahturner@example.org,(703)574-7677,1967-12-08,KY,61226,2023-02-27,AGT0021,VSP,Vision Premium
MEM000697,David,Moyer,stacieprince@example.org,950-257-6619x4588,1955-07-26,KY,63344,2023-05-30,AGT0027,Zurich,Dental Basic
MEM000698,Carlos,Rivera,sandra20@example.org,(284)900-8385,1959-03-13,CA,53377,2024-04-08,AGT0072,MetLife,Vision Premium
MEM000699,Matthew,Austin,christy45@example.org,791.977.6808x98126,1984-11-21,MI,96373,2024-07-28,AGT0066,Zurich,Dental Premium
MEM000700,Jennifer,Adams,kathleengonzalez@example.net,(846)430-0402x3693,1954-03-20,GA,56457,2024-11-11,AGT0050,VSP,Dental+Vision Bundle
MEM000701,Amy,Scott,aaronjones@example.org,771-937-2711x759,1999-07-15,IN,34328,2023-11-17,AGT0002,Zurich,Dental Premium
MEM000702,Barbara,Kelley,crystal58@example.org,+1-998-849-3306x74584,1989-10-01,MI,07223,2024-09-27,AGT0048,Zurich,Vision Basic
MEM000703,Stephanie,Evans,daniel28@example.org,837.821.8856,1967-08-17,MI,74762,2024-09-09,AGT0038,VSP,Dental Basic
MEM000704,Mark,Miller,cindyfry@example.net,250-766-6267,1956-09-06,IL,49047,2024-11-30,AGT0023,Zurich,Vision Basic
MEM000705,David,Young,zreilly@example.net,466.734.3925,1953-08-24,GA,78285,2024-01-22,AGT0036,Zurich,Dental Premium
MEM000706,Nicholas,Miller,millerjoan@example.org,+1-267-412-0072,2002-05-24,KY,38698,2023-06-14,AGT0001,VSP,Vision Basic
MEM000707,Tonya,Richardson,elizabeth10@example.org,351-609-1090x3267,1953-08-01,IL,78275,2023-06-08,AGT0042,Zurich,Dental Basic
MEM000708,Kelly,Copeland,deckerjustin@example.org,794.428.1793x406,1977-01-07,FL,91584,2024-10-02,AGT0074,Zurich,Dental Premium
MEM000709,Thomas,Chavez,kelly66@example.org,353-937-2201x0912,1997-02-19,MI,17030,2023-11-22,AGT0024,Zurich,Dental Basic
MEM000710,Edward,Jones,gwendolyn93@example.net,566.718.9437x0526,1964-04-19,GA,09159,2024-06-01,AGT0070,Zurich,Dental Premium
MEM000711,Brandon,Randall,perry77@example.net,(357)925-6592x0246,1969-11-05,MI,44351,2023-12-24,AGT0043,VSP,Dental Premium
MEM000712,Eddie,Henson,williamsimpson@example.com,726.200.5595,1997-08-05,FL,14210,2023-08-12,AGT0072,Zurich,Dental Basic
MEM000713,Timothy,Holloway,jasoncook@example.net,001-684-986-8999x3607,1981-01-15,FL,06335,2024-11-15,AGT0031,Zurich,Vision Basic
MEM000714,Justin,Smith,wellsnatalie@example.com,+1-693-859-3744x039,1971-11-16,IN,35283,2024-09-28,AGT0042,VSP,Dental+Vision Bundle
MEM000715,Adam,Perez,stephaniecole@example.com,6602148860,1984-08-14,KY,65596,2023-04-27,AGT0070,Zurich,Dental Premium
MEM000716,Vanessa,Lewis,kimberly36@example.net,001-452-683-0615x3701,1983-08-22,TX,22655,2024-06-13,AGT0066,VSP,Vision Basic
MEM000717,Diane,Powers,bmartin@example.org,001-525-314-4881x1210,1967-04-10,TN,99912,2023-10-31,AGT0066,MetLife,Dental+Vision Bundle
MEM000718,Sheryl,Sanford,hubbardmatthew@example.net,001-587-681-7941x51526,1998-04-07,TX,95569,2023-06-21,AGT0001,Zurich,Dental Basic
MEM000719,Andrew,Sloan,gayfrancis@example.com,(888)337-5056,1969-02-15,GA,67664,2024-11-17,AGT0014,MetLife,Vision Basic
MEM000720,Kimberly,Powell,jameswalsh@example.net,001-513-278-7655x3007,1956-06-21,IL,75335,2024-03-21,AGT0004,VSP,Vision Premium
MEM000721,Michael,Huerta,deborah60@example.com,712.319.8819x277,1957-11-07,OH,82413,2023-02-08,AGT0007,MetLife,Vision Premium
MEM000722,Lisa,Hartman,john86@example.com,7108424624,1956-04-27,CA,10252,2024-07-25,AGT0030,VSP,Dental Premium
MEM000723,Theresa,Cox,tparker@example.com,3047521289,1986-04-14,GA,15361,2024-04-06,AGT0041,MetLife,Dental Premium
MEM000724,Cody,Baker,lucas12@example.net,391.630.4488,1997-12-25,IN,72900,2023-05-02,AGT0080,MetLife,Vision Premium
MEM000725,Diane,Garcia,cgoodwin@example.com,(715)840-2119x01707,1954-01-31,OH,71537,2024-08-22,AGT0046,Zurich,Dental Basic
MEM000726,Daniel,Moore,christopherjackson@example.net,001-810-273-2283,1957-10-05,KY,89814,2023-11-05,AGT0057,VSP,Dental Premium
MEM000727,Alexandra,Nelson,travisyoung@example.com,896.638.4526,1952-10-06,FL,35806,2024-11-07,AGT0021,Zurich,Dental Basic
MEM000728,John,Chase,mannjonathan@example.net,401.269.3429x2913,1998-12-17,KY,30759,2024-02-05,AGT0019,VSP,Vision Premium
MEM000729,Whitney,Mcgee,suttondean@example.org,419-403-1061x537,1983-06-23,IN,95438,2024-10-25,AGT0071,Zurich,Dental Basic
MEM000730,Deborah,Martinez,mark66@example.net,247.632.3653x37746,1950-06-14,CA,00901,2023-02-12,AGT0077,VSP,Vision Basic
MEM000731,Ryan,Moore,goodmanalice@example.org,(714)624-4260x78197,1977-05-03,MI,84944,2023-03-29,AGT0045,MetLife,Dental Premium
MEM000732,Jeffrey,Harris,mary64@example.org,637.720.3763x8821,1995-12-26,IL,68924,2024-10-23,AGT0021,MetLife,Dental Basic
MEM000733,Jonathan,Garcia,julie01@example.net,434-943-8998,1967-06-08,OH,69749,2023-09-16,AGT0024,Zurich,Vision Premium
MEM000734,Aaron,Benjamin,kayla86@example.net,707-332-1464x49369,1999-03-29,FL,50298,2023-02-25,AGT0071,MetLife,Dental Premium
MEM000735,Thomas,Gonzalez,markhodge@example.com,538.857.3680x1192,1972-06-28,OH,06252,2023-03-10,AGT0026,Zurich,Vision Basic
MEM000736,Jamie,Gutierrez,garciaveronica@example.net,323.633.5104x096,1982-01-15,IL,84782,2023-12-05,AGT0031,MetLife,Dental Premium
MEM000737,Brianna,Cole,claytonmclean@example.net,414-298-3074,1967-05-12,TN,64667,2023-03-13,AGT0063,VSP,Dental Premium
MEM000738,Lisa,Robinson,gclay@example.org,293.694.0655x78201,1977-06-04,CA,25738,2024-11-06,AGT0020,Zurich,Vision Basic
MEM000739,George,Moore,oconnorjames@example.org,224.370.7392,1988-06-04,IL,95625,2023-11-20,AGT0001,VSP,Dental Basic
MEM000740,Rhonda,Harris,mary62@example.net,427-860-2508,1989-02-15,KY,14725,2023-08-15,AGT0047,MetLife,Vision Premium
MEM000741,Christopher,Moore,hernandezdaniel@example.org,001-524-988-8995x729,1993-01-22,FL,56191,2023-12-06,AGT0058,VSP,Vision Premium
MEM000742,George,Copeland,qramirez@example.net,303.464.6871,1999-06-30,OH,07551,2024-05-13,AGT0023,Zurich,Vision Basic
MEM000743,Jerry,Graves,castroralph@example.net,001-220-382-8323,1962-07-24,TX,32154,2023-10-15,AGT0026,VSP,Vision Premium
MEM000744,Amber,Miller,greenmartin@example.org,(406)973-2318,1956-11-10,OH,09864,2024-10-03,AGT0003,Zurich,Vision Basic
MEM000745,Robert,Schultz,rojasmarc@example.org,+1-345-500-0000x15291,2001-12-08,GA,63517,2024-08-18,AGT0076,MetLife,Dental+Vision Bundle
MEM000746,Stephanie,Garcia,brian90@example.net,(455)361-8444,1973-05-19,TX,72036,2024-07-18,AGT0070,VSP,Vision Premium
MEM000747,Lisa,Burke,hmitchell@example.org,(224)889-0567,1982-10-27,GA,61752,2023-06-02,AGT0029,Zurich,Vision Premium
MEM000748,Anthony,Greene,stanleynina@example.com,(551)858-4826x691,1962-01-05,FL,20066,2023-10-25,AGT0065,Zurich,Dental Basic
MEM000749,Lauren,Hunt,mike05@example.com,(596)508-0706,1995-01-20,IN,54264,2024-01-08,AGT0031,Zurich,Vision Premium
MEM000750,Carrie,Mendez,ymontgomery@example.org,001-298-622-1040x16481,1962-08-05,FL,82496,2024-06-10,AGT0021,MetLife,Vision Basic
MEM000751,Jessica,Hayden,amywells@example.org,636.438.1643x21269,1963-02-12,FL,68884,2024-08-02,AGT0046,MetLife,Dental Basic
MEM000752,Ashley,Caldwell,rickey20@example.org,(825)486-3144x17064,1970-10-16,OH,46989,2024-05-14,AGT0034,VSP,Dental Basic
MEM000753,Sophia,Brooks,michelle02@example.com,955.882.4301,1968-07-20,TX,40835,2024-11-15,AGT0047,VSP,Vision Basic
MEM000754,Robert,Ramirez,william88@example.org,001-231-753-8882x45279,1954-03-02,IN,05421,2024-04-10,AGT0042,MetLife,Vision Premium
MEM000755,Keith,Fowler,john33@example.com,384.395.1632,1974-07-15,KY,12897,2024-06-17,AGT0075,Zurich,Vision Basic
MEM000756,Jennifer,Gibson,ygriffith@example.org,+1-509-433-9137,1983-12-17,TN,53584,2024-01-21,AGT0076,Zurich,Dental+Vision Bundle
MEM000757,Dawn,Key,khanmelissa@example.net,819-287-5617,1996-05-09,KY,01899,2023-03-21,AGT0049,MetLife,Vision Basic
MEM000758,Rhonda,Clark,osbornanthony@example.org,661-382-9803x65774,1980-12-15,FL,95499,2023-12-28,AGT0062,Zurich,Dental Basic
MEM000759,Rebecca,Rangel,peterlynch@example.com,(601)349-1189,1989-06-19,IL,71178,2023-05-23,AGT0030,MetLife,Vision Basic
MEM000760,Kelly,Hall,bcooper@example.net,(463)322-3998,1968-12-22,IL,31976,2023-10-15,AGT0024,MetLife,Dental Premium
MEM000761,Shannon,Rogers,qjones@example.org,001-842-888-6050x537,1970-08-31,GA,57565,2023-05-02,AGT0043,Zurich,Dental Basic
MEM000762,Tammy,Manning,wilsondavid@example.org,3302835669,1992-12-15,FL,51132,2024-11-22,AGT0027,Zurich,Dental Basic
MEM000763,Eric,Bryant,shelby31@example.org,001-934-855-0688x26917,1952-01-06,MI,74081,2024-02-25,AGT0006,MetLife,Vision Basic
MEM000764,Dawn,Thomas,traceyguerra@example.com,001-901-434-8087x3543,1962-02-01,TX,53907,2023-06-14,AGT0006,Zurich,Dental Basic
MEM000765,Brandon,Hall,christina10@example.org,+1-457-209-0859x91449,1973-03-03,IL,94171,2023-06-20,AGT0067,VSP,Vision Basic
MEM000766,Wanda,Braun,richardharper@example.net,+1-669-496-4899x718,1951-09-03,KY,70659,2024-07-31,AGT0011,MetLife,Dental Premium
MEM000767,Kristen,Riley,dylancunningham@example.com,4845993231,1993-03-19,IL,39092,2024-04-27,AGT0029,VSP,Vision Basic
MEM000768,Kimberly,Parsons,jpowell@example.org,(690)587-2617x60723,1966-04-26,CA,68657,2024-08-19,AGT0066,VSP,Dental Basic
MEM000769,Catherine,Nguyen,debra82@example.net,+1-804-705-6129,1990-09-07,CA,04425,2023-12-17,AGT0076,MetLife,Dental Basic
MEM000770,Andrea,Sweeney,richardhines@example.net,+1-926-841-8696x56130,1961-11-11,OH,13379,2024-01-30,AGT0003,MetLife,Vision Basic
MEM000771,Emily,Jennings,katieaguirre@example.com,001-551-643-4682,1987-08-30,IL,67220,2024-05-31,AGT0078,MetLife,Dental Basic
MEM000772,Joseph,Nolan,wallfrank@example.org,3088696610,2003-10-24,IN,66548,2024-09-21,AGT0069,Zurich,Vision Premium
MEM000773,James,Miller,lisarogers@example.org,3167809414,1993-04-07,IL,07621,2023-04-06,AGT0078,Zurich,Dental+Vision Bundle
MEM000774,Shawn,Ayala,monicaavery@example.net,(420)253-4407x77946,1988-09-17,TX,94127,2024-11-25,AGT0054,VSP,Dental+Vision Bundle
MEM000775,Sherri,Mcclure,ahines@example.net,(892)250-8177,1988-06-26,MI,21599,2024-06-26,AGT0062,VSP,Dental Premium
MEM000776,Ariana,Randolph,hammondjoseph@example.com,584.713.3373x12552,1958-10-07,GA,53101,2024-08-12,AGT0018,VSP,Vision Basic
MEM000777,Daniel,Stephens,marshalljamie@example.org,+1-911-992-0613x63852,1957-07-09,KY,72081,2023-08-27,AGT0077,Zurich,Dental Premium
MEM000778,Ashley,Cooper,leeseth@example.net,+1-244-449-0295,1950-06-29,IN,52351,2023-07-13,AGT0074,Zurich,Dental Basic
MEM000779,Kelly,Williams,reynoldsjustin@example.org,473.941.6781,1983-08-24,MI,97614,2023-01-08,AGT0041,VSP,Dental Premium
MEM000780,Krystal,Contreras,rosejones@example.org,+1-717-998-2134x8629,1988-03-23,CA,96344,2023-06-08,AGT0033,VSP,Dental+Vision Bundle
MEM000781,Gloria,Kim,odelacruz@example.net,518.928.5605,2000-08-29,TN,97335,2024-03-09,AGT0079,VSP,Dental+Vision Bundle
MEM000782,Andrew,Floyd,hpowell@example.com,406.373.6820x5068,1968-04-10,GA,86865,2024-02-11,AGT0071,Zurich,Vision Basic
MEM000783,Mary,White,mark21@example.com,+1-350-458-7146x92182,2000-02-28,TX,43412,2024-01-15,AGT0062,VSP,Dental+Vision Bundle
MEM000784,Ashley,Novak,grantamanda@example.net,736-299-8480x220,1980-11-22,GA,79821,2024-08-14,AGT0018,Zurich,Dental Basic
MEM000785,Heather,Hall,mproctor@example.net,001-348-642-4959x881,1990-01-25,IL,45954,2023-08-24,AGT0013,MetLife,Vision Basic
MEM000786,Shannon,Gardner,wrivers@example.org,001-471-252-3867x673,1999-05-25,CA,81186,2023-12-13,AGT0007,MetLife,Dental Premium
MEM000787,Shannon,James,stuartbryan@example.net,+1-477-498-7682x99687,1950-06-23,OH,42459,2024-10-13,AGT0019,VSP,Dental+Vision Bundle
MEM000788,Zachary,Gonzalez,gibbsamanda@example.net,906.223.5040x56695,1957-11-28,OH,04516,2024-03-21,AGT0034,MetLife,Dental Premium
MEM000789,Emily,Jackson,kimberlycooper@example.com,642-486-7963x259,1953-05-22,GA,84164,2024-09-15,AGT0052,Zurich,Vision Premium
MEM000790,John,Lynn,kristine33@example.net,001-715-962-4152,2003-08-08,IN,23818,2023-10-21,AGT0023,Zurich,Vision Basic
MEM000791,Robin,Cooper,tanyajackson@example.net,335.889.5138,1968-02-05,TX,48896,2023-01-11,AGT0037,MetLife,Dental Basic
MEM000792,Michael,Lynn,ystone@example.net,309-357-4430x34918,1995-10-21,TX,63575,2024-09-05,AGT0030,Zurich,Dental Basic
MEM000793,Carol,Martin,adriennebush@example.net,740.615.3641,1982-04-10,MI,59965,2023-02-06,AGT0001,MetLife,Dental Basic
MEM000794,Daniel,Carey,danieldaniel@example.com,+1-636-478-1367x500,1985-11-01,TN,91874,2023-10-10,AGT0051,VSP,Vision Basic
MEM000795,Michelle,Lang,stephanie10@example.com,(276)498-1987,1951-05-19,OH,99822,2024-06-14,AGT0012,Zurich,Dental Premium
MEM000796,Timothy,Nelson,jimmypalmer@example.net,001-956-922-5866x05986,2002-04-19,TN,37140,2024-07-26,AGT0045,VSP,Dental Basic
MEM000797,Kenneth,Jackson,gmccarthy@example.com,001-648-359-6559x4282,1990-10-19,GA,11377,2023-07-19,AGT0074,MetLife,Dental Premium
MEM000798,Lisa,Patterson,anthony00@example.org,(345)739-3132,1995-06-02,OH,42100,2024-02-21,AGT0072,MetLife,Vision Basic
MEM000799,Chad,Smith,timothy83@example.net,+1-968-421-4448x8966,1960-07-01,TX,65982,2023-12-15,AGT0033,Zurich,Dental+Vision Bundle
MEM000800,Sylvia,Vaughn,rodneynolan@example.com,001-546-420-2582x5431,1972-06-10,FL,93243,2024-08-11,AGT0049,Zurich,Vision Basic
MEM000801,Amy,Velasquez,jamesbrown@example.org,+1-820-649-1060x183,1980-06-22,FL,64665,2023-09-07,AGT0059,Zurich,Dental+Vision Bundle
MEM000802,Ethan,Robbins,icooper@example.org,001-676-981-7225x77545,1960-06-06,KY,18283,2024-05-08,AGT0009,VSP,Vision Basic
MEM000803,Nicholas,Huffman,nguyenchristine@example.net,001-376-983-1608x27172,1970-08-18,TN,90610,2023-08-14,AGT0053,VSP,Vision Basic
MEM000804,Jason,Ramos,sararios@example.org,8524229993,1973-08-17,MI,13714,2023-01-10,AGT0037,MetLife,Dental Premium
MEM000805,Jessica,Lloyd,bowmanjoel@example.net,(732)655-3983,1956-10-27,TX,35468,2023-12-17,AGT0023,VSP,Dental Premium
MEM000806,Robert,Burns,fmclaughlin@example.org,(964)330-9544,2001-06-21,KY,24154,2023-08-12,AGT0024,Zurich,Vision Premium
MEM000807,Patricia,Munoz,ksmith@example.org,912.705.3978x713,1994-10-08,MI,18625,2023-07-14,AGT0031,Zurich,Dental Basic
MEM000808,Bethany,Grant,davidjohnson@example.net,001-912-956-0832x00487,1968-07-20,MI,46286,2023-09-29,AGT0026,MetLife,Dental+Vision Bundle
MEM000809,Frances,Steele,elizabeth52@example.org,+1-786-300-3044x3619,1963-12-30,OH,60822,2023-12-31,AGT0016,MetLife,Vision Premium
MEM000810,Carl,Conley,stephaniewiggins@example.net,602-592-9501,1994-03-14,CA,63149,2024-11-10,AGT0001,Zurich,Dental+Vision Bundle
MEM000811,Joshua,Parrish,brianmorrow@example.org,001-367-413-9719,1983-04-21,CA,52643,2024-05-08,AGT0041,VSP,Dental+Vision Bundle
MEM000812,Brandon,Hernandez,darrellmoore@example.net,001-876-372-0191x116,1974-08-25,FL,17475,2024-08-11,AGT0024,Zurich,Dental Premium
MEM000813,Robin,Williams,griffinjennifer@example.net,001-787-533-9304x9366,2001-09-26,IL,70775,2023-08-16,AGT0007,Zurich,Vision Premium
MEM000814,Alexander,White,kimberly12@example.com,(711)240-8682,1998-07-07,IN,76054,2024-05-04,AGT0065,VSP,Dental Premium
MEM000815,Elizabeth,Hendrix,caitlynbennett@example.org,001-735-456-1039,1991-01-07,OH,91538,2023-06-28,AGT0067,VSP,Dental Premium
MEM000816,Brandy,Colon,perezshawn@example.org,236-658-5856x423,1951-01-23,MI,10324,2023-01-09,AGT0049,Zurich,Dental Basic
MEM000817,Pamela,Osborne,thomastimothy@example.org,(215)992-7387x40299,1973-04-19,IL,94720,2024-01-06,AGT0071,VSP,Dental Basic
MEM000818,Jennifer,Miller,batkins@example.com,422.248.1554,1980-10-12,TN,29577,2024-04-27,AGT0024,VSP,Dental Premium
MEM000819,Jacqueline,Delacruz,wrightdavid@example.net,(767)797-5649x157,1983-05-27,TN,37862,2024-03-05,AGT0052,VSP,Vision Basic
MEM000820,Ronald,Thompson,johnskinner@example.org,576-201-0801x810,1961-10-07,CA,97059,2024-08-08,AGT0030,MetLife,Vision Premium
MEM000821,Laura,Spencer,colejoshua@example.org,226.380.8081x5712,1999-10-28,GA,45421,2023-08-30,AGT0049,MetLife,Dental Basic
MEM000822,Janet,Ford,williamortiz@example.org,607.935.1045,1992-06-07,IN,39853,2023-06-03,AGT0023,VSP,Vision Basic
MEM000823,James,Morales,padillaangel@example.net,(325)288-5766x94703,1996-05-20,TX,44247,2024-10-07,AGT0041,VSP,Dental Premium
MEM000824,James,Lambert,catherinemoore@example.com,966-262-1591x832,2000-12-10,IN,04706,2024-07-29,AGT0051,MetLife,Vision Premium
MEM000825,Brian,Adams,tcoleman@example.com,+1-290-611-0797x7140,1969-05-01,KY,77252,2023-03-03,AGT0061,Zurich,Dental Basic
MEM000826,Joel,Tate,hooveranna@example.net,001-249-605-3152x049,1973-04-22,TN,85250,2023-12-09,AGT0047,Zurich,Vision Basic
MEM000827,Maria,Underwood,hlogan@example.com,+1-331-837-9716x6984,1980-11-15,IN,50571,2023-09-21,AGT0053,MetLife,Dental Premium
MEM000828,Stephanie,Hernandez,dmitchell@example.com,694.333.2562x3899,1967-11-07,CA,80526,2024-11-26,AGT0074,Zurich,Vision Basic
MEM000829,Sean,Smith,frederick62@example.org,870.287.8211,1975-07-15,TN,21257,2023-06-28,AGT0042,Zurich,Vision Basic
MEM000830,Donna,Hopkins,cody81@example.org,(299)689-8972x117,1957-01-13,GA,87203,2024-04-02,AGT0079,VSP,Vision Basic
MEM000831,William,Ochoa,wallersarah@example.com,782-921-7588x3978,1965-01-13,TN,02012,2023-05-29,AGT0054,Zurich,Vision Basic
MEM000832,Amber,Brown,greenbrandon@example.com,971-623-6914x96112,1956-05-26,OH,22173,2024-02-19,AGT0021,VSP,Dental Basic
MEM000833,Carol,Henderson,stevengoodwin@example.net,+1-770-840-9531x41961,1976-02-21,KY,06270,2023-11-21,AGT0078,Zurich,Dental Premium
MEM000834,Troy,Arnold,gregorymitchell@example.net,+1-883-456-5179,1982-08-01,CA,38885,2024-03-31,AGT0067,VSP,Dental Premium
MEM000835,Danielle,Dyer,smiles@example.net,(368)934-9604x7842,1952-01-27,IL,02023,2023-07-08,AGT0031,Zurich,Dental Premium
MEM000836,Eric,Morgan,wthomas@example.net,001-536-248-8208x93486,1968-11-22,IL,57636,2023-03-23,AGT0051,MetLife,Dental Basic
MEM000837,Derrick,Green,whernandez@example.net,399.516.0911x413,1999-03-16,IN,47391,2024-04-29,AGT0004,VSP,Vision Basic
MEM000838,Donna,Benitez,yolandamarks@example.net,(313)837-6052x30458,1959-04-29,KY,44075,2023-03-27,AGT0080,MetLife,Dental Basic
MEM000839,Kimberly,Graves,michaelblanchard@example.com,824.819.1650x3440,1977-10-03,MI,08782,2024-02-04,AGT0032,Zurich,Dental Premium
MEM000840,Theodore,Yang,bartondavid@example.com,+1-389-680-8806x782,1961-05-05,IL,10936,2024-10-03,AGT0068,MetLife,Dental Basic
MEM000841,Scott,Gutierrez,cobbmary@example.net,(566)848-6989,1982-01-05,TN,91789,2024-11-10,AGT0061,VSP,Dental+Vision Bundle
MEM000842,Christine,Alexander,sbradley@example.org,759-545-0119x29207,1974-06-10,TX,91856,2024-07-07,AGT0057,MetLife,Dental+Vision Bundle
MEM000843,Sarah,Small,bellchad@example.org,(603)798-8636x53621,1965-11-19,CA,49310,2024-07-06,AGT0077,VSP,Vision Basic
MEM000844,Carol,Gray,williamsbrooke@example.net,001-642-848-9420,2000-08-06,GA,49658,2024-10-13,AGT0068,Zurich,Vision Basic
MEM000845,Faith,Hill,areynolds@example.org,964-620-4565x77580,1981-02-23,FL,42304,2023-11-14,AGT0070,MetLife,Dental+Vision Bundle
MEM000846,Tami,Lee,colemanjohn@example.com,766-522-6540x165,1977-08-15,TN,07539,2024-03-28,AGT0053,VSP,Dental Basic
MEM000847,Albert,Frederick,lmartin@example.org,(824)427-6774,1950-01-04,TX,41920,2023-01-11,AGT0018,VSP,Dental Premium
MEM000848,Christina,Price,millerjuan@example.org,258-348-8600,1950-09-30,FL,62705,2024-07-01,AGT0062,VSP,Dental Basic
MEM000849,Brianna,Hendrix,jdawson@example.org,912.499.5704,1976-04-12,CA,94647,2024-03-16,AGT0030,MetLife,Vision Basic
MEM000850,Ricky,Baker,daniellecoleman@example.org,001-812-203-8437x5365,1986-12-09,TX,60951,2023-07-13,AGT0056,VSP,Dental Basic
MEM000851,Angela,Beltran,miguelbaker@example.net,(742)618-3854,1984-12-18,GA,06680,2024-10-23,AGT0029,VSP,Dental Basic
MEM000852,Anthony,Blackburn,kevin54@example.net,952.331.1232x748,1971-06-29,TX,59581,2024-10-02,AGT0079,Zurich,Vision Premium
MEM000853,Samuel,Ayala,johncarter@example.net,+1-227-320-3886x21750,1997-09-21,KY,80027,2023-10-19,AGT0053,MetLife,Dental+Vision Bundle
MEM000854,Kristen,Rivers,scottjennifer@example.org,5697358824,1962-04-04,KY,30584,2023-07-06,AGT0015,Zurich,Vision Basic
MEM000855,Nicole,Smith,robertsonjennifer@example.com,778.648.1652x444,1974-06-01,CA,34827,2024-04-08,AGT0063,MetLife,Dental Premium
MEM000856,Ronald,Petersen,lorikoch@example.net,779-593-7810,1954-06-15,TX,84865,2023-06-05,AGT0003,MetLife,Dental+Vision Bundle
MEM000857,Caitlin,Thomas,ghorne@example.net,286-699-9698x829,1974-02-24,IL,41723,2023-10-16,AGT0057,Zurich,Dental Basic
MEM000858,Timothy,Warner,cgarcia@example.net,(646)430-1986,1963-07-09,IN,35602,2023-04-03,AGT0064,MetLife,Dental Premium
MEM000859,David,Harris,brittanymartin@example.org,491.521.8706,1994-09-18,TN,23098,2023-11-16,AGT0060,Zurich,Vision Premium
MEM000860,Zachary,Robertson,josephangela@example.org,(221)201-0232,1957-03-13,IL,08762,2023-12-05,AGT0008,VSP,Vision Premium
MEM000861,Heather,Cruz,cgray@example.org,698.276.1081x43561,1998-09-25,FL,95463,2023-03-15,AGT0024,MetLife,Dental+Vision Bundle
MEM000862,Joe,Tran,debra19@example.net,001-207-246-8235x46951,1984-03-26,IN,26526,2023-09-14,AGT0016,Zurich,Dental Basic
MEM000863,Jessica,Vang,zconley@example.org,2542596715,1972-03-05,IN,57636,2024-03-29,AGT0026,VSP,Vision Premium
MEM000864,Ryan,Prince,fhenderson@example.org,9657411340,1996-10-02,MI,13683,2023-04-07,AGT0061,VSP,Vision Premium
MEM000865,Raymond,Meyers,kelsey70@example.net,+1-805-883-6683x482,1978-12-26,IL,21381,2023-11-16,AGT0006,Zurich,Dental+Vision Bundle
MEM000866,Paul,Stevens,riceamber@example.net,+1-789-217-8791,1960-12-16,KY,49128,2024-06-17,AGT0062,Zurich,Dental Premium
MEM000867,Leah,Patterson,shawn19@example.com,(409)832-0126x5789,1954-09-03,MI,02426,2024-01-05,AGT0015,MetLife,Vision Basic
MEM000868,Kevin,Miller,juareztina@example.net,(621)375-5851x777,1951-05-09,IL,88445,2023-11-29,AGT0036,Zurich,Dental Basic
MEM000869,Julie,Freeman,yguzman@example.org,488-824-1996,1950-10-20,IN,35401,2023-09-06,AGT0075,Zurich,Vision Basic
MEM000870,Gregory,Thomas,lcook@example.org,204.754.2185x457,1963-11-27,TN,57532,2024-09-02,AGT0012,MetLife,Dental Basic
MEM000871,Kimberly,Martinez,davidkane@example.com,6902016356,1980-05-12,IN,60709,2023-04-04,AGT0008,VSP,Vision Basic
MEM000872,George,Wilcox,melanie72@example.net,(489)454-0017,1959-08-21,IL,90789,2024-07-03,AGT0063,MetLife,Dental Premium
MEM000873,Jose,Chavez,taylorrobert@example.com,+1-350-371-0580,1981-02-27,FL,75783,2024-07-25,AGT0025,MetLife,Vision Premium
MEM000874,Nathan,Smith,meganblackwell@example.org,+1-215-226-1053x70923,1962-02-01,KY,61105,2024-01-02,AGT0006,VSP,Vision Premium
MEM000875,Chad,Jordan,erin07@example.com,001-918-894-8543x298,1976-06-10,TX,78239,2024-07-26,AGT0063,MetLife,Vision Basic
MEM000876,Angela,Lewis,mcooper@example.com,371-561-9827x348,1981-03-11,TN,95574,2024-07-10,AGT0060,VSP,Dental+Vision Bundle
MEM000877,Kiara,Johnson,brandon58@example.net,+1-563-721-7435x748,1999-10-01,IL,20343,2024-09-05,AGT0009,Zurich,Dental Basic
MEM000878,Robert,Brown,tiffany60@example.net,(773)598-3448x83842,1973-08-17,TX,50652,2023-10-30,AGT0047,VSP,Dental Basic
MEM000879,Samantha,Salinas,richard28@example.org,750-877-4065x79551,1995-05-24,GA,21401,2024-10-15,AGT0024,MetLife,Vision Basic
MEM000880,Jamie,White,wheeleramber@example.com,001-851-307-4091x31117,1971-06-04,TN,79278,2024-01-08,AGT0009,Zurich,Dental+Vision Bundle
MEM000881,Valerie,Smith,linda76@example.org,+1-422-406-9535x41201,1967-01-13,TX,57876,2024-02-01,AGT0064,Zurich,Dental Basic
MEM000882,Rachel,Glover,monica00@example.org,(201)951-5325x94795,1978-12-10,GA,37531,2023-10-17,AGT0042,MetLife,Dental Basic
MEM000883,Bradley,Davenport,hubbardjanet@example.org,898.605.9503x100,1955-12-25,IN,89307,2024-11-05,AGT0017,MetLife,Dental+Vision Bundle
MEM000884,Christy,Booker,harrisphyllis@example.org,6453203608,1959-08-09,FL,09939,2023-07-26,AGT0025,MetLife,Dental Basic
MEM000885,Amy,Sims,mosesveronica@example.com,+1-792-885-5359x520,1984-11-11,FL,09762,2024-10-19,AGT0068,Zurich,Vision Premium
MEM000886,Arthur,Russell,khudson@example.org,+1-206-596-8018x6774,1954-05-28,TN,63282,2023-09-20,AGT0029,Zurich,Vision Premium
MEM000887,Vincent,Benson,jenniferhuber@example.net,894.949.5300,1968-09-22,FL,60594,2023-01-14,AGT0011,VSP,Dental+Vision Bundle
MEM000888,Nicholas,Charles,matthewsmith@example.org,+1-350-917-3654x2624,1982-05-19,TX,70917,2023-03-04,AGT0054,VSP,Vision Premium
MEM000889,Jonathan,Perkins,dorisarmstrong@example.org,234.851.1009,1973-11-06,TX,89206,2023-03-01,AGT0006,Zurich,Dental Basic
MEM000890,Brandon,Sanchez,pdixon@example.org,(211)666-7329,1956-12-28,MI,89412,2023-11-08,AGT0067,MetLife,Dental Basic
MEM000891,Matthew,Hester,kcook@example.net,+1-875-692-1299,1997-09-12,GA,22453,2023-08-25,AGT0025,MetLife,Vision Basic
MEM000892,Randall,Hall,robertbrock@example.org,9279558214,2001-02-20,IL,03733,2023-09-12,AGT0072,Zurich,Vision Basic
MEM000893,Heather,Martinez,zwilson@example.com,(438)302-3621,2001-09-22,TN,46713,2023-04-19,AGT0059,Zurich,Vision Premium
MEM000894,Rebecca,Warren,boydrenee@example.net,5597161186,1964-12-19,IL,44058,2023-04-17,AGT0071,VSP,Vision Basic
MEM000895,Andrea,Miller,ashley77@example.org,001-516-388-0053x789,1964-03-11,TX,72261,2024-11-04,AGT0077,VSP,Dental+Vision Bundle
MEM000896,Tiffany,Franklin,williamperkins@example.org,545.640.1822x72002,1999-05-09,TN,70841,2023-11-19,AGT0048,VSP,Vision Premium
MEM000897,David,House,derekdougherty@example.org,714-547-4328x116,1979-01-07,CA,92395,2024-03-16,AGT0031,Zurich,Vision Basic
MEM000898,Alejandro,Martinez,andersoncynthia@example.org,523-222-7752x135,1999-05-14,KY,17624,2024-01-20,AGT0047,VSP,Dental Premium
MEM000899,Wesley,Butler,russellrandy@example.org,+1-505-493-7775x69198,1950-01-07,IN,09812,2024-02-11,AGT0037,Zurich,Dental Basic
MEM000900,Gabriela,Pearson,perrynicole@example.net,001-617-546-9029x8310,1977-01-29,IN,97739,2023-05-19,AGT0039,MetLife,Dental Basic
MEM000901,Amber,Hill,jmyers@example.net,831-767-0805,1951-12-13,KY,55247,2023-11-19,AGT0071,Zurich,Vision Basic
MEM000902,Mckenzie,Solomon,cfinley@example.com,262.619.8655,1963-11-18,OH,76681,2024-08-08,AGT0005,VSP,Dental Premium
MEM000903,Justin,Hines,kevin07@example.com,(434)993-3965x0496,1973-10-10,TN,25374,2023-05-22,AGT0075,MetLife,Dental Basic
MEM000904,David,Jackson,ryanflowers@example.org,224-936-2585x4218,1958-03-31,CA,78373,2023-11-04,AGT0052,Zurich,Dental+Vision Bundle
MEM000905,Stephanie,Williamson,phernandez@example.net,919-496-4338x5324,1979-02-17,FL,48425,2023-03-21,AGT0023,VSP,Dental+Vision Bundle
MEM000906,Elizabeth,Diaz,jeffreygreen@example.org,7316158760,1958-07-22,CA,48970,2024-08-13,AGT0039,MetLife,Vision Premium
MEM000907,Michelle,Osborne,khendricks@example.net,775-976-9453x536,1984-03-25,OH,36002,2024-08-13,AGT0008,VSP,Dental Premium
MEM000908,Phillip,Velazquez,erivers@example.com,242.712.5450,1987-05-15,OH,81546,2024-03-20,AGT0030,Zurich,Vision Premium
MEM000909,Sally,Torres,briggsjacob@example.com,+1-225-959-6647x213,1951-01-10,GA,36700,2024-09-08,AGT0007,VSP,Vision Basic
MEM000910,Derrick,Richardson,bakerpaul@example.com,6487933261,1998-06-10,CA,40995,2023-11-23,AGT0020,VSP,Vision Basic
MEM000911,Jason,Pacheco,oknight@example.net,001-373-710-0817x85221,1963-09-29,IN,96169,2023-08-15,AGT0051,VSP,Vision Premium
MEM000912,Ana,Davis,lucas35@example.net,426-287-4470x173,1995-04-13,OH,91137,2024-08-12,AGT0029,VSP,Dental Premium
MEM000913,Allison,Hogan,jeffreywallace@example.com,(296)365-6337,1963-04-13,IL,37025,2024-02-08,AGT0044,MetLife,Vision Basic
MEM000914,Rhonda,Brewer,buckleycrystal@example.com,(278)210-5580,1999-03-06,GA,20421,2023-02-20,AGT0034,MetLife,Dental Premium
MEM000915,Timothy,Fleming,cameronlopez@example.com,+1-931-460-9439x13681,1961-09-12,IL,05099,2024-03-20,AGT0062,Zurich,Dental Basic
MEM000916,James,Gonzalez,michael28@example.com,(709)729-7352,2001-04-04,MI,86913,2024-02-09,AGT0072,Zurich,Dental+Vision Bundle
MEM000917,Felicia,Browning,garybowman@example.com,793.989.9204,1972-02-03,MI,91096,2024-06-20,AGT0010,VSP,Vision Premium
MEM000918,Heather,Kline,kimberlyperez@example.org,(461)885-0761x08708,2001-09-04,OH,80079,2023-11-28,AGT0015,Zurich,Dental Premium
MEM000919,Tyler,Moyer,mariagonzalez@example.org,507-412-6158,1981-04-01,MI,93049,2024-01-10,AGT0042,VSP,Vision Basic
MEM000920,Christopher,Trevino,wleblanc@example.com,+1-446-573-5742,1977-05-07,IL,28903,2023-01-25,AGT0045,Zurich,Dental+Vision Bundle
MEM000921,Tina,Haas,stephaniegillespie@example.net,4194442589,1963-01-31,FL,23915,2024-03-28,AGT0006,MetLife,Dental Basic
MEM000922,Jessica,Gomez,bennettlori@example.net,935-606-3731x18046,1963-12-30,OH,14203,2024-01-18,AGT0015,Zurich,Dental Basic
MEM000923,Maria,Smith,jermaine84@example.org,+1-885-520-1362x6084,1963-04-02,KY,75331,2024-09-27,AGT0002,VSP,Vision Premium
MEM000924,Maria,Wells,paul54@example.com,3558491215,1977-05-17,FL,94922,2023-04-24,AGT0061,MetLife,Dental Premium
MEM000925,Joseph,Jones,mark40@example.net,+1-919-269-3957x87520,1969-01-03,MI,18469,2024-07-04,AGT0070,Zurich,Vision Premium
MEM000926,Andrew,Jackson,elizabethjones@example.net,912.912.4139x3696,1993-05-02,CA,53714,2024-07-15,AGT0019,Zurich,Vision Premium
MEM000927,Benjamin,Friedman,klewis@example.com,973.819.2276x0759,1983-10-15,CA,46692,2023-01-19,AGT0068,MetLife,Dental Premium
MEM000928,John,Walsh,sheliacohen@example.net,001-743-419-1654x308,1975-06-25,MI,31063,2023-03-03,AGT0080,VSP,Dental Basic
MEM000929,David,Williams,willismichael@example.org,001-857-964-4974x70002,1950-10-01,OH,52358,2024-11-01,AGT0050,Zurich,Dental Premium
MEM000930,Kevin,Gardner,tcrawford@example.net,797.241.6365x604,1982-04-26,OH,03522,2024-11-06,AGT0003,VSP,Dental+Vision Bundle
MEM000931,Richard,Gomez,thomasjohnson@example.net,(849)569-2771x1952,1984-09-04,MI,42587,2024-10-26,AGT0049,Zurich,Dental+Vision Bundle
MEM000932,Jamie,Neal,lball@example.com,(712)682-7636x431,1978-04-20,FL,69250,2023-04-12,AGT0077,Zurich,Dental Basic
MEM000933,Christine,Hansen,cheryl54@example.com,+1-863-545-4434x41491,1994-12-01,FL,99195,2023-07-23,AGT0072,Zurich,Dental Basic
MEM000934,Catherine,Bass,joshua74@example.org,001-546-240-8822,1997-06-30,KY,78268,2023-09-11,AGT0043,VSP,Dental Premium
MEM000935,Mark,Fisher,ncummings@example.net,+1-488-394-1321x09720,1951-08-26,TN,63250,2023-06-10,AGT0046,VSP,Vision Basic
MEM000936,Kathleen,Mendoza,rachel85@example.org,665-857-9220x3004,1994-12-21,KY,40397,2023-08-30,AGT0008,Zurich,Dental Premium
MEM000937,Patrick,Brown,ashleymorrow@example.org,001-551-721-3756x5896,1952-08-23,TX,76830,2024-02-01,AGT0036,MetLife,Dental Basic
MEM000938,Matthew,Byrd,jmaynard@example.com,599-631-4584,1962-04-25,OH,91696,2024-02-07,AGT0049,Zurich,Dental+Vision Bundle
MEM000939,Mark,Hughes,jonessarah@example.net,(603)942-3622x033,1970-05-28,GA,38872,2024-09-19,AGT0031,Zurich,Dental Basic
MEM000940,Isaac,Russell,smithjesse@example.com,001-696-886-8008x529,1979-07-18,FL,99232,2023-11-16,AGT0070,MetLife,Dental Basic
MEM000941,Brandi,Williams,lucasteresa@example.com,717-243-0435x0238,2002-02-16,TX,21914,2023-05-22,AGT0026,MetLife,Dental Premium
MEM000942,Fernando,Hansen,robert52@example.com,001-752-833-2829x30202,1962-02-18,GA,75686,2024-06-20,AGT0019,Zurich,Dental+Vision Bundle
MEM000943,Victoria,Lewis,halljeffrey@example.com,(777)711-6750x76279,1978-06-26,OH,33154,2023-06-11,AGT0072,Zurich,Dental+Vision Bundle
MEM000944,Rachel,Brown,darlene30@example.org,(539)684-7230,1966-07-09,TN,94445,2023-05-02,AGT0019,Zurich,Dental Basic
MEM000945,Samantha,Sparks,martinezkenneth@example.org,001-701-272-2240,1987-02-23,GA,58087,2023-11-23,AGT0039,VSP,Vision Premium
MEM000946,Lisa,Bowen,donna87@example.net,001-717-575-4619x92406,1974-07-25,IL,70863,2024-10-14,AGT0025,MetLife,Dental Basic
MEM000947,Monique,Alexander,vfuller@example.net,822-659-0956,1973-12-10,CA,93904,2023-01-27,AGT0073,Zurich,Dental Basic
MEM000948,Jonathan,Hunter,staceywashington@example.net,279.312.1211,1970-09-19,IN,70089,2023-08-26,AGT0046,MetLife,Vision Premium
MEM000949,Stephen,Palmer,heidihaas@example.net,(690)717-0740x39251,1962-01-11,TX,23858,2024-05-03,AGT0078,VSP,Vision Premium
MEM000950,Carly,Moss,snydergerald@example.org,464.333.8722x0542,1966-07-04,GA,49742,2024-01-18,AGT0063,VSP,Dental Basic
MEM000951,Gregory,Shelton,brittany63@example.org,001-908-733-4447x0488,1970-04-20,IN,02040,2023-07-17,AGT0053,MetLife,Dental+Vision Bundle
MEM000952,Joseph,Smith,alexbrooks@example.net,(885)519-5377x4926,1969-12-19,MI,21467,2024-02-27,AGT0027,MetLife,Dental Basic
MEM000953,Stacey,Harper,robert42@example.com,375.422.5920x6165,1993-12-15,TN,79745,2024-03-25,AGT0059,MetLife,Dental Premium
MEM000954,Dennis,Valdez,edwardmitchell@example.org,463-802-9559x63637,1984-02-16,TN,23092,2023-02-12,AGT0051,Zurich,Dental+Vision Bundle
MEM000955,Margaret,Sharp,bradbennett@example.com,+1-249-680-8513x31380,2003-04-10,TX,75722,2024-08-08,AGT0068,Zurich,Dental+Vision Bundle
MEM000956,Amanda,Rosales,calebday@example.org,(412)815-4815,1996-09-16,OH,71730,2023-02-09,AGT0058,VSP,Dental+Vision Bundle
MEM000957,Robert,Porter,aevans@example.org,001-291-885-4880x64420,1972-01-17,TX,23787,2023-02-13,AGT0069,VSP,Dental+Vision Bundle
MEM000958,Ashley,Shaw,hramos@example.com,358.856.6464,2000-01-13,GA,95426,2023-02-10,AGT0067,Zurich,Dental+Vision Bundle
MEM000959,David,Phillips,danielthomas@example.com,(621)432-0410,1976-02-15,FL,80682,2023-07-14,AGT0051,VSP,Vision Premium
MEM000960,Johnny,Robinson,campbelltodd@example.net,001-611-379-7269,1991-05-23,IL,85919,2023-10-20,AGT0055,VSP,Vision Basic
MEM000961,Eugene,Hale,mossandrew@example.org,(866)502-0005x32853,1996-05-19,IL,13131,2023-02-25,AGT0060,Zurich,Vision Basic
MEM000962,Adam,Welch,lisa43@example.net,280.258.2692,1960-02-26,IL,59627,2024-05-27,AGT0075,Zurich,Vision Basic
MEM000963,Raymond,Terry,lynnavila@example.org,928.838.9633,1987-02-07,TN,98409,2024-02-07,AGT0058,MetLife,Dental Basic
MEM000964,Christopher,Rogers,waretabitha@example.com,(267)313-6841,1968-02-12,FL,25387,2024-08-27,AGT0012,VSP,Dental Premium
MEM000965,Eric,Wagner,jamesperez@example.net,(318)983-5279,1964-09-17,OH,43147,2024-10-26,AGT0012,MetLife,Vision Premium
MEM000966,Jeanette,Duran,sullivanpaula@example.com,(310)465-9208x8143,1982-07-24,OH,61723,2024-10-11,AGT0068,Zurich,Dental Premium
MEM000967,Catherine,Huber,murraywesley@example.org,(496)898-3845x720,1964-05-06,GA,49898,2024-06-07,AGT0071,VSP,Dental Basic
MEM000968,Miguel,Ashley,wferguson@example.org,+1-459-712-5734x989,1980-01-27,CA,43250,2023-06-24,AGT0020,MetLife,Dental+Vision Bundle
MEM000969,Jeffrey,Nelson,afuller@example.com,001-642-399-0747x2966,1954-08-09,GA,57893,2023-07-03,AGT0040,VSP,Vision Premium
MEM000970,Audrey,Sanders,hartangela@example.net,547.648.5994x641,1975-11-28,IL,15252,2024-04-01,AGT0016,MetLife,Dental+Vision Bundle
MEM000971,Robert,Sanchez,ostone@example.com,269.688.1649,1972-09-15,IN,38513,2023-01-04,AGT0059,VSP,Dental+Vision Bundle
MEM000972,Leslie,Sparks,elizabethrobertson@example.com,2528102627,1950-07-08,CA,52957,2024-07-10,AGT0064,MetLife,Dental Basic
MEM000973,Kelly,Guzman,smithamy@example.com,+1-545-281-3088,1992-09-05,FL,43739,2024-11-06,AGT0053,VSP,Dental Basic
MEM000974,Timothy,Estrada,christinedoyle@example.com,001-518-256-3027x5000,1950-08-04,MI,89585,2024-09-06,AGT0071,VSP,Vision Basic
MEM000975,Michael,Myers,xgarcia@example.net,(630)856-4184x937,1968-08-17,IN,59329,2024-07-24,AGT0024,MetLife,Dental Basic
MEM000976,Ashley,Shaw,bsloan@example.net,887-726-0013,1953-04-18,IL,90669,2023-12-24,AGT0005,Zurich,Vision Basic
MEM000977,David,Hall,kevin42@example.net,+1-206-874-5686x524,1976-10-10,TN,19082,2024-09-09,AGT0012,MetLife,Dental Basic
MEM000978,Kristin,Martinez,renee99@example.com,625.962.2219x0533,1964-06-22,KY,04354,2023-07-02,AGT0079,Zurich,Vision Premium
MEM000979,Jonathan,Parker,storres@example.net,959-339-6521x38350,2001-05-05,TX,18481,2024-09-01,AGT0023,VSP,Vision Premium
MEM000980,Karl,Chandler,craigmiles@example.net,5034622117,1953-03-20,OH,83509,2024-01-04,AGT0039,VSP,Dental Premium
MEM000981,Tara,Simpson,ibarton@example.net,+1-439-458-5585,1956-01-27,GA,77106,2024-01-24,AGT0071,MetLife,Dental Premium
MEM000982,Elizabeth,Jackson,donald51@example.com,285-775-9171,1960-12-12,KY,07346,2023-05-18,AGT0043,Zurich,Dental Premium
MEM000983,Allison,Walsh,kyle14@example.com,644.373.5352x478,1968-10-03,CA,60957,2023-08-03,AGT0008,MetLife,Vision Basic
MEM000984,David,Carpenter,sgonzalez@example.net,505.337.8803,1997-06-15,OH,69949,2024-10-06,AGT0062,Zurich,Vision Premium
MEM000985,Jeff,Miller,barkerjohn@example.net,992.960.8788x28152,1988-04-24,CA,26230,2023-10-22,AGT0041,VSP,Vision Basic
MEM000986,Alec,Wilcox,rwhite@example.org,321-774-6535x37801,1981-09-30,IL,56187,2024-09-30,AGT0079,Zurich,Vision Basic
MEM000987,Gina,Lopez,molly71@example.net,676.829.6914x3362,1994-08-27,FL,82959,2024-10-09,AGT0024,Zurich,Dental Basic
MEM000988,Laura,Green,brian99@example.net,5012089857,1967-05-14,IN,70138,2023-10-25,AGT0016,MetLife,Vision Basic
MEM000989,Rebecca,Wall,frank18@example.net,(784)942-4648x84997,1968-08-07,CA,22874,2023-05-01,AGT0054,VSP,Dental Basic
MEM000990,Ann,Mcdowell,tmurphy@example.net,(982)381-9022x179,2000-04-11,MI,18544,2023-12-25,AGT0002,Zurich,Dental Basic
MEM000991,Kevin,Fernandez,droach@example.org,398-344-5143x67286,1972-10-28,OH,24385,2023-10-16,AGT0040,VSP,Vision Basic
MEM000992,Jessica,Little,allisonpeterson@example.com,+1-611-793-9781,1950-07-20,OH,76055,2023-11-28,AGT0043,VSP,Dental Premium
MEM000993,Alexander,Nicholson,marthagriffin@example.net,5557286693,1952-08-12,IL,12222,2024-08-05,AGT0025,VSP,Dental+Vision Bundle
MEM000994,Courtney,Sandoval,webstersteven@example.net,5533260119,1992-12-25,FL,01868,2024-11-19,AGT0005,Zurich,Dental Basic
MEM000995,John,Mathews,melissarollins@example.com,(755)313-6090,1991-04-29,TX,66336,2023-06-09,AGT0043,VSP,Vision Premium
MEM000996,Jennifer,Williams,bruce24@example.org,001-973-361-5873x662,1955-01-10,TX,28947,2024-02-28,AGT0039,Zurich,Vision Premium
MEM000997,Hannah,Hicks,ncarroll@example.com,790.605.8561,1999-10-23,TX,59530,2023-11-20,AGT0003,MetLife,Vision Basic
MEM000998,Elizabeth,Miller,michelle63@example.net,492.555.1164x3690,1981-09-21,OH,62306,2023-12-06,AGT0020,VSP,Dental+Vision Bundle
MEM000999,Todd,Bryant,amyfisher@example.net,(860)353-4281x6441,1983-08-31,TX,05083,2023-12-14,AGT0022,Zurich,Vision Basic
MEM001000,Patricia,Hanson,uhaley@example.net,258.546.4051,2003-05-26,OH,88224,2023-07-11,AGT0040,Zurich,Dental+Vision Bundle
MEM001001,Ann,Smith,abaird@example.com,(676)636-2814,1974-05-11,GA,59914,2023-02-02,AGT0012,VSP,Dental+Vision Bundle
MEM001002,Darren,Fischer,brittanybauer@example.org,001-269-406-7649,1990-07-18,KY,23193,2024-01-16,AGT0028,Zurich,Dental Premium
MEM001003,William,Gallagher,sheena87@example.com,851-335-8727x17430,1983-07-29,IN,14349,2023-04-25,AGT0026,MetLife,Dental Premium
MEM001004,Katherine,Combs,kimberly03@example.com,998.981.8738,1993-04-20,TX,85946,2023-01-26,AGT0020,MetLife,Dental Premium
MEM001005,Julie,Nixon,jessicalewis@example.com,001-877-204-1309x09153,1996-12-23,KY,24918,2024-05-10,AGT0042,MetLife,Vision Premium
MEM001006,Amy,Foster,joseph20@example.com,423-219-0577,1996-04-22,IL,35697,2023-04-11,AGT0027,Zurich,Dental Basic
MEM001007,Katherine,Jones,zimmermantroy@example.net,001-941-693-2453x810,1996-11-11,OH,13449,2024-02-01,AGT0001,VSP,Dental+Vision Bundle
MEM001008,Stephanie,Mclean,karenstephens@example.com,5984726496,1957-10-24,TN,23760,2024-08-31,AGT0060,MetLife,Dental Basic
MEM001009,Nathaniel,Braun,laura24@example.org,832-861-1890x034,1978-01-13,IN,13505,2024-11-05,AGT0074,VSP,Vision Basic
MEM001010,Grace,Lewis,ismith@example.com,320.720.0953x662,1978-10-15,MI,26268,2023-08-03,AGT0025,VSP,Dental Premium
MEM001011,Robert,Stephens,smithsteven@example.net,900-317-3259x00739,1989-07-29,OH,25340,2023-11-23,AGT0035,MetLife,Dental Basic
MEM001012,Karen,Johnson,fjackson@example.org,986.490.8716,1951-05-15,CA,24832,2023-04-28,AGT0072,Zurich,Dental Basic
MEM001013,David,Brock,leslie46@example.org,219.428.1707x4436,1981-06-06,TX,30068,2024-07-09,AGT0041,VSP,Dental Basic
MEM001014,Katherine,Carter,isaiahthomas@example.net,(602)952-3941x2094,2001-07-03,MI,62689,2023-10-18,AGT0022,MetLife,Dental Premium
MEM001015,Nicole,Bennett,clarkian@example.net,+1-255-413-2761x7948,1998-07-01,FL,35936,2023-12-13,AGT0007,MetLife,Dental Basic
MEM001016,Stacy,Wilcox,breanna51@example.com,3214191589,1954-07-12,OH,56844,2024-11-22,AGT0050,MetLife,Dental Basic
MEM001017,Amber,Sullivan,jessica86@example.com,686.686.2376x0088,1966-01-21,CA,60294,2024-02-06,AGT0076,Zurich,Dental+Vision Bundle
MEM001018,Jonathan,Dixon,samuelsandoval@example.org,001-319-807-4992,1981-11-27,KY,39924,2024-04-01,AGT0043,MetLife,Vision Premium
MEM001019,Bradley,Powell,philliphayden@example.net,(635)934-8486,1997-11-11,OH,05622,2024-11-17,AGT0060,Zurich,Dental Basic
MEM001020,William,Wilson,bflores@example.org,(702)712-3720,1958-09-23,FL,00696,2024-04-24,AGT0040,Zurich,Vision Basic
MEM001021,Natalie,Juarez,brownandrew@example.net,(334)367-3919x0088,1992-03-19,MI,33547,2024-04-21,AGT0029,MetLife,Dental+Vision Bundle
MEM001022,David,Yates,rileymelissa@example.org,(292)832-7379x8979,1973-02-24,TN,01668,2024-09-23,AGT0051,MetLife,Vision Premium
MEM001023,Amber,Quinn,amy18@example.com,846.330.0099x8433,1979-08-21,TN,13186,2024-11-12,AGT0059,VSP,Dental Basic
MEM001024,Jennifer,Sanchez,gmiller@example.net,451-698-5458,1960-02-17,TN,20172,2024-05-01,AGT0062,VSP,Dental+Vision Bundle
MEM001025,Teresa,Lopez,linda01@example.com,853.646.6075,1981-04-11,CA,37644,2023-10-17,AGT0074,MetLife,Vision Basic
MEM001026,Brandi,Padilla,jreynolds@example.net,3104824028,1959-08-07,TN,18559,2024-02-20,AGT0072,Zurich,Dental Basic
MEM001027,Denise,Palmer,tammy26@example.org,9855817452,1997-10-18,FL,47491,2023-11-06,AGT0052,Zurich,Dental Premium
MEM001028,Dana,Lee,ernest35@example.com,7043129182,1971-11-12,TX,72453,2024-09-27,AGT0021,VSP,Dental Premium
MEM001029,Darren,Barnes,fullerkristie@example.com,(290)646-1007x923,1968-09-06,CA,56399,2023-12-15,AGT0056,VSP,Vision Basic
MEM001030,Ricky,Brown,annaboyd@example.com,701-323-2961,1998-11-08,MI,16897,2023-12-17,AGT0023,Zurich,Vision Premium
MEM001031,Anthony,Conway,alexander66@example.com,844.560.4227,1993-08-28,OH,83602,2024-08-10,AGT0076,Zurich,Vision Basic
MEM001032,Kevin,Bryan,rodriguezchristopher@example.org,7578347243,1958-10-05,FL,11389,2024-07-22,AGT0023,VSP,Dental+Vision Bundle
MEM001033,Travis,Ortiz,frankstewart@example.org,001-427-426-7086x6656,2003-09-03,OH,36684,2023-03-13,AGT0077,VSP,Dental Premium
MEM001034,Tonya,Huber,ahenson@example.net,784.294.7712x903,1955-07-08,OH,05285,2024-10-22,AGT0028,MetLife,Dental+Vision Bundle
MEM001035,Robert,Cantu,vincent74@example.org,(835)443-4046,1950-01-07,IL,14979,2024-10-13,AGT0020,VSP,Vision Basic
MEM001036,Edward,Rogers,mbridges@example.net,001-952-554-9206x44111,2001-11-06,FL,72158,2024-02-04,AGT0026,MetLife,Vision Premium
MEM001037,Andrea,Schmidt,qwright@example.com,343.659.4882,1976-11-21,CA,77399,2023-11-21,AGT0039,VSP,Vision Premium
MEM001038,Laurie,Herrera,xsullivan@example.org,(411)502-1254x341,1958-01-04,CA,04342,2023-12-19,AGT0002,Zurich,Dental+Vision Bundle
MEM001039,David,Morales,cheryl86@example.org,472.218.6003,1961-06-11,KY,92102,2024-02-18,AGT0008,VSP,Dental+Vision Bundle
MEM001040,James,Wheeler,millerlindsey@example.org,9348713171,1950-01-28,TX,06476,2023-02-24,AGT0046,MetLife,Dental+Vision Bundle
MEM001041,Kimberly,Garcia,jhenson@example.com,+1-390-584-1947x85501,1971-02-08,GA,57851,2023-02-01,AGT0076,VSP,Vision Basic
MEM001042,Matthew,Morgan,jasminjohnson@example.org,+1-287-580-7279,1986-06-05,GA,61835,2024-01-27,AGT0056,Zurich,Dental Basic
MEM001043,Daniel,Perry,sjohnson@example.net,697-922-3996,1992-08-08,IL,64780,2023-06-27,AGT0025,Zurich,Dental Premium
MEM001044,Kimberly,Nichols,omorgan@example.org,968.210.2480x855,1987-06-07,IL,02431,2024-01-04,AGT0037,Zurich,Dental Basic
MEM001045,Geoffrey,Scott,james23@example.com,(721)969-0696,1956-06-08,IN,34524,2023-01-12,AGT0019,Zurich,Dental+Vision Bundle
MEM001046,Raymond,Kennedy,rowen@example.net,(316)891-3952x150,1989-03-07,IL,39585,2024-11-04,AGT0011,MetLife,Vision Basic
MEM001047,Madeline,Price,castilloalec@example.org,(408)642-4319x839,1990-11-30,CA,71519,2024-03-01,AGT0055,Zurich,Dental Basic
MEM001048,Melissa,Gordon,andrewturner@example.org,001-969-710-5302x1516,1988-01-19,TX,94126,2024-06-05,AGT0058,VSP,Dental Premium
MEM001049,Andrea,Price,richard33@example.net,+1-953-848-1105x014,1988-02-09,CA,34524,2023-07-10,AGT0001,Zurich,Vision Basic
MEM001050,Kayla,Moore,hfoley@example.com,438.555.1281x7751,1995-01-05,KY,78131,2023-08-31,AGT0053,Zurich,Vision Basic
MEM001051,Nathan,Hart,petersonjordan@example.com,+1-609-872-3602x4465,1953-05-25,CA,61131,2023-02-04,AGT0062,Zurich,Dental Premium
MEM001052,Taylor,Johnson,alexanderanthony@example.org,5879156478,1993-03-14,OH,87608,2024-08-17,AGT0019,Zurich,Vision Premium
MEM001053,Jennifer,Robinson,ostewart@example.net,4278414857,1991-09-18,TX,07029,2023-10-14,AGT0011,Zurich,Dental+Vision Bundle
MEM001054,Fernando,Thompson,kaylee68@example.com,(872)688-4076,1972-01-01,FL,18340,2023-04-01,AGT0010,Zurich,Vision Basic
MEM001055,Alex,Delgado,jvega@example.com,735-438-6762,1978-01-13,CA,29060,2024-08-16,AGT0007,VSP,Vision Basic
MEM001056,Patricia,Reynolds,alawson@example.net,001-504-688-6932x055,1992-01-24,FL,01290,2023-01-12,AGT0066,VSP,Vision Basic
MEM001057,Michael,Johnson,thomaslane@example.net,759-876-4053,1987-10-09,TN,59513,2023-12-06,AGT0038,VSP,Dental Basic
MEM001058,Brian,Wells,vporter@example.com,526-819-0384x227,1977-04-12,CA,98749,2024-09-03,AGT0034,MetLife,Vision Basic
MEM001059,Mary,Gibson,henrymccarthy@example.org,+1-327-811-1757x6917,1965-03-03,CA,22046,2024-08-15,AGT0007,Zurich,Dental+Vision Bundle
MEM001060,Brian,Phillips,daniel48@example.com,001-283-505-2169,1952-06-13,KY,77114,2024-10-01,AGT0063,MetLife,Dental Basic
MEM001061,Melissa,White,roachjulie@example.net,+1-201-842-6471,1974-12-05,KY,72114,2023-03-20,AGT0017,Zurich,Dental Premium
MEM001062,Anthony,Jones,wstephenson@example.org,616.537.0500,1951-04-11,OH,27852,2023-09-21,AGT0078,MetLife,Dental+Vision Bundle
MEM001063,Jack,Conley,jonramirez@example.net,217.529.4763,1990-01-26,TN,74271,2023-06-04,AGT0023,VSP,Vision Premium
MEM001064,Antonio,Sanders,jordan25@example.net,001-498-351-9393x2727,1993-07-03,IL,21481,2023-08-30,AGT0068,MetLife,Dental Premium
MEM001065,Patricia,Wilson,pwalker@example.org,696-702-6676x5272,1963-01-06,CA,27424,2023-03-28,AGT0020,VSP,Vision Premium
MEM001066,Brianna,Baker,andrew08@example.net,(440)267-5602x08019,1984-05-17,MI,22246,2024-02-27,AGT0057,Zurich,Vision Basic
MEM001067,Jacob,Jones,kimberly43@example.net,4447890932,2001-10-31,TN,25722,2023-08-04,AGT0007,Zurich,Dental Premium
MEM001068,John,Thompson,johnjones@example.org,(855)601-9354x503,1954-09-18,IL,91614,2023-04-29,AGT0060,VSP,Vision Basic
MEM001069,Krista,Hanson,jamesmartin@example.org,(429)662-0805x9831,1997-10-10,MI,99153,2024-05-02,AGT0049,Zurich,Vision Premium
MEM001070,Joseph,Martin,wallacemathew@example.net,(359)999-2012x3763,1973-07-24,IL,60766,2024-04-30,AGT0068,VSP,Dental Basic
MEM001071,Kyle,Watson,cameronsmith@example.org,+1-841-993-7591x922,1984-04-09,TN,10464,2024-04-04,AGT0068,Zurich,Dental+Vision Bundle
MEM001072,Jacqueline,Garcia,jesse62@example.com,875-328-6461x209,1997-08-31,TN,59295,2023-04-10,AGT0056,Zurich,Dental+Vision Bundle
MEM001073,Lindsey,Perez,duncaneric@example.net,+1-345-724-0321,1980-01-20,KY,91082,2023-10-07,AGT0035,MetLife,Dental Premium
MEM001074,Jerry,Rivera,stewartjoseph@example.net,001-621-991-4308x77972,1985-02-03,FL,79860,2024-08-21,AGT0031,Zurich,Vision Premium
MEM001075,Terri,Brooks,michelle21@example.net,+1-634-958-1920,1996-08-24,TN,65072,2023-07-19,AGT0024,VSP,Vision Basic
MEM001076,Blake,Vasquez,mgallegos@example.org,229.498.6515,1950-10-05,OH,45103,2024-11-19,AGT0002,VSP,Dental Basic
MEM001077,Tanner,Daniels,susan40@example.net,285-688-3825x67262,1990-01-03,TN,52654,2023-04-17,AGT0029,Zurich,Dental Premium
MEM001078,Timothy,Barrett,michaelbradshaw@example.net,451-796-2822x25018,1953-01-20,IN,96096,2023-07-17,AGT0080,MetLife,Dental Basic
MEM001079,Laura,Peck,tjackson@example.com,(486)439-4201,1969-06-14,CA,32703,2024-08-31,AGT0016,Zurich,Dental+Vision Bundle
MEM001080,Sandra,Miller,brookefrench@example.net,001-266-727-0266x045,1961-08-27,GA,56902,2023-03-30,AGT0073,MetLife,Dental+Vision Bundle
MEM001081,James,Jones,deborah03@example.net,401-493-3538,1972-09-23,KY,21514,2023-07-08,AGT0060,Zurich,Dental+Vision Bundle
MEM001082,Kenneth,Ford,herringjeffrey@example.org,001-806-308-2770x564,1990-09-06,KY,90296,2024-10-16,AGT0055,Zurich,Dental+Vision Bundle
MEM001083,Kaitlin,Guerra,wellsryan@example.org,(643)885-0095x3723,1973-02-01,IL,12314,2023-11-28,AGT0010,VSP,Vision Premium
MEM001084,Sean,Coleman,meredithnunez@example.org,661.409.4416,1984-11-11,TN,26721,2024-01-27,AGT0008,VSP,Dental+Vision Bundle
MEM001085,Jennifer,Price,rachel41@example.net,872.277.6857,1965-12-18,FL,55812,2023-09-29,AGT0009,VSP,Dental+Vision Bundle
MEM001086,Michele,Clark,cassandra29@example.org,961-575-5188x701,1985-03-23,IL,23102,2023-07-25,AGT0063,MetLife,Dental Basic
MEM001087,Kevin,White,justinrobinson@example.com,841-672-3456x538,1969-08-05,CA,59304,2024-03-17,AGT0014,VSP,Vision Premium
MEM001088,Ashley,Bright,michaelcarter@example.net,(836)626-8904x723,1953-02-16,OH,08787,2023-04-16,AGT0010,Zurich,Vision Premium
MEM001089,Denise,Krause,larsonjeremy@example.com,+1-257-542-1643x5990,1951-09-07,FL,63016,2024-04-01,AGT0020,Zurich,Vision Basic
MEM001090,Amanda,Green,fwilliams@example.net,+1-861-843-7884x4370,1985-01-12,KY,11295,2023-02-08,AGT0020,Zurich,Dental Premium
MEM001091,Amy,Hayes,natalie46@example.com,(763)268-1541,2001-07-21,IN,08340,2024-02-05,AGT0066,Zurich,Dental+Vision Bundle
MEM001092,Edward,Alvarez,barbararodriguez@example.net,750-278-6043x5660,1992-11-23,GA,30371,2024-05-17,AGT0052,Zurich,Vision Premium
MEM001093,Janice,Wallace,pvargas@example.org,4674730671,1998-06-16,MI,96825,2023-03-13,AGT0001,VSP,Dental+Vision Bundle
MEM001094,Isaac,Jenkins,ppruitt@example.com,001-219-808-7886x53859,1960-11-15,CA,62200,2024-05-08,AGT0069,VSP,Dental Premium
MEM001095,Karen,Armstrong,kevinli@example.net,998.276.0550x49221,1985-12-10,IN,34889,2023-11-07,AGT0012,VSP,Vision Basic
MEM001096,Deborah,Hoffman,gardnerrichard@example.net,906.563.2016x290,1957-03-21,FL,76551,2023-12-15,AGT0038,Zurich,Dental Basic
MEM001097,Bonnie,Wang,chambersashley@example.net,(971)382-6533,1953-07-12,GA,60471,2024-07-21,AGT0025,VSP,Vision Premium
MEM001098,Joan,Weeks,tshort@example.net,526-794-2039x831,1982-03-26,FL,40148,2023-04-20,AGT0011,Zurich,Dental Premium
MEM001099,Gloria,Bowman,rodriguezmichael@example.net,+1-567-206-9219x587,1962-07-22,IN,48717,2023-07-14,AGT0025,MetLife,Vision Premium
MEM001100,Jonathan,Lawson,susannelson@example.net,843.602.1781x67806,1971-05-25,FL,87444,2024-08-30,AGT0050,MetLife,Vision Premium
MEM001101,Jeffrey,Wilson,garciadebra@example.com,001-492-881-5037x01709,1977-08-10,FL,83182,2024-10-20,AGT0069,VSP,Dental+Vision Bundle
MEM001102,Kenneth,Griffin,harriswilliam@example.net,8814726282,1953-04-28,TN,85865,2023-01-17,AGT0008,VSP,Vision Premium
MEM001103,Molly,Phillips,megan50@example.net,9726889592,1986-05-19,OH,12142,2023-02-13,AGT0028,Zurich,Vision Premium
MEM001104,Charles,Fernandez,rgiles@example.org,001-496-212-7662x0808,1998-02-20,IL,31972,2024-04-14,AGT0075,MetLife,Dental+Vision Bundle
MEM001105,Colleen,Bryant,virginiafisher@example.net,244-335-9624x587,1962-09-14,FL,23916,2023-02-07,AGT0003,VSP,Dental+Vision Bundle
MEM001106,Alex,Francis,kennethsandoval@example.com,769.509.1237,1954-02-09,MI,01674,2024-09-25,AGT0017,MetLife,Dental Basic
MEM001107,Ian,Blankenship,tsullivan@example.org,796.470.2436,1977-07-28,OH,90902,2023-02-21,AGT0059,Zurich,Dental Basic
MEM001108,Kyle,Bell,hollycoleman@example.net,001-718-975-4036x48821,1955-09-27,OH,65828,2024-08-28,AGT0015,VSP,Vision Basic
MEM001109,John,Wood,mjenkins@example.org,860.666.7998,1969-10-15,OH,77218,2024-09-22,AGT0026,VSP,Dental Premium
MEM001110,Charles,Watson,ashley72@example.org,001-204-829-8622x6992,1986-01-25,TN,55151,2024-11-25,AGT0016,Zurich,Vision Basic
MEM001111,Raymond,Levy,wthompson@example.com,+1-899-929-9833x587,1978-11-07,MI,93577,2023-05-21,AGT0006,Zurich,Dental Basic
MEM001112,Tyler,Carr,sabrina60@example.com,534-382-0849,1960-10-31,KY,43410,2023-03-06,AGT0019,VSP,Dental Basic
MEM001113,James,Rice,theresagreene@example.org,(960)800-1440,1999-08-26,IL,19741,2024-01-14,AGT0057,MetLife,Dental+Vision Bundle
MEM001114,Mary,Ramsey,fryekevin@example.net,+1-730-449-1341x03897,1961-12-19,OH,83806,2023-02-11,AGT0079,VSP,Vision Premium
MEM001115,Megan,Harrison,vargasamber@example.net,764-522-4059x20823,1993-09-08,OH,04561,2023-01-17,AGT0001,MetLife,Dental Basic
MEM001116,Ashley,Washington,zpatterson@example.org,+1-448-296-2980x568,2003-04-08,KY,11665,2023-04-02,AGT0054,Zurich,Dental+Vision Bundle
MEM001117,Thomas,Diaz,westricky@example.org,469.757.2404x34741,1961-05-21,MI,30062,2024-05-02,AGT0019,Zurich,Dental Premium
MEM001118,Tamara,Douglas,uguerrero@example.com,900-777-7321,1986-12-19,MI,08641,2024-04-06,AGT0023,Zurich,Vision Premium
MEM001119,Jeremiah,Miller,tammythomas@example.com,+1-599-619-3873x370,1966-02-24,FL,96414,2024-09-02,AGT0079,MetLife,Vision Basic
MEM001120,Ivan,Carter,joshua74@example.net,+1-304-276-0786x235,1981-03-17,GA,91180,2023-11-05,AGT0001,Zurich,Dental Basic
MEM001121,Mary,Gutierrez,waterscharlene@example.com,+1-708-851-7328x9514,1997-07-26,OH,25743,2023-05-01,AGT0080,VSP,Dental+Vision Bundle
MEM001122,Teresa,Johnson,grantmichael@example.org,(558)311-5744x965,1995-07-15,MI,52716,2024-07-06,AGT0060,Zurich,Vision Premium
MEM001123,Brandon,Vasquez,ssmith@example.org,001-230-545-4184,1954-10-05,MI,79695,2023-10-11,AGT0015,MetLife,Vision Premium
MEM001124,Sandra,Joseph,gregorybrock@example.org,+1-239-966-2038x58864,1994-08-20,IL,70516,2024-04-30,AGT0021,Zurich,Dental+Vision Bundle
MEM001125,Amber,Hernandez,eric51@example.com,969-633-3562x3039,1982-09-03,KY,35057,2023-02-25,AGT0027,VSP,Dental Premium
MEM001126,Melissa,Gordon,gillmary@example.com,3893870920,1990-08-27,IN,71391,2024-09-23,AGT0014,Zurich,Dental Basic
MEM001127,Mary,Short,michelle11@example.org,+1-426-861-1584x85805,1965-10-12,IL,32085,2024-07-04,AGT0004,VSP,Vision Basic
MEM001128,Jacob,Wilson,djohnson@example.net,+1-622-905-3970x77454,1971-02-10,FL,95712,2023-03-14,AGT0076,Zurich,Dental Premium
MEM001129,Helen,Tyler,samanthawoodard@example.org,914.861.9953x946,1979-03-22,MI,54001,2023-07-23,AGT0015,VSP,Dental Basic
MEM001130,David,Russell,markblake@example.com,2534026184,1987-01-06,MI,49518,2023-08-31,AGT0049,MetLife,Dental Basic
MEM001131,Todd,Peters,ysmith@example.net,(205)406-3066x3605,1993-06-17,IN,96305,2024-08-22,AGT0056,MetLife,Dental Basic
MEM001132,Alyssa,Davidson,aadams@example.net,+1-491-203-9091,1990-10-27,IL,97596,2024-09-16,AGT0050,VSP,Dental Basic
MEM001133,John,Johnson,derek94@example.com,(337)459-7953,1982-03-04,KY,51936,2023-07-18,AGT0026,VSP,Dental Basic
MEM001134,Bobby,Hanson,dwilliams@example.com,645.744.9205x4894,1955-05-09,KY,30009,2024-08-05,AGT0018,MetLife,Dental+Vision Bundle
MEM001135,Willie,Martinez,mccoydavid@example.net,+1-465-758-3445x662,1987-07-10,IL,20084,2024-04-14,AGT0044,MetLife,Dental+Vision Bundle
MEM001136,David,Jensen,edwardsrick@example.org,961.262.4860,1964-01-25,CA,39341,2024-09-10,AGT0022,Zurich,Dental+Vision Bundle
MEM001137,Shane,Bowman,zwinters@example.org,(735)515-8501,1957-10-04,GA,89747,2023-08-24,AGT0067,VSP,Dental+Vision Bundle
MEM001138,Adam,Alexander,hendersonlisa@example.com,(505)787-9052x24413,2003-01-27,FL,40817,2023-08-10,AGT0060,VSP,Dental Basic
MEM001139,Scott,Baker,uschmitt@example.net,(831)857-9057x191,1972-02-17,MI,97965,2024-03-14,AGT0042,VSP,Vision Basic
MEM001140,Sharon,Abbott,bcarpenter@example.com,(218)733-5974x8768,1963-05-14,CA,90503,2024-08-28,AGT0001,VSP,Dental+Vision Bundle
MEM001141,Taylor,Ingram,victoriabenson@example.com,001-818-943-0192x2095,1992-03-23,TX,32206,2023-02-11,AGT0005,VSP,Vision Basic
MEM001142,Jay,Jefferson,hannahmunoz@example.com,423.796.4402,1958-10-17,FL,31967,2024-05-05,AGT0064,MetLife,Dental Basic
MEM001143,Kathryn,Ochoa,lbennett@example.net,(742)477-3923,1986-06-25,MI,06626,2023-01-13,AGT0017,VSP,Dental Premium
MEM001144,Derrick,Parks,johnstonjohn@example.org,469-533-2844,1958-02-21,IN,39419,2024-10-25,AGT0062,Zurich,Dental Premium
MEM001145,Troy,Jones,pamelasmith@example.net,355.515.4526x0756,2001-03-04,CA,72736,2024-04-15,AGT0004,VSP,Vision Basic
MEM001146,Susan,Martinez,moranphillip@example.com,932.926.2277,1986-05-14,IL,29119,2023-05-22,AGT0048,Zurich,Vision Basic
MEM001147,James,Jones,friedmanrichard@example.com,001-770-470-3850x3605,1950-02-14,OH,82277,2024-10-10,AGT0050,Zurich,Dental Premium
MEM001148,Wesley,Torres,christopher07@example.net,802-474-0675x8267,1976-08-10,GA,49161,2023-02-03,AGT0035,Zurich,Dental+Vision Bundle
MEM001149,Ashley,Smith,agreer@example.org,663.985.6461,2001-08-10,MI,35532,2024-07-09,AGT0011,Zurich,Dental+Vision Bundle
MEM001150,Leslie,Tucker,danschaefer@example.net,001-297-798-4914x986,1996-03-06,TN,41602,2023-02-26,AGT0007,MetLife,Dental Premium
MEM001151,Alexis,Campbell,douglasbutler@example.com,332-323-9461x2128,1953-09-01,TN,43695,2024-04-21,AGT0047,MetLife,Vision Basic
MEM001152,Christina,Hart,jeremy00@example.net,627-962-2398,2000-04-22,MI,39845,2023-03-10,AGT0018,VSP,Dental Basic
MEM001153,Gerald,Preston,matthewespinoza@example.net,771.688.8223x78870,1992-12-05,CA,09334,2023-04-27,AGT0027,Zurich,Vision Premium
MEM001154,Paul,Williams,archerjames@example.net,795-864-7998x460,1981-08-23,KY,90507,2023-11-25,AGT0065,Zurich,Dental Premium
MEM001155,Scott,Adams,rlee@example.net,209.472.3610,1955-09-08,TN,55181,2023-02-25,AGT0045,VSP,Vision Basic
MEM001156,Christopher,Morales,garciamarcus@example.com,001-778-364-5786x5557,1961-01-03,FL,23064,2024-06-23,AGT0069,Zurich,Dental+Vision Bundle
MEM001157,Jonathan,Jordan,smithpaul@example.com,386-482-4051x66545,1990-07-20,CA,23454,2023-10-27,AGT0048,Zurich,Dental+Vision Bundle
MEM001158,Patricia,Hensley,casey89@example.net,740.923.3868x6083,1966-11-24,FL,05992,2023-03-09,AGT0012,MetLife,Dental Premium
MEM001159,Jessica,Chavez,rickywilliams@example.net,542-238-6020x5089,1975-11-15,OH,80286,2023-07-03,AGT0014,MetLife,Dental Premium
MEM001160,Kimberly,Ramirez,lewiselizabeth@example.org,001-461-697-9797,1994-07-12,IL,44624,2023-06-01,AGT0027,Zurich,Dental+Vision Bundle
MEM001161,Veronica,Peters,clarkpaul@example.com,704.950.7356x74809,1976-04-20,GA,84415,2023-01-24,AGT0070,MetLife,Vision Basic
MEM001162,Danielle,Walker,erica59@example.net,001-780-426-0294x42031,1989-10-27,IN,44033,2024-03-06,AGT0038,MetLife,Dental Basic
MEM001163,Abigail,Bishop,mcdonaldmegan@example.org,8319977748,1996-08-13,TN,48024,2023-08-26,AGT0053,Zurich,Dental Premium
MEM001164,Chelsea,Sosa,douglascarl@example.com,001-648-323-0882x9586,1979-04-11,FL,75284,2024-10-23,AGT0076,Zurich,Vision Premium
MEM001165,Robert,Sanchez,garysnow@example.org,001-358-969-4276x7483,1989-12-12,FL,25728,2024-07-15,AGT0039,Zurich,Dental Basic
MEM001166,Holly,Cruz,meganlewis@example.net,+1-715-618-1788x24265,1965-05-29,KY,54806,2023-11-10,AGT0030,VSP,Dental Premium
MEM001167,Cindy,Wheeler,mahoneysarah@example.org,(272)437-1798,1954-03-31,IL,22948,2023-10-23,AGT0046,VSP,Vision Basic
MEM001168,Jeremy,Shelton,johnsonlisa@example.com,848-970-8477x95417,1964-06-04,TX,41652,2023-06-20,AGT0037,MetLife,Dental+Vision Bundle
MEM001169,Lee,Watkins,zhangnatalie@example.net,+1-390-773-7815,1963-10-09,IL,65265,2024-11-13,AGT0031,MetLife,Dental Basic
MEM001170,Carrie,Grant,mike96@example.org,(283)984-8876x3802,2001-07-18,IL,52745,2023-11-21,AGT0057,VSP,Dental Premium
MEM001171,Christian,Young,lmaldonado@example.org,+1-390-451-8812x9886,2000-06-18,IN,03981,2023-07-30,AGT0041,VSP,Dental Basic
MEM001172,Deborah,Freeman,whughes@example.net,4108792372,1998-06-08,IL,73020,2024-04-04,AGT0069,VSP,Dental Basic
MEM001173,Catherine,Hall,rebecca86@example.net,897-503-5067x5789,1986-04-18,FL,25536,2023-01-26,AGT0019,VSP,Dental+Vision Bundle
MEM001174,Matthew,Vaughn,mcbridescott@example.net,923-215-5505,1950-05-21,TX,47356,2023-06-09,AGT0065,VSP,Vision Basic
MEM001175,David,Davis,rwilliamson@example.net,584.344.0458,1992-07-08,KY,10508,2023-10-30,AGT0074,Zurich,Dental Basic
MEM001176,Larry,Parker,ptapia@example.net,323-750-3687,1989-08-30,TN,82786,2024-08-01,AGT0015,Zurich,Vision Basic
MEM001177,Karen,Fuentes,manningbrandi@example.com,697.680.2344x568,1962-07-05,TX,54504,2023-02-11,AGT0015,VSP,Dental Basic
MEM001178,Tiffany,Andrews,angel36@example.net,(340)716-3295x73783,1969-10-08,FL,76823,2024-09-24,AGT0046,MetLife,Dental Premium
MEM001179,Sierra,Diaz,carolynwarner@example.org,+1-773-618-6830x29158,1967-07-05,CA,84719,2024-09-14,AGT0068,MetLife,Vision Premium
MEM001180,Frank,Underwood,gregorydavis@example.net,(518)654-8396x607,1967-07-24,IN,38726,2023-10-12,AGT0011,Zurich,Dental+Vision Bundle
MEM001181,Laura,Bradford,paul15@example.net,+1-295-784-1749x1617,1957-11-03,TX,02221,2024-11-24,AGT0051,MetLife,Vision Basic
MEM001182,Stacy,Merritt,palmerclifford@example.net,+1-214-613-4476,1995-11-23,IN,74222,2024-09-09,AGT0047,VSP,Dental Basic
MEM001183,James,Tucker,vroberts@example.org,001-828-764-3302,1983-03-01,GA,98687,2024-03-13,AGT0048,MetLife,Dental Premium
MEM001184,Anthony,Barber,lmann@example.org,+1-836-867-7196,1977-08-22,FL,57583,2023-12-26,AGT0072,MetLife,Dental Basic
MEM001185,Stephanie,Smith,julie34@example.org,2223234998,1987-04-15,FL,27863,2024-03-30,AGT0037,MetLife,Dental+Vision Bundle
MEM001186,Jessica,Stanton,patriciafreeman@example.net,001-601-677-9152x4461,1987-02-28,IL,04027,2024-03-10,AGT0076,Zurich,Dental Basic
MEM001187,Christina,Lewis,bryan46@example.com,(742)860-1863x72631,1977-03-16,FL,80761,2023-08-01,AGT0068,VSP,Dental Basic
MEM001188,Cynthia,Kelly,danielletucker@example.com,(741)349-0038x5025,1983-09-18,OH,96001,2024-08-27,AGT0001,VSP,Vision Basic
MEM001189,Jennifer,Clark,kimberly48@example.com,622.788.3904x7331,1987-03-10,IL,36675,2023-10-07,AGT0072,VSP,Vision Premium
MEM001190,Nicholas,Stevenson,brookstimothy@example.net,925.711.4978,1967-11-17,IL,28505,2023-05-21,AGT0049,VSP,Vision Basic
MEM001191,Bryan,Golden,robertsbrandy@example.com,777.266.1830,1977-02-03,CA,08335,2023-02-13,AGT0039,VSP,Vision Basic
MEM001192,Cory,Horton,fhanna@example.com,991.851.1436,1970-02-22,IN,22892,2024-04-19,AGT0001,MetLife,Dental Premium
MEM001193,Crystal,Landry,tuckeramy@example.net,210.896.8564x257,1992-05-24,OH,84690,2024-10-17,AGT0037,VSP,Dental Basic
MEM001194,Amy,Monroe,michelleshort@example.net,231.254.2306,1971-12-16,IN,24708,2024-10-22,AGT0016,VSP,Vision Basic
MEM001195,James,Lopez,psawyer@example.net,205-322-4114x20667,2003-09-24,TN,41793,2023-03-10,AGT0075,VSP,Vision Basic
MEM001196,Charles,Flores,andrewbird@example.com,(433)482-2224x00539,1992-09-15,OH,87642,2023-09-22,AGT0048,Zurich,Vision Premium
MEM001197,Gregory,Watson,dianadavis@example.net,001-590-511-3484x3391,1973-04-14,IL,84615,2023-01-18,AGT0075,MetLife,Dental Basic
MEM001198,Grant,White,hmoses@example.org,(539)645-6452,1962-02-26,TN,24837,2024-04-17,AGT0021,MetLife,Dental Premium
MEM001199,Vincent,Evans,chelsea60@example.org,898-966-3420x953,1981-12-08,IN,83948,2024-03-05,AGT0038,VSP,Vision Basic
MEM001200,Elizabeth,Weber,joshuaberry@example.net,+1-752-797-3561x5266,1996-02-07,MI,74257,2023-03-20,AGT0024,MetLife,Vision Basic
MEM001201,Melanie,Adams,xhorne@example.org,+1-880-796-6414x7533,1998-10-12,TN,21374,2023-06-21,AGT0041,Zurich,Vision Premium
MEM001202,Keith,Alexander,sandra66@example.net,535-838-9629x85324,1982-07-11,OH,65231,2023-10-05,AGT0069,Zurich,Dental Premium
MEM001203,Sandra,Hernandez,morganchristopher@example.net,863.583.5434x685,1951-02-27,IL,88156,2023-05-28,AGT0067,VSP,Dental Premium
MEM001204,Becky,Gutierrez,longamanda@example.com,001-379-739-9816,1986-12-18,TN,29940,2024-05-11,AGT0021,MetLife,Dental Basic
MEM001205,Emily,Porter,longkimberly@example.net,471.803.0737,1969-11-02,MI,08225,2024-05-30,AGT0072,Zurich,Vision Premium
MEM001206,Thomas,Martin,hahnjoshua@example.net,(878)508-2649x31214,1997-09-26,TX,78115,2024-06-22,AGT0015,VSP,Vision Basic
MEM001207,Kayla,Logan,usanders@example.net,929-426-4563x391,1960-06-16,IL,98549,2023-03-20,AGT0003,VSP,Dental Premium
MEM001208,Sarah,Valencia,alexander69@example.com,811.526.6497x19670,1962-06-22,FL,29133,2024-01-07,AGT0077,Zurich,Vision Premium
MEM001209,Mark,Greene,garciapeter@example.org,(590)516-3994x901,1965-06-13,KY,30860,2023-12-17,AGT0004,Zurich,Dental+Vision Bundle
MEM001210,Joseph,Nelson,alowery@example.com,+1-934-581-4098x41016,1961-07-19,IL,05442,2023-08-16,AGT0030,VSP,Dental Basic
MEM001211,Charles,King,garciaalex@example.com,001-891-800-4202,1957-01-19,GA,16107,2023-05-14,AGT0015,MetLife,Dental Basic
MEM001212,Richard,Stephens,adkinscharles@example.net,+1-603-442-1348x548,1988-09-09,IN,08354,2024-05-10,AGT0026,MetLife,Dental Basic
MEM001213,Jason,Gonzalez,ebrown@example.net,+1-917-391-3860x15711,1996-01-25,CA,27145,2024-11-06,AGT0008,VSP,Dental Basic
MEM001214,Natalie,Patton,aguilarkyle@example.org,(347)302-8814,1953-11-19,OH,17870,2023-09-17,AGT0039,Zurich,Dental Basic
MEM001215,Mary,Stevens,logan71@example.net,567.385.7646,1961-02-08,CA,31806,2023-04-09,AGT0027,Zurich,Dental+Vision Bundle
MEM001216,Angela,Maynard,hardinvictor@example.net,761-694-2321,1981-07-16,IN,06777,2023-07-09,AGT0012,MetLife,Dental+Vision Bundle
MEM001217,Charles,Young,jeff06@example.net,+1-662-361-6845x52527,2002-01-05,TN,00765,2023-10-12,AGT0046,MetLife,Dental+Vision Bundle
MEM001218,Don,Cox,ele@example.net,698.599.4885x669,1971-09-12,TX,08149,2024-09-19,AGT0073,MetLife,Dental Basic
MEM001219,Anthony,Rodriguez,ryan56@example.org,(458)742-2717x266,1951-04-04,TX,53597,2024-08-15,AGT0028,Zurich,Dental Basic
MEM001220,Michael,Green,alvarezelizabeth@example.org,341-230-6862x4087,1965-05-30,TX,00950,2023-10-16,AGT0001,Zurich,Dental Basic
MEM001221,Tanya,Hooper,mortiz@example.org,+1-341-772-8207x62381,1995-03-27,FL,86956,2023-08-08,AGT0047,Zurich,Vision Basic
MEM001222,Evan,Perez,henryhawkins@example.com,6842752835,1959-08-18,IL,00669,2024-03-26,AGT0046,VSP,Dental Premium
MEM001223,Joshua,Williams,shaun13@example.com,413-450-5357,1970-06-01,GA,84797,2024-06-10,AGT0015,VSP,Dental Basic
MEM001224,Alyssa,Anderson,moodysamuel@example.org,+1-357-280-9783x0280,1996-08-17,IL,39835,2023-04-23,AGT0064,VSP,Vision Premium
MEM001225,Curtis,Roberts,john19@example.com,001-428-314-4786x74280,1953-08-23,OH,84591,2024-07-24,AGT0042,VSP,Dental Basic
MEM001226,William,Peters,andrewwalker@example.com,680.537.8912x1397,1990-12-30,CA,94937,2023-10-18,AGT0040,Zurich,Dental+Vision Bundle
MEM001227,Richard,Johnston,lisa85@example.com,859.294.0842x9069,1970-04-07,TX,90871,2024-03-30,AGT0053,VSP,Dental+Vision Bundle
MEM001228,Kenneth,English,esmith@example.net,7659673374,1966-12-09,OH,06167,2024-03-14,AGT0061,Zurich,Dental Premium
MEM001229,Christopher,Flores,operry@example.com,+1-981-849-8025x30843,1994-02-09,OH,81236,2023-01-14,AGT0051,VSP,Vision Basic
MEM001230,Christina,Bowman,tphillips@example.com,001-272-250-8423x24234,1957-08-17,OH,36402,2024-11-23,AGT0019,VSP,Dental Premium
MEM001231,Christopher,Fletcher,daniel55@example.org,(991)858-5574x9062,1959-02-16,IL,02460,2024-08-27,AGT0009,VSP,Dental+Vision Bundle
MEM001232,Fernando,Martin,wbrown@example.org,329.759.4523,1967-12-20,CA,84391,2023-12-13,AGT0052,MetLife,Dental Basic
MEM001233,Amanda,Cochran,rperez@example.org,(496)362-9917,1994-10-11,KY,64119,2024-03-10,AGT0075,Zurich,Dental Premium
MEM001234,Kenneth,Moore,mariajohnson@example.org,(278)821-5392x66937,1985-11-27,TN,29506,2024-10-21,AGT0061,Zurich,Vision Basic
MEM001235,Valerie,Weiss,maddoxdavid@example.org,001-428-204-8502,1993-06-21,TX,55287,2024-02-19,AGT0036,MetLife,Vision Premium
MEM001236,Cody,Richards,raydawn@example.org,(493)779-7190x000,1960-12-17,KY,56899,2023-04-21,AGT0063,VSP,Dental Basic
MEM001237,Cory,Thomas,nicholas47@example.org,555.494.0799x23045,1952-08-31,OH,97874,2023-05-18,AGT0007,MetLife,Vision Basic
MEM001238,Jimmy,Rivers,yowens@example.net,001-714-556-4743x70194,1966-01-25,GA,89325,2023-01-28,AGT0078,Zurich,Dental Premium
MEM001239,Christina,Gaines,santiagoterri@example.com,(365)705-2761x20928,1958-08-23,OH,62994,2023-11-07,AGT0067,VSP,Vision Premium
MEM001240,Amy,Russell,roblescolleen@example.org,(831)916-7870,1976-05-03,FL,83418,2023-07-26,AGT0063,Zurich,Dental Premium
MEM001241,Ronald,Rogers,edwardsutton@example.org,+1-759-821-2684,1998-06-30,TX,29424,2023-12-18,AGT0003,MetLife,Dental+Vision Bundle
MEM001242,Rhonda,Miller,megan94@example.org,4005375398,1984-06-01,FL,92649,2023-05-02,AGT0041,VSP,Dental Premium
MEM001243,Heidi,Clark,samuel98@example.com,(793)327-8417x8376,1952-12-12,IL,45173,2023-02-06,AGT0072,Zurich,Dental+Vision Bundle
MEM001244,Paula,Calhoun,blakegarcia@example.com,+1-406-952-6642x67351,1964-09-22,FL,24497,2023-11-07,AGT0056,MetLife,Dental Premium
MEM001245,Victoria,Stewart,jeffrey37@example.com,+1-465-469-7648x78496,1993-09-24,OH,37028,2024-02-03,AGT0073,Zurich,Vision Basic
MEM001246,Lisa,Lane,maria04@example.com,+1-325-406-9296x5685,1998-05-23,CA,88603,2024-07-21,AGT0061,VSP,Vision Basic
MEM001247,Brian,Fisher,karenliu@example.net,329.435.0979x3442,1995-06-17,IN,75936,2023-06-10,AGT0051,VSP,Vision Basic
MEM001248,Daniel,Kim,rachel22@example.org,677-280-4579x7251,1981-08-25,KY,60657,2024-01-22,AGT0042,MetLife,Dental Basic
MEM001249,Andrew,Hall,claytonchavez@example.net,(333)872-0945,1961-07-02,TN,64495,2023-02-16,AGT0045,Zurich,Vision Basic
MEM001250,Ricardo,Blair,fosterrichard@example.org,+1-628-463-0112x20084,1980-08-13,GA,51317,2024-10-02,AGT0013,VSP,Dental Premium
MEM001251,Lisa,Mejia,jamesmullins@example.com,896.208.2896x713,1986-12-16,TN,44484,2024-01-01,AGT0008,Zurich,Dental Basic
MEM001252,Danielle,King,pamela92@example.org,+1-656-749-0132,1977-12-31,CA,12766,2023-08-29,AGT0011,Zurich,Dental Basic
MEM001253,Rebecca,Arias,brendan01@example.org,246-617-5808x03889,1960-04-08,TN,33961,2023-11-09,AGT0022,MetLife,Vision Basic
MEM001254,Danielle,Brown,nelsoncaleb@example.com,(685)913-5381x4837,1991-05-09,GA,42407,2023-02-08,AGT0073,Zurich,Dental+Vision Bundle
MEM001255,Michael,Williams,weberalexander@example.com,456.947.1778x40190,1951-10-31,FL,86622,2023-10-01,AGT0076,MetLife,Dental+Vision Bundle
MEM001256,Curtis,Merritt,timothygarcia@example.org,958-866-8611,2001-03-03,GA,57981,2024-01-22,AGT0042,Zurich,Dental Basic
MEM001257,Michael,Fitzgerald,elizabethmoore@example.org,705.805.8353x4581,1958-12-23,MI,43381,2024-05-15,AGT0044,VSP,Vision Basic
MEM001258,Scott,Hernandez,john33@example.net,+1-298-324-2662x1775,1980-06-18,IL,89802,2024-11-14,AGT0079,VSP,Dental Premium
MEM001259,Mark,Olsen,fpatterson@example.net,903.402.8532,1968-02-07,FL,63283,2024-03-22,AGT0010,Zurich,Dental Basic
MEM001260,Karen,Jordan,jonathanjones@example.com,001-902-552-8546x1308,1954-04-07,KY,01504,2023-09-29,AGT0074,VSP,Dental+Vision Bundle
MEM001261,Amanda,Elliott,umartinez@example.org,+1-473-782-7777x1184,1958-04-02,CA,17313,2024-10-01,AGT0013,Zurich,Dental Premium
MEM001262,Heather,Castillo,xgonzalez@example.net,4075121024,2000-10-25,TX,39193,2023-03-10,AGT0061,VSP,Dental Basic
MEM001263,Emily,Burns,baileydonna@example.net,+1-877-719-6199x71659,1977-01-29,TX,52767,2023-03-20,AGT0039,VSP,Vision Premium
MEM001264,Richard,Gibson,billy96@example.net,434.640.0952,1967-12-14,GA,18642,2023-11-17,AGT0052,VSP,Vision Basic
MEM001265,Valerie,James,james79@example.org,001-722-619-1439x070,1999-02-15,IL,63184,2024-04-09,AGT0003,Zurich,Vision Premium
MEM001266,Emily,Fisher,cookkristina@example.net,815-201-0162,2001-10-02,FL,04528,2023-07-11,AGT0028,Zurich,Dental+Vision Bundle
MEM001267,William,Taylor,ann34@example.com,497-383-3548x83571,1974-01-14,TX,37684,2024-04-23,AGT0079,VSP,Dental+Vision Bundle
MEM001268,Ashley,Kennedy,meyerspatrick@example.net,466.443.2031x72665,1955-05-17,TX,41182,2024-10-03,AGT0026,VSP,Vision Basic
MEM001269,Philip,Cook,vanessajimenez@example.org,700-302-0860x1460,1963-07-02,KY,77732,2023-09-04,AGT0056,VSP,Dental Premium
MEM001270,Andrew,Cannon,jared27@example.org,(230)233-5636x9301,1968-04-06,GA,95185,2023-03-07,AGT0035,VSP,Vision Basic
MEM001271,Benjamin,Williams,cameronramos@example.org,001-404-280-2835x4158,2003-12-10,MI,81980,2023-09-20,AGT0052,MetLife,Dental Basic
MEM001272,Jodi,Williams,jasmin76@example.com,436-462-8081,1952-06-26,MI,88893,2023-07-16,AGT0040,VSP,Vision Basic
MEM001273,Cynthia,Meyer,melissa94@example.com,001-547-205-3110x583,1987-11-11,IN,80831,2024-03-22,AGT0026,MetLife,Dental Premium
MEM001274,Ryan,Spears,smontgomery@example.org,989-814-2693,1973-03-08,KY,96635,2023-01-30,AGT0071,MetLife,Vision Basic
MEM001275,Michelle,Holland,sullivantodd@example.com,001-818-777-6288x363,1993-08-03,IN,03722,2023-02-13,AGT0008,MetLife,Dental Premium
MEM001276,Christopher,Pena,stevemorales@example.net,(526)966-7880,1955-09-15,GA,84856,2023-11-02,AGT0047,Zurich,Vision Premium
MEM001277,Randy,Herring,gary89@example.net,001-389-407-4993x598,1985-08-10,IL,42897,2023-04-03,AGT0031,MetLife,Vision Basic
MEM001278,Matthew,Woods,uhernandez@example.net,664.308.3858x0501,1960-10-28,TX,58279,2024-05-27,AGT0075,Zurich,Dental Premium
MEM001279,Daniel,Valentine,jrivera@example.net,991.329.5651,1971-05-12,CA,85473,2023-04-03,AGT0016,VSP,Dental Premium
MEM001280,Danny,Rowland,pwilliams@example.com,001-900-292-4492x87875,1984-12-25,MI,82612,2024-08-21,AGT0055,MetLife,Dental Basic
MEM001281,Jesse,Smith,brittanysmith@example.org,001-825-701-8607x4290,1969-03-17,KY,20061,2023-06-29,AGT0057,VSP,Dental Premium
MEM001282,Wendy,Martin,rickyclark@example.org,+1-880-862-0073x0242,1955-01-07,FL,18705,2024-08-26,AGT0069,VSP,Vision Premium
MEM001283,Jordan,Ballard,ecox@example.net,+1-640-257-1446x9567,1978-05-24,TX,94920,2023-04-26,AGT0055,VSP,Vision Premium
MEM001284,Omar,Leach,michaeltorres@example.com,845.714.6688,1963-01-01,TN,67886,2023-10-12,AGT0061,Zurich,Dental Premium
MEM001285,James,Adkins,william48@example.net,858.662.6736,1951-11-22,CA,68341,2023-11-12,AGT0005,Zurich,Vision Premium
MEM001286,Lawrence,Moore,hkennedy@example.com,5896432698,1971-07-03,KY,39923,2023-02-25,AGT0071,VSP,Dental Premium
MEM001287,John,Cantrell,sshea@example.com,+1-405-604-5050,1960-12-13,TX,53046,2024-01-07,AGT0031,VSP,Dental Premium
MEM001288,Steven,Oconnor,williamsjames@example.org,001-293-590-7737x29545,1972-12-04,KY,74193,2024-02-07,AGT0012,MetLife,Dental Premium
MEM001289,Sara,Brown,matthewhaney@example.org,(702)504-5028x143,1989-05-16,TN,08985,2023-06-14,AGT0053,MetLife,Dental Premium
MEM001290,Donald,Marshall,kelsey33@example.com,+1-453-811-1235x904,1994-02-10,FL,47420,2023-03-24,AGT0053,VSP,Vision Premium
MEM001291,Jack,Murray,edward66@example.org,+1-751-308-5738x38554,1964-05-21,KY,34519,2023-04-13,AGT0065,MetLife,Dental Premium
MEM001292,Crystal,Reynolds,yatesmadison@example.net,793-751-1745,1999-02-20,TN,99565,2024-09-08,AGT0059,Zurich,Dental Basic
MEM001293,Gabrielle,Barker,bradshawrobert@example.com,(881)367-3374,1966-06-26,FL,18903,2023-02-23,AGT0018,MetLife,Dental Premium
MEM001294,Meghan,Contreras,bbrooks@example.net,001-926-841-2608x4818,1977-05-31,TN,21444,2024-10-05,AGT0074,MetLife,Dental Basic
MEM001295,Alexis,Howell,colemanjim@example.net,(730)439-9516x70450,1996-04-29,IL,16890,2023-09-13,AGT0077,Zurich,Dental Premium
MEM001296,Robin,Padilla,ralexander@example.org,(734)338-8804,1990-07-04,FL,86690,2023-11-24,AGT0018,VSP,Dental Basic
MEM001297,Kelly,Hernandez,mikecabrera@example.com,750-928-2313x4275,1979-05-23,KY,50124,2024-08-30,AGT0026,MetLife,Dental Premium
MEM001298,Steven,Obrien,rodriguezmark@example.net,8447318343,1985-04-21,GA,29995,2023-07-06,AGT0074,MetLife,Dental Basic
MEM001299,Rose,Miller,jenningsmelissa@example.net,001-377-911-5062,2000-02-09,CA,79793,2023-01-24,AGT0030,MetLife,Dental+Vision Bundle
MEM001300,David,Berger,lisa73@example.org,516.829.1087x39221,1973-06-27,IL,74845,2023-07-23,AGT0007,VSP,Vision Basic
MEM001301,Rachel,Buchanan,drobinson@example.com,001-371-705-2987x70745,1973-05-04,IL,26256,2024-09-06,AGT0012,VSP,Dental Basic
MEM001302,Brian,Hill,smithvanessa@example.org,(568)638-7890,1960-07-12,IN,84118,2024-08-03,AGT0068,VSP,Vision Premium
MEM001303,Michael,Brown,wesley76@example.org,704.609.3467,1994-05-02,OH,82477,2024-04-09,AGT0029,Zurich,Dental Basic
MEM001304,Casey,Dawson,johncoleman@example.net,201-738-2721,1975-11-01,FL,13625,2023-09-30,AGT0049,MetLife,Dental Premium
MEM001305,John,Campbell,garcialance@example.org,2135882532,2003-11-02,MI,90303,2023-07-31,AGT0037,Zurich,Vision Premium
MEM001306,Jessica,Keith,umills@example.net,(636)903-8917x36907,1966-03-08,GA,56653,2024-03-04,AGT0019,MetLife,Dental Premium
MEM001307,Timothy,Williams,gomezchristopher@example.net,001-210-770-7163x485,1971-02-16,CA,14158,2023-09-26,AGT0058,MetLife,Dental Premium
MEM001308,Henry,Ellis,christopher19@example.org,+1-744-754-5697x296,1991-02-08,OH,51551,2024-12-01,AGT0002,VSP,Dental Basic
MEM001309,Mackenzie,Greene,fpatterson@example.org,371.488.6263x956,1985-09-01,MI,97780,2023-11-28,AGT0050,Zurich,Dental Premium
MEM001310,Richard,Calderon,bstephens@example.com,(473)571-3887x402,1972-12-27,OH,90598,2024-09-03,AGT0013,Zurich,Dental Basic
MEM001311,Diana,Love,elizabeth14@example.com,(362)676-3304x1176,1971-01-26,FL,23322,2023-12-07,AGT0046,Zurich,Dental+Vision Bundle
MEM001312,Connie,Garcia,kennethperez@example.net,(886)936-4704x6568,1954-01-31,IN,03364,2024-09-04,AGT0033,Zurich,Vision Basic
MEM001313,Javier,Arnold,aaronramirez@example.org,993.263.1592x2912,1985-05-30,TN,50741,2023-11-06,AGT0017,Zurich,Dental Basic
MEM001314,Mark,Walker,williamsjoseph@example.com,001-329-511-8722x8247,1973-05-09,IL,03177,2023-07-03,AGT0065,VSP,Dental+Vision Bundle
MEM001315,Christopher,Wilson,epearson@example.com,+1-278-798-4974x99799,1961-11-01,OH,21633,2024-04-24,AGT0041,Zurich,Vision Basic
MEM001316,Sarah,Taylor,rmartinez@example.net,(556)758-1898x10617,1973-05-12,OH,53766,2023-05-26,AGT0041,MetLife,Dental+Vision Bundle
MEM001317,Michelle,Davis,ggonzalez@example.org,+1-875-557-2616x949,1975-03-18,TN,64464,2024-05-26,AGT0056,VSP,Dental+Vision Bundle
MEM001318,Robin,Hunter,berrypatricia@example.net,001-999-390-6820x130,1973-08-30,TX,56340,2023-09-27,AGT0041,VSP,Dental+Vision Bundle
MEM001319,Vickie,Bailey,dannywalker@example.net,661.231.7985,1994-01-28,IL,99370,2023-11-20,AGT0072,Zurich,Vision Basic
MEM001320,Melanie,Collins,sanchezemily@example.net,(345)485-8356x399,1954-10-10,MI,63655,2024-03-26,AGT0020,MetLife,Dental Basic
MEM001321,Melissa,Kidd,cassandramoore@example.com,001-451-374-1925x81476,1992-03-10,KY,92672,2023-02-06,AGT0021,Zurich,Vision Basic
MEM001322,Victoria,Mann,hshepherd@example.net,+1-563-699-4541,1994-05-27,IN,42226,2023-04-29,AGT0057,VSP,Dental+Vision Bundle
MEM001323,Jesus,Edwards,kimberlymorrison@example.org,001-979-468-5909x64598,1993-07-13,FL,83028,2024-07-28,AGT0064,MetLife,Dental+Vision Bundle
MEM001324,Joshua,Daniel,jacquelinemurray@example.net,001-835-916-6811x33973,1961-02-03,TN,04273,2023-06-01,AGT0012,MetLife,Dental+Vision Bundle
MEM001325,Timothy,Taylor,tsandoval@example.com,5242222419,1965-02-05,TX,54475,2023-07-04,AGT0035,Zurich,Dental+Vision Bundle
MEM001326,Emily,Sanchez,ryanparker@example.org,681-444-4248,1969-01-20,CA,88240,2024-08-22,AGT0001,Zurich,Vision Premium
MEM001327,Tracie,Johnson,john50@example.net,+1-647-265-1186x156,1987-05-12,OH,80807,2023-07-04,AGT0032,VSP,Vision Premium
MEM001328,Leah,Mitchell,troy39@example.net,+1-213-470-5424x519,1952-04-30,KY,51034,2023-12-03,AGT0016,VSP,Dental Premium
MEM001329,Michelle,Contreras,johnsonjames@example.com,894-429-9202x37666,1979-01-10,IL,22505,2023-04-19,AGT0004,MetLife,Vision Basic
MEM001330,Ashley,Hall,qdavis@example.org,683-490-9342,1993-01-18,FL,39043,2024-11-06,AGT0035,Zurich,Vision Premium
MEM001331,Aaron,Coleman,williamlopez@example.com,534.988.9334,1953-12-07,CA,49119,2023-12-04,AGT0058,VSP,Dental+Vision Bundle
MEM001332,Curtis,Krueger,ngraham@example.com,001-408-765-4243x8269,1961-08-08,MI,45527,2024-08-05,AGT0007,Zurich,Dental Premium
MEM001333,Andrew,Adams,lori09@example.com,(588)895-9470,1956-05-06,TX,79806,2023-02-26,AGT0078,VSP,Dental Basic
MEM001334,Morgan,Henderson,jason91@example.com,(750)647-1883x0099,1965-12-21,MI,18375,2023-09-19,AGT0052,MetLife,Dental Basic
MEM001335,Andrea,Herring,sarahodom@example.net,001-996-268-6679x8994,1964-08-14,GA,54054,2023-08-02,AGT0052,VSP,Vision Basic
MEM001336,Jaclyn,Ellis,brennanmichelle@example.com,001-501-649-7110,1963-10-30,OH,94325,2024-10-31,AGT0039,VSP,Dental+Vision Bundle
MEM001337,Sarah,West,philip56@example.com,001-650-451-8860x1674,1961-10-12,TN,27293,2023-11-14,AGT0013,VSP,Vision Basic
MEM001338,Justin,Clark,cheryl69@example.net,404-650-5669x37540,1989-12-18,GA,23824,2024-05-16,AGT0061,VSP,Vision Basic
MEM001339,Laura,Hamilton,idecker@example.net,(557)714-0250,1958-02-04,GA,93001,2024-03-09,AGT0048,Zurich,Dental Basic
MEM001340,Yolanda,Patterson,karlabaxter@example.com,716.538.4936x80635,1988-03-21,OH,02984,2024-10-07,AGT0006,Zurich,Dental Premium
MEM001341,Jennifer,Miller,horndonald@example.net,001-769-451-9304,1970-02-12,IL,93314,2024-04-19,AGT0064,Zurich,Vision Basic
MEM001342,Tracy,Bell,dblake@example.org,(656)820-3634x4439,1957-07-14,KY,67173,2024-06-21,AGT0060,VSP,Dental Basic
MEM001343,Kimberly,Gray,jessemedina@example.net,(933)557-6170,1976-12-13,IL,16758,2024-05-04,AGT0017,Zurich,Dental+Vision Bundle
MEM001344,Norma,Turner,steven62@example.net,(926)636-7850x89897,1996-12-05,GA,65485,2023-09-12,AGT0038,Zurich,Dental Basic
MEM001345,Tammy,Trevino,gabrielle34@example.net,001-852-995-3774x037,1954-01-17,TX,55537,2023-03-20,AGT0014,Zurich,Dental Premium
MEM001346,Angela,Campbell,monica07@example.com,951.549.7534x115,1991-09-08,CA,85925,2023-04-07,AGT0033,VSP,Dental Premium
MEM001347,Kimberly,Brown,mccormickdawn@example.org,001-540-665-6582,1995-03-02,IN,95181,2023-03-25,AGT0015,Zurich,Vision Premium
MEM001348,Jose,Sanchez,diana65@example.org,323-226-6000x47091,1966-05-07,GA,96919,2023-07-03,AGT0006,MetLife,Dental Premium
MEM001349,John,Parker,madison11@example.net,001-598-999-6511x815,1978-03-02,CA,36766,2023-11-01,AGT0059,Zurich,Dental Premium
MEM001350,Richard,Jones,thomas61@example.net,+1-268-770-4796x6682,1980-08-15,IL,93826,2023-09-29,AGT0028,MetLife,Dental Basic
MEM001351,Dean,Powell,alvin91@example.com,001-723-630-2927x640,1973-04-07,OH,63570,2024-09-10,AGT0056,Zurich,Dental Basic
MEM001352,Erin,Hanson,jthompson@example.org,605-913-1866x047,1960-06-20,IN,32434,2024-02-09,AGT0022,Zurich,Vision Basic
MEM001353,Jason,Garza,kingjessica@example.net,224-474-4203x59441,2003-12-31,FL,95135,2024-02-19,AGT0039,Zurich,Dental+Vision Bundle
MEM001354,Jeremy,Wagner,marygay@example.net,001-566-247-7413x1351,1982-05-13,GA,19028,2024-09-23,AGT0039,MetLife,Dental Basic
MEM001355,Michael,Brooks,rachel65@example.net,953-798-8521,1967-02-13,OH,45554,2023-01-15,AGT0003,Zurich,Dental+Vision Bundle
MEM001356,Natalie,Roman,lambalexandra@example.net,+1-512-586-5581x67592,1968-10-09,FL,13228,2023-01-28,AGT0019,Zurich,Dental Basic
MEM001357,Briana,Collins,kelleyjennifer@example.org,001-403-381-4634x2924,1998-04-27,MI,90827,2024-10-03,AGT0012,VSP,Vision Premium
MEM001358,Charlene,Wood,pgarner@example.org,001-612-318-5273,1992-07-10,GA,11924,2023-06-01,AGT0003,MetLife,Dental Basic
MEM001359,Kenneth,Morales,johncook@example.net,(253)901-5303x044,1989-12-12,FL,58297,2023-06-06,AGT0061,MetLife,Dental+Vision Bundle
MEM001360,Amanda,Powers,englishchristina@example.net,(359)484-5576x63454,1971-10-08,MI,78834,2024-08-22,AGT0038,Zurich,Dental+Vision Bundle
MEM001361,Brittany,Thomas,matthew06@example.com,+1-419-410-6166x91008,1954-07-27,TN,87552,2024-02-06,AGT0002,MetLife,Vision Basic
MEM001362,John,Marsh,sullivandonald@example.net,(821)475-6269,1987-04-18,FL,04495,2024-03-18,AGT0075,Zurich,Vision Premium
MEM001363,Allison,Welch,tberry@example.org,001-200-559-3257x2287,1953-04-27,FL,21197,2023-10-25,AGT0052,VSP,Vision Basic
MEM001364,Dustin,Williams,rdurham@example.net,797-424-3871x29514,1993-10-09,MI,94508,2024-09-18,AGT0008,Zurich,Dental Basic
MEM001365,Lisa,Rivera,mccarthydylan@example.net,660.960.4802x24065,1978-05-03,TX,35037,2024-08-13,AGT0009,VSP,Dental+Vision Bundle
MEM001366,Shannon,Ballard,bobby90@example.com,289-385-6643,1992-06-19,OH,51478,2024-03-03,AGT0064,Zurich,Dental+Vision Bundle
MEM001367,Mark,Randall,otrujillo@example.net,+1-578-388-7656,1990-03-22,GA,27502,2023-12-22,AGT0003,MetLife,Dental Premium
MEM001368,Pedro,Haley,iholland@example.net,6119386047,1992-02-06,TN,10939,2023-07-16,AGT0057,MetLife,Vision Basic
MEM001369,Karen,Gilbert,williamclark@example.org,001-648-995-3829x44191,1980-06-05,CA,74341,2024-08-24,AGT0060,MetLife,Dental+Vision Bundle
MEM001370,Jessica,Krueger,kyleanderson@example.org,001-551-467-3095,1987-05-26,TN,86681,2024-02-04,AGT0061,MetLife,Vision Basic
MEM001371,Jessica,Snyder,michelle86@example.net,265.362.9258x22828,1957-09-25,FL,69568,2023-10-17,AGT0017,MetLife,Dental Basic
MEM001372,Jeffery,Sanchez,bobbyvillanueva@example.net,568-946-7678x09645,1994-02-26,OH,35733,2024-09-12,AGT0054,VSP,Dental Premium
MEM001373,Jessica,Andrews,fcook@example.org,(631)975-5592x897,1999-12-16,IN,36733,2023-08-03,AGT0003,VSP,Dental+Vision Bundle
MEM001374,Christopher,Jennings,tara62@example.com,851.719.9764x534,1964-03-25,IL,42220,2024-01-01,AGT0065,MetLife,Dental+Vision Bundle
MEM001375,Charles,Howard,hcollins@example.net,(278)396-3009x3582,1988-08-19,OH,52405,2023-12-12,AGT0080,MetLife,Dental Basic
MEM001376,Kristen,Hood,blakemark@example.com,+1-922-842-2848x3492,1993-08-20,KY,54268,2023-08-18,AGT0044,VSP,Vision Premium
MEM001377,Angela,Bradley,ryan01@example.net,704.803.3480x15373,1973-12-31,IL,52961,2024-07-24,AGT0066,Zurich,Vision Premium
MEM001378,Valerie,Tucker,mark46@example.org,(939)426-0967x462,1989-04-12,FL,06802,2023-02-21,AGT0015,MetLife,Vision Premium
MEM001379,Crystal,Curry,yschaefer@example.com,+1-791-219-2856x728,1959-02-21,TX,22876,2024-09-16,AGT0006,Zurich,Dental Basic
MEM001380,Tina,Suarez,tara38@example.org,8774558212,1960-08-04,MI,55129,2024-10-07,AGT0047,MetLife,Vision Premium
MEM001381,Jordan,Dunlap,raymond84@example.com,001-360-978-9075x1991,1995-05-22,FL,63844,2024-03-28,AGT0013,MetLife,Vision Basic
MEM001382,Nicholas,Jones,kerry49@example.org,631-964-9828x38597,1962-05-12,OH,58820,2023-12-09,AGT0026,VSP,Dental+Vision Bundle
MEM001383,Ryan,Gray,brandi07@example.org,(354)794-3436x877,1972-01-04,FL,54309,2023-01-07,AGT0044,VSP,Vision Basic
MEM001384,Lauren,Thompson,jessicagreer@example.com,001-390-276-3415x35977,1973-11-12,TN,87531,2023-03-29,AGT0054,VSP,Vision Basic
MEM001385,Brandon,Martinez,dawn77@example.org,001-749-843-1487x22557,1963-08-08,TX,33866,2023-09-09,AGT0054,MetLife,Dental Basic
MEM001386,Dale,Cooper,zparker@example.net,257-739-5232x85558,1987-02-02,GA,64199,2024-03-15,AGT0059,Zurich,Vision Premium
MEM001387,Julie,Turner,gcox@example.org,+1-666-902-8413x6233,1952-09-02,FL,00747,2024-01-06,AGT0019,MetLife,Vision Premium
MEM001388,Kevin,Marshall,richard97@example.net,001-714-279-7341x855,1956-03-30,OH,68422,2024-06-13,AGT0044,VSP,Dental Premium
MEM001389,Jennifer,Porter,nathan60@example.org,203.396.1017x590,1988-12-10,IN,57953,2023-06-18,AGT0051,MetLife,Vision Premium
MEM001390,Kara,Bentley,parmstrong@example.com,001-707-386-9285,1963-07-18,CA,52650,2024-10-18,AGT0008,Zurich,Dental+Vision Bundle
MEM001391,Rebecca,Moore,beth38@example.net,(276)935-3673x55896,1996-08-19,KY,08076,2024-11-07,AGT0054,VSP,Dental+Vision Bundle
MEM001392,Shawn,Anderson,josephmiller@example.org,251.939.0143,1977-04-21,TN,41118,2024-07-20,AGT0045,MetLife,Dental+Vision Bundle
MEM001393,Frederick,Reid,ryanrosales@example.org,779-867-1480x30073,1963-03-06,GA,48310,2024-06-24,AGT0058,Zurich,Dental Basic
MEM001394,Ann,Hernandez,palmerterri@example.com,(863)879-4128,1989-09-01,TN,76951,2024-07-11,AGT0052,MetLife,Dental+Vision Bundle
MEM001395,Dale,Patrick,summerrobles@example.org,942-452-6119,1953-04-26,TX,44167,2023-03-28,AGT0043,VSP,Vision Premium
MEM001396,Lisa,Grimes,wdavila@example.com,344.365.3255x441,1996-09-10,TX,90617,2023-05-10,AGT0037,MetLife,Dental Basic
MEM001397,Amanda,Horn,christopher67@example.org,605.320.3881x93768,1978-01-05,TX,70894,2024-07-19,AGT0044,Zurich,Dental Basic
MEM001398,Kimberly,Ramirez,qcrosby@example.com,+1-322-401-4833x35401,1998-06-10,CA,58554,2023-01-29,AGT0034,MetLife,Dental+Vision Bundle
MEM001399,Gary,Clark,asmith@example.net,564.977.0906x7618,1987-12-05,TX,49943,2023-11-08,AGT0015,Zurich,Dental Basic
MEM001400,Drew,Munoz,webbdestiny@example.net,862-217-2048,1973-04-21,TX,86585,2024-01-17,AGT0046,MetLife,Dental Basic
MEM001401,Kevin,Mason,bradleymercado@example.net,(664)356-4967,1961-03-11,FL,77679,2024-10-28,AGT0039,Zurich,Vision Premium
MEM001402,Chloe,Morales,jennifer39@example.net,6644909703,1980-05-30,MI,44579,2024-04-09,AGT0075,Zurich,Vision Premium
MEM001403,Lisa,Bolton,hfleming@example.net,858-991-3682,1997-11-04,CA,01913,2024-10-04,AGT0030,VSP,Dental Premium
MEM001404,Steven,Thompson,sandra19@example.org,+1-962-752-6022x1690,2001-05-21,IL,36722,2024-11-13,AGT0049,Zurich,Vision Premium
MEM001405,Wyatt,Thomas,jameschaney@example.net,984.539.1065,1979-05-31,TX,43266,2023-04-18,AGT0075,MetLife,Dental+Vision Bundle
MEM001406,Melissa,Castillo,samantha69@example.org,001-751-702-1401x28331,1990-10-04,OH,67770,2024-01-05,AGT0019,Zurich,Dental Premium
MEM001407,Stephanie,Aguilar,aknight@example.org,997-217-7170x30568,1957-05-09,OH,75622,2024-02-26,AGT0008,VSP,Dental+Vision Bundle
MEM001408,Kevin,Anderson,fsmith@example.com,383-989-5337x684,1969-04-09,FL,53416,2024-05-02,AGT0010,VSP,Vision Premium
MEM001409,Stephen,Glenn,amathews@example.com,534-459-7317x303,2002-10-10,TX,35129,2024-02-17,AGT0067,VSP,Dental+Vision Bundle
MEM001410,Betty,Fisher,wcook@example.com,551-304-8480x947,1994-10-02,GA,71463,2024-08-21,AGT0057,Zurich,Dental+Vision Bundle
MEM001411,Christopher,Cooper,gatesmegan@example.org,207.999.5947x6111,1987-05-28,IL,76015,2024-05-16,AGT0019,Zurich,Dental Basic
MEM001412,Thomas,Parker,rcox@example.net,(565)672-8972x269,1961-08-10,TX,66942,2024-04-13,AGT0068,MetLife,Vision Premium
MEM001413,Matthew,Harding,changbethany@example.net,546.485.6066x99261,1992-06-19,IN,54209,2024-04-11,AGT0021,Zurich,Dental Premium
MEM001414,Kimberly,Alvarez,dware@example.com,+1-957-403-9962x637,2003-12-22,GA,98205,2023-05-02,AGT0015,MetLife,Dental Premium
MEM001415,Lindsey,Livingston,santiagochristopher@example.com,001-635-512-8962x20682,1953-08-12,TX,21992,2023-10-24,AGT0020,MetLife,Dental Premium
MEM001416,Jesse,Cohen,brettthomas@example.net,001-634-546-0606,1977-03-17,KY,89636,2024-01-19,AGT0063,MetLife,Vision Premium
MEM001417,Sally,Ross,destiny35@example.com,+1-765-529-4128,2002-11-24,GA,63729,2023-05-26,AGT0007,VSP,Dental+Vision Bundle
MEM001418,Jennifer,Williams,qhensley@example.com,485.748.7531x19804,1966-06-05,FL,46384,2023-08-09,AGT0001,MetLife,Vision Basic
MEM001419,Sylvia,Conway,nguyenterri@example.com,001-242-455-0786x88786,1954-01-04,GA,06011,2023-03-11,AGT0062,Zurich,Dental Premium
MEM001420,Jeremy,Lawrence,garywright@example.org,901.995.8663x9928,1980-04-22,GA,21404,2024-04-08,AGT0061,Zurich,Dental+Vision Bundle
MEM001421,Samantha,Stone,margaretlyons@example.com,(849)656-2917,1962-06-06,TX,39877,2023-05-16,AGT0059,VSP,Vision Premium
MEM001422,Danny,Smith,kathleenweaver@example.net,9706051028,1979-03-06,OH,44865,2023-06-02,AGT0080,Zurich,Vision Basic
MEM001423,Gail,Hernandez,thomaserik@example.net,+1-401-375-4541x6487,1970-11-21,GA,07782,2024-02-01,AGT0044,Zurich,Dental Basic
MEM001424,Miranda,Adams,danderson@example.com,+1-801-252-6974x4203,1989-10-02,KY,63583,2024-11-17,AGT0012,MetLife,Vision Premium
MEM001425,Amanda,Wang,jessica33@example.org,001-258-872-3836,1977-09-16,TX,06920,2024-08-08,AGT0016,Zurich,Vision Basic
MEM001426,Laura,Lin,sean92@example.org,(967)214-8581,1998-08-11,CA,13038,2023-07-17,AGT0007,Zurich,Vision Basic
MEM001427,Michael,Bowen,ecrawford@example.net,(309)425-1920,1995-02-04,IN,72552,2024-05-02,AGT0016,Zurich,Dental+Vision Bundle
MEM001428,Jennifer,Gomez,jeremyhernandez@example.net,704.793.7958x291,1951-09-14,KY,42799,2023-07-04,AGT0027,MetLife,Dental+Vision Bundle
MEM001429,Lisa,Jones,lauriebrewer@example.org,992-507-5741x4248,1989-11-08,OH,76892,2024-08-16,AGT0069,Zurich,Dental Premium
MEM001430,Robert,Cruz,carolyn88@example.org,001-612-649-7736x772,1954-01-14,FL,25571,2024-08-26,AGT0003,VSP,Dental Premium
MEM001431,Cynthia,Gonzalez,michelle97@example.net,429.265.7156x4380,1952-02-28,TX,30174,2024-02-29,AGT0041,VSP,Dental Premium
MEM001432,Joseph,Ferguson,davidsondavid@example.com,001-360-800-9409,1958-11-29,TX,92120,2023-04-28,AGT0022,VSP,Dental Basic
MEM001433,Michael,Perez,kanderson@example.com,(322)654-9203x6930,1958-01-15,IL,83014,2023-09-19,AGT0040,VSP,Vision Premium
MEM001434,Terri,Gaines,eddie31@example.net,772-826-4147,1979-03-09,IL,75418,2023-03-02,AGT0004,Zurich,Dental Basic
MEM001435,Tara,Smith,waltersaimee@example.org,+1-533-759-8474x229,1958-11-10,TN,81301,2024-02-04,AGT0019,VSP,Dental+Vision Bundle
MEM001436,Robert,Perry,zcobb@example.org,(739)202-2624x736,1983-09-09,OH,06098,2023-09-22,AGT0007,MetLife,Dental Basic
MEM001437,Jennifer,Thomas,andrewsjacqueline@example.net,9649761442,2002-07-30,MI,33192,2024-09-03,AGT0064,Zurich,Vision Premium
MEM001438,Megan,Thornton,jordan04@example.org,+1-531-569-7920x6754,1960-04-28,KY,40579,2024-01-30,AGT0008,VSP,Vision Basic
MEM001439,Stephanie,Sutton,rmatthews@example.com,792.952.8783,1955-11-15,FL,26470,2024-02-21,AGT0004,VSP,Vision Basic
MEM001440,John,Yates,mcclainjohn@example.com,645.333.0236,1974-02-23,TX,23925,2023-01-20,AGT0076,Zurich,Dental Basic
MEM001441,Elijah,Chang,andrew98@example.com,372.803.3505,1961-04-07,KY,06818,2024-07-22,AGT0073,VSP,Dental Premium
MEM001442,David,Underwood,cody07@example.net,255-658-7094,1994-11-24,MI,20408,2024-10-13,AGT0019,VSP,Vision Basic
MEM001443,Edwin,Holland,stacey64@example.org,599-225-5125,1971-12-30,TX,64243,2023-06-22,AGT0055,Zurich,Vision Basic
MEM001444,Kelli,Jones,richardlynn@example.net,(905)734-9419x715,1991-09-08,CA,47417,2023-01-02,AGT0038,Zurich,Dental+Vision Bundle
MEM001445,Tyler,Martinez,oreynolds@example.org,524.763.0616x21856,1955-05-26,FL,17726,2023-01-01,AGT0035,Zurich,Dental Premium
MEM001446,Albert,Maxwell,egraham@example.com,7428059868,1984-02-08,TN,78573,2024-11-27,AGT0028,Zurich,Dental+Vision Bundle
MEM001447,Sean,Wiley,james36@example.org,909.301.0146x10392,1954-01-30,IL,71010,2023-10-16,AGT0069,Zurich,Dental Basic
MEM001448,Brittney,Johnson,ydouglas@example.org,+1-781-868-7851,1985-06-19,OH,78604,2023-04-02,AGT0018,Zurich,Vision Basic
MEM001449,Brandon,Bell,guerreropatrick@example.com,001-288-326-7280x07272,1988-10-02,MI,88742,2023-10-14,AGT0079,Zurich,Dental+Vision Bundle
MEM001450,Elizabeth,Hancock,mmoore@example.com,556.240.7830,1980-09-27,KY,52974,2023-11-22,AGT0058,VSP,Dental Basic
MEM001451,Cassandra,Farley,dakota45@example.com,+1-883-867-1467x490,1980-08-25,MI,69556,2023-11-26,AGT0059,Zurich,Dental Premium
MEM001452,Zachary,Butler,carlos85@example.com,716-845-6059,1950-03-09,CA,27662,2023-05-17,AGT0061,MetLife,Dental+Vision Bundle
MEM001453,Wendy,Wright,gordonsabrina@example.net,539.520.0258x565,1965-07-27,GA,62068,2024-11-19,AGT0072,Zurich,Vision Premium
MEM001454,Jade,Olson,andrewgonzalez@example.com,287.319.2615x4872,1998-04-12,OH,19319,2024-02-07,AGT0010,Zurich,Dental Basic
MEM001455,Jose,Brown,stephanie45@example.com,5059490809,1989-12-09,OH,53121,2024-11-18,AGT0046,VSP,Dental+Vision Bundle
MEM001456,Crystal,Young,ytaylor@example.org,(630)534-3830x0091,1984-09-12,IL,41509,2024-01-02,AGT0002,MetLife,Vision Basic
MEM001457,Eric,Parker,valerievasquez@example.net,917-599-6546x628,1989-11-19,IN,47585,2023-07-17,AGT0029,Zurich,Dental Basic
MEM001458,Cory,Obrien,vmoore@example.org,256.700.2230x234,1982-02-07,MI,50602,2023-10-15,AGT0012,Zurich,Vision Basic
MEM001459,Julia,Hayes,lopezchristian@example.com,290.341.8280x51666,1971-01-07,FL,24053,2023-08-15,AGT0047,MetLife,Dental Premium
MEM001460,Jeff,Martinez,kelsey79@example.org,001-886-736-1527,1968-10-04,IN,72807,2024-09-12,AGT0026,Zurich,Dental Premium
MEM001461,Lisa,Foley,kevin20@example.org,(348)524-8863,2001-01-21,TX,60989,2023-10-12,AGT0064,MetLife,Vision Basic
MEM001462,Jimmy,Jones,bob11@example.net,5268691419,2000-10-02,CA,01340,2024-11-06,AGT0073,MetLife,Dental Basic
MEM001463,Patrick,Johnson,yarias@example.org,591.619.9256x92476,1955-11-02,IL,08809,2023-05-12,AGT0034,Zurich,Dental+Vision Bundle
MEM001464,Tanya,Robinson,campbelljames@example.org,211.681.4051x32517,1974-08-12,MI,41371,2024-06-19,AGT0003,Zurich,Vision Premium
MEM001465,Shannon,Shaw,vsmith@example.com,3672148783,1972-09-09,TX,26444,2024-09-21,AGT0059,MetLife,Dental+Vision Bundle
MEM001466,Dan,Pacheco,kathryn64@example.com,522.975.7940x7403,1954-08-27,TN,35303,2024-10-18,AGT0056,VSP,Dental Premium
MEM001467,Jonathan,Burton,osmith@example.org,+1-813-269-4126x410,1996-07-01,FL,29880,2024-11-27,AGT0064,VSP,Vision Basic
MEM001468,Gary,Blake,ebell@example.net,+1-880-757-6310x1089,1970-02-22,IN,39209,2023-02-14,AGT0036,VSP,Vision Basic
MEM001469,Richard,Davis,jeremiah06@example.com,6048748679,1950-06-19,GA,83807,2023-11-20,AGT0025,VSP,Dental Basic
MEM001470,Daisy,Velasquez,william81@example.com,3369100770,1952-04-11,MI,64239,2024-08-08,AGT0055,MetLife,Dental+Vision Bundle
MEM001471,Stephanie,Hubbard,desireeedwards@example.com,+1-833-207-8111x719,1964-10-03,TN,05286,2023-07-21,AGT0040,MetLife,Vision Basic
MEM001472,Joshua,Johnson,adamskelly@example.com,496-574-3338x49655,1952-07-02,FL,74890,2023-04-10,AGT0056,MetLife,Vision Basic
MEM001473,Valerie,Castillo,cardenasjessica@example.com,800.749.9926,1979-12-29,KY,28608,2024-10-03,AGT0032,MetLife,Vision Basic
MEM001474,Jennifer,Robbins,dholland@example.org,973-494-6248,1954-11-19,TN,26201,2023-12-15,AGT0067,MetLife,Dental+Vision Bundle
MEM001475,Laura,Cain,megan65@example.net,392.576.8714,1989-05-05,OH,36346,2024-09-06,AGT0058,Zurich,Dental Basic
MEM001476,Barbara,Gibbs,ylowery@example.com,7609558173,1952-12-28,GA,80130,2023-03-04,AGT0041,Zurich,Dental Basic
MEM001477,David,Gilmore,pricematthew@example.com,001-998-293-5464x639,1955-07-25,FL,13821,2023-05-11,AGT0008,VSP,Vision Basic
MEM001478,Sheila,Bates,michael03@example.net,001-734-427-1866x925,1955-11-26,OH,79712,2024-03-18,AGT0008,Zurich,Dental Basic
MEM001479,Martha,Wong,andrew26@example.org,8013101561,1986-01-14,OH,77233,2024-01-26,AGT0080,VSP,Dental Basic
MEM001480,Steve,Hoffman,tammy98@example.org,(613)800-8823,1950-12-14,FL,75600,2024-09-05,AGT0050,VSP,Vision Premium
MEM001481,Claudia,Duran,mwoods@example.net,510.844.8177,1959-02-01,TN,48054,2024-09-27,AGT0004,VSP,Vision Basic
MEM001482,Tara,Hardy,obriendavid@example.org,001-888-322-0631x86417,1967-04-09,OH,84134,2024-08-24,AGT0014,MetLife,Vision Basic
MEM001483,Crystal,Proctor,mariamoore@example.com,816-993-6835x991,2003-03-11,MI,57457,2023-03-11,AGT0074,MetLife,Vision Basic
MEM001484,Joshua,Copeland,jeremiahray@example.org,001-893-525-2826x712,1981-11-19,GA,60937,2023-09-20,AGT0062,Zurich,Vision Basic
MEM001485,Brandy,Jacobs,megan22@example.com,(896)844-4843,1971-10-25,IL,66993,2023-07-10,AGT0006,MetLife,Dental Basic
MEM001486,Daniel,Stanton,joneskrista@example.org,906.940.9805,1989-02-06,TX,11664,2024-08-21,AGT0046,VSP,Vision Basic
MEM001487,Mary,Stewart,brittney06@example.net,(378)479-0259,1963-01-24,IL,02573,2024-07-08,AGT0061,VSP,Vision Basic
MEM001488,Jennifer,Adams,dmckay@example.org,762-666-0323,1983-02-02,IN,09998,2023-10-26,AGT0067,Zurich,Vision Premium
MEM001489,Amanda,Smith,melvin99@example.net,473.679.3957x9551,1955-02-22,MI,94848,2023-05-29,AGT0065,Zurich,Dental+Vision Bundle
MEM001490,Shannon,Fleming,brownemma@example.com,403.786.2567x611,1980-11-05,MI,73326,2024-03-08,AGT0026,Zurich,Dental+Vision Bundle
MEM001491,Kelly,Horn,jaredhogan@example.net,6564308292,1980-08-22,MI,67515,2023-03-12,AGT0061,Zurich,Vision Premium
MEM001492,Steven,Nixon,laurenwilliams@example.com,+1-488-231-2736x54852,2003-10-23,TN,62358,2024-04-23,AGT0075,Zurich,Dental+Vision Bundle
MEM001493,Dennis,Brown,jkirk@example.com,(887)541-6279,1976-11-18,GA,82975,2024-09-22,AGT0043,MetLife,Dental Basic
MEM001494,Randall,Jones,michael10@example.org,(410)581-9484x226,1994-06-29,MI,90951,2023-02-13,AGT0001,Zurich,Dental Basic
MEM001495,Brandon,Clark,ferrelldennis@example.org,302-883-0342x43753,1991-11-09,CA,75621,2023-08-24,AGT0028,MetLife,Vision Basic
MEM001496,Donald,Frye,lindaniel@example.com,001-563-516-6968x740,1983-09-22,MI,00689,2023-12-06,AGT0052,MetLife,Dental+Vision Bundle
MEM001497,Jonathan,Ramirez,caleb06@example.org,(764)397-0084x45801,1982-07-20,IN,64700,2023-01-07,AGT0010,VSP,Dental Basic
MEM001498,Richard,Thomas,kgreer@example.net,2928411505,1962-10-11,KY,81146,2023-04-28,AGT0057,MetLife,Vision Basic
MEM001499,Ashley,Thornton,simonkendra@example.org,925-952-3228x05883,1953-12-09,IN,83857,2024-01-04,AGT0026,MetLife,Dental Premium
MEM001500,Kevin,Bailey,jody47@example.com,(753)495-0111,1973-07-04,IL,43050,2023-08-13,AGT0044,Zurich,Dental Basic
MEM001501,Luis,Jennings,stevenpadilla@example.net,+1-226-503-1748,1951-12-06,IL,03105,2023-07-20,AGT0034,MetLife,Dental Basic
MEM001502,Jonathan,Maynard,mannbrittany@example.org,+1-761-642-2935,1962-04-25,GA,87106,2024-11-24,AGT0015,VSP,Dental+Vision Bundle
MEM001503,Jessica,Carlson,brandondoyle@example.com,001-367-557-7991,1990-12-05,MI,59380,2023-11-09,AGT0048,VSP,Vision Premium
MEM001504,Veronica,Salinas,andrewtorres@example.com,762.974.5116x089,1988-11-29,OH,05609,2024-06-23,AGT0016,MetLife,Dental+Vision Bundle
MEM001505,Lauren,Rodriguez,donna22@example.org,001-333-468-9600x83476,1967-01-06,MI,88531,2023-05-14,AGT0069,VSP,Vision Premium
MEM001506,William,Lane,adrianmcneil@example.com,361-713-9979x927,2003-10-16,GA,91718,2023-11-22,AGT0032,MetLife,Vision Premium
MEM001507,Phillip,Williams,jasonrhodes@example.net,+1-885-328-5898,1966-12-19,TX,72079,2024-08-24,AGT0038,MetLife,Dental Premium
MEM001508,Kendra,Scott,tanyamcdonald@example.net,609.600.7379,1975-02-16,IL,36767,2023-02-24,AGT0066,Zurich,Dental+Vision Bundle
MEM001509,Larry,Sutton,molly44@example.org,6765926265,1957-04-21,FL,39523,2023-08-03,AGT0079,MetLife,Dental Basic
MEM001510,Kayla,Greer,norrisanthony@example.net,835-798-3985x907,1995-09-06,TN,66860,2024-02-02,AGT0064,Zurich,Vision Basic
MEM001511,Melissa,Cole,sandracrawford@example.com,+1-381-967-8434x07307,1983-07-18,TX,61540,2023-11-26,AGT0062,Zurich,Dental+Vision Bundle
MEM001512,Susan,Davis,lesliejohnson@example.net,5785836922,1974-01-27,CA,94282,2024-04-30,AGT0052,Zurich,Dental+Vision Bundle
MEM001513,Jennifer,Morris,youngjaime@example.net,001-395-428-5023,1953-04-14,MI,90072,2024-08-20,AGT0029,MetLife,Vision Basic
MEM001514,Laurie,Edwards,stephenedwards@example.net,001-451-549-7249x032,1985-07-08,MI,35607,2023-08-29,AGT0040,VSP,Dental+Vision Bundle
MEM001515,Timothy,Jones,vsparks@example.org,001-235-255-5702,1964-02-08,TN,54381,2024-08-08,AGT0033,Zurich,Dental Basic
MEM001516,Daniel,King,robertparker@example.com,001-547-361-2189,1976-06-21,FL,83714,2023-03-28,AGT0067,VSP,Dental Basic
MEM001517,Dylan,Rhodes,cameronmark@example.com,001-861-722-2830x5644,1991-09-28,TX,33050,2023-02-12,AGT0080,VSP,Dental Premium
MEM001518,Emily,Zuniga,mike59@example.com,9266356077,1988-10-20,GA,28863,2024-04-23,AGT0048,VSP,Dental Premium
MEM001519,Jesse,Taylor,mhodge@example.net,001-490-846-0082x3696,1952-03-20,IL,74269,2024-01-27,AGT0057,MetLife,Dental Premium
MEM001520,Andre,Arroyo,edwardelliott@example.com,206-217-9067x01512,1982-03-20,OH,27659,2023-03-19,AGT0038,Zurich,Vision Basic
MEM001521,Brandy,Clark,cheryl76@example.net,421.862.1833x3919,1957-01-05,KY,85540,2024-10-21,AGT0030,MetLife,Dental Basic
MEM001522,Chelsea,Rodriguez,jeffrey71@example.org,(960)908-2283,1953-06-08,TX,98621,2024-01-04,AGT0026,VSP,Dental Basic
MEM001523,Joshua,Gibson,stewartchristine@example.com,288.372.8206x3228,1972-06-06,KY,22443,2023-12-04,AGT0036,MetLife,Vision Premium
MEM001524,Robert,Ray,valenzuelajonathan@example.net,(658)995-2476x09606,1998-09-23,KY,20899,2023-05-22,AGT0002,VSP,Dental Premium
MEM001525,Heather,Scott,gregory73@example.com,+1-974-277-8840,1986-03-25,GA,91842,2023-12-21,AGT0075,Zurich,Dental Basic
MEM001526,Holly,Nelson,timothy70@example.com,629-488-9728,1995-12-29,IL,52783,2024-10-31,AGT0051,MetLife,Dental Basic
MEM001527,Alexandra,Pope,williamzhang@example.com,+1-216-741-7005x37186,1992-07-25,MI,51251,2023-08-03,AGT0067,Zurich,Vision Premium
MEM001528,Jessica,Sanders,nortoncharles@example.net,(464)679-5127x9831,1991-05-25,TN,18003,2024-04-24,AGT0011,VSP,Dental+Vision Bundle
MEM001529,Angela,Ward,emily41@example.com,2199919848,1987-06-22,MI,00863,2024-03-15,AGT0057,VSP,Dental+Vision Bundle
MEM001530,Sarah,Wilson,holtkimberly@example.net,(671)552-0771x0740,1983-08-14,IL,29983,2023-01-31,AGT0074,MetLife,Dental Premium
MEM001531,Roger,Kelley,jessica96@example.com,001-224-961-0511x090,1994-11-03,TN,07185,2023-01-10,AGT0044,MetLife,Dental Premium
MEM001532,Lisa,Crawford,anthony20@example.com,4252497239,1998-03-26,KY,11236,2024-02-18,AGT0042,Zurich,Dental Basic
MEM001533,Alexander,Craig,ndiaz@example.net,747.453.9659x7442,1962-06-26,IL,50777,2023-02-02,AGT0043,Zurich,Vision Basic
MEM001534,Elizabeth,Becker,elizabeth20@example.com,764-315-3740,2001-06-26,GA,25097,2024-09-09,AGT0049,MetLife,Dental+Vision Bundle
MEM001535,John,Pineda,mirandaclarke@example.com,001-399-976-8160x8557,1997-12-14,GA,39977,2023-03-07,AGT0025,VSP,Dental Basic
MEM001536,Carol,Williams,abigail96@example.net,614.249.9080x35862,1990-07-05,KY,88822,2024-08-06,AGT0012,MetLife,Dental Basic
MEM001537,Michael,Scott,anthony99@example.net,(232)745-3527x91111,1965-12-08,IN,91331,2024-07-20,AGT0078,VSP,Dental Basic
MEM001538,Michelle,Hayden,robert68@example.net,+1-859-332-1359,1956-03-27,GA,66047,2023-07-23,AGT0037,MetLife,Dental Basic
MEM001539,Elizabeth,Williams,mcummings@example.net,480-202-2642x597,1997-01-17,OH,44403,2024-11-06,AGT0059,MetLife,Dental Premium
MEM001540,Melissa,Phillips,lynnholmes@example.com,+1-619-921-4749,1965-06-01,TN,40484,2023-01-12,AGT0053,VSP,Dental Basic
MEM001541,Paul,Phillips,selenamullen@example.com,001-284-672-1461x7275,1961-08-02,TX,45607,2023-04-24,AGT0054,VSP,Vision Premium
MEM001542,Lauren,Howell,rodneylin@example.com,+1-688-797-9887x754,1968-07-10,IL,67704,2024-02-03,AGT0027,VSP,Dental Premium
MEM001543,Jonathan,Hayes,tammy34@example.org,892-493-6059,1992-08-05,IL,91645,2024-11-11,AGT0078,Zurich,Dental+Vision Bundle
MEM001544,Shawn,Alvarado,travisbonnie@example.com,(538)890-1248x4479,1968-03-18,TX,94711,2024-08-24,AGT0059,VSP,Dental Basic
MEM001545,Kristina,Bailey,morsechad@example.com,(286)722-3070x65948,1989-12-27,OH,30918,2023-05-27,AGT0052,Zurich,Dental+Vision Bundle
MEM001546,Curtis,Johnson,shannonbradshaw@example.org,403.672.7186,1979-07-05,CA,39593,2024-06-22,AGT0063,VSP,Vision Basic
MEM001547,Stephen,Sawyer,elopez@example.org,(913)280-7828,1958-03-05,KY,52286,2023-02-10,AGT0059,VSP,Vision Premium
MEM001548,Robert,Flores,michael85@example.net,(463)756-5418x0288,1985-02-01,CA,18786,2023-11-01,AGT0023,VSP,Dental Basic
MEM001549,Charles,Jackson,creynolds@example.com,+1-646-999-8428x828,1988-10-06,FL,05220,2024-09-24,AGT0050,Zurich,Dental Basic
MEM001550,Mark,Williams,santiagomary@example.org,+1-888-671-2320x366,1958-07-28,GA,17117,2024-08-05,AGT0006,MetLife,Dental+Vision Bundle
MEM001551,Kristin,Noble,igardner@example.com,+1-552-472-8760,1974-07-25,TX,01325,2023-06-11,AGT0038,Zurich,Dental+Vision Bundle
MEM001552,William,Durham,rhoffman@example.com,706-928-3345,1994-04-10,GA,32314,2023-08-11,AGT0071,MetLife,Dental+Vision Bundle
MEM001553,Matthew,Coleman,stephanieanderson@example.com,400.945.3585x9730,1959-06-10,TX,29418,2023-03-20,AGT0042,VSP,Vision Basic
MEM001554,Julie,Caldwell,georgecooper@example.com,6428402555,1968-08-09,TX,68816,2023-09-16,AGT0006,VSP,Dental Basic
MEM001555,Cassandra,Clarke,tinaflynn@example.com,+1-604-811-6788x1596,1991-06-10,GA,85032,2024-10-16,AGT0044,Zurich,Dental Premium
MEM001556,Steve,Rose,norman04@example.com,746.773.3229x12489,1985-08-03,IN,70579,2023-07-19,AGT0002,VSP,Dental Basic
MEM001557,Steven,Norris,smithmelinda@example.org,694.259.9426,1979-05-07,FL,64489,2023-05-20,AGT0063,VSP,Dental Basic
MEM001558,Robert,Fields,jamie12@example.net,9333980138,1971-09-27,FL,49773,2024-07-15,AGT0018,VSP,Dental+Vision Bundle
MEM001559,Douglas,Walker,roger90@example.com,+1-910-680-1533,1965-04-21,IN,26417,2023-06-15,AGT0078,MetLife,Dental Basic
MEM001560,Mark,Ellis,cynthiacole@example.org,971.756.5969x57945,1997-12-19,GA,74995,2023-05-08,AGT0022,MetLife,Vision Premium
MEM001561,Matthew,Hudson,anthony55@example.net,762.691.7148,1974-07-07,IL,10240,2023-01-12,AGT0057,VSP,Dental Basic
MEM001562,Angie,Weber,hannahanderson@example.net,(420)378-8216x511,1997-10-03,MI,39739,2023-02-05,AGT0057,Zurich,Dental Basic
MEM001563,Marilyn,Brooks,jennifer52@example.org,202.476.9473,1996-11-28,OH,39846,2024-10-12,AGT0050,Zurich,Dental Premium
MEM001564,Stephanie,Lopez,felicia32@example.net,524-640-2936,2003-09-01,IN,84909,2023-02-23,AGT0007,VSP,Vision Premium
MEM001565,Mary,Hartman,christopher18@example.org,(625)379-5990x047,1983-08-12,MI,18365,2023-09-13,AGT0026,MetLife,Dental Basic
MEM001566,Lauren,Rios,markrussell@example.org,+1-791-913-4348,1951-04-23,TN,09500,2023-01-29,AGT0025,Zurich,Vision Premium
MEM001567,James,Burke,dholt@example.com,+1-361-427-3421,1958-09-01,IL,03898,2023-08-14,AGT0022,MetLife,Dental Premium
MEM001568,Kerri,Harvey,waynemcknight@example.org,249-348-0298,1979-05-08,TN,76312,2023-04-21,AGT0072,Zurich,Dental Basic
MEM001569,Noah,Jenkins,eric19@example.org,+1-999-408-2133x56831,1998-08-07,GA,31106,2023-08-01,AGT0055,MetLife,Dental Basic
MEM001570,Kathleen,Ibarra,tburns@example.net,001-917-610-3891x918,1981-12-28,TN,05188,2023-04-19,AGT0023,MetLife,Dental Premium
MEM001571,Manuel,Delacruz,allenjamie@example.org,3346495607,1951-01-28,GA,68558,2023-11-20,AGT0028,VSP,Dental Basic
MEM001572,Thomas,Myers,mckenzietyler@example.com,001-325-372-3163x16037,1974-12-25,CA,86002,2024-11-04,AGT0048,MetLife,Dental Basic
MEM001573,Teresa,Powers,stewartpamela@example.com,9392963066,1986-11-18,KY,02292,2023-08-12,AGT0077,VSP,Dental+Vision Bundle
MEM001574,Michael,Lawson,zsloan@example.com,+1-293-923-3700x71580,1998-02-07,CA,09112,2023-04-15,AGT0022,VSP,Dental+Vision Bundle
MEM001575,Joshua,Williams,lgonzalez@example.org,430-565-8744x8883,1979-02-06,GA,61858,2024-09-06,AGT0018,VSP,Dental Basic
MEM001576,Matthew,Oconnor,hlopez@example.com,+1-525-385-4551,1993-04-03,OH,76012,2023-11-22,AGT0043,MetLife,Vision Basic
MEM001577,Stephanie,Harrington,samanthastone@example.org,001-536-278-8387x36932,1990-04-10,GA,04766,2024-08-22,AGT0066,Zurich,Vision Premium
MEM001578,Jonathan,Young,scott84@example.com,(548)367-4163x71206,2002-09-15,IN,60449,2024-05-30,AGT0030,MetLife,Vision Basic
MEM001579,Mason,Zamora,ccastillo@example.org,958-440-8114x415,1977-09-16,MI,71810,2023-05-08,AGT0055,MetLife,Vision Basic
MEM001580,Daniel,Collins,jacquelinesnow@example.org,(486)811-4603x61189,1962-05-05,TN,98610,2023-03-03,AGT0064,VSP,Dental Basic
MEM001581,Kaitlin,Patton,matthew46@example.com,626-283-6843x771,1968-05-03,IN,26506,2024-01-20,AGT0031,Zurich,Vision Basic
MEM001582,Kelly,Lloyd,crystal54@example.com,001-356-860-0301,1979-06-28,IL,84849,2024-03-30,AGT0036,VSP,Vision Basic
MEM001583,Tiffany,Hernandez,stephanieschmitt@example.com,001-574-721-7368,1996-09-23,GA,86762,2023-02-10,AGT0037,MetLife,Dental Basic
MEM001584,Kristi,Brown,mary70@example.net,340.399.1650,1980-09-30,MI,25270,2023-12-06,AGT0027,Zurich,Dental Basic
MEM001585,Robert,Steele,melissa03@example.com,748.343.7700x62795,1972-04-12,MI,40462,2024-11-11,AGT0078,VSP,Vision Basic
MEM001586,Lisa,Wheeler,jonathan96@example.com,001-954-721-7562,1989-09-08,IN,22593,2023-07-07,AGT0009,VSP,Dental Basic
MEM001587,Vincent,Coffey,perrysarah@example.net,473-544-7945,1954-09-04,IL,41532,2023-07-17,AGT0027,MetLife,Dental Basic
MEM001588,Emily,Cabrera,andreamorrow@example.com,389-471-0017x078,1999-03-29,MI,90034,2024-08-29,AGT0031,Zurich,Dental Basic
MEM001589,Jennifer,Campbell,shane13@example.org,594-584-1423x552,1977-12-11,IL,63860,2024-04-23,AGT0026,MetLife,Dental Premium
MEM001590,Gary,Nichols,zmarquez@example.net,398.313.0265x6477,1972-05-03,KY,45281,2024-09-12,AGT0037,Zurich,Dental Premium
MEM001591,Zachary,Anderson,houstonmichelle@example.com,3898410791,1968-01-26,KY,16132,2024-10-12,AGT0062,MetLife,Dental+Vision Bundle
MEM001592,Charles,Fitzpatrick,jonathan11@example.net,430.597.5424x73885,1985-09-23,GA,65649,2024-01-04,AGT0022,VSP,Dental Premium
MEM001593,Zoe,Caldwell,anita77@example.org,7783812532,1988-11-19,IL,21056,2024-06-01,AGT0062,MetLife,Vision Premium
MEM001594,Christopher,Santos,piercefrank@example.org,(779)590-9666x0286,1957-06-20,KY,72500,2024-03-13,AGT0077,Zurich,Dental Basic
MEM001595,Victoria,Calderon,stephen64@example.com,001-982-210-0370x90703,1973-01-30,GA,69671,2023-06-29,AGT0060,VSP,Vision Basic
MEM001596,Crystal,Walton,tellison@example.com,001-493-820-7098x34849,2000-06-07,CA,64950,2024-01-20,AGT0062,MetLife,Dental Premium
MEM001597,Jennifer,Fernandez,lpeck@example.net,(750)674-4565x72676,1967-07-24,IL,12272,2024-04-25,AGT0025,MetLife,Dental Basic
MEM001598,Kiara,Hicks,griffinbrenda@example.com,495.800.3452x2026,1983-07-30,FL,80645,2024-05-27,AGT0052,VSP,Dental+Vision Bundle
MEM001599,Victoria,Perez,davidpaul@example.net,252-857-3309x074,1984-06-15,FL,30267,2024-01-18,AGT0040,Zurich,Dental+Vision Bundle
MEM001600,Matthew,Reynolds,dwayne24@example.com,(775)512-5837x9900,1986-09-04,IN,52856,2023-03-14,AGT0016,VSP,Dental+Vision Bundle
MEM001601,Jennifer,Wang,jamesvasquez@example.org,542.928.5628,1967-06-05,GA,18826,2023-06-16,AGT0033,Zurich,Dental Premium
MEM001602,Paula,Wall,tylerthompson@example.com,001-593-610-3370x08942,1983-01-12,IN,04961,2024-05-15,AGT0050,VSP,Vision Premium
MEM001603,James,Griffin,james33@example.net,488-738-4561,1992-11-10,IN,85130,2023-09-06,AGT0047,Zurich,Vision Premium
MEM001604,Tommy,Kelley,adamsjeffery@example.org,001-285-817-6968,1963-04-08,KY,39271,2023-01-29,AGT0078,VSP,Dental+Vision Bundle
MEM001605,Mike,Mccarthy,kevin21@example.com,583.879.2640x5327,1972-10-24,MI,68972,2023-05-31,AGT0078,Zurich,Dental+Vision Bundle
MEM001606,Allison,Jensen,jessica28@example.net,590.539.7997,1951-02-09,OH,11026,2023-06-15,AGT0012,Zurich,Vision Premium
MEM001607,Heather,Johnson,codyhicks@example.net,+1-265-851-0250x66686,1985-09-04,CA,85203,2024-01-29,AGT0011,Zurich,Dental+Vision Bundle
MEM001608,Stephen,Mooney,fbutler@example.com,001-398-263-2895,1964-11-16,GA,30793,2024-03-09,AGT0033,Zurich,Dental Premium
MEM001609,Allison,Lopez,melissajames@example.org,855-596-3743,1984-05-05,CA,78694,2024-06-29,AGT0040,Zurich,Dental Premium
MEM001610,Cassandra,Gilbert,adrian89@example.com,246-456-5317x08730,1959-10-21,CA,97275,2023-04-02,AGT0045,MetLife,Dental Premium
MEM001611,Melissa,Smith,jillduffy@example.org,(963)625-6732x2348,1985-09-14,KY,74462,2023-08-03,AGT0001,MetLife,Dental+Vision Bundle
MEM001612,Jason,Petty,acontreras@example.org,001-810-290-4886,1958-09-10,OH,98515,2023-01-02,AGT0054,Zurich,Dental Premium
MEM001613,Scott,Cherry,roberttorres@example.com,001-289-537-8595x41760,1988-08-30,IL,65466,2023-10-23,AGT0023,VSP,Dental Basic
MEM001614,Colin,Perry,danielle81@example.org,957-234-6694x4733,1967-10-07,FL,98044,2023-05-18,AGT0024,Zurich,Dental+Vision Bundle
MEM001615,Kelli,Snow,david90@example.net,566-951-8378x47719,2000-11-16,MI,36341,2024-04-06,AGT0024,MetLife,Dental Basic
MEM001616,John,Baker,obrienrichard@example.com,+1-838-606-2502x308,1967-03-20,KY,52049,2023-07-07,AGT0053,VSP,Vision Basic
MEM001617,Leah,Farley,josephwalker@example.org,(248)569-5212x156,1959-10-19,IL,66614,2024-10-01,AGT0011,VSP,Dental Basic
MEM001618,Shannon,Smith,clarkmindy@example.com,+1-946-660-4903x764,1974-10-30,OH,60735,2023-05-08,AGT0044,MetLife,Vision Basic
MEM001619,Russell,Sloan,sandovalnicole@example.com,722-715-0396,1993-07-12,OH,72754,2024-05-04,AGT0002,MetLife,Dental Premium
MEM001620,Kristina,Mckinney,littlerebecca@example.org,7414589333,2002-04-03,IN,71779,2023-01-08,AGT0013,MetLife,Vision Basic
MEM001621,Robert,Espinoza,osmith@example.net,450-602-9573x80101,1983-09-14,CA,46876,2023-01-08,AGT0067,VSP,Dental+Vision Bundle
MEM001622,Melissa,Davis,pruittangelica@example.com,001-719-349-9913x6505,1980-03-27,CA,75944,2024-04-29,AGT0055,VSP,Dental Premium
MEM001623,Cody,Hess,martharay@example.net,418.567.1708x049,1978-04-13,MI,93186,2023-12-18,AGT0047,Zurich,Dental Premium
MEM001624,Frank,Houston,andre19@example.com,729-433-2134,1955-02-19,TN,18165,2024-09-17,AGT0043,MetLife,Dental Basic
MEM001625,Bobby,Savage,blake03@example.com,+1-817-875-8856x27480,1962-06-17,IN,14423,2024-02-16,AGT0078,MetLife,Dental+Vision Bundle
MEM001626,Carlos,Hull,rebeccamccormick@example.net,(703)906-9516,1972-04-19,TN,88813,2023-10-14,AGT0058,Zurich,Vision Premium
MEM001627,Christopher,Rodriguez,pwilliams@example.org,+1-211-423-9933,1996-03-12,GA,43039,2024-05-01,AGT0025,MetLife,Dental+Vision Bundle
MEM001628,Michael,Golden,icarpenter@example.org,(823)314-5968x89109,1951-06-29,TN,75306,2023-11-26,AGT0006,Zurich,Dental Premium
MEM001629,Kathryn,Dalton,rasmussenmichael@example.com,(311)820-3608,1970-12-15,CA,36425,2024-03-30,AGT0063,VSP,Vision Premium
MEM001630,Kimberly,Pugh,kingjulie@example.com,5816971408,1981-04-02,GA,56187,2023-03-25,AGT0061,Zurich,Dental+Vision Bundle
MEM001631,Anne,Baker,anthony60@example.net,+1-758-206-2745x66983,1984-07-12,KY,64347,2023-04-13,AGT0078,MetLife,Vision Premium
MEM001632,Jonathan,Franklin,christian29@example.net,5496577625,2001-04-22,TX,60025,2024-06-16,AGT0005,MetLife,Vision Basic
MEM001633,Richard,Myers,humphreylindsay@example.org,9166472861,1977-01-13,TX,88620,2023-03-31,AGT0060,MetLife,Dental+Vision Bundle
MEM001634,Jennifer,Wu,brandi02@example.net,(229)576-1166x2866,1993-04-04,TX,40929,2023-04-29,AGT0031,MetLife,Dental Basic
MEM001635,Candice,Anderson,mwalter@example.net,+1-367-701-6562x77402,1958-01-09,OH,65675,2024-11-06,AGT0056,Zurich,Dental Basic
MEM001636,Stephanie,Clark,marcohill@example.org,925-460-0858x94961,1984-05-28,KY,14656,2023-12-01,AGT0029,Zurich,Dental Premium
MEM001637,Michael,Sweeney,kendra05@example.net,853.213.1845,1961-01-16,IL,43674,2024-05-02,AGT0069,Zurich,Vision Premium
MEM001638,Cheyenne,Calderon,keithhernandez@example.org,(510)391-2944,1979-11-10,MI,36829,2023-04-03,AGT0074,Zurich,Dental Basic
MEM001639,Regina,Davidson,campbellanthony@example.net,383.343.7798x2402,1983-10-28,GA,56479,2023-12-18,AGT0072,VSP,Dental+Vision Bundle
MEM001640,Sarah,Thomas,robinsoncindy@example.net,+1-981-881-0096x24265,1973-03-30,OH,28949,2023-08-17,AGT0038,MetLife,Dental Basic
MEM001641,Erin,Ward,shayes@example.com,(963)448-8823,2003-02-17,MI,41731,2023-12-15,AGT0015,Zurich,Dental Premium
MEM001642,Lance,Adkins,danielleharris@example.org,578-682-8050,1984-02-10,CA,44594,2023-11-17,AGT0001,VSP,Dental Basic
MEM001643,Michael,Spencer,williamruiz@example.org,976-676-6608x288,1967-01-13,GA,42568,2024-07-02,AGT0055,VSP,Vision Premium
MEM001644,Jasmine,Carey,qmiller@example.org,5753313685,1961-05-01,TX,49183,2024-11-26,AGT0078,Zurich,Dental Basic
MEM001645,Kimberly,Fletcher,qanderson@example.net,2748144301,1950-10-29,TX,11199,2024-02-09,AGT0059,VSP,Dental Basic
MEM001646,Joshua,Mitchell,brittanycamacho@example.com,757-544-3319x9711,1969-08-22,FL,30265,2023-10-31,AGT0059,MetLife,Vision Basic
MEM001647,Lori,Eaton,bmartin@example.net,901.700.3434x499,1953-01-30,CA,97349,2023-05-30,AGT0041,VSP,Vision Basic
MEM001648,Jennifer,Haynes,usims@example.net,681.578.6021x59927,1974-07-14,CA,60314,2023-05-07,AGT0062,Zurich,Dental+Vision Bundle
MEM001649,Samuel,Hull,travisroberts@example.org,631.222.2395,1976-02-25,GA,58037,2024-05-21,AGT0008,VSP,Dental Basic
MEM001650,Alexander,Hayes,hooperjessica@example.net,836.887.4777x40703,1970-03-12,IN,54388,2023-08-04,AGT0023,VSP,Vision Premium
MEM001651,Michele,Hendrix,richard07@example.com,001-822-482-1282x193,1964-04-13,IN,63515,2023-11-03,AGT0071,VSP,Dental Premium
MEM001652,Angela,Green,qanderson@example.net,493.230.4596,1992-06-22,TN,53230,2024-11-25,AGT0051,VSP,Dental Basic
MEM001653,Richard,Levy,clayamy@example.org,323-344-3584,1975-05-02,MI,68770,2023-10-17,AGT0071,VSP,Dental Basic
MEM001654,Diane,Jarvis,jbell@example.com,(210)663-7817,2002-01-26,IN,73784,2023-11-28,AGT0039,VSP,Vision Premium
MEM001655,Jennifer,Hurley,hking@example.org,665-495-5859,1962-05-05,FL,10102,2024-08-14,AGT0062,VSP,Dental+Vision Bundle
MEM001656,Cindy,Porter,sandraclark@example.com,865.997.2767,1969-07-27,MI,62922,2023-08-03,AGT0002,VSP,Vision Premium
MEM001657,Tony,Bradley,kristina61@example.org,001-641-474-9195x38088,1959-02-23,IL,57170,2024-08-12,AGT0049,VSP,Vision Premium
MEM001658,Kristin,Wyatt,jameslawson@example.net,661.250.0111x3915,1955-01-20,OH,40847,2023-06-22,AGT0046,VSP,Dental Basic
MEM001659,Justin,Curry,fbonilla@example.net,(814)399-0108,1960-07-12,TX,50894,2023-02-23,AGT0044,Zurich,Dental Premium
MEM001660,Kimberly,Solomon,margaret90@example.com,+1-899-915-7380x6799,1986-03-31,MI,87835,2023-06-02,AGT0005,MetLife,Dental Basic
MEM001661,Jerry,Hayes,silvapreston@example.org,(737)826-4320,1977-02-26,CA,74899,2024-05-15,AGT0023,Zurich,Vision Premium
MEM001662,Ariel,Pollard,rhonda97@example.org,+1-355-979-3277x01154,1958-01-15,FL,89096,2024-11-17,AGT0049,VSP,Vision Basic
MEM001663,Victor,Garrett,jessicahorn@example.org,001-868-356-8888,1982-12-15,IN,05079,2024-03-31,AGT0016,MetLife,Dental Basic
MEM001664,Sarah,Mills,wgonzalez@example.net,(579)443-3644x7026,1995-09-25,MI,64726,2024-05-15,AGT0003,Zurich,Vision Basic
MEM001665,Randall,Vasquez,wdyer@example.com,+1-964-358-7669x494,1993-01-07,KY,46228,2024-08-09,AGT0013,Zurich,Dental Basic
MEM001666,Michael,Fuller,joshuaramos@example.com,802-740-5377x29084,1988-11-27,KY,30253,2024-05-10,AGT0074,MetLife,Dental Basic
MEM001667,Darlene,Green,younglinda@example.com,780-878-0538x338,1998-03-23,IL,76568,2023-03-07,AGT0052,Zurich,Dental Basic
MEM001668,Jacob,Griffith,wrightcarolyn@example.com,001-280-840-7373x0415,1998-02-15,TX,29130,2024-07-23,AGT0063,MetLife,Vision Basic
MEM001669,Gregory,Mayo,mary51@example.org,001-826-958-3879x6334,1998-05-10,OH,37349,2024-08-21,AGT0027,Zurich,Dental+Vision Bundle
MEM001670,Deborah,Adams,vshields@example.org,332.773.9974,2003-10-01,IL,78441,2023-07-05,AGT0001,Zurich,Dental Premium
MEM001671,Dwayne,Brown,lisa10@example.org,7273607819,1961-01-14,IN,51847,2023-11-18,AGT0017,Zurich,Dental Basic
MEM001672,Kerry,Holmes,oalvarez@example.com,583.730.6144,1957-11-17,TX,59114,2023-06-15,AGT0033,MetLife,Dental Basic
MEM001673,Michelle,Watson,nrice@example.com,9527602706,1995-05-30,KY,57217,2023-05-08,AGT0047,Zurich,Dental Basic
MEM001674,Katelyn,Brown,fieldsrobin@example.net,+1-912-692-3613x91237,1950-01-03,MI,48200,2024-11-04,AGT0039,MetLife,Dental+Vision Bundle
MEM001675,Carmen,Chapman,susan13@example.org,768.370.5807x9106,1976-04-28,TX,04428,2024-06-15,AGT0057,MetLife,Vision Basic
MEM001676,Lori,Adams,djohnson@example.net,584.678.4830,1996-11-21,TN,68336,2023-11-17,AGT0078,Zurich,Vision Basic
MEM001677,Maureen,Bell,ryancline@example.net,304-949-2728x0903,1954-01-05,MI,73125,2023-04-12,AGT0005,MetLife,Dental Basic
MEM001678,Misty,Hunter,qlara@example.org,001-716-578-5984x4408,1962-01-15,CA,03640,2023-08-09,AGT0071,MetLife,Vision Basic
MEM001679,James,Lopez,murraypaige@example.com,4525699015,1961-07-12,CA,85563,2023-10-12,AGT0055,MetLife,Vision Basic
MEM001680,Benjamin,Anderson,ojames@example.org,+1-323-756-5403x079,1984-04-02,IL,36569,2023-09-24,AGT0052,VSP,Dental Basic
MEM001681,Linda,Skinner,feliciaclark@example.org,2122953185,1988-02-28,IL,38801,2023-09-18,AGT0069,MetLife,Dental Basic
MEM001682,David,Miller,hollychang@example.net,(682)904-8109x3054,1967-04-14,TN,29011,2023-10-03,AGT0073,Zurich,Vision Basic
MEM001683,Rose,Howard,ngreene@example.net,524.455.3815x18272,1964-09-19,GA,57725,2024-06-07,AGT0020,VSP,Dental+Vision Bundle
MEM001684,Sarah,Christian,miranda18@example.com,(755)276-8815,1983-12-31,IN,32440,2024-03-20,AGT0078,MetLife,Dental Basic
MEM001685,Brian,Palmer,nluna@example.com,348-776-1504x8849,1997-09-06,OH,97113,2023-05-08,AGT0071,VSP,Dental Basic
MEM001686,Anthony,Armstrong,keith40@example.org,307-269-5559x35588,1957-12-25,TN,67057,2024-10-17,AGT0043,VSP,Dental Basic
MEM001687,Katherine,Anderson,seanparsons@example.com,577.974.5925x412,1974-07-20,IN,19950,2023-08-20,AGT0013,VSP,Dental+Vision Bundle
MEM001688,Melissa,Doyle,timothyharrison@example.org,6708455948,1983-12-21,OH,61035,2023-08-16,AGT0016,MetLife,Vision Basic
MEM001689,Peggy,Weeks,grahamdavid@example.net,001-556-771-2559,2002-10-29,FL,04416,2023-11-10,AGT0013,Zurich,Dental Premium
MEM001690,Sarah,Frank,ngriffin@example.net,8647122727,1975-04-20,TX,26367,2024-08-08,AGT0035,Zurich,Dental Basic
MEM001691,Linda,Mcmahon,stacy34@example.org,700.754.5583x4559,1965-04-27,TN,57535,2023-02-19,AGT0050,MetLife,Dental Premium
MEM001692,Laurie,Mullen,qgay@example.org,757.266.8089,1997-09-13,TX,40022,2024-11-25,AGT0077,VSP,Vision Basic
MEM001693,Vanessa,Manning,johnsonrobert@example.net,7434171557,1973-03-29,IN,12754,2023-05-11,AGT0066,Zurich,Dental Basic
MEM001694,Connie,Riley,jeffreyhawkins@example.org,001-293-716-0898x88501,1962-10-20,GA,49234,2023-05-10,AGT0073,Zurich,Dental Premium
MEM001695,Kristy,Arnold,davismike@example.org,(502)564-0093,1983-03-18,MI,75299,2024-10-16,AGT0078,VSP,Vision Premium
MEM001696,Ryan,Porter,lopezaaron@example.net,588.678.2188,1989-05-19,TN,37637,2023-07-07,AGT0060,Zurich,Dental Premium
MEM001697,Stephanie,Cole,mullinsrobert@example.com,(863)842-0834x81242,1996-09-14,MI,38787,2024-03-14,AGT0040,Zurich,Dental+Vision Bundle
MEM001698,Timothy,Hernandez,bparker@example.com,383.927.9663x795,1986-06-21,TN,58648,2023-11-09,AGT0012,Zurich,Dental Basic
MEM001699,Mallory,Turner,larryfox@example.net,544-369-3995,1958-05-27,IL,43366,2023-09-03,AGT0074,MetLife,Dental Basic
MEM001700,Mark,Kim,desiree39@example.com,8268908964,1999-09-19,FL,55328,2023-10-20,AGT0002,VSP,Vision Premium
MEM001701,Elizabeth,Morton,benjamindavid@example.net,(929)423-2468,1993-01-12,FL,24846,2023-05-20,AGT0066,Zurich,Dental+Vision Bundle
MEM001702,Rebecca,Perez,jerrymann@example.com,7619386748,1961-03-09,GA,66226,2024-06-29,AGT0002,Zurich,Dental Basic
MEM001703,John,Hebert,mark65@example.net,001-876-957-8680x05512,1988-02-16,TX,85915,2023-01-08,AGT0045,MetLife,Dental+Vision Bundle
MEM001704,Roger,Fowler,jason63@example.org,205.261.4653x442,1997-05-19,CA,38752,2024-11-08,AGT0006,Zurich,Dental Premium
MEM001705,Edward,Hooper,dramos@example.net,752-203-5191,1996-12-19,MI,45108,2023-06-22,AGT0023,MetLife,Dental Premium
MEM001706,Robert,Burton,jeffreykoch@example.net,408-914-3229x87663,1996-02-01,TN,88531,2023-05-17,AGT0007,VSP,Vision Basic
MEM001707,Brittany,Moran,david38@example.org,7604891700,1983-06-28,OH,17135,2023-06-24,AGT0044,Zurich,Dental Basic
MEM001708,Carrie,Rice,stephen49@example.com,(899)305-2702x599,1960-07-29,KY,15320,2024-07-06,AGT0039,VSP,Dental Premium
MEM001709,Laurie,Lewis,bradleydunlap@example.org,+1-377-851-3061x0922,1950-03-15,CA,72559,2023-08-07,AGT0051,MetLife,Dental+Vision Bundle
MEM001710,Briana,Roberts,madelinerodriguez@example.com,620.543.1927,1996-04-01,IN,11902,2024-10-20,AGT0060,Zurich,Dental+Vision Bundle
MEM001711,Hayden,Coleman,raymond02@example.org,461.665.5806,1981-12-01,IN,59966,2023-02-28,AGT0079,VSP,Dental Premium
MEM001712,Mark,Morgan,ibryant@example.org,+1-936-270-2751x00568,1959-08-13,IN,56372,2023-12-29,AGT0045,Zurich,Dental Basic
MEM001713,Beth,Flores,bartonteresa@example.org,001-581-567-9323x539,1950-10-18,OH,02689,2023-12-30,AGT0056,VSP,Dental Basic
MEM001714,Crystal,Wood,jessica51@example.com,470-879-4321x83024,1996-02-22,IL,90076,2024-06-25,AGT0053,MetLife,Dental+Vision Bundle
MEM001715,Joseph,Brady,courtney51@example.net,2207411548,1963-12-18,KY,13415,2023-01-08,AGT0029,VSP,Dental Premium
MEM001716,Brendan,Walker,peter53@example.org,(633)305-7543x70098,1982-09-13,GA,53666,2023-11-03,AGT0024,Zurich,Dental+Vision Bundle
MEM001717,Kelli,Baker,chickman@example.net,+1-521-570-4701x2592,1989-05-07,FL,82759,2023-04-22,AGT0021,MetLife,Dental Premium
MEM001718,Lori,Garner,colemary@example.net,(368)917-6975x059,1950-07-10,TN,97428,2024-03-20,AGT0026,MetLife,Dental Basic
MEM001719,Joel,Norris,anthonymiles@example.org,+1-855-691-6983x31793,1961-12-29,GA,84856,2023-02-11,AGT0054,Zurich,Dental Premium
MEM001720,Victor,Stone,jennifer06@example.com,001-745-225-9357x076,1964-05-20,MI,76070,2023-02-02,AGT0062,Zurich,Dental+Vision Bundle
MEM001721,Jose,White,harrisonnicole@example.com,(822)271-9260x26118,1987-10-12,FL,97429,2023-05-02,AGT0071,VSP,Vision Premium
MEM001722,David,Fritz,ryansmith@example.net,294-590-8170,1979-02-23,GA,18318,2023-05-11,AGT0065,Zurich,Dental+Vision Bundle
MEM001723,Victor,Sullivan,alisoncooper@example.net,+1-487-377-7014x97268,1961-10-16,OH,14287,2024-02-03,AGT0014,MetLife,Dental Basic
MEM001724,Anna,Simmons,btorres@example.com,735.395.6919x220,1994-11-10,IN,27325,2023-12-19,AGT0031,MetLife,Vision Premium
MEM001725,Micheal,Allen,urobles@example.net,+1-992-550-0751x67486,1988-07-19,CA,48094,2023-12-17,AGT0002,VSP,Vision Basic
MEM001726,Amber,Arnold,burnstyler@example.net,547.579.3599x584,1993-08-05,OH,49370,2023-10-16,AGT0055,MetLife,Vision Basic
MEM001727,Paul,Lane,lwalton@example.com,(301)493-0646,1966-10-07,MI,50508,2024-06-07,AGT0036,MetLife,Dental+Vision Bundle
MEM001728,Lisa,Rodriguez,carrollsuzanne@example.net,935.530.3138,1988-07-02,MI,05692,2023-09-11,AGT0061,Zurich,Vision Premium
MEM001729,Manuel,Long,zacharyrojas@example.com,(933)655-2620x294,1995-01-25,CA,63422,2023-04-16,AGT0024,MetLife,Dental+Vision Bundle
MEM001730,William,Wilson,richardbond@example.net,445.517.3922,1963-05-06,MI,11341,2024-08-28,AGT0016,MetLife,Dental Premium
MEM001731,Scott,Stevens,arogers@example.org,001-947-350-5577,1967-03-30,IL,60621,2023-10-08,AGT0055,MetLife,Vision Basic
MEM001732,Kevin,Jones,elizabethlewis@example.net,435-238-1157x50927,1954-07-28,GA,81621,2023-04-04,AGT0053,Zurich,Dental Premium
MEM001733,Joseph,Johnson,oscarmiles@example.com,856.929.4339x168,1970-10-06,MI,01125,2024-10-10,AGT0044,VSP,Vision Basic
MEM001734,Lindsay,Medina,allen94@example.org,001-594-741-0104x27974,1988-04-25,IN,36992,2024-06-06,AGT0039,MetLife,Dental Premium
MEM001735,Mckenzie,Hernandez,rodriguezalicia@example.org,589.669.9132x93575,1981-06-29,GA,66403,2023-10-15,AGT0032,VSP,Dental+Vision Bundle
MEM001736,Pam,Jones,nguyenvictor@example.org,775-660-1642x6245,1953-09-01,IN,55056,2023-07-06,AGT0007,Zurich,Vision Premium
MEM001737,Veronica,Smith,suzannerivas@example.com,001-946-592-2394x071,1975-08-07,FL,87848,2023-08-06,AGT0036,Zurich,Dental Basic
MEM001738,Kenneth,Hill,zgentry@example.net,747-300-6039x81079,1972-08-19,FL,51774,2023-07-09,AGT0047,VSP,Dental Premium
MEM001739,James,Anderson,cynthia12@example.org,(224)717-5616,1951-03-24,TX,57664,2023-04-10,AGT0017,VSP,Dental Premium
MEM001740,Johnny,Greer,joseph33@example.net,366.750.2859,2002-11-01,TX,57005,2024-01-06,AGT0078,VSP,Dental Basic
MEM001741,Heather,Suarez,gonzalescheyenne@example.net,(378)329-0524x922,1968-11-04,CA,84796,2023-10-10,AGT0050,MetLife,Dental+Vision Bundle
MEM001742,Gina,Santos,ashleylozano@example.com,314.614.0138x56993,2003-12-29,OH,22574,2023-05-14,AGT0006,Zurich,Dental+Vision Bundle
MEM001743,Robert,Moore,poolelori@example.org,674-802-0984,1967-02-01,MI,81538,2024-11-01,AGT0058,MetLife,Dental Basic
MEM001744,Tina,Palmer,npowell@example.com,+1-818-927-2913,1980-10-06,KY,88060,2024-07-13,AGT0061,MetLife,Vision Basic
MEM001745,Mark,Lawson,gentrylarry@example.com,001-291-753-2180x113,1953-12-06,IL,18509,2023-06-07,AGT0025,VSP,Vision Basic
MEM001746,Jeff,Howard,paigeyoung@example.org,+1-940-322-4626,2000-04-09,TN,83041,2023-09-16,AGT0047,VSP,Vision Basic
MEM001747,John,Deleon,cooleylawrence@example.com,(238)667-0776,1989-02-15,OH,18145,2023-05-01,AGT0062,VSP,Vision Basic
MEM001748,Christine,Dennis,bbowman@example.net,(674)208-7721x0752,1951-12-18,IL,03183,2024-05-30,AGT0077,VSP,Vision Premium
MEM001749,John,Robinson,khanmitchell@example.org,4978247254,1975-12-27,IN,45898,2023-05-13,AGT0073,MetLife,Vision Premium
MEM001750,Keith,Brown,brittneywashington@example.com,001-839-585-2381x82893,1985-08-30,FL,88400,2023-07-14,AGT0069,Zurich,Dental+Vision Bundle
MEM001751,Courtney,Waters,bdunn@example.net,3707423573,1989-04-10,TX,76367,2023-06-19,AGT0050,Zurich,Vision Premium
MEM001752,Joe,Hoover,lmaldonado@example.org,+1-713-253-4705x07077,1974-05-11,MI,95294,2024-02-15,AGT0024,MetLife,Dental Basic
MEM001753,Angelica,Ellison,ashley99@example.net,(735)776-8662x1380,2003-02-14,IN,10063,2023-08-12,AGT0066,VSP,Vision Basic
MEM001754,Cheryl,Morrow,jodi42@example.org,(695)351-3305x915,1973-03-22,KY,76763,2024-06-21,AGT0029,VSP,Vision Premium
MEM001755,Robert,Hopkins,daniel10@example.net,(674)351-3636x59050,1960-09-07,IL,64888,2024-07-19,AGT0029,MetLife,Vision Basic
MEM001756,John,Andrade,donaldgreen@example.com,001-378-970-3238x128,1953-07-04,IL,08775,2023-10-26,AGT0036,MetLife,Dental Premium
MEM001757,Olivia,Marks,michaelvalencia@example.net,552.311.2759x637,1972-05-04,MI,11993,2023-02-22,AGT0069,MetLife,Dental Basic
MEM001758,Kevin,Skinner,johntravis@example.org,+1-686-223-0659,1983-02-12,TN,04007,2023-12-22,AGT0011,Zurich,Dental+Vision Bundle
MEM001759,Jimmy,Reilly,hicksandrew@example.net,(248)351-0021x82414,1961-12-27,GA,59187,2023-09-28,AGT0079,VSP,Dental Premium
MEM001760,Brandon,Holmes,obrown@example.net,487.232.1499x9703,1950-12-08,TN,37214,2023-02-28,AGT0029,Zurich,Dental+Vision Bundle
MEM001761,Jacob,Collins,uscott@example.org,342-210-6510x0460,1972-12-19,IN,82946,2023-06-30,AGT0069,Zurich,Dental+Vision Bundle
MEM001762,Kelly,Gonzalez,matthewcook@example.net,994.420.7223x956,1959-07-20,GA,86606,2024-08-20,AGT0033,Zurich,Vision Basic
MEM001763,Christopher,Gray,pagelauren@example.net,001-989-987-8776x77513,1968-06-30,FL,86521,2024-07-18,AGT0029,VSP,Dental Premium
MEM001764,Charles,Clarke,patelaudrey@example.net,620.748.7304x519,1985-06-24,IL,45272,2024-08-18,AGT0058,MetLife,Vision Premium
MEM001765,Jocelyn,Ortiz,brewerkristy@example.net,641.288.0796,1983-01-27,IL,33003,2024-03-20,AGT0062,MetLife,Vision Basic
MEM001766,Connie,Pope,nancy58@example.com,+1-639-518-5362x054,1966-08-07,IL,31373,2024-04-15,AGT0025,Zurich,Vision Basic
MEM001767,Brandy,West,johnathan63@example.net,267-702-0715x37842,1975-04-22,IN,47561,2023-07-04,AGT0040,MetLife,Dental+Vision Bundle
MEM001768,Faith,Bailey,katelyn54@example.com,001-307-289-6778x88922,1966-11-08,OH,97529,2024-02-08,AGT0019,MetLife,Dental Premium
MEM001769,Benjamin,Chan,frostandrew@example.net,671-312-4617x5780,1986-02-10,OH,03513,2024-04-10,AGT0068,MetLife,Vision Premium
MEM001770,Stephanie,Duke,fortiz@example.net,(944)326-2447x04986,1958-12-12,GA,15571,2023-01-13,AGT0050,MetLife,Dental Basic
MEM001771,Linda,Petty,aowens@example.org,925.570.4430,1953-12-04,IL,18143,2023-01-14,AGT0032,MetLife,Dental Premium
MEM001772,Kyle,Bennett,kbarton@example.net,449.603.0438x1779,2003-10-18,IN,53446,2024-10-04,AGT0002,MetLife,Vision Basic
MEM001773,Mckenzie,Martin,hjohnson@example.org,530-318-6432,1957-08-16,MI,35141,2023-12-13,AGT0018,VSP,Vision Premium
MEM001774,Sandra,Norris,collin12@example.com,(491)770-0343x743,1964-08-20,KY,50483,2024-03-30,AGT0043,VSP,Dental Basic
MEM001775,Linda,Harrison,comptonlaura@example.net,336-225-1231x15411,1998-10-06,KY,84397,2023-02-27,AGT0070,MetLife,Dental Basic
MEM001776,Derrick,Gray,vgarcia@example.com,+1-993-500-5221x4426,1959-03-24,TX,98577,2023-02-15,AGT0038,MetLife,Vision Basic
MEM001777,Karen,Velasquez,elizabeth56@example.org,461-859-9944,1962-09-22,IN,92484,2024-03-01,AGT0029,MetLife,Dental Basic
MEM001778,Christopher,Hill,leonard75@example.net,(668)629-5081,1963-03-23,TN,04616,2024-01-30,AGT0037,MetLife,Dental+Vision Bundle
MEM001779,Isaac,Lee,michaelwood@example.org,(780)235-2880x507,1984-07-08,OH,65653,2024-12-01,AGT0063,MetLife,Dental+Vision Bundle
MEM001780,Jennifer,Romero,xstokes@example.com,825-624-7777x4449,1959-02-16,KY,77479,2023-08-18,AGT0046,MetLife,Vision Basic
MEM001781,John,Torres,lindsay06@example.org,(598)982-6486x2755,1982-05-05,OH,61139,2023-05-02,AGT0006,Zurich,Dental Basic
MEM001782,Brittney,Glover,rebecca46@example.org,001-712-610-4072,1997-08-04,TN,46930,2024-03-14,AGT0077,MetLife,Vision Premium
MEM001783,Jessica,Morrison,davisryan@example.net,+1-332-947-0792x625,1977-01-20,CA,39383,2023-06-03,AGT0037,VSP,Dental+Vision Bundle
MEM001784,James,Jennings,robinsonnathan@example.net,494.939.8844,1994-10-16,TN,73483,2023-10-05,AGT0034,Zurich,Vision Premium
MEM001785,Ashley,Moore,ronaldhartman@example.com,001-749-964-5495,1963-05-03,IL,96582,2023-01-03,AGT0041,MetLife,Dental Premium
MEM001786,William,Wilson,uhardy@example.org,542.871.8322x4023,1956-01-15,OH,87750,2024-05-04,AGT0074,VSP,Dental+Vision Bundle
MEM001787,Robin,Alvarez,murraysamantha@example.com,001-804-504-6551x128,1962-12-24,OH,66645,2023-10-13,AGT0042,MetLife,Dental Basic
MEM001788,Christopher,Martinez,bellsharon@example.net,(789)420-7459,1981-08-20,TN,69430,2024-01-30,AGT0064,VSP,Vision Basic
MEM001789,Tiffany,Meza,achan@example.com,942.539.3543x3732,2003-12-26,TN,80181,2024-02-28,AGT0018,Zurich,Dental+Vision Bundle
MEM001790,Robert,Francis,christophermullen@example.org,6025607721,1987-07-24,TX,82818,2024-01-28,AGT0064,Zurich,Vision Basic
MEM001791,Courtney,Mckay,khuber@example.net,(253)571-5573x1052,1998-02-08,MI,09085,2024-06-29,AGT0050,MetLife,Vision Basic
MEM001792,Angela,Walker,brett93@example.org,773.212.9734x148,1997-04-10,CA,21460,2024-03-07,AGT0029,Zurich,Dental Basic
MEM001793,Gabrielle,Chavez,catherine08@example.org,(380)609-0722x08712,1950-04-04,MI,46005,2024-01-06,AGT0003,VSP,Vision Basic
MEM001794,Hector,Carlson,ashley02@example.org,915.799.8751,1959-11-19,IN,58890,2023-05-17,AGT0045,VSP,Dental+Vision Bundle
MEM001795,Kristine,Johnson,jamesfuentes@example.net,580.260.9417x50241,1976-06-09,FL,06671,2023-05-23,AGT0019,Zurich,Dental+Vision Bundle
MEM001796,Scott,Garrett,wsnyder@example.net,001-775-258-5095x914,1971-10-04,MI,39386,2024-03-07,AGT0029,MetLife,Vision Premium
MEM001797,Christine,Kerr,rachelmyers@example.net,262-672-8651x8142,1962-11-02,GA,30118,2023-05-01,AGT0004,Zurich,Dental+Vision Bundle
MEM001798,Denise,Nelson,robin46@example.org,676-343-4939,1954-11-08,OH,56304,2024-01-16,AGT0075,MetLife,Vision Basic
MEM001799,Kristen,Dorsey,ccole@example.com,+1-686-398-5857,1964-03-11,IN,98993,2024-08-31,AGT0019,VSP,Dental Basic
MEM001800,Christopher,Foster,jellis@example.com,918-279-3978x9537,1956-11-30,IN,10001,2023-09-08,AGT0073,VSP,Dental Basic
MEM001801,Tammy,Ramirez,natasharodriguez@example.net,259-682-4378x047,1992-02-23,IL,05649,2023-07-06,AGT0068,Zurich,Dental+Vision Bundle
MEM001802,Timothy,Lawrence,zcooper@example.net,556.792.6920x327,1986-12-02,TN,65554,2024-04-26,AGT0057,Zurich,Vision Premium
MEM001803,David,Diaz,ebranch@example.org,300.785.7895,1959-12-25,IL,31188,2023-10-21,AGT0008,Zurich,Dental Basic
MEM001804,Donald,Torres,kimberly60@example.org,001-280-557-8369,1995-02-25,IL,04541,2023-06-27,AGT0002,VSP,Dental+Vision Bundle
MEM001805,James,Kent,nicholsontheresa@example.net,(953)229-8568x4997,1990-10-04,TX,97018,2024-11-27,AGT0034,Zurich,Vision Basic
MEM001806,Tyrone,Williams,johnsonjoseph@example.com,343-937-0049,1988-01-04,IL,40985,2023-08-21,AGT0035,MetLife,Vision Basic
MEM001807,Patricia,Campbell,fcastro@example.net,001-763-687-6215x7740,1969-01-03,GA,49607,2023-05-09,AGT0080,MetLife,Dental Basic
MEM001808,Martha,Kim,millskelly@example.net,001-974-414-2785x3141,2000-03-05,CA,55323,2023-07-08,AGT0010,Zurich,Vision Basic
MEM001809,Jared,Scott,christophermartin@example.org,001-339-598-2159x007,1986-05-06,GA,18669,2023-11-17,AGT0022,MetLife,Dental+Vision Bundle
MEM001810,Dorothy,Smith,stacy45@example.com,871.554.1766x045,1988-01-22,MI,76094,2024-10-24,AGT0035,MetLife,Dental Basic
MEM001811,Christopher,Garcia,mitchell67@example.net,765.476.6647x608,1980-02-05,IN,01604,2024-01-07,AGT0031,VSP,Dental Basic
MEM001812,Vincent,Mclaughlin,melissa29@example.com,955-421-7504x9988,1955-11-11,MI,78264,2023-04-20,AGT0077,MetLife,Vision Premium
MEM001813,Angela,Freeman,taylorevans@example.com,(420)961-8506,1966-11-04,TX,89556,2023-11-13,AGT0026,Zurich,Dental+Vision Bundle
MEM001814,Jesse,Fox,austin67@example.org,366-539-0321x4303,1974-02-24,OH,74775,2023-09-04,AGT0073,Zurich,Dental Basic
MEM001815,Lori,Allen,princedaniel@example.org,440.665.4885x58755,1954-02-05,IN,47094,2024-05-10,AGT0041,MetLife,Dental+Vision Bundle
MEM001816,Eric,Long,charles36@example.net,945.378.3517x983,1981-12-30,KY,86580,2023-01-09,AGT0051,Zurich,Dental Basic
MEM001817,John,Bailey,nmoses@example.com,938.495.8641,1981-12-04,IL,43364,2024-02-05,AGT0013,VSP,Dental Premium
MEM001818,Shirley,Hughes,schwartzcarol@example.net,001-816-424-6947,1959-01-23,TX,78083,2024-05-30,AGT0020,MetLife,Vision Basic
MEM001819,James,Solis,derrick85@example.org,397.236.7990x1027,1992-10-15,CA,89587,2024-01-27,AGT0005,VSP,Dental Basic
MEM001820,Kristin,Oliver,marylopez@example.net,421.621.5190x456,1991-07-20,OH,95282,2024-11-29,AGT0012,Zurich,Dental Basic
MEM001821,Joseph,Barker,austinmyers@example.com,(733)593-5082x43262,1962-08-21,IL,88790,2023-08-09,AGT0065,Zurich,Dental+Vision Bundle
MEM001822,Amanda,Best,youngdawn@example.com,298-941-4202x48435,1996-12-12,TN,37203,2024-09-15,AGT0058,MetLife,Dental Premium
MEM001823,Miguel,Wolf,joanwright@example.org,209.299.7024x40431,1988-08-28,IN,61850,2024-01-04,AGT0050,MetLife,Dental Basic
MEM001824,Todd,Caldwell,joemurphy@example.net,627.973.7655,1956-09-23,IL,52646,2024-09-17,AGT0073,Zurich,Dental+Vision Bundle
MEM001825,Calvin,Martinez,thomas35@example.com,581-447-1266x6153,1951-05-05,IL,80090,2023-04-10,AGT0040,Zurich,Dental+Vision Bundle
MEM001826,Joseph,Ford,colliersuzanne@example.com,4139433906,1994-10-05,OH,81599,2023-03-31,AGT0059,VSP,Dental Basic
MEM001827,Melissa,Ryan,william47@example.com,939.312.9903,1964-06-27,OH,90764,2023-10-30,AGT0036,Zurich,Dental Premium
MEM001828,Caroline,Hernandez,preed@example.net,001-255-871-4211x622,1956-05-19,IL,86149,2023-04-02,AGT0059,VSP,Dental+Vision Bundle
MEM001829,Jennifer,Nguyen,williamsjennifer@example.com,464.836.4443,1989-08-28,IL,77602,2023-09-20,AGT0016,Zurich,Vision Basic
MEM001830,Christopher,Hernandez,welchsteven@example.org,(276)983-5278,1975-09-19,GA,71983,2024-01-08,AGT0053,Zurich,Dental+Vision Bundle
MEM001831,Luis,Olson,guzmanjeffery@example.net,001-853-900-0900x63258,1989-07-20,TN,58951,2023-05-13,AGT0066,Zurich,Dental+Vision Bundle
MEM001832,Nicole,Campbell,andrea17@example.org,+1-547-403-4463,1957-06-28,GA,93789,2024-01-18,AGT0065,VSP,Dental Premium
MEM001833,Justin,Gray,hfoley@example.com,001-715-346-3517x57351,1953-10-30,CA,96064,2024-11-29,AGT0008,Zurich,Vision Premium
MEM001834,Megan,Porter,khoward@example.com,001-765-460-0337,1950-09-18,IL,24400,2024-07-28,AGT0014,VSP,Dental Premium
MEM001835,Ashley,Foster,zachary21@example.org,001-922-725-1455,1985-10-27,OH,94917,2024-08-06,AGT0029,VSP,Dental+Vision Bundle
MEM001836,James,Davidson,toddgutierrez@example.com,942-264-3029,1958-05-22,TN,71951,2024-11-16,AGT0060,VSP,Vision Basic
MEM001837,Chris,Tyler,haroldhansen@example.org,4937524392,1959-10-16,OH,04818,2024-04-21,AGT0024,Zurich,Dental Basic
MEM001838,Christopher,Hays,ashley28@example.com,9765953908,1988-11-09,MI,86907,2024-02-11,AGT0052,VSP,Dental Basic
MEM001839,Yolanda,Carter,rpowell@example.net,8078824466,1993-08-17,MI,80135,2023-12-17,AGT0061,MetLife,Dental Premium
MEM001840,Kyle,Hoffman,anoble@example.net,001-743-786-8250,1998-11-26,IL,76428,2023-02-09,AGT0061,MetLife,Vision Basic
MEM001841,Henry,Cobb,emartin@example.org,(469)923-2572x7346,2000-12-22,IN,07690,2023-11-24,AGT0077,VSP,Dental Basic
MEM001842,Jessica,Nelson,jamespowers@example.org,346-266-1051x496,1988-08-02,FL,50102,2024-01-06,AGT0028,MetLife,Dental Basic
MEM001843,Molly,Foster,vtodd@example.net,001-787-392-4494x039,1987-12-11,KY,68676,2023-01-24,AGT0033,Zurich,Dental Basic
MEM001844,Susan,Howell,robert13@example.net,840-588-3318x3801,1956-03-19,KY,35609,2023-05-26,AGT0052,MetLife,Dental Premium
MEM001845,Taylor,Richards,deannatyler@example.org,579.339.8012x2016,1987-08-28,TX,66190,2024-04-07,AGT0028,Zurich,Dental+Vision Bundle
MEM001846,Kathy,White,burtonjohn@example.org,(423)313-3631x409,1954-10-28,OH,22516,2023-07-08,AGT0055,VSP,Dental+Vision Bundle
MEM001847,Todd,White,dunnrose@example.com,(301)929-5903,1964-10-05,MI,64196,2023-11-01,AGT0045,VSP,Vision Basic
MEM001848,Cynthia,Ross,smithadam@example.org,+1-591-976-5324x4834,1964-06-01,GA,15408,2024-07-02,AGT0046,Zurich,Vision Basic
MEM001849,Nathan,Jones,jennifer46@example.net,417-408-7027,2000-04-27,CA,04849,2023-01-11,AGT0026,MetLife,Vision Premium
MEM001850,Megan,Brown,dianeoconnor@example.net,3838491232,1962-12-22,TN,87803,2024-08-15,AGT0041,MetLife,Dental Basic
MEM001851,Erin,Johnson,gregorywolfe@example.net,225.427.6252,1963-03-26,FL,12069,2024-04-14,AGT0041,MetLife,Vision Premium
MEM001852,Jeffrey,Garcia,uelliott@example.com,(883)926-7011,1986-06-17,KY,66762,2024-11-21,AGT0067,Zurich,Dental Basic
MEM001853,Daniel,Pratt,vnorton@example.net,(929)502-5153x86426,1961-04-12,FL,02564,2024-04-06,AGT0075,MetLife,Dental Basic
MEM001854,George,Williams,christopher53@example.net,3402531984,1987-09-12,TX,87630,2023-07-12,AGT0022,Zurich,Dental Premium
MEM001855,Matthew,West,aaron48@example.com,(684)867-7037,1968-10-26,MI,59756,2023-12-23,AGT0074,MetLife,Dental Premium
MEM001856,Chelsea,Williams,hansenjessica@example.org,+1-976-444-0583x5501,1951-06-15,KY,58417,2024-01-08,AGT0040,Zurich,Dental+Vision Bundle
MEM001857,Gary,Davidson,usanchez@example.org,+1-729-301-8320,1994-10-12,FL,12296,2023-05-08,AGT0053,VSP,Dental Premium
MEM001858,Karen,Brown,jonathansimmons@example.org,(780)319-9050x2406,1988-03-16,TX,09170,2024-07-09,AGT0043,MetLife,Dental+Vision Bundle
MEM001859,Emily,Little,melissa71@example.net,870-864-8579,1988-06-07,TN,26091,2024-04-14,AGT0023,Zurich,Vision Basic
MEM001860,Crystal,Davis,maria79@example.org,748-813-8819x0114,1989-02-07,GA,66017,2024-07-09,AGT0037,Zurich,Vision Premium
MEM001861,Laura,Morales,ebutler@example.net,624-796-0170x92176,1975-05-31,CA,10344,2024-03-23,AGT0013,MetLife,Dental+Vision Bundle
MEM001862,Sarah,Webb,cchang@example.org,(438)904-5347,1958-01-16,IN,60852,2023-04-17,AGT0079,VSP,Dental Basic
MEM001863,Diane,Morris,jessicabrown@example.com,+1-492-984-8987x3587,1998-11-14,OH,22966,2024-09-30,AGT0057,Zurich,Vision Basic
MEM001864,Christine,Walter,jasonhardy@example.net,602.840.9398x6639,1976-01-04,GA,38011,2023-02-03,AGT0028,MetLife,Vision Premium
MEM001865,Amanda,Adams,jwright@example.org,965-523-9188x67622,1984-03-10,OH,44212,2024-07-18,AGT0026,VSP,Dental+Vision Bundle
MEM001866,Teresa,Delacruz,melodyjacobson@example.com,+1-320-716-6334x0142,1991-08-16,GA,52714,2023-12-26,AGT0051,MetLife,Dental+Vision Bundle
MEM001867,Hannah,Scott,gregory63@example.com,(288)662-3357,1995-07-15,KY,36668,2023-08-18,AGT0035,Zurich,Dental Premium
MEM001868,Joseph,Cox,singhnicole@example.com,644.621.1175,1971-09-03,IN,38908,2024-02-29,AGT0054,MetLife,Dental Basic
MEM001869,Victoria,Cook,garrett18@example.net,001-342-346-3815x129,1983-08-04,TX,53961,2023-06-07,AGT0077,VSP,Dental Premium
MEM001870,Joshua,Henry,rachelguerrero@example.com,(799)587-2473,1988-07-30,MI,85935,2024-08-08,AGT0072,VSP,Dental Basic
MEM001871,Rebecca,Montgomery,pbrooks@example.net,753-300-7514,1985-04-15,IN,69842,2024-10-21,AGT0074,VSP,Dental Basic
MEM001872,Jeffrey,Ramirez,samanthahurst@example.org,678-524-5310x81246,1985-01-10,IL,97859,2024-10-13,AGT0052,VSP,Vision Basic
MEM001873,Timothy,Bowman,tcase@example.org,001-801-546-0669x6106,1970-09-21,OH,98798,2024-03-23,AGT0017,Zurich,Dental Basic
MEM001874,Sean,Collins,ibarradylan@example.org,279.306.5061x47159,1985-03-03,KY,14588,2024-08-13,AGT0071,MetLife,Dental+Vision Bundle
MEM001875,Rachel,Flores,jessicalee@example.com,8045027289,1958-05-14,OH,84239,2023-07-28,AGT0004,VSP,Dental Basic
MEM001876,Dennis,Schaefer,spencerpamela@example.com,001-998-642-5079x6699,1963-09-25,IN,21987,2024-08-30,AGT0080,Zurich,Vision Basic
MEM001877,Antonio,Brown,mitchelljoshua@example.com,(846)307-3723,2001-04-19,GA,94663,2023-03-22,AGT0004,Zurich,Vision Premium
MEM001878,Tina,Riley,aprilhouse@example.com,001-599-247-5763x7982,1982-02-16,IL,45067,2024-04-09,AGT0031,Zurich,Dental+Vision Bundle
MEM001879,Leonard,Woods,mkeller@example.net,+1-236-776-0741,1967-05-23,TX,77391,2023-11-01,AGT0032,Zurich,Vision Premium
MEM001880,Jeffery,Nelson,stewartkelsey@example.org,001-803-856-0285,1973-05-15,IN,56276,2024-01-23,AGT0036,MetLife,Dental+Vision Bundle
MEM001881,Jennifer,Bond,tlewis@example.net,460.875.1210x184,1952-01-29,CA,22153,2024-10-04,AGT0014,MetLife,Vision Basic
MEM001882,Elizabeth,James,robin80@example.org,559-740-8593x565,1961-01-03,OH,21141,2024-09-02,AGT0019,VSP,Dental Premium
MEM001883,Laurie,Davidson,wmejia@example.net,001-950-676-5573,1958-04-29,OH,73918,2023-07-04,AGT0064,VSP,Dental+Vision Bundle
MEM001884,Lisa,Lindsey,jessica25@example.org,(325)984-6790,1985-01-22,OH,43049,2023-08-01,AGT0063,MetLife,Dental Premium
MEM001885,Kendra,Christian,ochapman@example.org,+1-249-465-2396x749,1956-11-05,MI,08394,2024-05-13,AGT0054,VSP,Dental+Vision Bundle
MEM001886,Lori,Ortega,joseph70@example.org,+1-841-759-1242,1990-06-14,IL,62076,2024-10-10,AGT0024,VSP,Dental Basic
MEM001887,Pamela,Walker,chad39@example.com,(635)229-4614x2620,2000-11-23,CA,67494,2023-07-02,AGT0005,MetLife,Dental+Vision Bundle
MEM001888,Michael,Johnson,jamesmcclure@example.org,489-878-7372,1993-05-31,CA,46288,2023-12-22,AGT0077,Zurich,Dental Basic
MEM001889,Wendy,Orozco,donnaholt@example.org,719-617-1603x3308,1972-10-31,OH,37380,2024-06-18,AGT0025,Zurich,Dental Basic
MEM001890,Christopher,Santos,robertbrock@example.com,2204931378,1996-06-21,TX,90174,2023-01-24,AGT0020,MetLife,Dental+Vision Bundle
MEM001891,Rebekah,Johnson,sarahwashington@example.net,(777)277-3657x64554,1969-06-19,IN,27767,2023-04-28,AGT0042,MetLife,Dental Basic
MEM001892,John,Estes,austinlinda@example.net,735-511-0269x395,1974-01-03,KY,31308,2023-05-10,AGT0062,MetLife,Dental+Vision Bundle
MEM001893,Lynn,Medina,jameswright@example.net,935-214-8550,1999-06-24,KY,19277,2023-12-23,AGT0060,Zurich,Dental+Vision Bundle
MEM001894,Nicholas,Smith,laurenhenderson@example.com,841.651.4487x621,1995-12-29,GA,74227,2024-03-22,AGT0025,VSP,Dental Basic
MEM001895,Tracey,Navarro,donna79@example.com,902.494.0695,1985-03-30,OH,45704,2023-10-15,AGT0075,Zurich,Dental Premium
MEM001896,Gary,Johnson,joyhampton@example.com,393.677.1258x28488,1993-10-07,GA,79583,2023-07-30,AGT0058,VSP,Vision Basic
MEM001897,Michael,Miller,colleen19@example.com,764-446-4523x90041,1978-08-06,CA,40236,2023-10-06,AGT0014,Zurich,Dental Premium
MEM001898,Morgan,Good,xsimpson@example.com,670-818-9779x501,2000-11-18,TN,59670,2023-07-24,AGT0048,Zurich,Dental+Vision Bundle
MEM001899,Sheila,Goodman,rodneythomas@example.net,802-280-0417x70734,1965-01-02,IN,88702,2024-04-05,AGT0066,VSP,Vision Basic
MEM001900,John,Gutierrez,elizabethsmith@example.com,001-492-916-4575,1997-08-05,TN,45761,2023-10-28,AGT0051,MetLife,Dental Basic
MEM001901,Keith,White,mistywolf@example.com,985.315.0668x8155,1988-07-10,IL,91277,2023-11-27,AGT0046,MetLife,Dental Basic
MEM001902,Mark,Houston,amiller@example.com,+1-694-809-3636,1983-05-06,TN,84285,2024-11-03,AGT0019,VSP,Dental Basic
MEM001903,Alexis,Carroll,lee61@example.org,739.356.3224,1950-12-24,TN,67447,2023-11-23,AGT0028,VSP,Vision Basic
MEM001904,Edgar,Foster,ijones@example.org,(669)974-8697,1970-11-15,TX,75352,2023-11-26,AGT0009,VSP,Dental Premium
MEM001905,Karen,Romero,fstevenson@example.net,(330)852-7043x69225,1997-04-21,MI,33326,2023-08-06,AGT0014,Zurich,Dental Premium
MEM001906,Dean,Smith,andersonjuan@example.net,001-501-976-3191x986,1956-09-17,CA,89914,2024-09-14,AGT0054,Zurich,Vision Premium
MEM001907,Denise,Copeland,elizabeth36@example.org,(722)830-6356x73577,1978-09-20,MI,81810,2023-11-22,AGT0026,MetLife,Dental+Vision Bundle
MEM001908,Jessica,Martin,lauren04@example.org,001-903-627-3032x482,1954-03-14,KY,91565,2024-05-25,AGT0054,MetLife,Dental Basic
MEM001909,Valerie,Clark,david35@example.com,818-782-0380,2003-12-16,TN,66767,2023-06-25,AGT0076,VSP,Dental Basic
MEM001910,Elizabeth,Gutierrez,donnahart@example.org,+1-811-812-8177x9036,1975-07-29,IN,52044,2023-01-22,AGT0074,MetLife,Dental+Vision Bundle
MEM001911,Jeremy,Curtis,timothy81@example.net,526.559.8450,1961-10-04,GA,90137,2023-10-19,AGT0005,Zurich,Dental+Vision Bundle
MEM001912,Travis,Williams,elizabethburke@example.org,675.735.3132,1980-04-08,IN,17034,2023-02-10,AGT0009,VSP,Dental Basic
MEM001913,Megan,West,robert19@example.net,703-405-6878x07126,1977-01-02,KY,37730,2024-03-01,AGT0041,VSP,Dental Premium
MEM001914,Melinda,Dean,masonernest@example.net,+1-983-988-2015x149,1978-02-05,FL,65598,2024-07-23,AGT0079,MetLife,Dental Premium
MEM001915,Robert,Andrews,ricardomiller@example.com,265.428.2261x954,1994-04-05,OH,74258,2024-04-10,AGT0048,Zurich,Dental Basic
MEM001916,Kevin,Foley,jake45@example.com,366.713.8865x5009,1954-04-17,IN,78402,2023-08-18,AGT0018,MetLife,Dental+Vision Bundle
MEM001917,Michael,Ross,jrobertson@example.org,001-359-436-0194,1970-04-22,IL,84009,2024-03-22,AGT0012,MetLife,Vision Premium
MEM001918,Steve,Perry,hoffmanmark@example.org,(308)378-0720x20338,1998-03-24,IN,21202,2024-01-13,AGT0007,VSP,Dental+Vision Bundle
MEM001919,Alexander,Durham,efoster@example.com,572.803.7344,1959-12-10,IN,47896,2023-02-14,AGT0039,MetLife,Dental Premium
MEM001920,Robert,Smith,rileyheather@example.com,(957)543-9677x0546,1984-01-20,KY,79280,2024-09-19,AGT0022,MetLife,Vision Basic
MEM001921,John,Long,garzajulia@example.com,368-287-3058x868,1961-05-01,TN,21581,2023-05-03,AGT0019,Zurich,Dental+Vision Bundle
MEM001922,Mark,Pollard,tammyowen@example.com,(325)647-8009x58040,1990-01-31,OH,51108,2024-02-28,AGT0067,Zurich,Dental Basic
MEM001923,David,Stewart,amack@example.org,7196007388,1993-12-20,KY,51945,2024-05-04,AGT0042,Zurich,Vision Basic
MEM001924,Scott,Chang,crystalchandler@example.com,369.539.0894,1973-09-01,KY,14566,2023-04-05,AGT0011,VSP,Vision Basic
MEM001925,Autumn,Stewart,hjimenez@example.org,(413)705-4284,1968-06-21,OH,83110,2023-09-06,AGT0010,VSP,Dental Basic
MEM001926,Carlos,Miller,gonzalezmichael@example.com,001-209-542-9412x5979,1969-05-23,FL,18788,2023-01-14,AGT0050,MetLife,Vision Basic
MEM001927,John,Daniels,dshelton@example.com,(906)528-9513x40399,1968-09-20,CA,70461,2023-12-15,AGT0068,Zurich,Dental+Vision Bundle
MEM001928,Steven,Roberts,andrewgarcia@example.org,(232)993-9702x66382,1990-09-25,IL,16545,2023-11-16,AGT0065,MetLife,Dental+Vision Bundle
MEM001929,Michael,Parker,piercedavid@example.org,817-986-0577,1982-08-16,GA,65157,2023-08-13,AGT0058,Zurich,Vision Basic
MEM001930,Charles,Taylor,kathrynbaxter@example.org,(487)557-4058,1966-11-11,OH,89574,2024-02-14,AGT0036,VSP,Dental Basic
MEM001931,Mary,Clark,graytracy@example.com,792-949-7265,2001-10-15,OH,08908,2023-11-11,AGT0019,VSP,Dental+Vision Bundle
MEM001932,Jaime,Sullivan,qwoods@example.net,(414)753-7525x744,1971-08-01,IN,18785,2023-04-23,AGT0059,MetLife,Dental Premium
MEM001933,Jennifer,Pena,mannlisa@example.com,711-356-7338,1997-08-18,FL,42413,2024-05-02,AGT0046,VSP,Dental Basic
MEM001934,Steve,Mitchell,csnyder@example.net,(506)680-9838x319,1957-07-17,TN,57375,2024-07-17,AGT0056,MetLife,Dental Basic
MEM001935,Mario,Brown,bflores@example.org,445.563.3389,1988-08-27,TX,39908,2024-05-29,AGT0043,MetLife,Dental Premium
MEM001936,Cindy,Blackwell,joshuamorris@example.org,615-457-8263x88032,1958-10-11,IN,61316,2024-01-14,AGT0049,Zurich,Dental+Vision Bundle
MEM001937,Christopher,Rodriguez,tmejia@example.net,669.974.7623x70385,1976-05-17,MI,73936,2023-07-18,AGT0052,MetLife,Vision Basic
MEM001938,Katherine,Goodwin,robertdavis@example.org,492-229-4123,1994-04-14,TX,51849,2024-06-26,AGT0056,MetLife,Vision Premium
MEM001939,Jacob,Allen,mikayla18@example.com,355-641-8925x883,1972-05-02,OH,00972,2024-10-23,AGT0029,MetLife,Dental Basic
MEM001940,Brett,Hall,mwalker@example.org,726.973.5490x47986,2001-08-10,KY,13642,2023-02-06,AGT0031,MetLife,Vision Basic
MEM001941,Ronald,Mcguire,fpena@example.org,(750)886-2868,1970-04-26,CA,38796,2023-10-10,AGT0052,VSP,Dental Premium
MEM001942,Susan,Clark,rhughes@example.net,882.930.9258x72894,1974-01-25,FL,87582,2023-08-14,AGT0027,MetLife,Vision Premium
MEM001943,Jason,Clark,bharris@example.net,660-217-2628x0336,1975-11-02,CA,68077,2023-12-22,AGT0037,Zurich,Dental Basic
MEM001944,Marcia,Campbell,fcampbell@example.net,363-843-0310,1995-02-24,CA,54509,2023-07-09,AGT0062,Zurich,Dental Premium
MEM001945,Jimmy,Bennett,tracimaddox@example.net,455-441-4085x796,1965-04-10,TN,75859,2023-09-02,AGT0009,MetLife,Dental Basic
MEM001946,Michael,Gallagher,schultzwilliam@example.net,(310)966-0026x04690,1962-09-22,IN,34821,2024-04-11,AGT0061,VSP,Dental Premium
MEM001947,Cheyenne,Rogers,stoutjennifer@example.org,441-306-6788x4573,1973-09-02,OH,56937,2023-07-01,AGT0022,Zurich,Vision Premium
MEM001948,Michael,Golden,eric38@example.net,954.440.7110,2003-04-17,TN,81312,2023-01-10,AGT0061,Zurich,Dental Basic
MEM001949,Zachary,Johnson,donnajohnson@example.com,+1-906-367-1485x3331,1992-05-25,OH,33888,2023-09-11,AGT0006,MetLife,Vision Basic
MEM001950,Spencer,Hodges,jonathan12@example.net,+1-324-792-2028,1970-06-25,TX,86166,2023-10-25,AGT0065,MetLife,Vision Premium
MEM001951,Henry,Hicks,dillon76@example.net,7122696250,1958-12-21,KY,63052,2023-04-07,AGT0043,VSP,Vision Basic
MEM001952,Jill,Hatfield,joshuahull@example.org,494.930.3250,1998-12-16,KY,33347,2023-12-26,AGT0063,VSP,Dental Premium
MEM001953,Caroline,Cervantes,annwagner@example.com,703-276-5439x9942,1981-08-20,KY,25545,2023-01-14,AGT0043,Zurich,Vision Premium
MEM001954,Jeffrey,Johnson,gdavidson@example.com,+1-763-229-0850,1993-06-15,OH,99322,2024-09-02,AGT0035,Zurich,Vision Basic
MEM001955,Maria,Pineda,vguerrero@example.net,3512823772,1951-11-11,IL,81017,2024-10-17,AGT0053,MetLife,Vision Premium
MEM001956,Brett,King,thomas39@example.org,001-617-817-4003x456,1982-01-17,FL,43696,2023-05-26,AGT0004,MetLife,Vision Basic
MEM001957,Emily,Tucker,timothynorman@example.net,(366)407-2366x0474,1982-03-31,MI,01376,2024-03-17,AGT0012,MetLife,Dental+Vision Bundle
MEM001958,Angela,Daniels,samuelwheeler@example.net,+1-325-828-9404x3935,1959-09-07,KY,02888,2024-01-22,AGT0070,VSP,Dental+Vision Bundle
MEM001959,Derrick,Lawson,timothy75@example.org,001-966-384-8031x636,1965-09-11,KY,60785,2024-06-23,AGT0045,VSP,Dental Premium
MEM001960,Leslie,Green,wrightjohn@example.com,729-483-9303x953,1974-10-14,KY,97559,2024-03-03,AGT0025,MetLife,Vision Basic
MEM001961,Helen,Sweeney,boydamanda@example.com,329.687.3401,1961-01-12,GA,81687,2023-12-18,AGT0059,Zurich,Dental+Vision Bundle
MEM001962,Lisa,Burns,spencer54@example.net,337.670.4990x9678,1975-11-16,OH,48289,2023-12-22,AGT0002,VSP,Dental+Vision Bundle
MEM001963,Mackenzie,Price,bailey73@example.net,(210)234-0573x6891,1991-11-02,IL,38949,2023-05-31,AGT0067,VSP,Vision Basic
MEM001964,Lisa,Thornton,uburch@example.com,+1-843-307-2188x771,1964-08-03,KY,51252,2024-11-11,AGT0063,VSP,Dental Basic
MEM001965,Luke,Ford,robertparker@example.org,304-485-7867,1951-05-26,FL,50968,2023-10-29,AGT0006,MetLife,Dental Premium
MEM001966,Mark,Woods,andreajones@example.org,001-391-827-8988x52499,1961-01-27,IN,03886,2024-08-30,AGT0063,VSP,Dental Basic
MEM001967,Danielle,Carter,erica85@example.com,373.704.3763,1950-01-22,IN,48789,2023-12-27,AGT0033,MetLife,Dental Premium
MEM001968,Ariana,Maddox,snyderdavid@example.net,748-814-4000x407,1995-01-14,TX,06417,2023-10-18,AGT0020,MetLife,Vision Premium
MEM001969,Edward,Schroeder,williamsroberto@example.org,697.429.6822x885,1967-08-26,GA,59935,2023-05-27,AGT0075,MetLife,Dental Premium
MEM001970,Sandra,Newton,wanda79@example.net,+1-725-919-7366x547,1992-06-14,TN,73939,2023-02-02,AGT0032,Zurich,Vision Basic
MEM001971,Jacqueline,Case,stephaniewashington@example.org,9539925906,1985-10-22,OH,16278,2024-03-08,AGT0034,VSP,Vision Basic
MEM001972,Angela,Lee,osmith@example.org,543.304.0256x0041,2000-08-04,GA,54110,2023-06-27,AGT0042,Zurich,Dental Basic
MEM001973,Evelyn,Bradford,ebell@example.org,812.679.7176x350,1972-06-06,IL,23890,2023-07-24,AGT0054,Zurich,Dental Basic
MEM001974,Yvonne,Ellis,wattsjason@example.net,+1-517-367-6227x0254,1957-09-05,KY,52440,2023-11-09,AGT0073,Zurich,Vision Basic
MEM001975,Danielle,Esparza,floreskyle@example.com,572-856-0467x820,1983-09-24,GA,81812,2023-07-07,AGT0013,MetLife,Vision Basic
MEM001976,Andrew,Steele,floreslaura@example.com,5263134097,1995-03-15,TN,18204,2023-11-17,AGT0060,VSP,Dental Premium
MEM001977,Eric,Townsend,ochoajennifer@example.com,866.654.0532x421,1986-10-22,FL,29501,2024-03-06,AGT0004,Zurich,Dental Basic
MEM001978,Matthew,Haynes,dmcintyre@example.net,+1-805-981-3805x73213,1957-12-07,IL,73628,2024-03-07,AGT0079,VSP,Vision Premium
MEM001979,Katherine,Gaines,vphillips@example.com,(761)951-0705,1995-12-14,TN,01601,2024-08-17,AGT0017,Zurich,Vision Basic
MEM001980,Michael,Krueger,barry68@example.com,741-823-5998x962,1976-04-26,IN,78711,2024-08-02,AGT0051,MetLife,Dental Premium
MEM001981,Edward,Ross,ryan06@example.net,(755)315-1797,1991-07-10,TX,77182,2023-01-07,AGT0059,MetLife,Dental Basic
MEM001982,James,Rich,brianna31@example.org,334.545.8019x762,1959-08-09,TN,35738,2023-10-04,AGT0077,MetLife,Dental+Vision Bundle
MEM001983,Robert,Davis,felicia15@example.org,001-265-332-2247x081,1993-03-12,TN,35860,2024-08-02,AGT0008,MetLife,Vision Premium
MEM001984,Allison,Rodriguez,jjones@example.net,308-994-3748x126,1995-10-30,IN,99339,2024-11-21,AGT0027,Zurich,Dental Basic
MEM001985,Sara,Wright,boydandrew@example.net,+1-699-205-8081,1962-03-28,MI,25744,2024-05-22,AGT0020,VSP,Vision Basic
MEM001986,Jay,Joseph,morganarthur@example.net,205-463-5869,1993-07-05,CA,14350,2023-01-07,AGT0026,MetLife,Dental Basic
MEM001987,Kimberly,Key,jenkinsrobert@example.com,(702)512-4676x42812,1960-11-10,TX,52476,2023-06-06,AGT0013,MetLife,Dental Basic
MEM001988,Kimberly,Williams,christy84@example.net,001-359-612-6092x033,1952-03-18,TX,98161,2024-04-30,AGT0057,VSP,Dental Basic
MEM001989,Ryan,Butler,tyler16@example.com,(578)813-0499x504,1976-11-27,GA,38603,2023-05-05,AGT0062,MetLife,Dental+Vision Bundle
MEM001990,Debra,Sanders,benjamin62@example.net,001-995-832-2307x248,1973-05-08,CA,33881,2024-07-13,AGT0057,Zurich,Vision Basic
MEM001991,Clifford,Lopez,staffordelizabeth@example.net,(557)545-8618x058,1963-02-14,IN,41433,2024-03-18,AGT0024,MetLife,Dental+Vision Bundle
MEM001992,Nicole,Johnson,miguelschultz@example.com,(478)285-9881,1971-08-05,IL,57303,2024-11-04,AGT0066,Zurich,Vision Premium
MEM001993,Cheryl,Watson,gregorybeck@example.net,(527)662-2368x31275,1992-09-19,FL,16592,2023-07-25,AGT0038,VSP,Vision Premium
MEM001994,Amanda,Austin,tammy78@example.net,001-602-728-0177x10629,1994-03-24,TN,02824,2024-08-25,AGT0036,VSP,Dental Premium
MEM001995,Dennis,Hughes,joseph35@example.net,441.543.9103,1991-08-17,GA,96964,2023-04-20,AGT0055,MetLife,Dental Basic
MEM001996,Isabella,Wilcox,vmassey@example.com,390.266.7477x201,1960-10-11,CA,39203,2024-04-13,AGT0050,MetLife,Vision Basic
MEM001997,Aaron,Hall,john78@example.org,(401)787-7795x3342,1989-11-16,IN,28254,2023-02-04,AGT0046,MetLife,Vision Basic
MEM001998,Brittany,Pugh,dennisanderson@example.com,772.477.4575x0218,1974-11-04,IN,12721,2024-04-14,AGT0021,VSP,Vision Basic
MEM001999,Cory,Frost,ryan03@example.net,(638)939-6878x8420,1968-11-28,TN,43915,2024-05-30,AGT0068,VSP,Vision Basic
MEM002000,Rachel,Garrett,miguelshaw@example.net,277-406-9392x8532,1963-08-02,TN,42081,2023-06-28,AGT0073,VSP,Vision Basic
MEM002001,Lance,Miller,tmarquez@example.net,894.367.7818x9863,1974-12-21,KY,29969,2023-05-24,AGT0051,MetLife,Dental+Vision Bundle
MEM002002,Molly,Nguyen,kimberly59@example.org,001-611-985-7235x019,1993-05-26,GA,28519,2024-10-22,AGT0061,Zurich,Vision Premium
MEM002003,Troy,Duncan,richardgonzalez@example.net,(254)299-7791x7822,1995-06-26,TX,72609,2024-08-12,AGT0034,MetLife,Vision Premium
MEM002004,Jennifer,Martinez,davisjonathan@example.net,(669)206-2515x75951,2002-02-06,TN,74564,2024-08-25,AGT0075,Zurich,Dental+Vision Bundle
MEM002005,Holly,Griffin,beckalan@example.net,858-772-4227x496,1954-01-12,IN,92745,2023-03-11,AGT0021,MetLife,Dental Basic
MEM002006,Donna,Harvey,melissadodson@example.com,571-697-2512,1994-10-22,FL,27458,2023-04-19,AGT0042,MetLife,Dental+Vision Bundle
MEM002007,Katherine,Young,shirleyford@example.net,277.573.4265x875,1959-06-17,IL,87744,2023-08-31,AGT0050,VSP,Dental+Vision Bundle
MEM002008,Chad,Evans,qgreene@example.org,871.828.0619x9074,1972-06-21,OH,93297,2023-03-05,AGT0005,Zurich,Dental Basic
MEM002009,Tiffany,Munoz,rwall@example.com,(817)512-4356,1952-08-23,IL,96884,2024-01-19,AGT0042,MetLife,Vision Premium
MEM002010,Brent,Hernandez,paulzhang@example.net,(325)258-7673x507,1961-12-14,CA,87164,2024-01-22,AGT0072,MetLife,Dental Basic
MEM002011,Victor,Mills,deniseevans@example.com,(346)812-6149x9363,1989-04-02,KY,23576,2024-05-17,AGT0029,MetLife,Vision Premium
MEM002012,Michelle,Rangel,preston44@example.org,001-509-251-9566,1997-06-01,MI,08583,2024-03-20,AGT0012,Zurich,Dental Basic
MEM002013,Denise,Harris,jenniferwilson@example.org,(316)540-7870x481,1958-08-19,MI,97611,2024-11-15,AGT0005,MetLife,Dental+Vision Bundle
MEM002014,Destiny,Hubbard,morganwatts@example.com,001-939-965-2729x5986,1986-08-10,CA,61949,2024-01-04,AGT0070,MetLife,Dental Premium
MEM002015,Heidi,Cook,zachary90@example.com,629-496-9915,1997-05-20,FL,63187,2024-11-29,AGT0025,MetLife,Vision Basic
MEM002016,Albert,Sandoval,jaydominguez@example.org,226.489.3746,1994-12-07,TN,08933,2024-04-30,AGT0046,Zurich,Dental+Vision Bundle
MEM002017,John,Chang,charles77@example.org,001-329-918-4251x956,1956-01-10,FL,57613,2023-05-22,AGT0055,Zurich,Dental Premium
MEM002018,Elizabeth,Meadows,angela22@example.org,001-455-428-5870x630,2001-01-22,OH,72189,2023-03-14,AGT0017,Zurich,Dental Premium
MEM002019,Kimberly,Reeves,laurakelly@example.org,+1-878-697-1535,1994-09-28,MI,63995,2023-05-01,AGT0007,Zurich,Vision Basic
MEM002020,Sherry,Jenkins,melissa74@example.com,755-207-2831x018,1970-02-05,KY,69488,2023-01-24,AGT0033,VSP,Vision Premium
MEM002021,Amy,Michael,vstewart@example.com,(805)981-0580x108,1964-02-29,KY,78428,2023-03-11,AGT0010,Zurich,Vision Basic
MEM002022,Travis,Burch,victor19@example.org,588.666.3646x533,1994-11-11,KY,58724,2024-06-14,AGT0052,Zurich,Dental Basic
MEM002023,Scott,Manning,mdickson@example.com,001-722-262-8191,2002-04-14,FL,24266,2023-04-24,AGT0034,Zurich,Dental Basic
MEM002024,Jeffery,Roberts,usanchez@example.org,921-894-0504x72609,1987-10-22,KY,21976,2023-12-13,AGT0026,VSP,Dental+Vision Bundle
MEM002025,Brooke,Nelson,ahayes@example.com,9986591981,1962-07-01,MI,64030,2023-03-02,AGT0071,Zurich,Dental Premium
MEM002026,Tiffany,Hall,ndiaz@example.com,+1-588-358-7489x5571,1955-08-05,MI,83305,2024-11-10,AGT0064,MetLife,Dental+Vision Bundle
MEM002027,Cheryl,King,joseph96@example.org,(439)352-5747x77437,1953-03-04,TN,19061,2024-07-31,AGT0010,VSP,Vision Basic
MEM002028,Jeffrey,Hill,ywallace@example.org,+1-418-498-7557x983,1957-03-25,TX,78442,2024-09-19,AGT0062,MetLife,Dental Premium
MEM002029,Billy,Maxwell,morrisalexander@example.com,(317)536-5854x059,1959-05-03,IN,36840,2023-02-12,AGT0064,Zurich,Dental Basic
MEM002030,Kevin,Lopez,qmartinez@example.net,512.739.3306x5335,1988-09-17,FL,80786,2023-12-25,AGT0039,MetLife,Dental Basic
MEM002031,Shirley,Edwards,hudsonwhitney@example.org,421.996.0878x75788,1952-05-13,MI,25449,2023-02-26,AGT0069,Zurich,Dental+Vision Bundle
MEM002032,Steven,Ayers,brandonfrederick@example.com,998.936.6609,1951-08-16,TX,66462,2024-11-29,AGT0062,MetLife,Dental Premium
MEM002033,Lisa,Spears,gibbskaren@example.net,+1-244-950-7296x2901,1961-03-27,GA,80737,2024-01-22,AGT0055,Zurich,Dental Basic
MEM002034,Jesse,White,richardhernandez@example.net,(354)763-0594,1960-08-02,CA,56253,2024-03-24,AGT0048,VSP,Dental Basic
MEM002035,Vincent,Jones,lflores@example.net,001-272-945-8198x70884,1955-03-14,MI,43667,2024-03-23,AGT0030,MetLife,Vision Basic
MEM002036,Jennifer,Hubbard,diazjudith@example.com,+1-372-568-3950x705,1987-01-22,TX,06457,2023-08-21,AGT0073,MetLife,Dental+Vision Bundle
MEM002037,Riley,Perry,calvinanderson@example.org,468-338-7027x85379,1972-06-03,IN,38352,2023-01-16,AGT0010,MetLife,Dental Basic
MEM002038,Tiffany,Hardy,kylewalker@example.org,630.563.9085x8306,1975-05-10,IN,56213,2023-07-04,AGT0041,VSP,Vision Basic
MEM002039,Kimberly,Hines,hendersonfernando@example.net,(565)760-6775x5957,1976-03-26,IL,38591,2023-09-08,AGT0078,VSP,Vision Basic
MEM002040,Craig,Smith,qolson@example.org,(704)702-5898x810,1956-11-21,OH,69785,2023-05-06,AGT0033,Zurich,Dental Basic
MEM002041,Seth,Clark,wgordon@example.com,920.680.2410x4150,1969-10-06,FL,76503,2024-01-01,AGT0039,VSP,Vision Premium
MEM002042,John,Sullivan,millsdavid@example.net,215-656-6134,1971-11-29,TX,58231,2023-10-27,AGT0035,VSP,Vision Premium
MEM002043,Elizabeth,Kelly,williamsmaria@example.com,+1-840-289-2270,1959-05-14,IN,85804,2024-05-30,AGT0045,VSP,Vision Premium
MEM002044,Patrick,Lawson,cindy56@example.net,(480)636-3836x472,1993-08-15,KY,48056,2024-09-28,AGT0011,MetLife,Dental+Vision Bundle
MEM002045,Mark,Hicks,washingtonalexandria@example.org,851.542.4496,1970-09-07,KY,88475,2024-06-17,AGT0071,MetLife,Dental Basic
MEM002046,Catherine,Townsend,greenjason@example.net,+1-304-688-6725,1953-03-21,MI,01843,2023-05-26,AGT0057,Zurich,Vision Premium
MEM002047,Grace,Bennett,lwilliams@example.net,331.570.9816x688,1951-11-29,FL,02836,2023-04-27,AGT0005,VSP,Dental Premium
MEM002048,Jerry,Sims,noah12@example.net,850-416-4546,1976-12-13,OH,48957,2024-01-29,AGT0008,VSP,Dental+Vision Bundle
MEM002049,Scott,Rodriguez,jeffery12@example.com,(698)776-2295x7947,1994-06-10,IN,05367,2024-01-29,AGT0049,VSP,Dental Premium
MEM002050,Angela,Mccoy,owilson@example.net,815.371.6042,1968-06-16,GA,35242,2023-08-18,AGT0024,Zurich,Dental Premium
MEM002051,Mary,Carrillo,amiller@example.com,7444152644,1977-05-18,IN,79091,2023-02-23,AGT0070,VSP,Dental+Vision Bundle
MEM002052,Rebecca,Gutierrez,jessica54@example.org,+1-591-537-8049x87620,1980-03-01,KY,58728,2024-09-15,AGT0076,MetLife,Vision Premium
MEM002053,John,Myers,jill42@example.com,+1-560-774-1464x40261,1988-12-10,GA,25572,2023-12-16,AGT0008,MetLife,Vision Basic
MEM002054,Justin,Nguyen,paul83@example.org,(421)738-4155x10954,1975-10-15,TX,19029,2024-11-25,AGT0060,VSP,Vision Basic
MEM002055,Michelle,Morgan,richard88@example.net,3844820727,1996-07-21,KY,51788,2024-08-04,AGT0021,VSP,Vision Basic
MEM002056,Jacob,Parker,dianelewis@example.net,432-867-2733,1961-10-31,IN,16934,2023-09-01,AGT0036,Zurich,Dental+Vision Bundle
MEM002057,Shane,Moon,bgonzales@example.net,688-619-4687x74929,1972-06-03,TX,80074,2023-03-29,AGT0038,VSP,Vision Basic
MEM002058,Cheryl,Cobb,robertreed@example.com,(866)884-9053,1974-08-10,TN,58059,2023-02-09,AGT0035,Zurich,Dental Premium
MEM002059,Debbie,Clark,anthonyjones@example.org,001-531-577-9053x403,1951-02-09,OH,26676,2024-10-30,AGT0040,Zurich,Vision Premium
MEM002060,Cristian,Flores,huntdaniel@example.com,780-523-6280x193,1966-01-15,FL,09933,2023-09-28,AGT0060,MetLife,Dental Premium
MEM002061,Daniel,Hill,annastephens@example.org,(873)441-5910x660,1953-04-27,TN,31392,2024-04-22,AGT0062,Zurich,Dental+Vision Bundle
MEM002062,Jennifer,Gomez,randy26@example.net,(324)478-9225,1986-08-29,IN,56371,2023-08-12,AGT0075,MetLife,Dental Premium
MEM002063,Suzanne,Garcia,matthewmoses@example.org,908-240-1579,1999-06-22,TN,52232,2024-09-16,AGT0009,VSP,Dental Basic
MEM002064,Derek,Gilbert,johnsonyolanda@example.com,+1-352-868-6650x8368,1973-04-14,FL,73528,2023-10-10,AGT0017,MetLife,Vision Basic
MEM002065,Sarah,Nunez,danielwilliams@example.org,430.287.1439x0390,1954-06-13,MI,07323,2023-05-31,AGT0015,Zurich,Dental Basic
MEM002066,Matthew,Tyler,ythompson@example.org,402.347.4857x9888,1995-06-18,FL,30783,2024-12-01,AGT0075,VSP,Dental Basic
MEM002067,Gary,Perez,prestonsheila@example.org,+1-532-629-7254x014,1955-06-16,KY,64634,2023-08-22,AGT0033,MetLife,Vision Premium
MEM002068,Kelli,Richardson,daniellewagner@example.com,559-847-8007x9246,1998-06-27,IN,54383,2023-12-28,AGT0077,MetLife,Dental Premium
MEM002069,Valerie,Houston,timothybell@example.net,+1-950-245-8387x5007,1995-06-25,FL,81381,2023-03-21,AGT0015,Zurich,Dental Basic
MEM002070,Bianca,Dennis,wallaceduane@example.net,535-398-0433,1979-03-25,CA,99770,2023-07-28,AGT0048,Zurich,Dental Premium
MEM002071,Nicholas,Fisher,hbaker@example.org,446-201-9335,1988-04-05,KY,57488,2024-10-19,AGT0019,MetLife,Dental Premium
MEM002072,Garrett,Thompson,kbrown@example.org,864-326-6331,1980-01-20,GA,38883,2024-01-04,AGT0048,VSP,Dental+Vision Bundle
MEM002073,Brian,Dunn,jamessmith@example.com,271-799-4574,1952-10-17,IL,14936,2023-10-29,AGT0048,MetLife,Dental Premium
MEM002074,Cassandra,Walsh,anthony19@example.net,5057673526,2003-01-16,IN,78895,2023-06-03,AGT0014,Zurich,Dental Basic
MEM002075,Miguel,Ruiz,lallen@example.com,230-822-8671,1995-10-29,TX,54792,2023-11-17,AGT0075,Zurich,Dental Premium
MEM002076,Mark,Henderson,kennethjackson@example.org,(977)774-1490x571,1983-12-27,CA,25620,2023-08-09,AGT0005,Zurich,Vision Premium
MEM002077,Edward,Reeves,rbenson@example.com,(361)858-7898,1957-01-14,OH,96012,2024-01-26,AGT0029,Zurich,Vision Basic
MEM002078,Angela,Wright,uarellano@example.org,614-724-1248,1999-03-09,GA,40524,2024-08-11,AGT0069,Zurich,Dental Basic
MEM002079,Tammy,Gonzales,hermansavannah@example.com,774-619-0669,1954-08-13,CA,42113,2024-06-24,AGT0061,Zurich,Vision Basic
MEM002080,Diamond,Daniels,ayang@example.org,201-317-6170x613,1978-06-08,KY,14070,2024-03-27,AGT0025,Zurich,Dental Premium
MEM002081,Emily,Hayes,mercedesortega@example.net,+1-217-220-3579x6564,1979-06-28,MI,08843,2023-09-07,AGT0047,MetLife,Vision Basic
MEM002082,Ashley,Wade,kelly26@example.net,5786241164,1971-08-17,FL,90744,2023-04-29,AGT0053,VSP,Dental Basic
MEM002083,Gerald,Horne,huffjon@example.com,346-362-4822x30642,1995-05-13,OH,55908,2024-07-27,AGT0047,Zurich,Vision Basic
MEM002084,Samantha,Green,walkerlindsay@example.net,(915)692-3466x521,1990-04-12,GA,56165,2023-08-24,AGT0030,Zurich,Dental+Vision Bundle
MEM002085,Jonathan,Lopez,coreyhamilton@example.com,001-550-960-5411,1998-03-26,MI,86125,2023-05-09,AGT0053,Zurich,Vision Basic
MEM002086,Damon,Walker,danielle31@example.net,7789907869,1973-05-08,KY,98502,2023-05-22,AGT0044,VSP,Dental Basic
MEM002087,Nicholas,Rodriguez,traceyhill@example.net,+1-554-847-4733x43597,1987-10-10,TX,79535,2024-02-23,AGT0019,Zurich,Vision Basic
MEM002088,Timothy,Davis,xshaw@example.org,(331)375-0409x370,1966-02-21,FL,68440,2023-07-22,AGT0002,MetLife,Dental Basic
MEM002089,Mark,Sanders,badams@example.net,+1-452-390-5509x579,1999-10-03,FL,70052,2023-09-27,AGT0013,MetLife,Dental+Vision Bundle
MEM002090,Joseph,Blair,dsanders@example.com,799.624.1611,1952-02-24,IL,05119,2024-03-17,AGT0010,MetLife,Vision Basic
MEM002091,Lisa,Griffith,fthompson@example.net,+1-990-788-0683x1121,1984-10-26,GA,79494,2024-06-26,AGT0046,MetLife,Dental Premium
MEM002092,Donald,Spencer,jasonsosa@example.org,967-372-5038x56162,1971-08-30,KY,34737,2024-07-24,AGT0016,VSP,Dental+Vision Bundle
MEM002093,Christopher,Ramirez,tylererickson@example.org,(635)473-7421,2003-01-24,CA,02056,2023-12-11,AGT0079,MetLife,Dental+Vision Bundle
MEM002094,Chelsea,Lopez,ewheeler@example.com,758-271-9942,1956-08-13,TN,87337,2023-02-16,AGT0058,VSP,Vision Basic
MEM002095,Mark,Knight,jeremy09@example.com,(987)779-9364x273,1975-12-15,FL,59985,2024-03-22,AGT0018,Zurich,Dental Basic
MEM002096,Edward,Meyer,hendersonerin@example.org,(592)513-5111,1995-09-13,OH,07149,2024-08-26,AGT0020,MetLife,Vision Basic
MEM002097,Daniel,Alvarez,nathanhubbard@example.org,(546)494-8412,1990-09-09,GA,96089,2024-01-14,AGT0042,VSP,Dental Basic
MEM002098,David,Perez,rebeccagrant@example.org,957.509.4391x37085,1975-01-22,OH,63379,2024-08-25,AGT0030,VSP,Vision Basic
MEM002099,Christine,Martinez,colemanstacey@example.net,(926)308-0993,2000-08-11,TX,49309,2023-02-19,AGT0068,Zurich,Vision Basic
MEM002100,Daniel,Hall,tkirby@example.com,001-398-383-8037x473,1975-08-05,TN,29773,2024-03-12,AGT0050,VSP,Vision Premium
MEM002101,Laura,Griffin,bailey62@example.com,(454)507-7005x355,1953-10-06,MI,35077,2023-05-27,AGT0056,Zurich,Dental Premium
MEM002102,Andrea,Garcia,maxwellanthony@example.net,(993)985-0284,1978-03-16,OH,78037,2024-09-22,AGT0045,VSP,Dental Basic
MEM002103,Theresa,Gallagher,zachary53@example.com,956-241-5330,1974-07-27,FL,50482,2023-10-22,AGT0057,MetLife,Dental+Vision Bundle
MEM002104,Robert,Becker,qbrown@example.net,(533)211-9161x1955,1973-04-10,CA,78484,2023-10-23,AGT0014,MetLife,Vision Premium
MEM002105,John,Harris,randalljonathan@example.org,577.291.7037,1958-08-11,MI,54786,2023-05-25,AGT0071,Zurich,Vision Premium
MEM002106,Connor,Ryan,natashakemp@example.com,(482)607-2162x474,2003-09-08,IN,57071,2023-01-29,AGT0070,Zurich,Vision Premium
MEM002107,Angelica,Huynh,dylankoch@example.com,8659299053,1993-10-24,IN,82325,2023-01-07,AGT0048,MetLife,Dental Premium
MEM002108,Cynthia,Anderson,vhatfield@example.net,7952789035,1988-04-06,FL,70901,2024-08-07,AGT0067,MetLife,Dental+Vision Bundle
MEM002109,Corey,Munoz,zryan@example.net,245-765-7817x442,1959-11-01,OH,34619,2023-10-30,AGT0057,VSP,Vision Basic
MEM002110,Brian,Rosario,rebecca55@example.com,240.292.0167x5993,1962-04-11,KY,09879,2023-03-30,AGT0015,VSP,Dental+Vision Bundle
MEM002111,Jeffrey,Scott,turnerarthur@example.net,+1-680-267-0914x4654,1956-09-02,TN,06926,2023-08-16,AGT0021,Zurich,Dental Premium
MEM002112,Alexander,Preston,johnsonjennifer@example.com,(749)876-8348x752,1996-01-04,OH,02981,2024-04-09,AGT0041,MetLife,Dental Premium
MEM002113,Julian,Woodard,michelefoster@example.org,376-401-3807x95118,1978-06-27,MI,88003,2024-06-17,AGT0072,Zurich,Dental+Vision Bundle
MEM002114,Patricia,Sparks,rgomez@example.net,(708)215-9590x431,1953-03-13,IN,58066,2024-10-03,AGT0032,MetLife,Vision Basic
MEM002115,Miranda,Spears,parsonsjonathan@example.net,(847)976-3103x23197,1967-07-22,KY,08091,2023-08-14,AGT0061,MetLife,Vision Basic
MEM002116,Francis,Parker,ggarcia@example.com,546-496-4589x2441,1994-07-25,KY,67149,2023-07-11,AGT0017,MetLife,Vision Basic
MEM002117,Patricia,Jones,chaselaura@example.com,+1-624-647-9297x5914,1996-04-27,MI,03124,2023-04-01,AGT0001,VSP,Dental Basic
MEM002118,Pamela,Andrews,patrick84@example.com,992.548.8780,1968-09-16,IL,63208,2024-07-25,AGT0005,VSP,Vision Premium
MEM002119,Ray,Little,qbarnes@example.net,937.380.5342x5191,1984-02-13,CA,56004,2024-09-20,AGT0031,Zurich,Dental Premium
MEM002120,David,Medina,bparker@example.com,(466)709-1919x35264,1966-02-26,KY,76111,2024-06-27,AGT0030,VSP,Vision Premium
MEM002121,Diane,Carr,westmichelle@example.com,7858675910,1985-03-09,CA,96663,2024-05-16,AGT0046,Zurich,Vision Basic
MEM002122,Kristie,Hogan,qwashington@example.com,777-271-4057x702,1969-08-22,OH,91885,2023-04-09,AGT0037,VSP,Dental+Vision Bundle
MEM002123,Christopher,Richardson,jonathan40@example.net,+1-698-657-5256x374,1972-03-12,GA,47285,2023-11-30,AGT0015,MetLife,Vision Basic
MEM002124,Matthew,Rogers,wmyers@example.net,(433)954-2050x95307,1960-03-09,TN,96672,2023-11-23,AGT0051,Zurich,Dental Basic
MEM002125,Theodore,Rice,thomasarmstrong@example.net,287.408.9426x60366,1993-11-20,CA,61408,2024-05-10,AGT0053,Zurich,Dental Basic
MEM002126,Ryan,Golden,amber94@example.org,001-950-907-9616x537,1974-01-14,TX,89729,2023-10-25,AGT0028,VSP,Dental Basic
MEM002127,Alicia,Taylor,srodriguez@example.net,991-463-6950,1973-06-21,TN,45472,2023-11-27,AGT0053,VSP,Dental+Vision Bundle
MEM002128,Catherine,Cooper,pricecharles@example.com,+1-278-307-9823x070,1985-10-07,KY,26279,2024-03-11,AGT0007,VSP,Vision Basic
MEM002129,Jason,Horn,mallory90@example.org,674.332.6924,1980-06-27,IN,72879,2023-08-13,AGT0040,VSP,Dental Premium
MEM002130,Adam,Horton,rebecca91@example.org,+1-929-346-4031x1828,1964-12-10,TX,34994,2024-08-09,AGT0027,Zurich,Dental Basic
MEM002131,Ryan,Howard,cody12@example.org,639.405.9666,1979-07-31,IL,28923,2024-09-20,AGT0078,Zurich,Dental Basic
MEM002132,Audrey,Ho,angelaclark@example.com,(742)288-4637x734,1984-01-08,OH,96853,2023-01-22,AGT0043,VSP,Vision Premium
MEM002133,John,Velasquez,morganwells@example.org,+1-817-993-1625x05532,1955-09-11,IN,81423,2024-07-20,AGT0067,MetLife,Dental Premium
MEM002134,Catherine,Ramirez,emma83@example.net,326.487.7938x894,1964-02-01,TX,69519,2023-07-23,AGT0051,Zurich,Dental Basic
MEM002135,Tammy,Ramos,fcastillo@example.net,(791)404-0762x9696,1983-07-18,TN,98719,2023-06-15,AGT0053,MetLife,Vision Basic
MEM002136,Juan,Manning,qrobinson@example.net,3203404107,1951-03-23,IN,18149,2023-09-12,AGT0003,Zurich,Dental Basic
MEM002137,Brooke,Ballard,kristinwright@example.org,(565)778-1496,1993-07-03,IN,42162,2024-02-12,AGT0021,VSP,Dental Premium
MEM002138,Anthony,Aguilar,jason11@example.org,558-945-6731,1972-03-09,IN,08042,2023-08-24,AGT0035,Zurich,Dental Basic
MEM002139,Heather,Ramsey,benitezheather@example.com,001-231-475-6073,1985-12-14,IL,14087,2024-01-22,AGT0035,MetLife,Dental Basic
MEM002140,Janice,Graves,nlewis@example.org,+1-470-410-1492x621,1987-04-08,IN,95655,2024-05-31,AGT0002,Zurich,Dental+Vision Bundle
MEM002141,Erica,Green,perryjason@example.com,649-966-0251x43580,1963-08-16,OH,11440,2024-09-11,AGT0076,VSP,Dental Basic
MEM002142,Caleb,Hawkins,mcknightantonio@example.com,801-553-1195x96027,1978-01-03,TN,92616,2024-09-12,AGT0055,Zurich,Vision Premium
MEM002143,Michelle,Hogan,mbarajas@example.com,(405)648-5625x75042,1974-08-03,FL,53023,2023-11-06,AGT0026,MetLife,Dental Premium
MEM002144,Michelle,Sherman,qgarza@example.net,001-386-617-5418x2771,2001-09-10,FL,74131,2024-11-02,AGT0049,VSP,Dental Premium
MEM002145,Angela,Kramer,jbrown@example.org,897-955-7082,1986-06-15,TX,97234,2023-08-16,AGT0036,VSP,Dental Premium
MEM002146,Amy,Jefferson,paige44@example.net,214-742-9426x7088,1995-06-14,MI,06219,2024-06-30,AGT0049,MetLife,Dental+Vision Bundle
MEM002147,Calvin,Fuentes,samuelhunt@example.com,001-326-684-9704x24169,1983-06-10,TX,20144,2024-02-08,AGT0014,VSP,Dental Basic
MEM002148,Morgan,Mcintosh,qdaugherty@example.net,870-706-8143,1985-08-25,MI,76100,2023-01-26,AGT0058,VSP,Vision Basic
MEM002149,Thomas,Powers,caitlinsantos@example.com,(861)205-4171x5007,1977-11-13,TN,11029,2023-04-22,AGT0019,Zurich,Dental+Vision Bundle
MEM002150,Gwendolyn,Harrell,katherine18@example.org,7779842845,2000-04-27,IL,57753,2023-04-08,AGT0027,VSP,Vision Basic
MEM002151,Curtis,Garrett,colson@example.com,(272)419-2283x49143,1962-09-06,GA,15016,2023-03-27,AGT0079,VSP,Vision Basic
MEM002152,Michael,Chavez,juliedean@example.net,436.274.0891,1970-11-08,IN,45759,2024-08-03,AGT0064,VSP,Dental Premium
MEM002153,Brittany,Stokes,hailey69@example.net,+1-280-512-2562,1963-07-07,IN,54888,2023-12-12,AGT0042,Zurich,Vision Basic
MEM002154,Cody,Smith,hernandeztravis@example.net,5167206370,1950-07-02,KY,44678,2024-02-21,AGT0027,Zurich,Vision Premium
MEM002155,Christine,Dyer,stewartpeter@example.com,001-716-562-9658x63602,1994-11-03,TN,49746,2024-07-12,AGT0031,VSP,Vision Basic
MEM002156,William,Lopez,lisamontgomery@example.org,545-908-0694x09787,1996-02-25,TX,13201,2024-05-09,AGT0011,MetLife,Dental Premium
MEM002157,Lisa,Herrera,cynthiaroberts@example.org,001-200-206-6584x84393,1983-09-15,IL,36762,2023-03-21,AGT0002,MetLife,Vision Basic
MEM002158,Ryan,Perez,mary60@example.net,+1-797-206-4937,1964-11-28,MI,37807,2023-05-05,AGT0057,MetLife,Dental Basic
MEM002159,Justin,Stephenson,reidstacey@example.net,+1-230-447-0278,1994-06-05,IL,60197,2024-03-10,AGT0068,VSP,Dental Basic
MEM002160,Ronald,Richardson,adamraymond@example.org,601-498-5754x73880,1987-07-07,GA,64033,2024-07-14,AGT0002,VSP,Dental Basic
MEM002161,Kyle,Reyes,walterbowers@example.com,(755)332-0528,1974-04-28,TX,42391,2023-10-29,AGT0042,Zurich,Dental+Vision Bundle
MEM002162,Megan,Villanueva,lopezeric@example.com,317-588-7505,1964-11-20,IL,82075,2024-07-31,AGT0038,Zurich,Vision Premium
MEM002163,Julie,Martinez,christopher05@example.net,641-720-0740,1983-04-23,TX,09380,2024-09-20,AGT0078,VSP,Vision Basic
MEM002164,Mark,Carpenter,javieringram@example.com,(292)468-9947x38793,1979-08-16,IL,88894,2023-08-04,AGT0022,Zurich,Vision Premium
MEM002165,Mike,Rosales,bennettbrett@example.com,960.571.2413,1950-11-18,TN,80421,2024-04-30,AGT0054,MetLife,Dental Basic
MEM002166,Megan,Gilbert,deannanichols@example.org,001-536-869-4364,1950-07-03,KY,46368,2023-03-10,AGT0025,MetLife,Vision Premium
MEM002167,Erica,Lee,rachel59@example.com,(568)315-0895x146,1991-02-22,TN,70507,2024-07-04,AGT0013,MetLife,Vision Basic
MEM002168,Seth,Pierce,xrich@example.org,502.530.4233,1964-01-14,OH,14085,2024-08-31,AGT0045,Zurich,Vision Basic
MEM002169,Doris,Hughes,markbishop@example.net,+1-627-904-0043x86668,1980-12-12,IN,05757,2023-08-20,AGT0025,VSP,Dental Premium
MEM002170,Lisa,Pearson,kwilliams@example.com,278-496-6368x05373,2002-06-08,KY,26878,2024-03-12,AGT0048,Zurich,Vision Premium
MEM002171,James,Dickerson,mjohnson@example.net,+1-824-477-0751,2000-05-04,TX,14173,2023-09-18,AGT0026,MetLife,Vision Basic
MEM002172,Aaron,Hunter,zfranco@example.com,328.416.8960x06688,1969-06-02,KY,64247,2023-04-16,AGT0023,VSP,Vision Basic
MEM002173,Brianna,Collins,mikestephens@example.com,(958)906-8179x2241,1996-11-10,CA,01600,2023-05-10,AGT0050,VSP,Vision Basic
MEM002174,Jay,Williams,schmidtjoseph@example.net,2986544878,1974-11-15,CA,70491,2024-08-29,AGT0061,MetLife,Dental Basic
MEM002175,John,Scott,amber72@example.com,8216318066,1969-06-02,OH,07855,2023-08-26,AGT0079,MetLife,Dental Basic
MEM002176,Luke,Bowman,treid@example.org,+1-308-478-0378x2537,1950-01-09,TN,55324,2024-05-01,AGT0010,MetLife,Dental Basic
MEM002177,Jessica,Baxter,fjohnson@example.com,478-613-7314x21756,1988-03-01,FL,63477,2024-03-26,AGT0042,VSP,Vision Basic
MEM002178,Brooke,Hill,john17@example.net,(473)205-9766,1971-08-08,TX,69690,2023-05-01,AGT0051,VSP,Vision Premium
MEM002179,Kyle,Smith,tmeyer@example.com,901-757-7466x219,1981-11-06,KY,56525,2024-04-30,AGT0067,VSP,Vision Basic
MEM002180,Matthew,Martinez,elizabeth42@example.com,886-967-2929x90722,1969-03-11,IL,81227,2024-09-11,AGT0036,Zurich,Dental Basic
MEM002181,Joseph,Hamilton,garciaveronica@example.com,538-527-3868,2000-04-14,FL,81260,2024-03-23,AGT0063,Zurich,Vision Premium
MEM002182,Dennis,Harris,wtaylor@example.net,868-762-9661x035,2000-01-20,GA,65674,2023-05-04,AGT0045,MetLife,Dental Basic
MEM002183,Joseph,Spencer,james14@example.net,(262)373-5060,1991-10-25,TN,19984,2024-01-10,AGT0055,MetLife,Vision Basic
MEM002184,Lynn,Gutierrez,melissa09@example.com,349-809-1009,1984-04-24,TN,51911,2023-07-15,AGT0023,Zurich,Dental+Vision Bundle
MEM002185,Michael,Wade,kyle43@example.org,4172846274,1989-08-30,TN,85266,2023-07-20,AGT0068,MetLife,Dental Basic
MEM002186,Leroy,Nicholson,matthewleonard@example.net,273.907.3216x65691,1979-06-20,OH,08249,2023-11-14,AGT0048,VSP,Vision Basic
MEM002187,Courtney,Shelton,epotter@example.org,913.840.2500x6422,1974-06-30,IN,34217,2023-01-14,AGT0036,Zurich,Vision Basic
MEM002188,John,Collier,kathryn65@example.org,(750)753-4774x11602,1972-09-13,KY,25699,2023-02-14,AGT0008,Zurich,Dental+Vision Bundle
MEM002189,Jennifer,Haas,mcooper@example.net,+1-775-492-0415,1990-10-10,FL,69892,2024-04-27,AGT0023,VSP,Vision Premium
MEM002190,Joan,Pittman,kathrynwilliams@example.org,(543)403-2977x4443,1998-12-12,OH,78245,2024-10-25,AGT0005,VSP,Dental Basic
MEM002191,Jacqueline,Reed,ffox@example.net,+1-540-647-7246x4972,1965-11-14,IL,13971,2023-06-06,AGT0011,VSP,Dental+Vision Bundle
MEM002192,Anna,Smith,yburton@example.net,400-499-7844,1955-01-11,FL,76383,2023-05-03,AGT0008,VSP,Dental Basic
MEM002193,Ashley,Jones,david28@example.org,(758)959-7024x89105,1974-11-23,MI,74393,2024-07-11,AGT0079,Zurich,Dental Basic
MEM002194,Ashley,Davis,jeremy56@example.com,223-243-4407,1978-05-24,IL,54817,2024-11-19,AGT0076,Zurich,Dental+Vision Bundle
MEM002195,Melissa,Robinson,brittanybishop@example.com,557.384.5907,1951-04-10,GA,20954,2024-06-12,AGT0054,Zurich,Vision Premium
MEM002196,Alexandra,Jones,bauerian@example.com,+1-921-981-5447x8893,1967-04-24,TX,07296,2023-03-08,AGT0019,Zurich,Dental Premium
MEM002197,Tony,Wood,wallacechristy@example.net,001-806-726-3276x2432,1989-10-12,IN,59877,2023-06-26,AGT0036,Zurich,Dental Basic
MEM002198,Eric,Rosario,dobrien@example.com,001-470-578-9379x8775,1986-09-19,IL,81807,2024-06-01,AGT0001,VSP,Dental Premium
MEM002199,Brianna,Hamilton,paultrujillo@example.net,454-841-9838x5792,1960-07-24,TN,19743,2023-12-26,AGT0060,Zurich,Dental+Vision Bundle
MEM002200,Julia,Smith,wpratt@example.org,599-552-7478x71553,2000-10-17,FL,09764,2023-03-30,AGT0012,MetLife,Dental+Vision Bundle
MEM002201,Theresa,Griffin,charlesortega@example.net,375-261-9617x6502,1957-10-02,IL,03174,2023-07-06,AGT0041,Zurich,Vision Basic
MEM002202,Kristi,Jackson,nparker@example.net,(887)500-5125x380,1965-03-11,IN,13025,2023-01-21,AGT0028,Zurich,Dental Premium
MEM002203,Christina,Smith,paigedavenport@example.com,+1-832-987-9274x622,1972-02-19,KY,42084,2023-03-25,AGT0025,Zurich,Vision Premium
MEM002204,James,Jones,frank43@example.net,620.375.7931x4449,1977-11-09,IN,78320,2023-05-16,AGT0049,Zurich,Dental Premium
MEM002205,Jasmine,Bennett,leslie96@example.org,+1-543-884-0927x7157,1962-08-07,CA,69699,2023-10-13,AGT0041,VSP,Dental Basic
MEM002206,Mark,Holland,floresdaniel@example.net,(951)410-3186,1974-06-23,MI,02983,2023-07-12,AGT0023,VSP,Dental Premium
MEM002207,Thomas,Riley,joshua56@example.com,296-667-6015,1973-09-25,OH,31249,2024-03-26,AGT0063,VSP,Vision Basic
MEM002208,Joseph,Smith,smithjacob@example.net,(457)964-7566x573,1996-12-04,FL,63375,2023-12-24,AGT0022,MetLife,Dental+Vision Bundle
MEM002209,Terri,Miller,morganryan@example.com,+1-902-233-0946x214,1984-08-07,IL,55310,2024-08-22,AGT0069,Zurich,Dental Basic
MEM002210,Mary,Monroe,jeffrey73@example.org,234-828-9078x16293,1981-02-14,KY,15106,2024-03-20,AGT0027,VSP,Vision Premium
MEM002211,Michael,Brown,garrisonbrent@example.com,269-603-6705,1999-06-28,KY,16021,2024-05-30,AGT0012,Zurich,Vision Premium
MEM002212,David,Sandoval,bramos@example.net,819.294.6709,1969-07-31,FL,72525,2023-09-22,AGT0034,MetLife,Dental+Vision Bundle
MEM002213,Steven,Gilbert,royedward@example.net,408.678.8477,1966-09-22,FL,28916,2024-06-13,AGT0018,VSP,Vision Basic
MEM002214,Spencer,Howell,bmedina@example.org,948.723.0097x154,2000-07-30,GA,77887,2024-01-17,AGT0076,MetLife,Dental Premium
MEM002215,Vanessa,Smith,melissapham@example.org,(472)411-5678x1408,1982-03-13,IN,39006,2023-04-18,AGT0021,VSP,Vision Basic
MEM002216,Karen,Sullivan,davidsonshannon@example.com,509-342-3159x63781,1958-12-28,IL,86177,2023-12-11,AGT0046,VSP,Dental Basic
MEM002217,Maria,Brown,huntcharles@example.org,(690)204-7904x6449,1966-09-14,IN,45998,2024-07-13,AGT0057,Zurich,Vision Basic
MEM002218,Faith,Payne,corey39@example.com,(278)291-1926,1989-01-09,GA,82241,2024-08-12,AGT0061,MetLife,Dental Premium
MEM002219,Vincent,Holder,davidsonmargaret@example.net,944-916-6611,2003-11-30,TN,90263,2024-01-18,AGT0062,Zurich,Dental Premium
MEM002220,Edwin,Lynch,taraortiz@example.com,2806585824,1971-01-08,TX,82168,2023-02-11,AGT0014,VSP,Dental Premium
MEM002221,Deborah,Washington,jacqueline24@example.org,3309315186,2001-10-23,GA,46054,2023-10-03,AGT0076,MetLife,Dental Basic
MEM002222,Bridget,Lynch,kerriparks@example.net,376-241-9495x8325,1976-12-19,CA,11347,2023-06-20,AGT0068,MetLife,Dental+Vision Bundle
MEM002223,Alejandro,Valencia,qhall@example.net,(627)477-0859,1962-07-09,IL,55897,2024-08-04,AGT0043,MetLife,Dental+Vision Bundle
MEM002224,William,Young,judith43@example.net,948-821-3801x155,1962-09-10,TN,79409,2023-11-13,AGT0059,VSP,Dental Basic
MEM002225,Joshua,Garcia,molly13@example.net,+1-555-932-3750,1963-03-26,MI,32248,2023-01-01,AGT0023,VSP,Dental Premium
MEM002226,David,Flores,lisahernandez@example.net,724.934.2139,1971-03-11,MI,76012,2023-07-09,AGT0056,MetLife,Vision Premium
MEM002227,Norma,Nguyen,amartin@example.com,235.600.6455,1999-10-28,TN,68464,2023-06-07,AGT0001,VSP,Dental Basic
MEM002228,George,Stafford,alvarezerika@example.org,762.955.8729x37062,1992-03-28,TX,95390,2023-04-13,AGT0051,Zurich,Dental Basic
MEM002229,Jeff,Smith,richardsonamanda@example.net,(362)331-6750,1983-10-05,FL,49009,2024-04-28,AGT0032,MetLife,Dental Premium
MEM002230,James,Taylor,xburgess@example.org,514-977-5688x6371,1961-12-24,GA,77848,2023-11-22,AGT0042,VSP,Dental+Vision Bundle
MEM002231,Briana,Kennedy,hensleyhannah@example.com,582.889.8122,2003-07-22,GA,43767,2024-03-10,AGT0069,MetLife,Dental Premium
MEM002232,Shawn,Adkins,katherinetucker@example.com,545-612-5622x208,2002-08-12,IN,53958,2024-11-16,AGT0029,Zurich,Dental Basic
MEM002233,Mariah,Rhodes,briannamcdaniel@example.com,838-507-1860,1983-02-12,TN,79827,2023-08-29,AGT0044,Zurich,Dental+Vision Bundle
MEM002234,Carol,Morgan,beandiane@example.net,882.292.1629,2003-10-03,GA,40625,2024-09-17,AGT0010,Zurich,Dental Basic
MEM002235,Heather,Washington,jacqueline10@example.org,(630)356-9562x50969,1966-11-12,IN,18873,2024-05-26,AGT0028,VSP,Dental Premium
MEM002236,Jason,Jackson,byrdsherry@example.net,001-886-208-1107x14923,1984-06-16,IL,32546,2023-12-14,AGT0055,MetLife,Dental Premium
MEM002237,Kimberly,Gutierrez,romeromatthew@example.net,+1-884-544-3721x32677,1993-02-14,IN,73779,2024-02-01,AGT0034,VSP,Dental Basic
MEM002238,Kimberly,Walker,espinozacharles@example.net,9437843097,1996-05-31,OH,49757,2024-02-12,AGT0060,MetLife,Dental Premium
MEM002239,William,Cobb,davidmartinez@example.org,387-347-2913,1986-04-15,IN,21405,2023-04-14,AGT0021,VSP,Dental Basic
MEM002240,Tamara,Kelly,aparker@example.org,9232121781,1984-06-13,FL,40926,2024-06-03,AGT0002,VSP,Vision Premium
MEM002241,Gregory,Sanchez,troyedwards@example.net,+1-511-285-9206,1986-01-15,GA,34804,2024-11-17,AGT0007,VSP,Dental Premium
MEM002242,Darren,Cooper,zjackson@example.org,+1-291-309-5310,1960-05-27,CA,60752,2024-10-11,AGT0058,Zurich,Dental Premium
MEM002243,Carolyn,Combs,caleb62@example.org,380.613.7020,1980-01-23,TX,01141,2024-04-29,AGT0047,MetLife,Vision Premium
MEM002244,Charles,Moon,paul61@example.net,660.777.2720,1997-09-14,GA,06866,2024-03-10,AGT0011,MetLife,Dental Basic
MEM002245,Heather,Duncan,hamiltonmegan@example.org,001-753-333-5016x262,1973-02-17,MI,05175,2024-08-27,AGT0066,Zurich,Vision Premium
MEM002246,Larry,Bass,nicholas17@example.org,8519513320,1989-01-06,IN,27110,2024-04-10,AGT0060,VSP,Dental Basic
MEM002247,Brian,Hancock,kellysmith@example.com,235-596-6533,1991-04-17,TN,50818,2024-05-16,AGT0007,Zurich,Vision Premium
MEM002248,Jeffrey,Baird,timothy33@example.net,395-880-0084,1988-03-11,TN,19062,2023-09-16,AGT0038,MetLife,Vision Basic
MEM002249,Erin,Freeman,daviskyle@example.net,614.765.0039,1976-04-22,TN,47785,2023-07-03,AGT0054,MetLife,Dental Premium
MEM002250,William,Lowe,paul42@example.org,381-890-2320,1953-03-13,CA,46121,2023-11-01,AGT0015,VSP,Vision Premium
MEM002251,Daniel,Boyd,sullivanalfred@example.net,875-907-5192,1985-07-19,MI,62519,2024-06-28,AGT0023,MetLife,Vision Basic
MEM002252,Cynthia,Lang,richard62@example.net,(984)439-6568,1962-12-23,FL,01832,2023-05-10,AGT0056,VSP,Dental Premium
MEM002253,Douglas,Smith,bmiller@example.org,(953)647-6414x4271,1971-11-25,TX,44687,2024-04-14,AGT0073,VSP,Dental Basic
MEM002254,Jeffery,Boyer,beverly50@example.net,9025906954,1983-06-12,IN,41806,2023-12-01,AGT0019,Zurich,Dental+Vision Bundle
MEM002255,Roger,Lowery,lisawatts@example.net,236-310-9098x245,1959-01-27,GA,35119,2024-10-15,AGT0066,Zurich,Dental Basic
MEM002256,Jenna,Ortega,mwilliams@example.com,4747170602,1977-02-03,GA,22756,2024-10-14,AGT0052,MetLife,Dental Basic
MEM002257,Matthew,Odonnell,donnamiller@example.com,001-717-662-2809x5417,1957-02-10,GA,89494,2023-09-21,AGT0015,MetLife,Vision Basic
MEM002258,Anthony,Price,wmendez@example.net,382-281-7393x396,1996-02-13,TX,71696,2023-11-07,AGT0032,Zurich,Vision Premium
MEM002259,Frank,Richards,ryan12@example.org,(746)246-7647x8562,2001-06-09,FL,73256,2024-01-19,AGT0028,VSP,Dental Premium
MEM002260,Jose,Gomez,banksyolanda@example.com,499.892.5709,1974-11-02,TX,16204,2023-07-10,AGT0006,Zurich,Dental Premium
MEM002261,Alan,Meyer,kathy14@example.org,325.252.0328x65918,1975-07-25,KY,46230,2023-07-05,AGT0001,VSP,Dental Basic
MEM002262,Jacob,Chase,hornmatthew@example.org,(973)908-3038x84016,1961-08-23,KY,53172,2024-02-29,AGT0035,VSP,Vision Basic
MEM002263,Brittany,Horton,perkinsdeborah@example.net,7509719709,1978-07-18,OH,38936,2024-10-12,AGT0029,MetLife,Dental Basic
MEM002264,Teresa,Malone,sharon40@example.com,001-614-538-7673,1969-10-31,OH,15763,2023-11-29,AGT0079,VSP,Vision Premium
MEM002265,Kelsey,Frost,julie56@example.com,(595)497-9296x26327,1991-04-30,CA,35165,2024-09-15,AGT0054,Zurich,Vision Basic
MEM002266,Stacie,Burns,leemichelle@example.net,390-556-6514,1984-11-26,FL,40896,2024-07-08,AGT0072,MetLife,Dental Premium
MEM002267,James,Orozco,oholmes@example.org,001-387-368-1605,1981-01-27,FL,62208,2023-11-24,AGT0020,VSP,Dental+Vision Bundle
MEM002268,Laura,Moore,jacob36@example.net,574.337.3801,1968-11-24,TX,69383,2024-05-25,AGT0022,Zurich,Dental Premium
MEM002269,Wanda,Lee,lopezmichele@example.com,001-416-282-6111x476,1952-11-23,CA,58858,2024-02-17,AGT0011,Zurich,Vision Basic
MEM002270,Jamie,Murray,wblackwell@example.org,001-854-714-5564x7311,1957-06-15,MI,78155,2023-12-20,AGT0068,VSP,Dental Premium
MEM002271,Gregory,Powell,bwalsh@example.org,+1-689-743-8301,1990-07-04,FL,62618,2023-11-19,AGT0004,MetLife,Vision Basic
MEM002272,William,Cowan,sullivanrachel@example.org,480.841.8902x44628,1981-07-19,CA,09099,2023-06-20,AGT0056,VSP,Dental+Vision Bundle
MEM002273,Tanner,Baker,zjohnson@example.net,936.431.4931x813,1975-06-21,TX,20385,2023-01-24,AGT0063,MetLife,Dental Premium
MEM002274,Bridget,Harris,torresadam@example.org,9838491164,1961-10-25,GA,33933,2024-07-04,AGT0078,MetLife,Dental Basic
MEM002275,Beverly,Swanson,anndickson@example.net,333-772-2781,1968-12-16,OH,45767,2023-08-12,AGT0074,VSP,Dental Basic
MEM002276,Rachael,Hopkins,michaelgordon@example.org,5215367160,1985-12-26,TX,66516,2023-06-12,AGT0053,VSP,Vision Premium
MEM002277,Larry,Sloan,dmalone@example.com,8286749072,2003-10-06,KY,70067,2024-03-04,AGT0041,VSP,Vision Basic
MEM002278,William,Smith,wrightchristopher@example.com,+1-712-588-3793,1978-07-05,TX,99700,2024-11-11,AGT0069,Zurich,Dental Premium
MEM002279,Wendy,Waters,tammymcguire@example.com,+1-481-546-9539x5369,1994-05-24,FL,23351,2024-02-18,AGT0037,VSP,Dental Basic
MEM002280,Brad,Jackson,lisa61@example.net,256-323-0678,1985-11-21,KY,89521,2023-07-01,AGT0001,Zurich,Dental+Vision Bundle
MEM002281,Barbara,Cruz,cooleyjoshua@example.org,(580)844-7120,1965-06-15,OH,17299,2024-04-20,AGT0050,Zurich,Vision Premium
MEM002282,Justin,Griffin,richard37@example.net,+1-786-317-3277x6063,1986-10-23,MI,93024,2024-03-04,AGT0004,Zurich,Dental Basic
MEM002283,John,Grant,simmonskendra@example.com,569-984-3663,1995-02-28,OH,97669,2024-09-16,AGT0077,Zurich,Vision Premium
MEM002284,Mary,Watson,escobarwilliam@example.com,457.677.7859,1979-02-28,CA,44960,2023-01-24,AGT0032,MetLife,Vision Basic
MEM002285,William,Gutierrez,scottcollins@example.net,(739)260-4244,1958-02-28,TN,24410,2024-04-28,AGT0003,Zurich,Vision Basic
MEM002286,Michael,Boone,jbowman@example.org,982.895.9881x6103,1984-12-05,TX,27806,2024-10-31,AGT0066,MetLife,Dental+Vision Bundle
MEM002287,Kathryn,Chapman,walkerlaura@example.net,2438741269,1991-01-26,TN,42289,2023-06-15,AGT0031,MetLife,Vision Basic
MEM002288,Luis,Wilson,gfrank@example.net,001-570-478-3931,1978-12-15,IL,82090,2023-07-24,AGT0038,MetLife,Dental+Vision Bundle
MEM002289,Kevin,Jackson,lbauer@example.com,(750)916-5755,2001-10-26,FL,39990,2023-07-31,AGT0059,MetLife,Vision Premium
MEM002290,Adrienne,Lewis,angelakaufman@example.net,+1-870-256-0557x38410,1971-09-14,IL,04260,2024-03-30,AGT0060,Zurich,Vision Basic
MEM002291,Julie,Reilly,russellterri@example.net,653-617-6602,1979-09-20,IL,91415,2024-09-10,AGT0032,VSP,Vision Premium
MEM002292,Nicholas,Burke,dixonkelly@example.org,001-669-475-7554x60683,1950-08-14,IN,55278,2023-03-13,AGT0053,Zurich,Dental+Vision Bundle
MEM002293,Andrew,Lee,lisacollins@example.net,001-969-766-0818,1956-04-24,GA,68334,2024-01-30,AGT0034,Zurich,Vision Basic
MEM002294,Angela,Roberts,danielle36@example.org,287-445-1261x9379,1997-12-03,IN,21232,2024-09-13,AGT0057,VSP,Dental+Vision Bundle
MEM002295,Diana,English,natashaburke@example.net,243-212-1345x5799,1976-04-13,GA,62820,2023-03-03,AGT0006,VSP,Dental Premium
MEM002296,Jacob,Morales,panderson@example.org,(336)557-8371x5104,1989-06-24,GA,52790,2024-06-07,AGT0016,MetLife,Dental Basic
MEM002297,Todd,Webb,mbarajas@example.com,001-932-324-9673,2002-01-07,OH,77748,2023-09-26,AGT0022,VSP,Dental Premium
MEM002298,Robert,Edwards,haguilar@example.org,6946540289,1962-09-26,MI,27158,2023-12-14,AGT0062,MetLife,Dental Premium
MEM002299,Anita,Doyle,nicholaschapman@example.com,001-841-836-6748,1956-08-24,FL,79474,2023-12-04,AGT0063,MetLife,Vision Premium
MEM002300,Monica,Stone,oholmes@example.net,641-283-5909,1976-06-29,FL,90547,2023-12-17,AGT0043,VSP,Vision Premium
MEM002301,Juan,Carter,dramirez@example.org,725.644.5278x610,1974-09-12,CA,60802,2024-08-04,AGT0005,MetLife,Dental Basic
MEM002302,Margaret,Martin,dramirez@example.com,219-539-1460x37828,1952-04-30,MI,41676,2023-10-23,AGT0048,Zurich,Dental Premium
MEM002303,Robert,Herring,loweandrew@example.net,+1-558-477-7075x0139,1977-07-06,IL,42746,2023-10-26,AGT0073,Zurich,Dental Premium
MEM002304,Phillip,Fry,tholt@example.net,(831)377-1862x6678,1976-06-15,IL,53421,2024-03-26,AGT0017,MetLife,Vision Basic
MEM002305,Rachel,Pope,iclark@example.org,803.626.2498,1973-01-31,MI,04069,2024-01-29,AGT0004,MetLife,Vision Basic
MEM002306,Chelsea,Powell,lisa49@example.com,305.436.4434x954,2002-06-01,IN,14779,2023-06-01,AGT0034,VSP,Vision Premium
MEM002307,Denise,James,steindenise@example.org,001-428-293-4828x009,1986-05-30,FL,47077,2024-06-13,AGT0080,MetLife,Dental+Vision Bundle
MEM002308,John,Cruz,robertsmichael@example.net,(696)290-0192x33152,1963-12-26,CA,36202,2024-10-21,AGT0065,VSP,Vision Basic
MEM002309,Patricia,Martinez,dana58@example.net,527-568-6127x793,1993-07-14,IL,31830,2024-01-23,AGT0068,VSP,Dental Basic
MEM002310,Maria,Graham,rebecca01@example.net,845-676-6162x950,1951-04-12,OH,09063,2024-01-24,AGT0044,MetLife,Dental Premium
MEM002311,Alexander,Miller,bryan73@example.net,(665)823-4655,1963-06-20,KY,98512,2023-08-18,AGT0078,Zurich,Vision Premium
MEM002312,Bryan,Meyers,robinsonkatherine@example.com,001-367-626-4401x9892,1967-09-02,TN,89583,2024-10-27,AGT0064,VSP,Vision Basic
MEM002313,Jason,Cook,matthewochoa@example.com,(356)528-6078,1951-02-04,TX,66926,2024-10-15,AGT0030,Zurich,Dental Basic
MEM002314,Justin,Dawson,melanie34@example.org,749.718.5058x240,1952-12-12,GA,35816,2024-11-11,AGT0013,VSP,Vision Basic
MEM002315,Robert,Bell,brianjensen@example.net,+1-261-519-5973x7253,1999-08-22,TX,16076,2023-10-05,AGT0069,MetLife,Dental+Vision Bundle
MEM002316,Leslie,Nelson,jeremy94@example.com,001-228-905-4009x23195,1990-01-26,CA,73927,2023-02-27,AGT0067,MetLife,Dental Basic
MEM002317,Tyler,Smith,gabrielle90@example.org,743.729.2620,1971-12-28,MI,93430,2023-07-07,AGT0059,MetLife,Dental Basic
MEM002318,Michael,Reed,gfuentes@example.com,+1-675-565-7833x939,1973-11-04,TX,09891,2024-09-15,AGT0036,MetLife,Vision Premium
MEM002319,Anthony,Fleming,maddoxwilliam@example.com,001-978-578-2809x57283,1961-11-22,TX,02089,2023-03-07,AGT0039,MetLife,Dental Basic
MEM002320,Evelyn,Jones,ocervantes@example.net,001-484-760-7456,2002-07-18,CA,89487,2023-09-07,AGT0062,VSP,Dental Basic
MEM002321,Julie,Bowman,huangrhonda@example.com,288-475-8750,1978-08-10,OH,05030,2023-02-22,AGT0026,VSP,Dental Basic
MEM002322,Todd,Mercado,brandonmorales@example.net,6749390648,1992-09-15,MI,65372,2023-03-27,AGT0013,Zurich,Vision Basic
MEM002323,James,Jackson,kennethbauer@example.com,2733197189,1993-09-17,KY,09357,2024-09-04,AGT0073,MetLife,Vision Basic
MEM002324,Henry,Todd,lfreeman@example.net,+1-216-994-2616x66471,1989-09-17,MI,91514,2023-04-25,AGT0076,Zurich,Vision Basic
MEM002325,Ashley,Reed,xpeterson@example.org,001-508-431-3001x618,1950-01-17,KY,12373,2024-04-12,AGT0053,Zurich,Dental Premium
MEM002326,Mark,Hays,brownstephanie@example.com,666-443-0860,1965-11-02,TN,73405,2024-10-08,AGT0065,VSP,Vision Basic
MEM002327,Meredith,Young,nhenry@example.org,564-947-1060x6067,1976-11-18,KY,59893,2024-10-22,AGT0069,MetLife,Dental Premium
MEM002328,Allison,Mcclure,charlesmartinez@example.org,2073290847,2000-05-09,TX,86392,2024-11-25,AGT0040,Zurich,Dental Premium
MEM002329,Cody,Brown,katrina47@example.net,+1-765-685-7579x03367,1993-09-29,IN,64621,2023-07-06,AGT0041,Zurich,Vision Basic
MEM002330,Sarah,Rowland,cardenaskathleen@example.net,+1-293-678-4865x230,1966-01-15,OH,41895,2023-06-17,AGT0056,Zurich,Dental Premium
MEM002331,Mary,Lee,angelcarr@example.net,(707)700-0267,1980-09-20,TX,34827,2024-03-29,AGT0024,MetLife,Vision Premium
MEM002332,Sean,Harris,yballard@example.net,463-582-5117,1969-02-16,KY,07408,2023-08-26,AGT0065,VSP,Dental Premium
MEM002333,James,Lamb,christophersolis@example.org,(333)408-0480x8861,1992-05-02,OH,48648,2024-06-27,AGT0039,Zurich,Dental Basic
MEM002334,Wayne,Turner,brianjarvis@example.net,001-377-921-1271x68109,1963-11-14,TN,54970,2024-11-19,AGT0021,MetLife,Vision Premium
MEM002335,Rachel,Mccann,david52@example.com,637.811.0706x8686,1964-03-03,CA,97255,2023-06-25,AGT0021,VSP,Dental+Vision Bundle
MEM002336,Marie,Garcia,wmercado@example.net,968-895-3742x5257,2003-05-27,GA,71066,2024-04-30,AGT0035,MetLife,Dental+Vision Bundle
MEM002337,Brandi,Hudson,zlove@example.org,+1-295-716-6032x37014,1977-03-28,TN,93887,2024-04-28,AGT0019,VSP,Dental Premium
MEM002338,Deborah,Brown,zflynn@example.org,(419)796-3230x477,1978-04-17,FL,94575,2023-12-29,AGT0040,VSP,Vision Basic
MEM002339,Brittany,Jones,wardtamara@example.net,001-453-338-4162x906,1950-07-05,GA,42563,2024-03-03,AGT0008,VSP,Dental Premium
MEM002340,Jennifer,Daniel,ybrown@example.org,5986051834,1990-12-28,KY,74874,2023-05-24,AGT0003,Zurich,Dental Basic
MEM002341,Jamie,Wright,srose@example.net,479.334.7244x1676,1972-12-17,KY,70857,2024-11-08,AGT0048,MetLife,Dental Premium
MEM002342,Travis,Roberts,williamsonjustin@example.com,(993)226-8348,1979-03-22,TX,79673,2024-01-27,AGT0072,Zurich,Dental Basic
MEM002343,Jennifer,Little,damon28@example.net,001-408-945-4826,1995-02-14,FL,62993,2023-08-09,AGT0036,MetLife,Dental Basic
MEM002344,Rebecca,Walker,matthewdavis@example.net,001-987-866-3404x19744,1979-03-15,FL,45206,2023-06-14,AGT0076,VSP,Dental+Vision Bundle
MEM002345,Jennifer,Atkinson,kevinkirk@example.com,451.669.2175x17135,1984-12-29,FL,43453,2023-02-17,AGT0032,VSP,Dental+Vision Bundle
MEM002346,Jorge,Gibson,adrian05@example.com,358-507-6648x784,1983-08-24,IN,72017,2024-08-23,AGT0013,MetLife,Vision Basic
MEM002347,Elizabeth,Wilson,fgraham@example.net,001-333-859-4822x45248,1998-04-04,TN,02528,2023-10-10,AGT0057,VSP,Dental Basic
MEM002348,Elizabeth,Hobbs,kylefreeman@example.net,(946)514-1191x014,1956-08-21,TN,74972,2023-05-18,AGT0053,MetLife,Dental+Vision Bundle
MEM002349,Danielle,Becker,sotomaria@example.net,+1-435-984-4801x2771,1976-10-23,CA,64705,2024-08-26,AGT0026,Zurich,Dental Basic
MEM002350,Heidi,Rocha,vholland@example.org,+1-209-517-4479x408,1979-05-31,CA,04275,2023-09-09,AGT0070,Zurich,Dental Premium
MEM002351,Laura,Arellano,garrettreid@example.com,919-896-5840x293,1976-02-23,IN,33508,2024-06-27,AGT0018,MetLife,Dental+Vision Bundle
MEM002352,Marc,Underwood,angela28@example.org,(238)265-6260,1982-05-29,FL,48349,2023-11-18,AGT0028,MetLife,Dental Premium
MEM002353,Bethany,Johnson,roykayla@example.net,4038005378,1991-05-05,TN,69168,2023-08-22,AGT0043,MetLife,Vision Premium
MEM002354,Jill,Soto,brentcampos@example.org,4715081692,1972-11-28,CA,93248,2023-09-23,AGT0003,MetLife,Dental Basic
MEM002355,Brittany,Gray,xjackson@example.com,951-498-0702,1988-05-03,GA,81719,2024-02-25,AGT0063,MetLife,Dental+Vision Bundle
MEM002356,Elizabeth,Decker,melinda28@example.com,958.634.9263,1995-12-16,TN,81210,2023-03-03,AGT0003,Zurich,Dental Premium
MEM002357,Mario,Lynch,lynchkelsey@example.net,535.658.8572,1995-03-28,TN,52930,2023-02-02,AGT0069,VSP,Dental Premium
MEM002358,Diana,Holland,claychristopher@example.net,8553875302,1956-01-09,OH,36136,2023-12-08,AGT0073,MetLife,Dental+Vision Bundle
MEM002359,Jennifer,Guzman,hoopernancy@example.net,316-679-5202x7989,1997-09-15,IL,43531,2023-04-26,AGT0066,MetLife,Vision Basic
MEM002360,Melissa,Weeks,pachecoanna@example.net,972-684-5848,1967-02-16,OH,77427,2024-04-24,AGT0056,VSP,Vision Basic
MEM002361,Jonathan,Skinner,roberttran@example.net,(358)907-2008x0570,1979-08-24,OH,37885,2023-06-05,AGT0024,Zurich,Vision Basic
MEM002362,Michelle,Brandt,sean29@example.org,355-468-0846x90015,1997-05-06,GA,28165,2024-04-09,AGT0003,VSP,Vision Basic
MEM002363,Omar,Hernandez,kellybrewer@example.net,670-802-5190x6724,1984-12-25,IN,07135,2023-01-07,AGT0002,MetLife,Dental Premium
MEM002364,Christy,Ward,knorris@example.com,+1-577-747-6308,1973-03-23,MI,58103,2023-06-04,AGT0075,Zurich,Vision Premium
MEM002365,David,Herrera,duffycody@example.net,2066347418,1991-01-25,MI,18145,2024-06-29,AGT0074,VSP,Dental+Vision Bundle
MEM002366,Brandon,Moore,alexisnorman@example.net,757.733.6828x7657,1963-09-10,MI,45988,2024-08-13,AGT0019,MetLife,Dental Premium
MEM002367,Dominic,Hicks,shelley85@example.org,001-566-248-7826x4871,1952-05-09,TX,07221,2023-04-14,AGT0078,MetLife,Vision Premium
MEM002368,Brian,Cooper,richard45@example.org,647.698.5294,1981-04-08,OH,60154,2024-07-07,AGT0042,VSP,Dental+Vision Bundle
MEM002369,Adam,Meyers,nathan56@example.org,001-537-906-9511x81961,1968-09-25,MI,48207,2024-11-04,AGT0039,MetLife,Dental Premium
MEM002370,Diana,Bailey,frank98@example.org,+1-333-824-1997x71180,1970-11-26,MI,58367,2023-10-05,AGT0046,MetLife,Dental Basic
MEM002371,Heidi,Murray,nicholasgallegos@example.net,+1-609-985-9271x436,1961-01-17,GA,33648,2024-03-26,AGT0004,VSP,Dental+Vision Bundle
MEM002372,Yolanda,Harris,kimberly68@example.net,001-938-861-6187,1984-02-17,IN,40756,2023-08-02,AGT0058,VSP,Dental Premium
MEM002373,Tammy,Stewart,fernandezjaime@example.net,(752)717-9005x31260,1984-02-20,CA,91846,2023-07-30,AGT0016,MetLife,Dental+Vision Bundle
MEM002374,Meghan,Evans,rebeccacooley@example.net,001-845-395-8769x55912,2001-11-18,TX,30273,2024-06-02,AGT0016,MetLife,Vision Premium
MEM002375,Austin,Stone,gcamacho@example.net,001-535-494-1234x592,1993-11-18,CA,48968,2023-05-04,AGT0046,Zurich,Dental+Vision Bundle
MEM002376,Heather,Brown,keithflores@example.com,616-427-4351,1967-02-19,MI,67914,2024-03-01,AGT0012,Zurich,Dental Premium
MEM002377,Lorraine,Harris,jhaynes@example.org,274-902-8106,1995-08-23,OH,51339,2023-09-19,AGT0059,MetLife,Dental Basic
MEM002378,Jesse,Phillips,jaredfrazier@example.org,(463)935-6416,1985-11-30,OH,05446,2024-03-06,AGT0046,VSP,Dental+Vision Bundle
MEM002379,Lisa,Rivera,wardjennifer@example.org,635-717-2368x504,1988-12-13,KY,22714,2023-03-08,AGT0030,Zurich,Dental Basic
MEM002380,Paul,Schultz,lynnfrey@example.com,572-224-0553x0611,1984-12-17,FL,01060,2024-10-21,AGT0003,VSP,Vision Premium
MEM002381,Joseph,Douglas,thomassingleton@example.org,540.587.0568,1954-01-26,IL,44340,2023-11-28,AGT0032,MetLife,Vision Basic
MEM002382,Michael,Howard,williamlawrence@example.org,228.743.9974x86980,1996-07-12,IL,94423,2023-05-12,AGT0018,Zurich,Vision Basic
MEM002383,Michael,Dawson,margaretrandall@example.net,2796266094,1955-06-28,CA,33513,2023-02-09,AGT0027,Zurich,Vision Premium
MEM002384,Stephen,Stout,garcialindsay@example.org,966-455-8990x65869,1987-03-22,IL,21971,2024-01-16,AGT0054,MetLife,Dental Basic
MEM002385,James,Roberts,kingandrew@example.com,519.810.6971,1963-08-01,IL,32243,2024-06-15,AGT0047,MetLife,Vision Premium
MEM002386,Matthew,Miller,brucetina@example.org,8283612232,1994-08-21,MI,35833,2023-01-31,AGT0040,VSP,Vision Basic
MEM002387,Aaron,Wise,sarah42@example.org,292-324-3023x200,1978-10-21,IN,25493,2023-09-29,AGT0004,VSP,Dental Basic
MEM002388,David,Fox,amypowers@example.com,+1-835-309-7913x53295,1953-01-26,IL,83891,2024-04-26,AGT0053,MetLife,Vision Basic
MEM002389,Shelley,Bright,briannashannon@example.net,846.376.4089x77953,1997-02-12,IL,36555,2024-09-04,AGT0021,MetLife,Dental Basic
MEM002390,Adam,Lopez,dwilliams@example.com,836.902.7315,1958-04-07,GA,95401,2023-08-17,AGT0009,MetLife,Dental+Vision Bundle
MEM002391,Frank,Jones,rubenmatthews@example.com,398-697-7738x24382,1987-03-29,TX,57147,2024-04-20,AGT0057,MetLife,Dental+Vision Bundle
MEM002392,Gabriel,Moore,victoriashah@example.org,781.238.5223,1950-01-24,KY,50935,2024-10-14,AGT0061,VSP,Dental+Vision Bundle
MEM002393,Duane,Maldonado,samantha01@example.com,212-545-2292x4567,1961-07-02,TN,75904,2023-09-21,AGT0070,VSP,Dental+Vision Bundle
MEM002394,Jasmin,Stein,austin62@example.net,+1-933-774-1535x833,1958-08-25,FL,82308,2024-11-15,AGT0064,Zurich,Dental+Vision Bundle
MEM002395,Christopher,Bullock,petersonkathryn@example.net,+1-445-587-5950x8257,1967-08-11,IL,24343,2024-08-07,AGT0029,Zurich,Dental Basic
MEM002396,Joyce,Becker,smithadam@example.com,686-994-8467,1970-03-27,OH,94754,2023-05-27,AGT0013,Zurich,Dental Premium
MEM002397,Crystal,Bell,adamsjohn@example.com,+1-465-708-6922x7025,1959-06-11,MI,83750,2024-09-21,AGT0029,VSP,Dental Basic
MEM002398,Elizabeth,Baker,flynnjulie@example.org,001-655-262-4126x67680,1977-01-05,TN,97359,2024-11-06,AGT0060,Zurich,Vision Basic
MEM002399,Lawrence,Morales,mjohnson@example.com,824-353-2065x432,2001-10-12,KY,39158,2024-06-13,AGT0017,VSP,Dental Premium
MEM002400,Vanessa,Evans,dominguezrebecca@example.org,515.224.3109x1568,1963-01-11,CA,81647,2024-11-08,AGT0005,Zurich,Dental+Vision Bundle
MEM002401,Robin,Mclaughlin,jessicavaughan@example.net,(925)926-4974,1954-04-23,MI,08593,2024-01-30,AGT0024,MetLife,Dental Basic
MEM002402,Ryan,Santos,kroberts@example.net,(630)270-7810x10124,1971-05-04,IL,49249,2023-02-04,AGT0051,VSP,Dental Basic
MEM002403,Peter,Bowman,danielrodgers@example.com,390-604-4910x0723,1993-05-29,TN,75214,2024-05-07,AGT0025,Zurich,Dental+Vision Bundle
MEM002404,Gerald,Johnson,allenrosario@example.com,5413210704,1986-05-24,FL,04331,2024-08-14,AGT0028,VSP,Vision Basic
MEM002405,Lauren,Wood,robinsonmichael@example.net,678.550.6606x75141,1989-06-18,OH,45794,2024-07-12,AGT0036,Zurich,Vision Premium
MEM002406,Sharon,Cook,knightdavid@example.net,(877)302-1538,1980-04-04,IL,14226,2023-12-12,AGT0033,VSP,Dental+Vision Bundle
MEM002407,Tami,Martinez,solomonryan@example.net,714.235.9341x0616,1999-03-31,FL,83312,2024-05-14,AGT0013,Zurich,Dental+Vision Bundle
MEM002408,Jonathan,Terry,ulopez@example.com,210.973.7122,1973-08-01,OH,19510,2024-06-15,AGT0047,VSP,Vision Basic
MEM002409,Marc,Johnson,manuel24@example.org,+1-586-509-6925,1961-04-29,OH,53914,2024-07-10,AGT0030,VSP,Dental+Vision Bundle
MEM002410,Benjamin,Powers,kimberlywhitaker@example.net,940-309-9812,1999-05-21,KY,77470,2023-05-04,AGT0017,VSP,Dental Premium
MEM002411,Derek,Haynes,zacharywest@example.com,001-415-894-9254x3450,1999-08-22,OH,56386,2024-03-22,AGT0065,MetLife,Dental Premium
MEM002412,Jorge,Thompson,amandamckinney@example.net,+1-466-948-1105x129,1967-06-26,IL,19953,2024-06-07,AGT0029,MetLife,Dental Basic
MEM002413,Lori,Lopez,fvasquez@example.net,536.777.8107x08240,1997-02-25,CA,11412,2023-12-29,AGT0020,Zurich,Dental+Vision Bundle
MEM002414,Jennifer,Callahan,jamesgill@example.com,292.308.2366x162,1954-03-20,TX,58987,2024-06-21,AGT0047,Zurich,Dental Basic
MEM002415,Margaret,Stark,jessica26@example.net,(208)469-6110x8403,1964-12-17,TN,86784,2024-06-27,AGT0021,MetLife,Vision Premium
MEM002416,Diana,Shah,emyers@example.org,001-860-986-3339x95066,1970-04-20,IL,56627,2024-10-12,AGT0070,Zurich,Dental Premium
MEM002417,Alan,Baldwin,andrew00@example.com,7902830692,1974-12-24,IN,91182,2023-07-27,AGT0052,VSP,Dental Premium
MEM002418,Jenna,Gill,belltheresa@example.com,(244)719-9412x43616,1987-10-17,FL,02185,2024-06-18,AGT0060,VSP,Dental Basic
MEM002419,Holly,Carlson,alexanderchristopher@example.org,001-481-349-8367x84903,1950-01-12,OH,59472,2023-11-04,AGT0033,Zurich,Vision Basic
MEM002420,Scott,Elliott,dicksonkatie@example.com,955.700.4375x315,1968-09-23,CA,84993,2023-11-16,AGT0077,MetLife,Dental Basic
MEM002421,Sheila,Heath,christinewilliams@example.net,986.603.9036,1962-08-03,IL,73274,2024-02-25,AGT0062,MetLife,Vision Premium
MEM002422,Ruben,Jefferson,xkennedy@example.org,001-351-453-4743x92708,1985-02-06,IL,07935,2023-09-06,AGT0054,VSP,Vision Basic
MEM002423,Stephen,Williams,clarkamber@example.org,303-820-8234,1981-06-09,OH,01763,2023-09-12,AGT0029,VSP,Dental Basic
MEM002424,Carla,Mendez,tbailey@example.net,+1-851-666-1907,1961-01-28,CA,41451,2024-02-16,AGT0020,MetLife,Dental Premium
MEM002425,Joseph,Greene,jeffrey94@example.net,+1-661-262-2277x26105,1974-09-18,TN,22701,2024-11-19,AGT0002,Zurich,Dental Basic
MEM002426,Jennifer,Smith,alexandraturner@example.com,(659)521-8956x886,1997-01-12,OH,25663,2023-11-15,AGT0077,VSP,Dental Basic
MEM002427,Elizabeth,Cole,michael91@example.net,6236848761,1976-10-22,OH,33926,2024-03-24,AGT0070,Zurich,Vision Basic
MEM002428,Jeffrey,Moran,elizabethtate@example.org,(809)508-5753x7947,1956-04-25,TN,14222,2023-06-07,AGT0035,MetLife,Dental Premium
MEM002429,Allison,Robinson,hector90@example.org,(649)827-8523,1960-02-15,FL,95455,2023-09-19,AGT0055,Zurich,Dental Basic
MEM002430,Stephanie,Miller,clarkepriscilla@example.org,367-260-8960,1976-02-12,MI,50058,2024-05-13,AGT0067,MetLife,Dental Basic
MEM002431,Sonia,Simmons,william97@example.net,+1-224-625-6582x93854,2003-09-29,TN,95121,2024-09-09,AGT0031,Zurich,Vision Basic
MEM002432,Kenneth,Rogers,nicolepierce@example.org,234.466.9081x44986,1987-10-31,IN,79802,2024-03-18,AGT0014,VSP,Dental+Vision Bundle
MEM002433,Jennifer,Leon,isaacpeters@example.org,253-607-0791,1972-07-30,TX,92967,2023-10-10,AGT0043,VSP,Vision Premium
MEM002434,Alison,Crawford,eacevedo@example.com,4836345129,1981-12-31,OH,45991,2023-09-15,AGT0002,MetLife,Vision Premium
MEM002435,Joshua,Miller,jamescrawford@example.net,547-442-5074,1971-10-12,CA,06507,2024-05-12,AGT0064,MetLife,Vision Basic
MEM002436,Lori,Larson,santosleah@example.com,567.875.5005x35760,1973-11-04,OH,59790,2024-11-12,AGT0063,Zurich,Vision Basic
MEM002437,Jason,Bright,adamsteresa@example.com,615-416-3295x661,1983-09-19,CA,92179,2024-08-02,AGT0067,Zurich,Dental Premium
MEM002438,Joseph,Allen,amy17@example.net,(675)877-3061,1959-09-03,CA,04365,2024-09-08,AGT0013,Zurich,Dental Basic
MEM002439,Christopher,Santiago,larsonkristopher@example.net,8094256835,1982-05-12,CA,58973,2023-09-02,AGT0078,VSP,Dental+Vision Bundle
MEM002440,Abigail,Garrett,ywoods@example.com,602-234-7145x137,1981-02-27,FL,17240,2023-02-10,AGT0059,Zurich,Dental+Vision Bundle
MEM002441,Amanda,Casey,zcardenas@example.net,001-765-629-3675x62754,1985-10-08,GA,02319,2023-02-08,AGT0004,MetLife,Vision Basic
MEM002442,Jimmy,Torres,cassidyward@example.com,936-842-2094x70544,1979-07-07,OH,47431,2023-01-25,AGT0038,VSP,Dental+Vision Bundle
MEM002443,William,Erickson,cherylgood@example.net,6185769270,1972-09-29,TN,67536,2024-04-12,AGT0045,VSP,Dental+Vision Bundle
MEM002444,Amber,Conway,michellestone@example.org,(783)644-3029x973,1974-10-26,FL,35931,2023-09-12,AGT0007,VSP,Vision Basic
MEM002445,Monique,Thompson,bruce94@example.net,001-504-668-8698x90876,1973-08-11,IL,86637,2024-10-12,AGT0027,Zurich,Vision Premium
MEM002446,Grant,Martin,gtrujillo@example.org,(478)373-7815x616,1978-11-17,GA,97566,2024-07-14,AGT0045,MetLife,Dental+Vision Bundle
MEM002447,Tracy,Gray,pkirk@example.net,873.414.0319x16661,1979-12-11,TN,41227,2023-04-02,AGT0079,Zurich,Vision Premium
MEM002448,Julie,Guerrero,zmendoza@example.org,001-818-922-4792x2476,1978-05-26,KY,06060,2023-08-22,AGT0013,Zurich,Dental Basic
MEM002449,Valerie,Bryant,fwilkinson@example.net,589-757-9257x852,1978-01-27,CA,20336,2024-02-20,AGT0064,Zurich,Dental Basic
MEM002450,Carla,Brown,gloverjaime@example.org,373.345.4247,1968-02-20,KY,45833,2024-01-27,AGT0063,VSP,Dental Premium
MEM002451,Nancy,Holmes,meredithfry@example.net,295-817-1907,1982-06-06,IL,60297,2024-03-24,AGT0022,VSP,Dental Basic
MEM002452,Thomas,Simmons,margaretwilson@example.org,(545)738-3364x2550,2002-03-14,KY,32590,2023-07-14,AGT0065,Zurich,Vision Basic
MEM002453,John,Hull,lisadavis@example.org,(754)967-5914,2000-03-26,TX,62265,2023-10-31,AGT0023,VSP,Vision Basic
MEM002454,Bobby,Davis,bsmith@example.net,+1-525-883-2014x35456,1967-10-27,OH,62213,2023-03-19,AGT0012,Zurich,Vision Basic
MEM002455,Christina,Robertson,samuelhamilton@example.com,+1-544-449-8106x3267,1986-04-21,KY,83569,2024-11-10,AGT0019,Zurich,Dental Premium
MEM002456,Anthony,Hoover,hillmikayla@example.net,729-292-1192x4743,1985-08-05,IL,56975,2023-12-29,AGT0050,MetLife,Dental+Vision Bundle
MEM002457,Carolyn,Webb,brianriley@example.org,272.311.2038x29983,2001-02-23,OH,48877,2023-10-28,AGT0042,MetLife,Dental Premium
MEM002458,Pamela,Norman,christy47@example.com,668-206-8030,1972-01-23,TX,01304,2023-02-11,AGT0020,Zurich,Dental+Vision Bundle
MEM002459,Michelle,Murphy,molly80@example.org,001-431-343-3605x743,1994-05-13,MI,96887,2023-01-27,AGT0029,MetLife,Dental+Vision Bundle
MEM002460,Nicole,Wilson,joseph59@example.net,001-392-591-7919x6909,1969-05-17,IL,50213,2024-03-26,AGT0002,VSP,Dental Basic
MEM002461,Kelly,Henry,sstewart@example.net,(205)394-8360,1993-05-10,FL,55622,2023-01-22,AGT0054,Zurich,Vision Basic
MEM002462,Makayla,Smith,petersontina@example.net,760.596.4394,1967-04-01,GA,86382,2024-08-04,AGT0024,Zurich,Vision Basic
MEM002463,Joseph,Franklin,davidsmith@example.net,(601)253-5305x32562,2001-08-17,GA,39879,2024-10-04,AGT0034,Zurich,Vision Premium
MEM002464,Virginia,Simpson,robert85@example.com,(316)593-2405x741,1973-08-24,GA,48945,2024-01-08,AGT0048,VSP,Dental+Vision Bundle
MEM002465,James,Garcia,youngdawn@example.net,366-777-0952,1978-09-21,TX,89164,2023-08-29,AGT0046,MetLife,Dental+Vision Bundle
MEM002466,William,Cherry,greenwendy@example.net,929-500-8892x585,1978-11-10,MI,80289,2023-05-18,AGT0069,Zurich,Dental Basic
MEM002467,Jennifer,Yu,leeandrew@example.com,531.220.5886x9485,1992-09-05,TX,60389,2024-06-03,AGT0041,MetLife,Dental+Vision Bundle
MEM002468,Johnathan,Ellis,larajonathan@example.org,001-395-914-0501x8136,1970-06-10,TN,04889,2024-09-10,AGT0071,MetLife,Vision Basic
MEM002469,Aaron,Donaldson,kevin12@example.net,748.710.9452,1954-10-10,FL,33138,2024-08-11,AGT0080,VSP,Vision Basic
MEM002470,Holly,Cruz,meagan61@example.com,312-798-7010x932,1955-10-20,IL,19591,2024-03-22,AGT0003,Zurich,Dental Premium
MEM002471,Brianna,Rodriguez,grodriguez@example.com,832.640.9652x61216,1955-03-01,TN,68168,2024-10-27,AGT0062,Zurich,Dental Basic
MEM002472,Christopher,Park,smithcaleb@example.net,730.816.7965,1981-10-18,OH,85768,2024-11-29,AGT0036,Zurich,Dental Premium
MEM002473,Steven,Sanchez,amyholland@example.org,(984)614-3446x2280,2003-08-17,FL,87330,2023-01-29,AGT0056,Zurich,Vision Premium
MEM002474,Carrie,Brown,williamforbes@example.net,001-305-895-0942,1985-07-20,MI,71725,2023-05-17,AGT0058,VSP,Vision Basic
MEM002475,Jesse,Hernandez,fvasquez@example.org,001-987-327-4105x915,1977-05-02,TN,49407,2024-11-21,AGT0030,Zurich,Vision Premium
MEM002476,Matthew,Davis,brittany52@example.net,(943)452-2173x28424,1986-07-12,IL,74756,2024-06-04,AGT0070,Zurich,Vision Basic
MEM002477,Amanda,Alvarado,vancechristina@example.net,326.551.3420x457,1954-10-02,TN,14485,2023-01-07,AGT0076,MetLife,Vision Premium
MEM002478,Kelly,Benjamin,xtaylor@example.org,3303241300,1955-09-16,TX,28148,2023-03-14,AGT0053,Zurich,Dental Basic
MEM002479,Cameron,Coleman,jackson43@example.com,+1-878-205-5922x7702,1972-04-27,CA,97558,2023-07-19,AGT0023,MetLife,Dental Basic
MEM002480,Kevin,Owens,vsalazar@example.net,925.869.6411x350,1960-09-20,TN,38506,2024-05-21,AGT0012,MetLife,Dental+Vision Bundle
MEM002481,Christine,James,jackiemann@example.org,696.980.0711,1984-10-04,GA,41680,2024-08-10,AGT0049,Zurich,Vision Basic
MEM002482,Brandon,Rush,cynthia20@example.org,527-504-2259,1966-06-02,OH,85559,2023-12-18,AGT0040,VSP,Dental Basic
MEM002483,Jennifer,Taylor,mortonjesse@example.org,(316)769-7446x97071,1972-08-10,FL,09406,2024-03-16,AGT0012,MetLife,Dental Premium
MEM002484,Latoya,Wilson,dgardner@example.org,890.237.1558,1970-05-02,TN,24325,2023-07-25,AGT0011,VSP,Vision Basic
MEM002485,Richard,Anderson,uberg@example.com,288-246-9371x47875,1996-12-31,KY,47290,2023-04-07,AGT0003,Zurich,Dental Basic
MEM002486,Debbie,Stevens,jonestheresa@example.com,644.540.0274x89424,1955-04-23,TN,58377,2024-07-24,AGT0013,MetLife,Dental Basic
MEM002487,Catherine,Harris,dpatterson@example.com,986-971-1881x6182,1951-02-17,IN,84992,2024-06-25,AGT0042,VSP,Dental Premium
MEM002488,Jeffrey,Colon,aroberts@example.com,745.627.3318x81567,2000-07-17,TN,16348,2024-08-04,AGT0009,MetLife,Dental Basic
MEM002489,Lori,Moody,courtney55@example.net,797.507.9077x045,1994-09-12,IL,04013,2024-09-27,AGT0069,MetLife,Dental+Vision Bundle
MEM002490,Vickie,Jones,dalereilly@example.org,(772)859-2129,1963-11-17,CA,59194,2023-04-10,AGT0048,Zurich,Dental Basic
MEM002491,Hannah,Green,michael25@example.org,974.685.6526x4243,1965-12-04,TX,20745,2024-03-27,AGT0020,VSP,Dental Basic
MEM002492,William,Taylor,andrewmartinez@example.com,806-749-6072,1998-03-25,OH,20998,2023-02-09,AGT0040,VSP,Dental Basic
MEM002493,Jennifer,Finley,ramseywilliam@example.com,2965737250,1966-03-09,CA,21576,2024-11-30,AGT0067,MetLife,Dental+Vision Bundle
MEM002494,Terri,Navarro,peter93@example.org,3507650696,1967-05-01,CA,71412,2024-05-24,AGT0020,Zurich,Dental+Vision Bundle
MEM002495,April,Nelson,david64@example.net,211-600-2089x676,1999-03-01,GA,08165,2024-04-10,AGT0058,MetLife,Vision Premium
MEM002496,Stacey,Jenkins,sonyadavis@example.com,875-219-6792,1980-05-09,MI,44714,2023-03-09,AGT0047,MetLife,Dental Basic
MEM002497,Alexandra,Gomez,averyerika@example.org,422-407-0431x077,1966-11-24,GA,19297,2024-05-17,AGT0006,VSP,Dental Basic
MEM002498,Anna,King,rita93@example.net,(574)228-6017x6787,2003-01-13,OH,15978,2024-05-06,AGT0067,MetLife,Vision Premium
MEM002499,Dale,Drake,delgadogeorge@example.net,(938)735-2237,1997-04-23,CA,06299,2023-11-25,AGT0074,Zurich,Vision Basic
MEM002500,Joseph,Flynn,sandersjohn@example.org,848-396-8460x412,1999-01-07,MI,52407,2024-02-08,AGT0037,VSP,Dental Basic
MEM002501,Jennifer,Richardson,david93@example.org,+1-999-870-2146x16904,1976-04-13,GA,10050,2023-07-22,AGT0052,VSP,Dental Premium
MEM002502,Brent,Sanford,pstanley@example.net,(844)919-0437x702,1952-02-20,FL,04810,2024-05-17,AGT0014,VSP,Vision Basic
MEM002503,Mark,Harris,kosborne@example.org,324.264.5604x851,1984-11-18,KY,53532,2024-09-16,AGT0064,VSP,Vision Premium
MEM002504,Luke,Long,gregorylopez@example.com,991.411.7851x2592,1997-04-30,IN,76748,2023-02-26,AGT0025,MetLife,Dental Premium
MEM002505,Chris,Carlson,kathrynanderson@example.net,(953)884-1875,2001-04-02,TX,11856,2024-08-24,AGT0023,Zurich,Dental Premium
MEM002506,Tracy,Brooks,qmartin@example.com,(688)236-6079x833,1997-12-07,IN,67842,2023-02-19,AGT0007,VSP,Dental Premium
MEM002507,James,Cervantes,thomasrobinson@example.net,259-226-6866,1998-03-31,IN,63589,2023-12-27,AGT0056,Zurich,Vision Basic
MEM002508,Brianna,Butler,brentwilliams@example.org,250.593.6047x0928,1995-08-23,TN,29614,2023-07-02,AGT0006,MetLife,Dental Basic
MEM002509,Shaun,Miller,evelynrobinson@example.com,772-679-3922x6894,1969-11-17,TN,21184,2023-07-10,AGT0010,Zurich,Dental Basic
MEM002510,Victor,Butler,cheryldaniel@example.org,(398)832-4072x8195,2001-03-29,CA,10371,2023-07-31,AGT0002,MetLife,Dental+Vision Bundle
MEM002511,Elizabeth,Johnson,greeneanna@example.org,409-433-6272x445,1960-06-08,KY,63927,2023-07-30,AGT0001,MetLife,Vision Premium
MEM002512,Michael,Green,zfreeman@example.org,001-372-822-1553x250,1965-11-19,GA,81568,2023-12-05,AGT0030,VSP,Dental+Vision Bundle
MEM002513,Michelle,Lopez,ashleyvelez@example.com,(711)365-1608x624,1954-01-06,IL,29957,2024-02-16,AGT0019,Zurich,Dental Basic
MEM002514,James,Coleman,averystephanie@example.com,929-466-4711x81320,1973-03-01,GA,25838,2024-11-15,AGT0074,Zurich,Dental+Vision Bundle
MEM002515,Jillian,Wilson,medinateresa@example.com,(706)736-9851x676,1977-10-15,MI,81772,2024-10-03,AGT0035,VSP,Vision Premium
MEM002516,Christine,Goodwin,davidcandice@example.com,001-676-702-2364,1987-02-10,GA,90453,2024-03-01,AGT0036,MetLife,Dental+Vision Bundle
MEM002517,Dalton,Roberts,vestrada@example.com,542.349.1626,1972-09-26,CA,65702,2024-05-14,AGT0002,Zurich,Vision Premium
MEM002518,Taylor,Gallagher,dylan21@example.org,+1-542-319-7381x90347,1990-04-18,IL,59968,2023-02-12,AGT0029,MetLife,Vision Basic
MEM002519,Mark,Johnson,brittanydiaz@example.org,001-585-708-3327x1045,1964-04-04,FL,11979,2023-04-29,AGT0009,MetLife,Vision Basic
MEM002520,Tammy,Stewart,rdennis@example.net,331-771-9163x3547,1973-01-04,GA,34641,2023-06-21,AGT0037,Zurich,Dental Premium
MEM002521,Michelle,Clark,mariorodriguez@example.com,+1-692-720-6829,1973-06-17,OH,72729,2024-08-06,AGT0016,VSP,Dental+Vision Bundle
MEM002522,Gwendolyn,Thompson,michael18@example.com,001-519-381-6254,1957-10-05,TX,40142,2023-07-26,AGT0064,MetLife,Dental Basic
MEM002523,Marco,Blair,cory38@example.com,836-274-6161,1992-01-27,FL,42275,2023-02-06,AGT0014,MetLife,Dental Basic
MEM002524,Joseph,Perez,webbelizabeth@example.net,867.712.7470,1966-07-20,OH,31871,2024-02-02,AGT0009,MetLife,Dental Premium
MEM002525,Linda,Thompson,xclarke@example.net,806-497-2967x2041,1989-04-21,IL,80829,2024-01-15,AGT0057,Zurich,Vision Premium
MEM002526,James,Gilbert,newmanpamela@example.net,+1-775-586-4740x1925,1995-03-08,MI,16319,2024-11-09,AGT0027,Zurich,Dental Premium
MEM002527,Shawn,Rogers,greenmary@example.com,443-884-0397,1951-04-11,IL,62991,2024-08-05,AGT0044,VSP,Dental+Vision Bundle
MEM002528,Matthew,Reed,ocardenas@example.org,001-841-542-5095,1991-06-14,MI,54068,2023-12-25,AGT0008,VSP,Dental Premium
MEM002529,Erica,Brown,debbie28@example.net,(531)632-9967,1995-05-12,OH,27065,2023-10-26,AGT0029,MetLife,Vision Basic
MEM002530,Sarah,Nichols,christina19@example.com,001-976-838-5869x22543,1989-05-16,IN,26210,2023-12-10,AGT0057,MetLife,Dental+Vision Bundle
MEM002531,Robert,Thompson,ddavis@example.org,(753)459-5539x45069,1997-06-02,KY,80050,2024-09-08,AGT0072,MetLife,Dental Basic
MEM002532,Joseph,Gutierrez,lawsonjessica@example.net,(685)554-1793,1955-02-02,OH,11661,2023-11-22,AGT0009,VSP,Vision Basic
MEM002533,Larry,Knight,bakerrenee@example.com,940-696-7624x285,1965-03-30,TN,04825,2023-01-18,AGT0048,MetLife,Dental Basic
MEM002534,Kyle,Fry,erik77@example.org,954.976.6307,1970-12-18,IN,42505,2023-04-17,AGT0049,MetLife,Vision Basic
MEM002535,Chase,Newman,fosterdiana@example.org,+1-340-372-3461x504,2000-11-11,OH,65909,2024-02-01,AGT0029,Zurich,Dental Basic
MEM002536,Brendan,Hernandez,donaldmatthews@example.com,339-300-2950,1956-08-19,IN,40327,2024-07-12,AGT0061,Zurich,Vision Basic
MEM002537,Scott,Leach,kthompson@example.org,001-955-752-3783x904,1984-09-12,FL,63427,2023-10-17,AGT0031,Zurich,Vision Basic
MEM002538,Jacqueline,Carter,shebert@example.com,(863)733-3884,1980-12-18,FL,09179,2023-09-14,AGT0062,MetLife,Vision Basic
MEM002539,Ashley,Williams,anna08@example.org,713-501-6064x4903,1970-01-30,IL,38598,2024-01-04,AGT0037,Zurich,Vision Premium
MEM002540,Sara,Wilson,vvega@example.net,334.430.7182,1973-01-28,IL,12562,2024-02-02,AGT0048,Zurich,Dental Basic
MEM002541,Lauren,Lambert,kortega@example.org,218.467.8110,1962-12-02,IN,31373,2023-11-04,AGT0059,VSP,Vision Premium
MEM002542,Samantha,Hawkins,rosborn@example.com,6256795356,1970-05-13,GA,86924,2024-07-08,AGT0017,Zurich,Dental Premium
MEM002543,Caleb,Jones,michaelbrowning@example.com,001-528-663-9962x402,1987-10-13,GA,82159,2024-02-20,AGT0059,Zurich,Vision Basic
MEM002544,Douglas,Perez,nschultz@example.org,850-590-9039x572,1991-08-02,TN,81092,2024-02-02,AGT0044,VSP,Vision Premium
MEM002545,Matthew,Johnston,johnsonmelissa@example.com,633.282.7653,1997-07-17,MI,23832,2023-05-17,AGT0032,MetLife,Vision Premium
MEM002546,Heather,Ray,kboyd@example.net,(338)258-5520,1967-06-17,CA,89642,2024-08-05,AGT0047,VSP,Vision Basic
MEM002547,Sandra,Hendrix,erika44@example.net,579-420-7405x1870,1983-08-17,KY,22791,2024-02-23,AGT0028,VSP,Dental Basic
MEM002548,Curtis,Pearson,nmurphy@example.org,(554)498-3910,1998-09-13,FL,01318,2023-04-22,AGT0039,Zurich,Dental Premium
MEM002549,Hayley,Rodriguez,halltommy@example.net,001-810-529-7295x75512,1969-06-26,TN,61227,2023-07-24,AGT0071,MetLife,Vision Premium
MEM002550,Brian,Brown,pcarrillo@example.net,830.822.5176,1988-09-26,IL,70301,2024-06-13,AGT0057,MetLife,Vision Premium
MEM002551,Cindy,Thompson,tracybutler@example.org,734.859.5829,2000-11-26,IL,46436,2024-01-31,AGT0035,Zurich,Vision Premium
MEM002552,Raymond,Brown,carlaswanson@example.net,5999441475,1986-01-20,CA,56546,2023-06-09,AGT0026,MetLife,Dental Premium
MEM002553,Meghan,Campos,michaelbutler@example.com,001-285-786-4766x95577,1972-01-17,IL,15916,2024-04-24,AGT0063,VSP,Vision Basic
MEM002554,Ann,Hensley,fostercarol@example.net,(945)211-5905x92568,1997-08-08,IN,41186,2024-09-19,AGT0013,MetLife,Dental Basic
MEM002555,Monique,Coleman,fbernard@example.net,(708)204-6606x382,1954-09-25,TN,94351,2023-01-09,AGT0012,VSP,Dental+Vision Bundle
MEM002556,Kenneth,Butler,zrivera@example.net,+1-420-692-2521x2380,1968-03-19,IL,35294,2024-01-01,AGT0028,VSP,Dental+Vision Bundle
MEM002557,Holly,Reyes,rachaelgray@example.com,001-714-687-4971x5129,1978-04-22,CA,48958,2024-01-07,AGT0058,VSP,Dental Premium
MEM002558,Karen,Castro,jessicapayne@example.org,+1-535-784-9999x1695,1975-12-30,KY,85059,2023-06-29,AGT0013,Zurich,Dental Basic
MEM002559,Deborah,Joseph,dennisbaldwin@example.net,+1-551-320-9018x17497,1964-08-24,GA,16557,2023-06-05,AGT0016,Zurich,Dental+Vision Bundle
MEM002560,Christopher,English,ballen@example.org,001-889-310-5045,1964-03-14,TX,81562,2024-02-24,AGT0071,Zurich,Vision Basic
MEM002561,Destiny,Yoder,bryan59@example.com,(483)244-5942x104,1972-05-17,OH,89093,2023-10-15,AGT0019,VSP,Dental Basic
MEM002562,William,Phillips,walterjacob@example.net,(354)790-7872x55054,1962-03-02,GA,16334,2023-02-10,AGT0061,VSP,Vision Basic
MEM002563,Catherine,Berry,cwood@example.com,6793606169,2002-08-03,TN,28190,2023-01-21,AGT0057,Zurich,Vision Basic
MEM002564,Kathleen,Velasquez,lisabaker@example.net,969.955.9582,1951-10-13,FL,97109,2024-04-03,AGT0073,VSP,Dental+Vision Bundle
MEM002565,Bryan,Ortiz,oliviaperry@example.net,456-994-9060,1983-03-12,OH,56169,2023-03-29,AGT0023,MetLife,Vision Basic
MEM002566,David,Smith,michaeljones@example.org,9945596915,1985-04-25,IL,92762,2024-11-24,AGT0015,Zurich,Dental Basic
MEM002567,Jose,Green,annaho@example.net,(933)275-9849x13878,1978-10-09,KY,15311,2024-10-11,AGT0011,VSP,Vision Basic
MEM002568,Ann,Davis,wilsonjerry@example.com,+1-252-933-1432x417,1951-06-07,CA,99912,2024-05-21,AGT0076,VSP,Dental+Vision Bundle
MEM002569,Kathleen,Thomas,aingram@example.org,487.290.8132,1972-09-02,MI,67018,2024-01-09,AGT0066,VSP,Dental+Vision Bundle
MEM002570,Sharon,White,torresapril@example.net,001-735-919-7881x649,1993-12-04,TN,15103,2023-01-25,AGT0022,MetLife,Vision Basic
MEM002571,Linda,Johnson,teresa59@example.net,9022842241,1973-08-09,FL,93103,2023-11-10,AGT0056,VSP,Dental Basic
MEM002572,David,Owen,melissaglover@example.org,374.934.0305x7925,1991-02-05,OH,29760,2024-11-03,AGT0043,Zurich,Dental Basic
MEM002573,Jeffrey,Dorsey,hallvincent@example.org,7156297968,1950-12-16,CA,53459,2024-10-01,AGT0003,VSP,Dental Premium
MEM002574,Gregory,Davis,dsmith@example.com,(808)821-2407,1984-02-04,GA,37788,2024-04-26,AGT0005,Zurich,Vision Premium
MEM002575,Jennifer,Fields,paulclayton@example.org,835-701-1344,1980-02-11,TN,04047,2024-01-20,AGT0066,VSP,Dental Premium
MEM002576,Brittany,Wilkins,wilkinsonalisha@example.net,001-494-754-9497,1961-11-15,TN,39133,2023-12-17,AGT0034,Zurich,Dental Basic
MEM002577,Steven,Thomas,robertsjohn@example.com,(217)656-3949,1973-12-04,OH,50868,2023-10-16,AGT0058,Zurich,Dental Basic
MEM002578,Mark,Salas,jonathan65@example.com,881-745-2528x8864,1978-08-02,TX,02752,2024-11-13,AGT0015,MetLife,Dental+Vision Bundle
MEM002579,Nicole,Bishop,wrighttina@example.com,+1-942-713-9136,1971-10-19,OH,34662,2023-04-20,AGT0023,VSP,Dental Basic
MEM002580,Alison,Gilbert,iwashington@example.net,001-571-654-2241x25038,1971-04-05,OH,99757,2024-08-08,AGT0010,MetLife,Vision Premium
MEM002581,Corey,Roberts,henryvillegas@example.com,(907)241-9753,1956-04-25,IL,88947,2023-12-16,AGT0075,Zurich,Dental+Vision Bundle
MEM002582,Brett,Jordan,jimmystark@example.net,+1-287-773-3521,1979-09-08,OH,69896,2024-04-16,AGT0079,MetLife,Dental Basic
MEM002583,Jaime,Bowman,michael82@example.com,721.389.4510,1967-11-25,OH,69676,2023-05-23,AGT0024,MetLife,Vision Premium
MEM002584,David,Garcia,howard17@example.net,+1-734-720-6433,1950-05-06,GA,25152,2023-04-04,AGT0030,MetLife,Dental Basic
MEM002585,Lisa,Gonzalez,anne71@example.net,220.240.9324x243,1984-09-16,TN,80836,2023-03-23,AGT0068,MetLife,Vision Basic
MEM002586,Deanna,Becker,ywalker@example.org,624.930.8724,1994-06-09,CA,66394,2023-07-22,AGT0024,VSP,Dental Premium
MEM002587,John,Berry,livingstondavid@example.org,325-279-8969,2003-02-04,IN,19701,2024-11-23,AGT0057,MetLife,Vision Basic
MEM002588,Kevin,Rodriguez,thomasmartin@example.com,595-320-7699x1528,1965-10-11,MI,12300,2023-03-23,AGT0034,MetLife,Dental+Vision Bundle
MEM002589,Sarah,Cunningham,whunter@example.org,(965)801-8005x44027,1966-12-27,OH,08246,2024-08-12,AGT0010,MetLife,Dental Basic
MEM002590,Dave,Grimes,connortaylor@example.com,(510)900-3668x574,1970-06-06,IL,84767,2023-11-26,AGT0051,Zurich,Dental+Vision Bundle
MEM002591,Joel,Nelson,ymata@example.org,001-384-458-1630x2129,2003-12-20,GA,25666,2023-10-31,AGT0065,Zurich,Dental Premium
MEM002592,Richard,Haas,vstanton@example.org,829-480-3102,1972-07-07,TN,30971,2024-03-12,AGT0031,Zurich,Dental Basic
MEM002593,Scott,Cox,rcasey@example.com,+1-825-722-9254,1972-07-30,KY,99518,2024-11-30,AGT0021,MetLife,Dental Basic
MEM002594,Jane,Ramirez,ewalker@example.com,+1-614-455-9036x535,1980-11-18,IN,27242,2024-05-20,AGT0080,VSP,Dental Basic
MEM002595,Scott,Mcneil,samuel76@example.net,(226)676-1747,1951-01-29,OH,47118,2024-04-01,AGT0041,Zurich,Vision Premium
MEM002596,Wanda,Rogers,katelynphillips@example.org,001-205-896-4254x978,1955-11-29,CA,36128,2024-01-06,AGT0034,Zurich,Dental+Vision Bundle
MEM002597,Jerome,Miller,pwilliams@example.org,589-773-1160x1565,1982-02-16,FL,24766,2024-04-06,AGT0048,VSP,Dental Premium
MEM002598,Sara,Davis,joshua24@example.org,850-243-7908,1978-02-14,TX,70129,2024-05-15,AGT0025,MetLife,Vision Basic
MEM002599,Linda,Allen,patricia83@example.com,454-787-5979x974,1981-08-29,GA,96662,2023-02-13,AGT0060,VSP,Dental Premium
MEM002600,Kelly,Martin,simonmelanie@example.org,(982)875-6849x7850,1991-08-06,FL,63573,2024-02-17,AGT0058,MetLife,Dental Basic
MEM002601,Sara,Hines,brianhunt@example.com,608.867.8945x11932,1987-08-24,IN,63721,2024-01-30,AGT0018,VSP,Dental Premium
MEM002602,Chad,Klein,stevenjackson@example.com,700-329-5963,1963-05-28,GA,73834,2024-10-09,AGT0047,MetLife,Dental Premium
MEM002603,Melanie,Bell,diazlisa@example.org,001-836-613-0144,1965-07-02,IL,14702,2024-11-08,AGT0076,MetLife,Dental Basic
MEM002604,Christy,Olson,chad03@example.com,358.906.9328x9401,1985-02-07,FL,10673,2023-01-17,AGT0020,VSP,Dental Premium
MEM002605,Marissa,Wilkerson,stefaniewashington@example.net,918.546.7908x773,1994-08-14,GA,83990,2023-01-23,AGT0021,VSP,Dental+Vision Bundle
MEM002606,Daniel,Butler,sethlynch@example.com,960-210-0697x7400,1974-11-29,MI,08757,2024-07-16,AGT0025,VSP,Vision Basic
MEM002607,William,Anderson,ejames@example.net,2619085370,1988-10-31,GA,08674,2024-05-26,AGT0021,VSP,Dental+Vision Bundle
MEM002608,Maria,Garcia,karenanderson@example.org,(368)339-0510,1981-09-14,OH,72073,2023-03-03,AGT0009,VSP,Vision Premium
MEM002609,Regina,Gross,kristinebarber@example.org,3676698710,1975-12-16,IL,80962,2024-09-14,AGT0031,Zurich,Dental+Vision Bundle
MEM002610,Kevin,Miller,lperez@example.net,(725)819-6429,1987-05-09,FL,16431,2023-08-10,AGT0002,VSP,Vision Basic
MEM002611,Ryan,Thomas,villanuevatodd@example.org,744-696-5502x42182,1977-11-13,CA,83930,2023-12-13,AGT0055,Zurich,Dental Basic
MEM002612,Alicia,Rivera,nmeza@example.com,7244242633,1997-07-08,KY,30273,2023-05-13,AGT0044,Zurich,Dental Premium
MEM002613,Darrell,Ford,karl77@example.org,+1-832-902-0613x92031,1983-02-26,CA,56247,2023-05-12,AGT0061,MetLife,Dental Basic
MEM002614,Marie,Floyd,hramirez@example.org,(287)680-7390,1987-05-31,MI,80735,2024-01-14,AGT0027,VSP,Vision Premium
MEM002615,Ryan,Johnson,cbutler@example.com,(396)202-9649,1992-09-20,KY,34188,2023-11-17,AGT0072,VSP,Vision Basic
MEM002616,Laura,Vasquez,mevans@example.com,358-744-6577x137,1967-06-10,IL,26390,2023-12-06,AGT0042,Zurich,Vision Basic
MEM002617,Jonathan,Owens,cynthiathompson@example.com,001-632-827-6654x84274,2003-03-10,CA,90756,2023-08-23,AGT0031,MetLife,Vision Basic
MEM002618,Kevin,Burton,lopezjessica@example.net,6217436659,1951-09-28,TN,26878,2024-04-26,AGT0066,MetLife,Dental Premium
MEM002619,Angela,Tran,derekwright@example.com,001-933-756-6822x8965,1978-11-09,OH,40250,2023-06-01,AGT0068,VSP,Vision Basic
MEM002620,Cassandra,Walters,mcphersontiffany@example.net,+1-980-913-3761x915,1956-01-03,FL,01553,2023-09-30,AGT0050,MetLife,Vision Premium
MEM002621,Cory,Collins,wilsonchristian@example.net,001-381-762-3153x94281,1962-11-02,TN,71982,2023-10-10,AGT0008,VSP,Dental Basic
MEM002622,Steven,Bowen,kmorgan@example.org,(239)375-0579x2151,1950-04-11,TN,08643,2024-10-10,AGT0046,Zurich,Vision Basic
MEM002623,Anthony,Lane,kenneth00@example.org,873.520.6569x427,1974-06-21,TN,73063,2023-05-30,AGT0063,VSP,Vision Basic
MEM002624,Alan,Chen,patrickgonzalez@example.org,(976)331-1431x0753,1967-12-13,MI,36718,2024-07-03,AGT0077,Zurich,Dental Basic
MEM002625,Daniel,Jefferson,ryanwoodard@example.org,001-530-364-6143,1967-06-28,TX,54637,2023-03-04,AGT0065,VSP,Dental Basic
MEM002626,Tyler,Erickson,hannahbarber@example.com,405-984-7438x9475,1987-12-13,IN,21726,2024-01-21,AGT0039,VSP,Dental Basic
MEM002627,Denise,Cook,jgaines@example.net,+1-422-345-5404,1952-04-08,IN,03296,2023-10-31,AGT0054,MetLife,Dental Premium
MEM002628,Albert,Evans,wwilson@example.com,885.845.3905x798,1990-01-27,GA,17285,2023-06-01,AGT0072,MetLife,Vision Basic
MEM002629,Tiffany,Jordan,melissalewis@example.net,930-902-5539x52563,1959-09-01,KY,88082,2023-11-18,AGT0059,VSP,Dental Basic
MEM002630,Julie,Garcia,eric58@example.net,701.531.1175x1733,1990-09-02,KY,54405,2024-09-13,AGT0021,Zurich,Dental Basic
MEM002631,Douglas,Carter,davidmiller@example.com,001-944-338-7871,1961-02-12,IN,30776,2023-01-18,AGT0042,Zurich,Vision Basic
MEM002632,Mario,Sutton,michaelhorton@example.net,+1-891-605-4825x62739,1978-04-14,GA,26598,2023-05-26,AGT0071,MetLife,Vision Basic
MEM002633,Emily,Harris,jordankatrina@example.org,+1-799-328-6878x4277,1979-01-22,GA,41721,2024-10-23,AGT0023,VSP,Vision Basic
MEM002634,Jeffrey,Sandoval,brandonlawrence@example.net,(706)669-9128x568,1975-05-20,TN,38683,2023-02-05,AGT0073,Zurich,Dental Basic
MEM002635,Christian,Mitchell,jamiecannon@example.org,456-385-4026,1955-01-05,IL,68382,2024-06-07,AGT0064,MetLife,Dental+Vision Bundle
MEM002636,Blake,Moran,baldwinkaren@example.com,323.851.8522,1963-08-07,OH,46914,2023-05-24,AGT0067,MetLife,Dental+Vision Bundle
MEM002637,Raymond,Gonzalez,copelandjessica@example.org,+1-287-914-8454x430,1958-03-30,TN,85138,2023-08-29,AGT0046,VSP,Dental Basic
MEM002638,Kelly,Rogers,erojas@example.com,546-551-8316,1956-03-29,FL,99823,2023-12-18,AGT0052,Zurich,Dental Basic
MEM002639,Gregory,Richardson,janicegonzalez@example.com,957.886.6070x250,1985-07-11,IL,56558,2024-03-02,AGT0071,MetLife,Dental+Vision Bundle
MEM002640,Ronald,Mayer,andrew52@example.com,406-889-6553,1964-04-09,OH,33877,2024-04-04,AGT0034,MetLife,Dental Basic
MEM002641,Tyler,Glenn,caleb40@example.net,001-243-396-8483x59600,2000-01-13,IN,72875,2024-10-22,AGT0007,Zurich,Dental+Vision Bundle
MEM002642,Donna,Moore,ogarcia@example.org,581.393.9271x91899,1992-12-11,IN,80501,2023-08-19,AGT0006,MetLife,Vision Premium
MEM002643,Amanda,Hutchinson,colecook@example.org,417.457.6018x08675,1962-05-09,TX,54436,2023-06-06,AGT0041,VSP,Dental Premium
MEM002644,David,Harper,cookgina@example.net,928.516.6517,1985-07-05,IN,10684,2024-10-11,AGT0066,VSP,Vision Basic
MEM002645,Jamie,Singleton,ksantana@example.org,535-927-6255,1987-03-24,TX,55954,2024-11-16,AGT0009,MetLife,Dental Basic
MEM002646,Donna,Brown,lukemolina@example.com,+1-551-863-9172x7154,1968-09-26,MI,23065,2023-02-06,AGT0075,VSP,Dental Basic
MEM002647,Amanda,Oneill,justinyoung@example.com,8339460749,2002-03-06,TN,43199,2023-03-24,AGT0066,MetLife,Dental Premium
MEM002648,Sean,Brewer,ronnie54@example.net,782-718-7398x212,1998-02-09,IN,67361,2023-06-05,AGT0080,VSP,Dental Premium
MEM002649,Amy,Burns,cramirez@example.com,2318513465,1995-11-01,GA,42865,2024-01-19,AGT0021,MetLife,Vision Premium
MEM002650,Heather,Harvey,onorris@example.net,544.677.1341x2538,1980-01-04,MI,11939,2023-09-20,AGT0042,VSP,Dental Premium
MEM002651,Anthony,Wood,iwilcox@example.net,001-597-566-5620x6703,1975-08-09,FL,49765,2024-10-28,AGT0004,VSP,Vision Basic
MEM002652,Scott,Frazier,gscott@example.org,001-684-239-7118x2003,1995-12-01,GA,82063,2024-10-29,AGT0027,MetLife,Dental Basic
MEM002653,Jill,Rogers,thomassutton@example.com,620.831.0666,1959-07-30,MI,92555,2024-02-01,AGT0026,Zurich,Vision Premium
MEM002654,Michael,Kirby,thomas87@example.net,+1-997-388-8458x7957,1969-03-25,CA,13471,2023-11-02,AGT0039,VSP,Vision Basic
MEM002655,Kelly,George,mlowery@example.com,(419)906-9239x51083,1970-08-14,CA,88399,2024-10-25,AGT0033,MetLife,Vision Basic
MEM002656,Zachary,Sanders,qweaver@example.net,001-784-220-0326,1951-02-10,MI,84580,2023-11-14,AGT0024,VSP,Dental Basic
MEM002657,Jeremy,Williams,ruth41@example.org,620-776-5133x529,1979-05-15,FL,62941,2024-02-02,AGT0051,Zurich,Vision Premium
MEM002658,Samuel,Wright,eroy@example.org,+1-549-829-7045,1993-01-29,TX,71639,2024-05-18,AGT0077,VSP,Vision Premium
MEM002659,Sean,Jones,yjenkins@example.org,335-745-6143,1972-04-18,OH,97630,2024-11-14,AGT0079,MetLife,Dental+Vision Bundle
MEM002660,James,Ortega,gabriellatorres@example.net,001-795-231-2008,1954-06-28,IN,41370,2023-02-01,AGT0036,MetLife,Dental Premium
MEM002661,Brandon,Osborne,joshuarowland@example.com,3365423733,2000-12-19,IL,39683,2024-01-26,AGT0013,MetLife,Dental Premium
MEM002662,Lisa,Hernandez,carterconnie@example.org,297.362.1779x42921,1967-02-12,GA,65383,2024-10-23,AGT0048,MetLife,Dental Premium
MEM002663,Derek,Stafford,christopherpeterson@example.org,850.379.6313x2404,1952-01-04,KY,82069,2024-10-31,AGT0005,MetLife,Dental Premium
MEM002664,Rachel,Lyons,christopher66@example.org,514.957.0658x6862,1990-12-29,MI,67546,2023-09-27,AGT0016,Zurich,Vision Premium
MEM002665,Nathan,Potter,ddavis@example.org,(819)999-3917,1952-09-22,FL,00637,2024-11-29,AGT0023,MetLife,Dental Basic
MEM002666,Elizabeth,Goodwin,awalsh@example.org,(979)662-4452,1990-11-04,CA,26185,2023-08-29,AGT0072,VSP,Dental Premium
MEM002667,Aaron,Montes,catherinecrawford@example.net,001-906-646-5949x18684,1993-01-14,OH,79435,2024-07-30,AGT0020,MetLife,Dental Basic
MEM002668,Jennifer,Hale,clarkbonnie@example.org,(686)787-0375x5785,1983-11-11,IN,63954,2024-11-25,AGT0005,VSP,Dental Premium
MEM002669,Janet,Prince,jason92@example.com,001-764-230-8132x2257,1987-01-01,IL,34407,2024-04-21,AGT0002,Zurich,Dental+Vision Bundle
MEM002670,Charles,Martin,ptorres@example.net,(809)845-5731x492,1955-08-27,KY,23742,2024-11-03,AGT0037,Zurich,Vision Basic
MEM002671,Dustin,Sandoval,agonzales@example.org,+1-628-707-1002,1952-03-10,KY,69394,2023-10-01,AGT0025,MetLife,Vision Premium
MEM002672,Kendra,Baldwin,onelson@example.com,+1-593-599-6979x3393,1953-12-16,CA,95455,2023-01-02,AGT0056,Zurich,Dental+Vision Bundle
MEM002673,James,Griffin,nspencer@example.net,001-368-898-2581x7386,1970-10-09,IN,46191,2024-05-15,AGT0037,VSP,Dental Basic
MEM002674,Henry,Thomas,benjamin99@example.org,687.835.2199x8068,1990-12-07,FL,04496,2024-01-12,AGT0070,MetLife,Dental Premium
MEM002675,Elizabeth,Noble,gregory95@example.org,+1-367-222-6628,1999-06-08,TX,59420,2024-01-16,AGT0019,VSP,Vision Premium
MEM002676,Richard,Bryant,idrake@example.com,639.871.8190x597,1986-07-07,IL,66217,2023-12-22,AGT0075,VSP,Dental Premium
MEM002677,Stefanie,Andrews,jeffward@example.net,640.962.4261x0332,1976-03-27,IL,65787,2023-12-22,AGT0064,Zurich,Vision Basic
MEM002678,Jacob,Bell,kimberly19@example.net,(961)832-9406x35724,1988-09-24,OH,27225,2024-01-04,AGT0078,VSP,Dental+Vision Bundle
MEM002679,Carol,Bailey,lindseyguerrero@example.net,800-872-8438x58009,1982-03-06,FL,90516,2023-12-07,AGT0058,Zurich,Dental+Vision Bundle
MEM002680,Sarah,Carroll,deanna50@example.com,949-704-8735,1953-11-02,TN,36312,2023-06-18,AGT0065,Zurich,Dental Basic
MEM002681,Jeremiah,Mitchell,jimmy64@example.net,001-961-407-7997,1998-06-19,IL,20096,2023-12-16,AGT0074,MetLife,Dental+Vision Bundle
MEM002682,Eugene,Wolfe,monica61@example.com,730.202.7027,1985-07-23,OH,62924,2023-07-30,AGT0054,MetLife,Dental+Vision Bundle
MEM002683,Megan,Ballard,sgallagher@example.com,001-293-380-5145x386,1953-10-07,TX,57496,2024-07-11,AGT0014,Zurich,Dental Basic
MEM002684,Zachary,Salas,kathleenblackwell@example.com,400-406-9915x58593,1964-10-10,MI,34365,2024-07-17,AGT0043,VSP,Dental Basic
MEM002685,Jonathan,Kelly,nmorgan@example.org,(714)389-4413,1999-03-16,GA,59119,2024-01-18,AGT0067,Zurich,Dental+Vision Bundle
MEM002686,Richard,Greene,sharonallen@example.org,869-559-0705x69510,2001-10-07,TN,54398,2023-08-13,AGT0053,Zurich,Vision Premium
MEM002687,Rebecca,Curtis,mortonapril@example.com,408-311-7306x9938,1970-04-05,FL,36597,2023-04-19,AGT0020,Zurich,Dental+Vision Bundle
MEM002688,Lee,Gardner,ktaylor@example.org,7282405218,1950-01-20,TX,42498,2023-07-12,AGT0014,VSP,Dental Basic
MEM002689,Patrick,Williams,julieduncan@example.org,+1-360-648-5896x5498,1977-07-03,MI,36197,2023-03-15,AGT0052,VSP,Dental+Vision Bundle
MEM002690,Susan,Wheeler,amyshepard@example.com,(647)919-2705x487,1958-08-31,MI,05341,2024-07-08,AGT0004,MetLife,Dental Basic
MEM002691,Matthew,James,anthonyhartman@example.net,7562094461,1968-07-30,IL,13265,2023-05-04,AGT0010,MetLife,Dental Premium
MEM002692,Dillon,Preston,sallywilliams@example.com,+1-956-860-5059x0855,1987-11-08,TN,43732,2023-05-02,AGT0052,MetLife,Vision Premium
MEM002693,Todd,Vance,margaretalvarez@example.net,491.294.7437,1980-10-14,GA,92899,2023-11-04,AGT0048,MetLife,Dental Premium
MEM002694,James,Kane,bensonkatie@example.net,001-460-691-0276x4714,2002-11-26,FL,89050,2024-09-26,AGT0079,Zurich,Dental Basic
MEM002695,Denise,Jackson,jonescynthia@example.org,(366)523-7738,1952-10-29,FL,33180,2024-05-18,AGT0041,VSP,Dental Basic
MEM002696,Adrian,Escobar,connorbaker@example.org,478.903.4633,1984-06-05,TX,35139,2024-04-29,AGT0013,VSP,Vision Premium
MEM002697,Cynthia,Pratt,jflores@example.com,(380)758-0005x89538,1981-06-30,FL,61989,2024-09-27,AGT0004,VSP,Dental Basic
MEM002698,Marilyn,Grimes,durhammelissa@example.com,985.678.1807,1957-10-16,FL,81663,2024-05-14,AGT0033,Zurich,Dental Basic
MEM002699,Sara,Gillespie,nichole81@example.com,+1-214-246-6199x54171,1958-06-08,FL,53804,2023-09-09,AGT0049,Zurich,Dental Premium
MEM002700,Samantha,Perry,reneemyers@example.net,+1-954-855-3637,1992-02-07,IN,57328,2024-09-10,AGT0042,VSP,Vision Basic
MEM002701,Michael,Oliver,christine02@example.net,444.823.8162,1969-06-06,CA,56736,2024-04-07,AGT0053,MetLife,Dental Basic
MEM002702,Teresa,Dixon,christina18@example.net,(714)562-8836x3580,2003-03-29,IN,26815,2023-05-12,AGT0065,VSP,Dental Basic
MEM002703,Christopher,Ward,chrisgood@example.com,(511)970-2784x73447,1991-07-22,KY,22889,2023-07-05,AGT0073,VSP,Dental+Vision Bundle
MEM002704,Kaitlin,Perez,olsonomar@example.net,001-368-522-5885x843,1954-05-16,KY,83677,2024-07-02,AGT0075,MetLife,Vision Premium
MEM002705,Janet,Edwards,htorres@example.com,774-807-3972x9617,1965-08-08,FL,45268,2024-05-17,AGT0038,MetLife,Dental Basic
MEM002706,Scott,Lawrence,cruzwilliam@example.org,001-744-325-1180x9545,1979-09-25,GA,77181,2024-09-07,AGT0015,Zurich,Dental Basic
MEM002707,Rachael,Bates,dan28@example.com,248.840.1617,1967-11-12,FL,33520,2023-03-20,AGT0063,MetLife,Dental Basic
MEM002708,Catherine,Wilson,mark37@example.net,(620)315-6914x616,1965-11-05,GA,46468,2024-10-31,AGT0006,VSP,Dental Basic
MEM002709,Nicole,Perez,hcoleman@example.com,2912341781,2002-05-10,FL,64328,2023-12-15,AGT0030,Zurich,Dental Premium
MEM002710,Daniel,Brooks,sandovalkerry@example.com,549-951-4955,1959-02-10,IL,28377,2023-04-29,AGT0018,MetLife,Vision Premium
MEM002711,Patrick,Johnson,zthompson@example.com,001-418-908-4388x1684,2000-06-27,IN,94023,2024-09-11,AGT0057,VSP,Dental Premium
MEM002712,Geoffrey,Gonzalez,morrowcassandra@example.com,2468445030,1951-11-04,TX,88524,2024-03-16,AGT0048,Zurich,Vision Basic
MEM002713,Aaron,Howard,craigchristina@example.net,887-533-0027,1992-06-29,IN,94151,2024-03-04,AGT0036,VSP,Vision Basic
MEM002714,Virginia,Morton,nwhite@example.com,269.750.4326,1956-01-03,OH,77196,2024-03-08,AGT0012,VSP,Dental+Vision Bundle
MEM002715,Brandon,Marshall,jason22@example.com,001-554-793-0539x73451,1982-02-01,FL,81054,2024-11-11,AGT0052,Zurich,Dental+Vision Bundle
MEM002716,Brenda,Phillips,ybrown@example.org,001-609-589-7274x051,1960-11-09,IN,15502,2023-05-21,AGT0021,MetLife,Vision Basic
MEM002717,Sabrina,Hughes,moodycathy@example.org,001-236-256-4025x426,1967-08-19,FL,54599,2024-11-11,AGT0070,VSP,Vision Basic
MEM002718,David,Goodwin,garymeyer@example.org,(479)493-8959x458,1955-12-30,IL,43235,2024-05-04,AGT0075,VSP,Dental Basic
MEM002719,Caleb,Olson,mmorris@example.com,+1-777-856-5512x889,1970-11-02,MI,26957,2023-02-10,AGT0019,VSP,Dental Basic
MEM002720,Amanda,Patterson,xhenderson@example.com,5319012213,1951-01-02,TN,47219,2024-02-05,AGT0008,Zurich,Vision Premium
MEM002721,Kristi,Davidson,gregory44@example.net,535.445.7498x83968,1997-01-22,KY,47951,2023-04-26,AGT0075,Zurich,Dental Basic
MEM002722,Edward,Dillon,barryvincent@example.com,001-235-821-5173x466,1978-09-01,MI,70306,2023-05-21,AGT0062,MetLife,Dental Basic
MEM002723,Jennifer,Bowman,teresascott@example.org,(475)461-0801x030,1992-11-28,FL,13948,2024-05-01,AGT0028,MetLife,Dental Basic
MEM002724,Jennifer,Clark,susan12@example.org,(898)532-3285x41422,1998-07-28,OH,82802,2024-07-20,AGT0019,Zurich,Dental Basic
MEM002725,Dean,Manning,danielbaker@example.org,215.304.5196x7877,1963-01-17,OH,89498,2024-06-06,AGT0062,Zurich,Dental+Vision Bundle
MEM002726,David,Gomez,clarkroberto@example.com,(232)563-5546,2000-10-16,IL,25700,2023-03-16,AGT0032,Zurich,Vision Premium
MEM002727,Jennifer,Carson,christopherwalter@example.com,719.473.2381x545,1982-06-14,MI,60016,2024-10-02,AGT0034,VSP,Dental Basic
MEM002728,Tammy,Crosby,xkim@example.org,+1-860-323-5640x9309,1953-11-07,TN,79105,2024-03-18,AGT0051,MetLife,Dental Basic
MEM002729,Jennifer,Smith,ksimpson@example.com,001-699-993-8191,1985-01-21,FL,36266,2024-01-18,AGT0078,MetLife,Vision Premium
MEM002730,Paul,Thompson,georgeeileen@example.org,(841)555-1758,1993-01-02,CA,59887,2023-05-11,AGT0066,VSP,Vision Basic
MEM002731,Jason,Harris,nicholejohnson@example.net,001-399-866-6868x58431,1964-02-10,MI,21677,2024-10-12,AGT0077,Zurich,Dental Premium
MEM002732,Robin,Brown,wgomez@example.org,794-973-9654x3105,1988-10-28,CA,65417,2023-03-18,AGT0004,VSP,Dental Basic
MEM002733,Carl,Williams,erinmurillo@example.org,959.560.8895x869,1963-01-22,IN,43982,2023-03-28,AGT0048,VSP,Dental Premium
MEM002734,Mikayla,Evans,rachel31@example.com,001-245-821-2586,1980-08-20,KY,18713,2024-04-20,AGT0069,Zurich,Dental Premium
MEM002735,Dawn,Juarez,arnoldevelyn@example.org,+1-799-291-5141x4050,1992-02-28,TX,87694,2023-11-12,AGT0063,VSP,Vision Premium
MEM002736,Christian,Allen,timothy42@example.net,001-763-664-1226x472,2000-04-04,CA,90851,2024-08-26,AGT0077,Zurich,Vision Premium
MEM002737,Jeffrey,Andrews,justinlewis@example.net,(504)824-0817x4425,1992-02-08,TN,69696,2023-05-21,AGT0012,Zurich,Vision Basic
MEM002738,Denise,Walton,shannonli@example.com,620.491.8812x24661,1997-10-17,TX,70873,2023-12-17,AGT0079,Zurich,Dental Basic
MEM002739,Benjamin,Brock,martincathy@example.com,001-309-363-5159,1974-01-23,KY,61997,2024-10-06,AGT0037,Zurich,Vision Basic
MEM002740,Matthew,Lewis,gonzalesderek@example.com,637.597.0860,1979-01-31,MI,61804,2023-11-17,AGT0073,MetLife,Dental Premium
MEM002741,Kathryn,Mccall,xwhite@example.org,517.420.1533x300,1967-03-19,TN,44628,2023-11-10,AGT0067,Zurich,Dental Premium
MEM002742,Stephanie,Johnston,wnelson@example.com,533-611-5196,2003-08-18,GA,71199,2023-09-28,AGT0025,Zurich,Dental+Vision Bundle
MEM002743,Karen,Schwartz,donalddouglas@example.org,654-330-9903,1976-06-20,MI,32844,2023-05-23,AGT0047,Zurich,Vision Basic
MEM002744,Charles,Nicholson,james66@example.com,736-446-3514,1968-05-05,FL,24585,2023-11-25,AGT0075,Zurich,Dental Basic
MEM002745,Zachary,Fowler,donaldnguyen@example.org,985-929-7993x4965,1972-02-29,MI,41825,2023-10-26,AGT0077,Zurich,Dental+Vision Bundle
MEM002746,Andrea,Murillo,michaelwilson@example.net,206.440.6412x3154,1994-08-02,TN,40893,2023-07-07,AGT0032,VSP,Vision Basic
MEM002747,Jose,Stevens,alanpotts@example.com,3166327034,2000-12-22,FL,13897,2023-10-05,AGT0069,VSP,Dental Basic
MEM002748,Michelle,Lowe,omarjacobs@example.com,664.727.2126,1956-06-18,KY,37843,2024-09-12,AGT0016,VSP,Dental+Vision Bundle
MEM002749,James,Tucker,bcarr@example.com,+1-546-472-6986x30133,1950-04-18,OH,64488,2024-02-07,AGT0025,VSP,Dental+Vision Bundle
MEM002750,Christina,Hoffman,lisagallegos@example.org,(667)319-9614,1999-05-27,CA,71288,2024-04-10,AGT0036,Zurich,Vision Basic
MEM002751,Michael,Parker,hgomez@example.com,001-403-984-9526x0682,1973-11-02,IN,74728,2023-07-23,AGT0055,Zurich,Dental+Vision Bundle
MEM002752,Lawrence,Powell,kimberly09@example.com,(715)292-9325x7890,1959-09-12,FL,56017,2024-09-01,AGT0056,VSP,Dental Premium
MEM002753,Ashley,Lee,justingoodman@example.com,001-711-320-2730x2385,1966-04-01,OH,91495,2023-05-24,AGT0047,MetLife,Dental Basic
MEM002754,Gloria,Watkins,tinajohnson@example.org,(530)733-5823,1974-11-19,OH,09363,2023-03-13,AGT0071,Zurich,Dental Premium
MEM002755,Daniel,Wilson,courtneybraun@example.net,473.587.9278x7678,1987-12-22,MI,51815,2023-04-09,AGT0006,Zurich,Vision Basic
MEM002756,Adrian,Arnold,ian96@example.com,214-844-8657x43062,1959-12-31,TN,69685,2023-01-11,AGT0080,Zurich,Dental Premium
MEM002757,Calvin,Lowe,lisa91@example.net,572.502.9811x30084,1971-08-05,MI,77179,2024-03-16,AGT0029,Zurich,Vision Basic
MEM002758,David,Roberts,rileyandrea@example.org,001-779-263-3050x749,1999-07-31,TN,37500,2023-10-01,AGT0031,MetLife,Dental Basic
MEM002759,Justin,Bradford,scottpetersen@example.net,(898)302-8441,1978-06-01,MI,88866,2024-08-21,AGT0022,VSP,Dental Basic
MEM002760,Nicholas,Lewis,rlamb@example.org,985.616.3238x13705,1951-07-26,IL,10522,2024-09-23,AGT0012,Zurich,Vision Premium
MEM002761,Benjamin,Alvarez,gregoryfarrell@example.com,+1-541-752-5838x516,1993-08-16,OH,65128,2023-10-04,AGT0013,MetLife,Dental+Vision Bundle
MEM002762,Zachary,Holder,jenkinskristin@example.com,001-266-484-7132x901,1971-09-18,FL,79660,2023-08-15,AGT0079,MetLife,Dental+Vision Bundle
MEM002763,Deborah,Case,gina18@example.com,811.401.4602x35359,1975-01-27,OH,67380,2023-08-14,AGT0001,MetLife,Vision Premium
MEM002764,Brittany,Davis,suzanne81@example.org,001-935-363-1676x602,2002-01-01,CA,52542,2024-03-21,AGT0050,VSP,Dental Basic
MEM002765,Ann,White,monica87@example.org,+1-219-738-3477,1957-05-10,GA,12129,2023-04-13,AGT0057,VSP,Dental Basic
MEM002766,Alexander,Meyers,thomas08@example.org,(482)613-1148,1984-02-09,IN,82954,2024-01-29,AGT0070,VSP,Dental Basic
MEM002767,Norma,Davis,joann04@example.com,269-278-9425x9634,1994-02-05,GA,12485,2024-11-20,AGT0068,VSP,Dental Premium
MEM002768,Brittany,Barnes,johnward@example.org,819-351-1303x076,1995-07-15,CA,62984,2024-05-26,AGT0050,VSP,Vision Basic
MEM002769,Adam,Warner,hughesjennifer@example.net,001-346-348-2098x7284,1962-12-19,OH,70565,2024-01-17,AGT0077,Zurich,Vision Premium
MEM002770,Paul,Long,jeremycampbell@example.com,3555724772,1986-03-31,MI,75304,2023-06-22,AGT0028,VSP,Dental Premium
MEM002771,Robert,Gonzalez,thernandez@example.net,560-349-4172,1972-04-26,KY,82299,2023-10-08,AGT0030,VSP,Vision Basic
MEM002772,Anthony,Gonzales,hhenderson@example.com,772.618.5893,1952-03-06,CA,95743,2024-04-25,AGT0032,Zurich,Vision Premium
MEM002773,Jennifer,Christensen,romankevin@example.org,001-857-812-6565x64165,1951-12-18,GA,55497,2024-04-08,AGT0074,VSP,Dental Premium
MEM002774,Stephen,Rogers,maddoxlynn@example.org,5707180589,1994-01-17,GA,75169,2023-01-21,AGT0058,VSP,Dental Basic
MEM002775,Roberto,Welch,lindahenson@example.org,(652)257-6150x335,1981-03-29,MI,68097,2023-09-19,AGT0035,VSP,Dental+Vision Bundle
MEM002776,Robert,Gordon,karenfuentes@example.org,322-599-7853x210,1992-12-06,IL,29205,2023-09-24,AGT0022,MetLife,Dental+Vision Bundle
MEM002777,Rachel,Stephens,alecsmith@example.org,3376658490,1996-05-25,CA,06055,2024-10-22,AGT0068,MetLife,Dental+Vision Bundle
MEM002778,Nancy,Reynolds,hernandezmichael@example.net,609.809.5902x7990,1982-09-16,IN,25785,2024-01-26,AGT0030,MetLife,Vision Premium
MEM002779,Randall,Trevino,blackjames@example.net,(948)983-6269x61636,1958-04-16,CA,09213,2023-06-12,AGT0071,MetLife,Dental Premium
MEM002780,Stanley,Fletcher,jacob69@example.net,626-391-5489x7881,1972-11-21,FL,90961,2024-06-21,AGT0020,VSP,Dental Basic
MEM002781,Devon,Murphy,lauragoodwin@example.com,8504875505,1974-12-27,IL,35302,2024-03-22,AGT0030,VSP,Dental Premium
MEM002782,Kenneth,Morrow,stephensstephanie@example.net,001-588-967-8950x1391,1955-12-29,MI,08658,2024-06-17,AGT0012,Zurich,Dental Basic
MEM002783,Samuel,Ramirez,evansgary@example.org,349.684.3828,1965-10-14,KY,02683,2024-11-01,AGT0071,VSP,Dental+Vision Bundle
MEM002784,Kelly,Thompson,rpatel@example.net,557.223.6273,1971-03-13,IN,66240,2023-06-21,AGT0026,Zurich,Vision Premium
MEM002785,Donna,Smith,lucas44@example.com,+1-884-332-1095x4968,1959-02-09,KY,64356,2023-03-10,AGT0023,Zurich,Dental Basic
MEM002786,Steven,Robbins,brianorr@example.net,9998199846,1999-08-27,TN,09433,2024-04-18,AGT0023,MetLife,Vision Basic
MEM002787,Steven,Carlson,david03@example.net,(262)757-6210x902,1972-01-15,IN,59959,2023-07-11,AGT0042,MetLife,Vision Premium
MEM002788,Katherine,Valencia,nathaniel00@example.com,841-456-6305x7275,1951-11-10,TX,25061,2024-06-09,AGT0065,MetLife,Dental Premium
MEM002789,Andrew,Wilson,amber28@example.org,001-805-237-0137,1954-05-04,FL,87669,2023-06-21,AGT0020,MetLife,Dental Basic
MEM002790,Stephen,Smith,elijahdennis@example.net,+1-832-837-7567x794,1982-12-11,CA,71973,2024-09-15,AGT0036,VSP,Dental Basic
MEM002791,Mark,Rivas,darryl48@example.com,(768)998-8077,1959-11-10,MI,83544,2023-06-29,AGT0021,Zurich,Vision Basic
MEM002792,Savannah,Kim,alyssa78@example.com,(445)719-2427x9346,1956-01-07,GA,12454,2023-02-13,AGT0018,MetLife,Dental Premium
MEM002793,Raymond,Thomas,nhester@example.com,318-677-8634,1993-12-15,GA,37810,2024-06-25,AGT0071,Zurich,Vision Premium
MEM002794,Anita,Mendoza,calexander@example.com,001-839-271-0318x87277,1991-11-12,TX,54215,2024-06-21,AGT0046,Zurich,Vision Basic
MEM002795,Elizabeth,Wagner,tkim@example.com,001-820-550-5784x6221,1972-07-22,TX,34824,2024-02-19,AGT0053,MetLife,Vision Basic
MEM002796,Kelsey,Rivera,xmathews@example.org,(931)221-4138x298,1961-04-29,IN,70184,2024-05-26,AGT0027,MetLife,Vision Basic
MEM002797,Kaitlyn,Dennis,gedwards@example.net,966-201-7059x396,1976-10-10,OH,14527,2024-01-12,AGT0078,VSP,Dental Premium
MEM002798,Wendy,Briggs,mike22@example.com,512-746-5529x5787,1983-07-09,IN,15540,2023-11-03,AGT0041,VSP,Dental Basic
MEM002799,Nicolas,Allen,shepardhector@example.com,001-211-231-8002x149,1969-05-04,GA,94848,2023-01-17,AGT0019,VSP,Dental+Vision Bundle
MEM002800,Kathy,Ferguson,ubeltran@example.com,(577)434-3282x391,1977-02-03,GA,87328,2023-05-24,AGT0032,MetLife,Dental Basic
MEM002801,Jasmin,Jones,robertcarpenter@example.net,998-535-9808x469,1989-05-22,KY,18616,2023-08-21,AGT0063,VSP,Vision Basic
MEM002802,Becky,Harrington,william56@example.org,213.270.2446x9845,1983-05-03,MI,50256,2024-04-21,AGT0060,MetLife,Dental Premium
MEM002803,Reginald,Li,tanner30@example.com,(964)465-8899,1972-01-06,IL,35574,2023-02-22,AGT0013,VSP,Dental Premium
MEM002804,Joseph,Turner,christopherluna@example.net,320-392-7493x909,1991-09-23,GA,19275,2023-12-25,AGT0056,MetLife,Vision Basic
MEM002805,Devon,White,petersoncole@example.org,+1-785-413-6840x5416,1995-12-26,TX,30638,2023-12-30,AGT0062,MetLife,Dental+Vision Bundle
MEM002806,Tracy,Smith,xjimenez@example.org,+1-600-532-2607x347,1956-01-30,TN,21572,2024-05-05,AGT0043,MetLife,Dental Premium
MEM002807,Ronald,Friedman,robert31@example.org,823.938.5437,1964-11-20,IN,31449,2024-06-02,AGT0013,MetLife,Vision Premium
MEM002808,Brian,Kelly,amanda19@example.com,001-345-499-6822x4312,1974-03-10,IN,47125,2024-07-29,AGT0004,Zurich,Dental Basic
MEM002809,Stephanie,Diaz,jilljackson@example.org,2788141257,1983-04-23,IN,59553,2024-06-17,AGT0058,VSP,Dental Premium
MEM002810,Rebecca,Ellis,meaganevans@example.net,547-359-7113x15687,1991-04-18,TN,88814,2024-09-19,AGT0080,VSP,Dental Premium
MEM002811,Bob,Evans,ubrock@example.net,001-263-594-6845x8310,1996-05-19,CA,45877,2023-02-22,AGT0016,VSP,Vision Premium
MEM002812,Angela,Cooper,mtaylor@example.net,(875)602-7192,1996-02-10,IN,24652,2024-03-19,AGT0071,Zurich,Vision Premium
MEM002813,Daniel,Smith,andreagonzales@example.org,280.373.6649x70695,1956-01-14,IL,74320,2024-06-02,AGT0049,VSP,Vision Premium
MEM002814,Lorraine,Alvarado,jeffrey35@example.com,(939)250-2111,1973-12-18,IL,90478,2024-03-26,AGT0019,MetLife,Dental Basic
MEM002815,Bradley,Smith,haroldmcneil@example.com,822.208.9395,1974-09-28,GA,69856,2024-01-29,AGT0029,MetLife,Dental Basic
MEM002816,Ashley,Johnson,creyes@example.org,3143782475,1961-12-05,MI,64344,2023-01-13,AGT0054,Zurich,Dental Basic
MEM002817,James,Williams,dbarnes@example.net,(288)585-7602x7316,1988-04-20,TX,46164,2023-06-05,AGT0073,VSP,Dental+Vision Bundle
MEM002818,Brian,Barker,alexis32@example.net,805.824.1694x564,1950-01-19,OH,50163,2023-08-04,AGT0021,MetLife,Dental Premium
MEM002819,Steven,Mejia,robert14@example.org,001-984-600-0013x743,1955-12-06,MI,64608,2024-05-09,AGT0060,MetLife,Dental+Vision Bundle
MEM002820,Jessica,Smith,zallen@example.org,422.458.3376,1960-04-01,OH,27905,2024-05-20,AGT0059,VSP,Vision Basic
MEM002821,Jennifer,Adams,wilsonjoshua@example.com,365.378.6610x0005,1992-01-26,KY,69926,2024-01-17,AGT0074,Zurich,Vision Basic
MEM002822,Phyllis,Martin,victor39@example.org,+1-334-789-1402x6963,1979-04-18,TX,92161,2023-12-05,AGT0020,Zurich,Vision Premium
MEM002823,Michael,Bell,wongwesley@example.com,257.651.3183x8237,1996-08-27,KY,36495,2024-08-26,AGT0077,MetLife,Dental Basic
MEM002824,Jonathan,Herrera,allen38@example.org,585.441.8429,1988-12-04,FL,53316,2023-01-23,AGT0035,VSP,Dental+Vision Bundle
MEM002825,Jodi,Ewing,ewilliams@example.com,837.201.0653,1994-10-04,GA,45851,2023-11-04,AGT0007,Zurich,Dental Premium
MEM002826,Kelly,Ramsey,emiller@example.net,710.882.6277,1959-07-22,IL,95829,2023-09-21,AGT0072,MetLife,Dental+Vision Bundle
MEM002827,Carla,Padilla,hamiltonandrew@example.org,469.360.9566x11828,1972-04-25,FL,93056,2023-08-13,AGT0020,MetLife,Vision Premium
MEM002828,Andre,Castillo,xtorres@example.net,309.675.3363,1982-07-26,GA,76293,2024-06-01,AGT0052,VSP,Vision Basic
MEM002829,Michelle,Blackburn,ghinton@example.net,+1-661-475-6863x45496,1957-04-12,MI,23116,2023-11-03,AGT0021,Zurich,Vision Basic
MEM002830,Anthony,Lamb,matthewcooper@example.org,8035580875,1955-12-14,TN,33788,2024-11-09,AGT0008,VSP,Dental Premium
MEM002831,Julie,Williamson,huntermichael@example.org,688-231-9272x7783,1963-10-27,GA,65604,2024-03-18,AGT0061,MetLife,Dental Premium
MEM002832,Brandi,Jennings,devinbernard@example.org,+1-216-571-7711,1960-08-10,KY,37789,2024-01-15,AGT0031,VSP,Dental+Vision Bundle
MEM002833,Bradley,Brown,bwiggins@example.org,245.274.1791x8480,1985-07-23,CA,04206,2024-05-18,AGT0028,VSP,Dental Premium
MEM002834,Karen,Walter,perezbrian@example.net,+1-421-348-9040x1139,1975-09-13,MI,47061,2023-08-29,AGT0079,MetLife,Dental Premium
MEM002835,Donna,Hansen,carpentersteven@example.com,(344)637-6456,1979-05-08,CA,56374,2024-09-04,AGT0049,MetLife,Dental Basic
MEM002836,Ann,Preston,rebecca83@example.org,(459)274-7091x4871,1950-10-06,IL,67466,2023-03-26,AGT0070,VSP,Vision Basic
MEM002837,Kristina,Walker,meganbennett@example.com,897-889-6812,1963-08-18,IN,54427,2023-04-05,AGT0001,VSP,Dental Basic
MEM002838,Frances,Carpenter,kblair@example.net,(677)808-6657,1976-02-23,TN,49149,2023-05-17,AGT0046,Zurich,Vision Basic
MEM002839,Mary,Cole,caroline77@example.com,938.500.7506x8233,1964-10-27,KY,29858,2023-02-11,AGT0043,MetLife,Dental Basic
MEM002840,Ashlee,Ramirez,hayley26@example.com,+1-786-657-0738,1957-05-22,IN,53275,2024-08-19,AGT0079,MetLife,Dental+Vision Bundle
MEM002841,Aaron,Paul,eric73@example.org,433-205-8789,1965-03-31,GA,22047,2023-07-16,AGT0063,MetLife,Dental Premium
MEM002842,Tonya,Rowe,briannamontoya@example.com,001-376-293-0888x37079,1997-03-13,OH,55214,2023-10-26,AGT0079,VSP,Dental Basic
MEM002843,David,Cohen,reedjulian@example.com,391-397-4708x4867,1973-04-29,IL,92678,2024-04-18,AGT0066,MetLife,Vision Basic
MEM002844,Scott,Wise,chelsea59@example.com,843.465.0941,1975-06-15,IN,83225,2023-08-18,AGT0051,VSP,Vision Premium
MEM002845,Heather,Benson,lmaynard@example.com,5894628701,1990-08-06,TN,13744,2024-04-29,AGT0066,VSP,Dental Premium
MEM002846,Nathan,Farrell,ecole@example.net,+1-418-271-7104x599,1987-07-02,MI,62934,2024-02-15,AGT0040,Zurich,Dental Premium
MEM002847,Lisa,Kent,hernandezchristian@example.org,+1-396-305-0346,1991-05-21,IL,62587,2023-09-04,AGT0020,MetLife,Dental Basic
MEM002848,John,Davis,qnolan@example.org,365-854-5123x355,1960-07-24,IL,99466,2024-08-24,AGT0014,VSP,Dental Basic
MEM002849,Kevin,Harvey,diana63@example.org,001-236-933-8648x650,1975-05-06,TN,39109,2023-03-17,AGT0041,Zurich,Dental Basic
MEM002850,Jose,Nguyen,melanie01@example.net,865-836-4706,1989-01-21,GA,82462,2024-05-08,AGT0016,Zurich,Vision Premium
MEM002851,Kimberly,Castillo,shortjared@example.org,252-244-8649x1535,1999-07-14,CA,88142,2024-11-18,AGT0039,Zurich,Dental Basic
MEM002852,Joseph,Richmond,bassjoshua@example.com,492.994.6513,1953-01-13,TN,11746,2024-04-29,AGT0021,VSP,Dental Basic
MEM002853,Brandon,Evans,glennruben@example.com,001-338-847-0981x92050,1954-05-22,IN,28192,2023-03-09,AGT0033,VSP,Dental Basic
MEM002854,John,Lowe,donnameyers@example.com,(359)332-8657,1991-08-02,GA,91514,2024-05-24,AGT0042,VSP,Dental Basic
MEM002855,Michelle,Lawson,tiffany12@example.net,001-730-306-2381x83924,1987-11-22,TN,54822,2023-12-01,AGT0073,Zurich,Dental Basic
MEM002856,Troy,Davis,rross@example.net,001-460-579-1172,1972-06-25,GA,30437,2023-06-18,AGT0012,VSP,Dental+Vision Bundle
MEM002857,Sonya,Warner,wrightjason@example.org,653-756-2872,1963-04-18,IN,91996,2023-12-09,AGT0018,MetLife,Vision Basic
MEM002858,Maria,Johnson,jennifer09@example.com,447-371-6828,1974-12-05,MI,70776,2024-05-22,AGT0024,VSP,Dental Basic
MEM002859,Debra,Roberts,gkelley@example.com,662.997.0386,1982-05-13,TN,30737,2023-01-10,AGT0079,VSP,Dental Premium
MEM002860,Donald,Moran,rebeccarubio@example.com,(463)778-3681,1993-04-25,TX,33449,2023-04-18,AGT0026,MetLife,Dental Basic
MEM002861,Dalton,Peterson,sarahstrickland@example.net,675-590-4474x176,1995-04-22,KY,36295,2024-11-27,AGT0068,VSP,Dental+Vision Bundle
MEM002862,Joseph,Smith,qwillis@example.net,4656253293,1967-08-24,GA,39679,2024-08-27,AGT0006,VSP,Dental+Vision Bundle
MEM002863,Mary,Bates,joshuabrooks@example.net,001-655-908-9775,1999-02-01,KY,18364,2024-08-28,AGT0069,VSP,Dental Basic
MEM002864,Jennifer,Mueller,elizabeth06@example.com,(550)916-2204,1951-08-11,GA,58637,2023-12-07,AGT0076,Zurich,Dental+Vision Bundle
MEM002865,Vanessa,Green,amy72@example.com,449.226.1528x30568,1992-07-27,GA,73858,2023-03-06,AGT0060,Zurich,Vision Basic
MEM002866,Melissa,Hicks,hardydanielle@example.org,+1-688-422-0925x210,2003-01-05,MI,26129,2023-11-19,AGT0058,VSP,Dental Premium
MEM002867,Cynthia,Shelton,ncunningham@example.org,001-427-492-9902x5100,1953-06-22,MI,63309,2024-10-29,AGT0075,VSP,Dental Premium
MEM002868,Carla,Middleton,meganmonroe@example.net,001-888-235-9432,1997-08-13,MI,30913,2023-01-05,AGT0006,MetLife,Dental+Vision Bundle
MEM002869,Gregory,Jackson,piercemelissa@example.com,700.437.8171x5068,1971-06-10,GA,38995,2024-04-05,AGT0001,VSP,Dental Basic
MEM002870,Patrick,Hunter,lydia20@example.net,915-612-2866x00999,1974-07-20,TX,76240,2023-03-19,AGT0070,VSP,Dental Basic
MEM002871,Juan,Rodriguez,lrodriguez@example.org,264.387.3725,1977-06-21,CA,19636,2024-10-17,AGT0007,VSP,Dental+Vision Bundle
MEM002872,Leslie,Johnston,adriana34@example.org,001-729-778-6715x429,1997-12-01,TX,64058,2023-08-07,AGT0037,MetLife,Dental+Vision Bundle
MEM002873,Christopher,Perkins,ppowers@example.com,5075191035,2000-04-22,TN,53141,2024-02-03,AGT0023,Zurich,Vision Premium
MEM002874,Lisa,Orr,dannymahoney@example.org,840.851.5588,1988-07-13,OH,32954,2023-01-15,AGT0043,Zurich,Dental Basic
MEM002875,Lisa,Rodriguez,elizabeth87@example.org,(611)354-2118x8959,1951-11-09,OH,82284,2024-05-06,AGT0017,Zurich,Vision Premium
MEM002876,Earl,Mckinney,emily51@example.com,536.366.4814,1976-03-23,KY,29075,2023-06-23,AGT0054,MetLife,Dental+Vision Bundle
MEM002877,Kristina,Valenzuela,esparzajulie@example.net,498-401-1063,1964-09-14,TN,36375,2023-07-28,AGT0013,VSP,Dental Premium
MEM002878,Mary,Young,qreed@example.net,001-951-389-8197x8551,1999-03-24,OH,45898,2024-07-09,AGT0010,MetLife,Dental+Vision Bundle
MEM002879,Justin,Allen,staffordrachel@example.com,(294)389-3049x408,1971-06-29,OH,04886,2023-01-04,AGT0035,MetLife,Dental Basic
MEM002880,Stephanie,Butler,richard81@example.net,+1-833-831-6792,1980-04-13,OH,38257,2024-04-07,AGT0065,Zurich,Vision Basic
MEM002881,Andre,Sexton,jasminegriffin@example.org,299-390-6408x10671,1993-03-05,CA,58384,2023-05-06,AGT0036,MetLife,Dental Premium
MEM002882,Claire,Wood,ballardvictoria@example.net,(608)765-3749,1981-09-09,IL,91016,2023-04-05,AGT0050,MetLife,Vision Basic
MEM002883,Michael,Patel,christopherdiaz@example.net,(365)249-3478x12688,1951-08-21,CA,61968,2023-09-14,AGT0012,MetLife,Dental Basic
MEM002884,Courtney,Salinas,tholder@example.net,+1-832-401-9703x07817,1964-05-21,TX,33213,2023-12-17,AGT0069,MetLife,Vision Basic
MEM002885,Tammie,Thompson,samantha81@example.org,+1-691-627-7615x1807,1981-07-11,IN,17122,2024-10-08,AGT0044,VSP,Vision Premium
MEM002886,Jose,Mcdonald,brownmolly@example.org,(697)965-7125x445,1959-04-17,TX,74973,2024-03-18,AGT0052,MetLife,Dental Basic
MEM002887,Elizabeth,Lindsey,larsonbryce@example.net,+1-801-440-9054x449,1993-05-15,CA,85588,2024-09-27,AGT0009,Zurich,Dental Basic
MEM002888,Julia,Brooks,fisherjohn@example.net,639.407.6667x524,1994-05-09,TX,02349,2024-11-03,AGT0059,VSP,Dental Premium
MEM002889,Tammy,Allen,timothy97@example.org,(858)511-2450x7783,1967-11-12,IN,43400,2024-01-13,AGT0005,VSP,Dental Basic
MEM002890,Brad,Salinas,dmoss@example.org,001-522-771-6623,1981-11-20,IN,24121,2024-08-07,AGT0048,Zurich,Dental Premium
MEM002891,Rebecca,Smith,cbright@example.org,(255)381-3261x35427,1978-04-11,FL,88517,2023-01-08,AGT0011,MetLife,Dental+Vision Bundle
MEM002892,Vanessa,Arellano,jasonlucas@example.org,+1-300-725-3046x7407,1996-09-12,TX,29347,2024-08-31,AGT0015,Zurich,Dental Basic
MEM002893,Jesse,Wolf,richard83@example.com,(428)375-3184x83364,1999-08-31,TX,45671,2024-05-21,AGT0044,MetLife,Vision Basic
MEM002894,Edward,Padilla,hking@example.com,001-216-963-9303x22168,1978-06-12,MI,00910,2023-02-03,AGT0040,Zurich,Dental+Vision Bundle
MEM002895,Cody,Moore,deckermadison@example.com,274-312-5121x88334,1953-06-29,OH,61994,2023-10-28,AGT0008,VSP,Vision Premium
MEM002896,Bailey,Jones,joseph55@example.com,(269)562-5367x11712,1973-03-04,GA,40487,2023-05-21,AGT0020,VSP,Dental Premium
MEM002897,Theresa,Vaughn,hholt@example.net,456.459.2300x224,1956-09-03,TX,30774,2024-02-26,AGT0047,MetLife,Vision Basic
MEM002898,Tammy,Cole,tesparza@example.org,335.319.9972,1986-07-03,IN,09507,2023-11-04,AGT0004,VSP,Dental Premium
MEM002899,Levi,Benjamin,scottkirk@example.net,+1-393-206-7642x01173,1962-05-01,TX,10697,2023-04-06,AGT0078,Zurich,Dental+Vision Bundle
MEM002900,Billy,Oneill,sosakatie@example.com,8058204956,1960-03-04,OH,93570,2024-01-07,AGT0034,VSP,Dental Premium
MEM002901,Michael,Smith,jason22@example.com,001-283-992-9025x32448,1966-05-21,CA,54137,2023-05-07,AGT0028,Zurich,Dental+Vision Bundle
MEM002902,Carmen,Hardy,ekelly@example.com,443-695-9289x14631,1954-05-28,KY,45393,2023-08-26,AGT0040,Zurich,Vision Premium
MEM002903,Gabriela,Green,brandi11@example.com,4845781822,1999-04-01,CA,84768,2023-03-23,AGT0070,VSP,Dental+Vision Bundle
MEM002904,Jennifer,Shelton,joshua48@example.com,356.694.4514x21572,1976-09-10,OH,17868,2024-11-04,AGT0052,MetLife,Dental Premium
MEM002905,Nicolas,Brown,robinsonkristina@example.org,738-727-6461x239,1958-05-05,TN,35095,2024-03-06,AGT0035,Zurich,Dental Basic
MEM002906,Michael,Bradshaw,paularamsey@example.org,972.206.7730,1958-06-18,CA,32115,2023-03-12,AGT0001,MetLife,Dental+Vision Bundle
MEM002907,Melissa,Carr,jonathanhansen@example.org,5754391919,1992-02-05,TN,68264,2023-02-13,AGT0052,Zurich,Dental Basic
MEM002908,Sarah,Elliott,hicksjennifer@example.net,307-739-8485x50506,2003-01-04,TX,12811,2023-06-12,AGT0032,MetLife,Dental Premium
MEM002909,Gail,Baker,stevenshaw@example.com,001-662-717-6272x43814,2001-01-18,OH,54179,2023-07-09,AGT0003,VSP,Dental Basic
MEM002910,Miranda,Downs,fletchermichele@example.net,+1-675-730-1446x338,1965-03-12,TX,43011,2023-05-10,AGT0031,VSP,Dental Basic
MEM002911,Justin,Marsh,martinezdouglas@example.org,+1-588-248-1312x059,1974-07-09,CA,73072,2024-06-19,AGT0025,VSP,Vision Basic
MEM002912,Audrey,Williamson,andrewknight@example.org,+1-822-502-4176x6970,1988-07-21,MI,91824,2023-03-02,AGT0079,Zurich,Dental Premium
MEM002913,Amy,Tran,czimmerman@example.com,8004977354,1976-04-05,TN,48387,2024-06-24,AGT0018,VSP,Dental+Vision Bundle
MEM002914,Elizabeth,Harper,crossdonald@example.org,(853)801-2534x364,2001-11-19,KY,76717,2024-02-26,AGT0035,MetLife,Vision Basic
MEM002915,Jeffrey,Brown,bwalters@example.com,903-414-8221x1945,1987-09-13,KY,02966,2023-05-08,AGT0078,VSP,Dental Basic
MEM002916,Pamela,Reed,tina21@example.com,001-585-855-0269x4505,1986-05-20,CA,07550,2023-04-28,AGT0025,Zurich,Dental Premium
MEM002917,Steven,Hernandez,kimberly93@example.net,(388)266-8980,2001-09-24,IL,52918,2023-05-12,AGT0075,MetLife,Dental+Vision Bundle
MEM002918,Cynthia,Peterson,alyssamitchell@example.com,001-230-952-3614x1637,1961-11-19,IN,84122,2023-09-12,AGT0030,MetLife,Vision Premium
MEM002919,Evan,Barr,paulawilliams@example.net,+1-950-329-4079x9397,1985-05-31,IL,06681,2023-03-15,AGT0028,VSP,Dental+Vision Bundle
MEM002920,Sarah,Romero,mayskelsey@example.org,001-954-324-8784x0414,1950-04-03,MI,34616,2024-08-11,AGT0015,Zurich,Dental Basic
MEM002921,Adam,Hunt,kfreeman@example.com,556-999-2291,1980-08-16,MI,83323,2023-04-20,AGT0058,MetLife,Dental Basic
MEM002922,Katrina,Johnson,sandersalexandra@example.net,6479633099,1961-01-21,TN,84534,2024-10-25,AGT0042,VSP,Dental Premium
MEM002923,Caitlyn,Torres,destiny92@example.net,827-867-7416x5374,1974-09-05,FL,58272,2024-06-15,AGT0026,Zurich,Dental Basic
MEM002924,Angela,Wilcox,gabriellagarcia@example.com,761.411.6859,1981-09-07,MI,41226,2024-02-03,AGT0032,VSP,Vision Basic
MEM002925,Chad,Snyder,tboyd@example.com,+1-325-263-4325,1989-03-31,IN,16565,2023-10-08,AGT0033,MetLife,Dental Premium
MEM002926,Melissa,Johnson,heatherglover@example.net,+1-314-710-1120x17474,1955-07-06,IN,90487,2023-06-12,AGT0059,Zurich,Dental Premium
MEM002927,Thomas,Graham,olivia38@example.org,(212)245-8247,1959-11-28,KY,98729,2024-02-28,AGT0019,VSP,Dental Premium
MEM002928,Tyler,Richards,yholmes@example.com,443.864.2542x470,1951-03-28,FL,82358,2024-03-12,AGT0068,MetLife,Vision Basic
MEM002929,Natalie,Soto,raymond69@example.net,(307)929-7223,1977-03-15,MI,03838,2023-12-23,AGT0058,MetLife,Vision Premium
MEM002930,William,Jenkins,jareddickson@example.net,753-897-5082x903,1992-10-11,GA,92310,2023-10-10,AGT0035,MetLife,Vision Basic
MEM002931,Melody,Mason,angelaramirez@example.org,983.262.6849x414,1961-12-23,IN,35100,2024-03-24,AGT0031,Zurich,Vision Basic
MEM002932,Justin,Nguyen,jimmy79@example.org,(906)208-2382x0002,1999-07-02,TX,55714,2023-08-13,AGT0019,MetLife,Dental Premium
MEM002933,Dana,Cross,conniehenderson@example.net,230-592-2221x28816,1996-10-31,KY,42476,2024-01-15,AGT0013,VSP,Dental+Vision Bundle
MEM002934,Lori,Fuentes,jenniferhernandez@example.org,323.644.2416x0838,1977-10-31,GA,99780,2024-06-12,AGT0003,MetLife,Vision Basic
MEM002935,Amy,Wong,amber22@example.org,+1-232-328-4661x99971,1971-08-23,KY,67220,2023-04-20,AGT0033,MetLife,Vision Premium
MEM002936,Ricardo,Thomas,allenjeremy@example.net,621-945-5447x22700,1999-11-17,CA,35021,2024-11-15,AGT0074,Zurich,Dental+Vision Bundle
MEM002937,Kelsey,Martin,dianeaustin@example.com,503.974.8508,1994-08-04,TX,35736,2024-10-04,AGT0001,MetLife,Dental+Vision Bundle
MEM002938,Melanie,Thomas,waltonpamela@example.org,(708)930-7736x6758,1999-09-10,GA,64270,2023-12-02,AGT0073,VSP,Dental Basic
MEM002939,Stephanie,Acosta,taylor33@example.org,838-637-9023x89405,1966-10-23,OH,89504,2023-07-18,AGT0040,Zurich,Vision Premium
MEM002940,Marie,James,cranegary@example.net,412.407.9624x80995,1974-05-25,CA,34865,2023-09-15,AGT0026,Zurich,Dental Premium
MEM002941,Diane,Webster,ronald73@example.com,(701)770-1175,2000-09-15,CA,91404,2024-09-08,AGT0046,MetLife,Dental Premium
MEM002942,Peter,Stevens,timothy51@example.org,(974)244-9989x07167,1967-08-11,MI,31308,2024-10-01,AGT0042,MetLife,Dental+Vision Bundle
MEM002943,Andrew,Martin,tracey92@example.org,+1-500-583-3418x71550,1992-04-16,MI,07680,2024-01-01,AGT0069,VSP,Vision Basic
MEM002944,Kimberly,Hall,leemike@example.org,637-331-2950,2000-06-16,IN,81299,2024-03-17,AGT0010,MetLife,Vision Basic
MEM002945,Amber,Miles,sperez@example.org,+1-892-578-0992x8398,1970-10-02,GA,76254,2023-05-21,AGT0006,MetLife,Vision Basic
MEM002946,Clinton,Williams,anthonybean@example.com,+1-363-603-8169,1956-07-07,OH,71978,2024-07-01,AGT0071,VSP,Vision Premium
MEM002947,Philip,Williams,ihale@example.net,(444)949-1185x10154,1969-03-31,MI,23476,2023-08-15,AGT0048,MetLife,Dental Basic
MEM002948,Marcus,Barron,alexisgarcia@example.net,001-908-472-5842x3022,2002-09-16,GA,64044,2023-01-12,AGT0016,VSP,Vision Basic
MEM002949,Hayley,Guerra,dannycooper@example.org,423.811.4341x6638,1968-10-04,OH,61057,2024-04-05,AGT0044,MetLife,Vision Basic
MEM002950,Scott,Diaz,canderson@example.com,898-746-0534,1972-06-16,CA,84179,2023-04-06,AGT0069,Zurich,Vision Basic
MEM002951,Rebecca,Mitchell,austinlaura@example.org,486-398-7164x629,1953-12-18,FL,65709,2023-09-04,AGT0036,Zurich,Dental Basic
MEM002952,Timothy,Lee,nguyenkatelyn@example.net,5813100077,1993-12-02,MI,68450,2023-01-07,AGT0053,VSP,Dental Basic
MEM002953,Marie,Moore,oharris@example.com,298-370-3225,2002-04-17,MI,82354,2024-05-30,AGT0074,VSP,Dental Basic
MEM002954,James,Weber,eugenekaufman@example.com,+1-445-645-4472x7879,1982-01-07,FL,37553,2023-12-24,AGT0072,Zurich,Dental Basic
MEM002955,Laura,Velasquez,enielsen@example.com,306-568-6799x4206,2001-04-16,IN,62417,2023-04-10,AGT0036,MetLife,Dental Basic
MEM002956,Roy,Beltran,jamesbennett@example.net,(259)330-8787,1971-01-05,IN,23672,2023-06-10,AGT0023,MetLife,Dental+Vision Bundle
MEM002957,Vincent,Jones,benderrachel@example.org,581-556-7102x62251,1961-11-24,KY,42040,2023-07-22,AGT0059,MetLife,Vision Premium
MEM002958,Robert,Robles,kelly72@example.net,(284)601-2520,1962-01-25,IN,32688,2023-08-20,AGT0016,Zurich,Dental+Vision Bundle
MEM002959,Jacob,Hart,fernandezvincent@example.net,524-279-6667,1982-11-23,KY,25764,2023-07-29,AGT0056,MetLife,Vision Premium
MEM002960,Teresa,Henry,brent93@example.com,(813)976-8481x419,1992-07-02,GA,74341,2023-06-12,AGT0001,MetLife,Dental Premium
MEM002961,Christina,Kidd,hawkinslisa@example.org,+1-620-284-9653x851,1965-09-16,GA,49418,2024-06-29,AGT0014,MetLife,Vision Premium
MEM002962,Sharon,Ryan,cynthia93@example.net,401-407-5287x997,1956-07-27,IL,45023,2023-08-05,AGT0054,MetLife,Dental Premium
MEM002963,Thomas,Chandler,brandon25@example.net,712.727.2544,1973-11-16,TX,82446,2023-06-20,AGT0072,Zurich,Vision Basic
MEM002964,Alexander,Becker,iray@example.org,246-977-2396x77839,2002-07-16,TN,42357,2024-08-28,AGT0058,MetLife,Dental+Vision Bundle
MEM002965,Patricia,Russell,moralesherbert@example.com,+1-340-999-0737x229,1997-10-21,CA,51641,2024-08-31,AGT0028,VSP,Dental Premium
MEM002966,Joshua,Smith,ojones@example.net,001-654-640-2919x56505,1989-12-06,KY,09799,2024-09-17,AGT0041,VSP,Vision Basic
MEM002967,Tina,Nelson,lindseymedina@example.com,001-860-522-9351x174,1967-08-11,GA,54964,2023-01-21,AGT0038,VSP,Vision Premium
MEM002968,Christy,Frost,belljon@example.org,804.335.1759x3172,1958-03-02,CA,04874,2024-04-21,AGT0015,Zurich,Dental Basic
MEM002969,Amber,Holloway,randy14@example.com,+1-796-712-6508x89975,1970-08-12,TX,25996,2023-02-25,AGT0015,Zurich,Vision Basic
MEM002970,Pam,Garza,ggamble@example.org,(668)609-6511x98887,2002-02-04,IL,92932,2024-10-27,AGT0007,Zurich,Dental Basic
MEM002971,Thomas,Moody,wellsshaun@example.net,001-554-657-4770x60855,1961-05-05,MI,71318,2023-08-26,AGT0007,Zurich,Dental+Vision Bundle
MEM002972,Lacey,Hensley,karen32@example.com,001-354-711-5652x770,1956-08-27,MI,50677,2024-07-10,AGT0069,Zurich,Dental Basic
MEM002973,Evan,Morales,fernandezlynn@example.org,692.800.8546x316,1998-03-24,OH,05622,2024-06-21,AGT0034,VSP,Dental Premium
MEM002974,Ricardo,Parks,anne32@example.org,555.483.8833x3149,1965-12-30,IN,47379,2023-05-20,AGT0055,VSP,Dental+Vision Bundle
MEM002975,Melissa,Dixon,walterboyle@example.net,(906)366-5347,1962-07-15,MI,05083,2023-07-30,AGT0012,Zurich,Dental Basic
MEM002976,Ashley,Smith,smithandrew@example.org,001-366-861-7808x8644,1956-05-29,GA,19328,2024-03-28,AGT0070,MetLife,Vision Premium
MEM002977,Stephanie,Neal,jreed@example.net,+1-742-550-1229x153,1991-05-08,IL,60336,2023-11-26,AGT0036,VSP,Dental Basic
MEM002978,Mark,Richards,theresajones@example.net,266.316.2429x338,1952-06-14,IN,88189,2023-01-12,AGT0004,MetLife,Dental Premium
MEM002979,Brandon,Potter,wilsonsteven@example.com,260-983-4864x9175,2002-07-23,OH,72276,2024-10-14,AGT0011,Zurich,Dental Basic
MEM002980,Katherine,Ellison,mcfarlandsusan@example.org,953-649-7621,1989-05-20,TX,09873,2023-04-11,AGT0048,MetLife,Vision Premium
MEM002981,Danielle,Franco,shaungarcia@example.org,(448)966-8982x3973,1952-04-26,IL,69860,2024-09-11,AGT0046,VSP,Dental Premium
MEM002982,Phillip,Moore,heather63@example.com,(750)412-1991x499,1995-03-21,KY,42650,2023-04-28,AGT0038,VSP,Dental Basic
MEM002983,James,Santana,joel01@example.net,(354)697-0594x4599,1963-04-10,CA,41532,2024-07-12,AGT0074,Zurich,Vision Basic
MEM002984,Dylan,Spears,taylordanielle@example.org,287.207.1360x42121,1996-11-07,OH,38027,2024-05-17,AGT0020,MetLife,Dental+Vision Bundle
MEM002985,Richard,Washington,fgomez@example.org,7848865425,1994-12-26,CA,92844,2023-10-23,AGT0006,VSP,Dental Premium
MEM002986,Zachary,Hess,gabrielbrown@example.net,+1-454-541-7105x6739,1995-07-02,GA,91988,2023-02-11,AGT0060,MetLife,Dental Basic
MEM002987,Mikayla,Newman,owensalbert@example.com,987-723-5838x951,1950-04-02,KY,83820,2023-02-20,AGT0032,VSP,Dental Premium
MEM002988,Dominic,Torres,tjohnson@example.net,707.562.7325,1957-12-16,TN,72087,2023-12-16,AGT0067,VSP,Vision Basic
MEM002989,Eric,Kirby,jason32@example.net,(522)250-6348x3732,1983-11-21,CA,09847,2024-02-19,AGT0016,MetLife,Dental Premium
MEM002990,Jordan,Rush,roger50@example.org,209.354.1852x03971,1995-11-27,MI,91221,2023-10-03,AGT0042,VSP,Vision Premium
MEM002991,Sarah,Hill,javier05@example.org,001-880-299-3409,1977-10-28,IL,07689,2024-01-10,AGT0074,VSP,Vision Premium
MEM002992,Jessica,Leblanc,qgordon@example.net,(755)984-2252x7768,1953-07-14,FL,44484,2024-07-19,AGT0007,VSP,Dental Basic
MEM002993,Michael,Graham,larry29@example.org,675.401.9325x2674,2000-02-01,FL,25014,2024-02-25,AGT0080,VSP,Vision Premium
MEM002994,Kathryn,Thompson,ncruz@example.com,(638)414-9871,1997-03-05,IL,98374,2023-01-18,AGT0017,MetLife,Dental Basic
MEM002995,Andrew,Sexton,elizabethbryant@example.com,593.812.4049x386,1960-12-25,GA,19709,2023-02-18,AGT0033,Zurich,Dental Basic
MEM002996,Karen,Vang,wmorgan@example.org,873.747.7630,1997-06-26,IN,70796,2024-07-23,AGT0034,Zurich,Vision Premium
MEM002997,Michael,Thomas,tesparza@example.net,(799)315-8973x0378,1965-12-02,TX,35672,2024-10-21,AGT0061,VSP,Dental+Vision Bundle
MEM002998,Elizabeth,Rhodes,dana29@example.net,001-736-887-6190x750,1996-04-06,MI,10799,2023-09-12,AGT0049,Zurich,Vision Premium
MEM002999,Cory,Moran,michael10@example.com,298-318-8696x1158,1955-10-04,GA,64463,2024-06-25,AGT0035,MetLife,Dental Basic
MEM003000,Charles,Shaw,brittanymckee@example.org,001-226-783-1562x4206,1962-09-11,GA,84256,2023-03-09,AGT0080,Zurich,Dental Premium
MEM003001,Nancy,Jones,powellkayla@example.com,(990)354-3526x82194,1996-10-21,CA,76781,2023-06-24,AGT0040,VSP,Dental Premium
MEM003002,Jessica,Schwartz,gilbertmccarthy@example.org,001-273-525-7592x123,1971-10-11,GA,39731,2023-01-22,AGT0017,VSP,Vision Premium
MEM003003,William,Elliott,nguyenjennifer@example.org,372-810-4631,1988-08-28,MI,96223,2024-06-25,AGT0014,VSP,Dental+Vision Bundle
MEM003004,Spencer,Smith,knighttroy@example.org,(305)444-5931x813,1957-05-16,FL,47557,2023-09-15,AGT0006,VSP,Dental Premium
MEM003005,Kelly,Ramos,glee@example.org,(405)640-7647x186,1984-12-23,IL,25649,2024-10-08,AGT0046,VSP,Vision Premium
MEM003006,Robert,Vaughn,christopherrich@example.org,001-794-680-7207x84584,1966-09-28,GA,07601,2023-02-13,AGT0030,Zurich,Vision Premium
MEM003007,Gregory,Martin,rkrause@example.org,(418)906-6725,1998-10-04,IL,77915,2023-12-15,AGT0038,MetLife,Dental+Vision Bundle
MEM003008,James,Acosta,jonathan45@example.org,001-290-867-7421x083,1957-08-04,FL,27842,2023-01-24,AGT0049,VSP,Dental Premium
MEM003009,Jennifer,Phillips,rgarcia@example.net,942.457.5423x73534,1976-01-27,TX,41329,2023-10-14,AGT0074,Zurich,Vision Basic
MEM003010,Valerie,Barnes,gabrielhurst@example.org,902-327-7469x03384,1970-04-07,OH,29300,2023-01-24,AGT0048,MetLife,Vision Basic
MEM003011,Sarah,Eaton,allison77@example.net,222-521-2004x02342,1996-07-16,IL,30135,2024-05-27,AGT0036,VSP,Vision Premium
MEM003012,Erica,Gardner,angelawatson@example.org,(800)621-5638x366,1991-10-12,CA,84377,2023-05-18,AGT0008,Zurich,Vision Premium
MEM003013,Karla,Russell,william94@example.net,699-778-5134,1975-12-28,IN,95626,2023-02-08,AGT0038,MetLife,Dental Basic
MEM003014,Malik,Horton,mjimenez@example.com,894-528-3188x86166,1968-09-29,TN,32464,2023-08-10,AGT0025,Zurich,Dental Premium
MEM003015,Lisa,Lopez,morrisonconnor@example.com,001-316-382-4977x0549,1960-12-17,GA,88919,2023-11-19,AGT0029,MetLife,Dental+Vision Bundle
MEM003016,Sarah,Green,acevedoroy@example.net,776-551-2674x907,1958-06-27,CA,46170,2023-04-03,AGT0059,Zurich,Vision Basic
MEM003017,Craig,Palmer,sharon62@example.net,434.495.6515,1998-11-03,IN,92900,2023-05-07,AGT0078,MetLife,Dental Basic
MEM003018,Stephanie,Lewis,wheelervanessa@example.com,(505)596-7656x1249,1967-10-06,FL,39630,2023-04-04,AGT0028,MetLife,Dental Premium
MEM003019,Jonathan,Collins,ylindsey@example.net,001-538-792-5291x4937,1970-04-02,IN,84278,2023-11-27,AGT0053,MetLife,Vision Premium
MEM003020,Denise,Moore,stonejeffrey@example.net,868-967-4478,1995-04-19,FL,26637,2023-03-27,AGT0042,VSP,Dental Basic
MEM003021,David,Ellis,cantrellrichard@example.com,718-526-9718x701,1986-07-14,TX,94883,2024-05-27,AGT0068,MetLife,Dental Basic
MEM003022,Ashley,Nunez,stephanie05@example.com,791-399-9498,1968-09-21,IN,16512,2023-07-09,AGT0004,Zurich,Dental Basic
MEM003023,Rose,Roberts,imiller@example.org,540.945.1228x589,1960-01-19,TX,04427,2024-02-29,AGT0017,Zurich,Vision Basic
MEM003024,Anita,Williams,michaelvega@example.org,689-810-0492,1971-12-05,GA,05285,2023-01-14,AGT0043,VSP,Vision Basic
MEM003025,Mary,Martinez,amberhoward@example.net,+1-899-872-6315x0810,1973-09-04,KY,58481,2024-05-24,AGT0077,MetLife,Dental+Vision Bundle
MEM003026,Mary,Adams,johoward@example.net,590.735.4064x282,1950-04-11,CA,75014,2024-03-01,AGT0028,VSP,Dental Premium
MEM003027,Melinda,Ramirez,nross@example.net,486-548-4121,1962-01-06,IN,37426,2023-12-21,AGT0010,VSP,Vision Basic
MEM003028,Ashley,Johnson,katherinewilliams@example.com,(872)335-2643,1997-03-09,CA,15034,2023-05-07,AGT0037,MetLife,Vision Basic
MEM003029,John,Mckay,ubrown@example.com,962-298-4754,1970-10-03,GA,97291,2023-08-20,AGT0068,VSP,Dental Premium
MEM003030,Laurie,Carroll,robert46@example.net,+1-748-838-5601x668,2002-08-16,IL,60075,2023-01-28,AGT0053,MetLife,Dental Basic
MEM003031,Tiffany,Gonzales,jerry24@example.net,553.493.0361x999,1969-05-05,CA,50055,2023-06-11,AGT0078,Zurich,Dental Basic
MEM003032,Jessica,Wright,ojoyce@example.com,001-374-923-6837x8037,1990-06-27,KY,10040,2023-09-03,AGT0043,VSP,Dental Premium
MEM003033,Andrea,Morris,bryantstephanie@example.org,001-520-846-5456x566,1972-11-21,IN,98700,2023-04-05,AGT0038,MetLife,Vision Basic
MEM003034,Karen,Myers,clarkchristine@example.net,(923)404-2103,1953-11-05,TN,04520,2024-02-22,AGT0003,VSP,Dental Basic
MEM003035,Kevin,Medina,tyronewilliams@example.org,(733)257-9377,1988-06-16,GA,11092,2024-02-09,AGT0006,Zurich,Vision Premium
MEM003036,Guy,Anderson,christinebarron@example.org,737.204.5740,1961-07-22,GA,95409,2023-04-30,AGT0003,MetLife,Dental+Vision Bundle
MEM003037,Sharon,Mccarthy,schaeferchristopher@example.org,+1-428-823-6964x938,1996-09-03,MI,74027,2023-02-26,AGT0047,VSP,Dental Premium
MEM003038,Jeffrey,Allen,wattsjennifer@example.org,683.236.7361,1957-12-06,IN,37706,2024-09-14,AGT0050,MetLife,Vision Premium
MEM003039,Victor,Gutierrez,nicole61@example.net,001-458-418-1106x9942,1978-09-29,MI,31428,2023-03-16,AGT0013,MetLife,Vision Premium
MEM003040,Bryan,Oliver,jennifer89@example.org,+1-420-410-8981x0723,1980-07-20,TN,86209,2023-09-18,AGT0007,VSP,Vision Basic
MEM003041,Patricia,Atkinson,vevans@example.com,630.419.4410x88344,1989-02-19,CA,44972,2023-07-07,AGT0014,VSP,Vision Basic
MEM003042,John,Carter,carly41@example.com,258.347.7023x92831,1988-01-31,TX,49546,2024-05-11,AGT0019,Zurich,Dental Basic
MEM003043,Scott,Jones,smithdanielle@example.net,001-679-423-4102,1973-08-31,KY,46139,2024-06-21,AGT0006,MetLife,Dental Basic
MEM003044,Brandon,Lawson,dharris@example.com,001-326-984-4187x76896,1950-06-12,TX,56552,2024-07-21,AGT0058,MetLife,Dental Premium
MEM003045,Cynthia,Kim,annabutler@example.net,3426975810,1992-10-13,TX,08806,2023-09-01,AGT0068,MetLife,Dental Premium
MEM003046,Brandon,Johnson,mauricevargas@example.org,406.751.1768,1970-12-21,TN,16081,2023-08-06,AGT0079,Zurich,Dental Basic
MEM003047,Luis,Hernandez,gallowaykyle@example.com,6547690508,1983-03-31,FL,86769,2023-04-15,AGT0003,Zurich,Dental+Vision Bundle
MEM003048,Zoe,Wells,rochadavid@example.org,001-447-430-8788x75263,1983-01-14,CA,98591,2024-06-03,AGT0075,Zurich,Dental Basic
MEM003049,Alexa,King,hallerika@example.com,+1-202-410-3770,1975-08-21,CA,31788,2023-10-24,AGT0024,MetLife,Vision Premium
MEM003050,Marcia,Stewart,jamesballard@example.org,(227)641-5708x83286,1972-11-24,CA,13049,2024-04-08,AGT0022,VSP,Vision Premium
MEM003051,Oscar,Collins,mary34@example.net,889-624-5574,1987-09-30,CA,95318,2024-08-09,AGT0074,VSP,Dental+Vision Bundle
MEM003052,Jesse,Mayo,nelsonallen@example.org,+1-458-718-1585x35062,1976-08-04,TX,70674,2024-11-03,AGT0078,Zurich,Vision Premium
MEM003053,Elizabeth,Gross,cheryl94@example.org,833.731.2938x655,1990-12-05,OH,86704,2024-11-23,AGT0067,VSP,Dental Basic
MEM003054,Brian,Moore,alecschmidt@example.com,384.579.2795,2001-12-20,GA,24639,2024-01-10,AGT0073,MetLife,Dental Basic
MEM003055,Stephanie,Paul,inguyen@example.org,+1-559-614-6120x14079,1959-03-28,KY,02889,2024-08-01,AGT0003,Zurich,Dental+Vision Bundle
MEM003056,Adam,Underwood,solisdenise@example.net,8105831734,1967-06-12,IL,23451,2024-08-06,AGT0025,MetLife,Dental Basic
MEM003057,Cody,Howard,melissahartman@example.com,417.652.8612,1976-05-31,IL,03518,2023-08-17,AGT0056,VSP,Vision Basic
MEM003058,Priscilla,Davidson,johnsonlawrence@example.org,658.218.3500x2287,1986-08-03,CA,88447,2023-02-26,AGT0003,Zurich,Vision Basic
MEM003059,Alyssa,Henry,hmcgrath@example.net,623-451-8026x421,1960-07-24,FL,70294,2024-02-12,AGT0054,MetLife,Vision Basic
MEM003060,Jenna,Phillips,tbowen@example.com,777-792-7969x3920,1969-05-15,KY,11054,2023-06-28,AGT0072,Zurich,Dental Basic
MEM003061,Mary,Owen,qsmith@example.com,001-433-804-3494x815,1969-10-09,TN,68199,2024-09-13,AGT0078,VSP,Vision Premium
MEM003062,Thomas,Carter,emilyknox@example.org,340-229-0300,1962-06-06,TX,29609,2024-06-16,AGT0003,VSP,Dental+Vision Bundle
MEM003063,Catherine,Jones,alexander55@example.net,286.721.6348x443,1986-07-23,OH,28455,2023-12-19,AGT0019,Zurich,Vision Basic
MEM003064,Kevin,Green,wcompton@example.org,723.282.8881x61371,1980-08-16,IN,64802,2024-03-20,AGT0071,MetLife,Dental Premium
MEM003065,Jeremiah,Greer,reginamartinez@example.com,855.542.8468,1998-11-07,IL,83308,2024-01-03,AGT0056,Zurich,Dental Premium
MEM003066,Jennifer,Rowe,nthompson@example.org,683.522.7049,1984-04-23,CA,18930,2024-07-17,AGT0049,VSP,Dental Premium
MEM003067,Thomas,Benson,mooremichael@example.net,792-645-8023x31081,1969-06-08,IN,94974,2023-03-16,AGT0072,VSP,Dental+Vision Bundle
MEM003068,Amanda,Johnson,julie14@example.org,+1-988-327-3749x09944,1963-01-27,MI,70512,2023-04-11,AGT0068,VSP,Vision Basic
MEM003069,Mikayla,Kent,bowenmargaret@example.org,506-521-4613x3547,1972-08-08,MI,62378,2023-05-04,AGT0035,VSP,Vision Basic
MEM003070,Brian,Huffman,marc63@example.com,+1-481-441-5771x8074,2002-09-19,KY,99004,2023-09-04,AGT0066,VSP,Vision Basic
MEM003071,Dorothy,Noble,christinepatterson@example.com,(485)914-1908,1952-08-23,IL,36952,2023-02-11,AGT0062,MetLife,Dental Basic
MEM003072,Logan,Chavez,robert99@example.org,(507)963-3736x435,1996-02-08,GA,15212,2024-11-14,AGT0077,VSP,Dental+Vision Bundle
MEM003073,Henry,Carter,brianbrown@example.org,+1-358-230-4286x323,1955-08-14,IN,23716,2024-02-03,AGT0015,VSP,Vision Basic
MEM003074,Richard,Watts,qcampbell@example.net,593-666-7352x1608,1957-04-15,MI,06553,2023-03-18,AGT0079,VSP,Dental+Vision Bundle
MEM003075,Gary,Whitaker,xballard@example.org,+1-539-734-9647x935,1954-04-20,OH,51561,2023-01-27,AGT0049,Zurich,Dental Basic
MEM003076,Frank,Garcia,kelly62@example.com,318.389.2670x136,1975-01-20,OH,54552,2024-10-25,AGT0038,Zurich,Vision Basic
MEM003077,Paul,Robinson,daviddoyle@example.com,+1-775-594-1447x7204,1954-11-16,FL,29841,2023-11-26,AGT0053,MetLife,Dental+Vision Bundle
MEM003078,Terri,Ramos,dchapman@example.net,862-276-2439,1967-07-30,CA,99235,2024-06-18,AGT0057,Zurich,Dental Premium
MEM003079,Richard,Johnson,llawrence@example.org,001-438-391-7873x563,1954-07-07,TN,14715,2023-05-28,AGT0029,Zurich,Dental Premium
MEM003080,William,Chavez,harmondonald@example.net,001-987-573-5105,1994-06-07,FL,39676,2023-01-18,AGT0057,Zurich,Dental Premium
MEM003081,Kevin,Yoder,linda00@example.net,479-247-9293x6166,1955-03-22,FL,71886,2023-06-16,AGT0018,Zurich,Dental Premium
MEM003082,Sean,Clay,ashleyfernandez@example.com,567.776.3966,1961-08-31,CA,17289,2024-02-26,AGT0018,VSP,Dental Basic
MEM003083,Thomas,Powell,tylershawn@example.com,2403841383,1994-02-23,FL,09195,2023-04-05,AGT0050,MetLife,Dental+Vision Bundle
MEM003084,Stephen,Moon,adamduke@example.net,890.377.9886x1825,2003-12-28,OH,54792,2024-08-01,AGT0034,MetLife,Dental Premium
MEM003085,Ronald,Williams,andreasmith@example.net,8227244661,1997-11-12,KY,12623,2024-06-20,AGT0009,MetLife,Dental Basic
MEM003086,Thomas,Carey,lsanders@example.com,(670)243-8833x923,1970-10-28,OH,82110,2024-04-09,AGT0017,VSP,Dental Premium
MEM003087,Becky,Wilson,ewu@example.com,(649)285-7742x7359,1968-03-06,TN,89510,2023-06-25,AGT0052,MetLife,Vision Basic
MEM003088,Evelyn,Preston,ujohnson@example.com,920.692.6465x296,1991-08-26,IN,62278,2023-03-23,AGT0027,MetLife,Vision Premium
MEM003089,Daniel,Munoz,milesrobert@example.org,231.400.1797x7660,1964-08-28,IN,21492,2023-03-22,AGT0049,MetLife,Dental Basic
MEM003090,Alexander,Wong,haleyjordan@example.org,282.623.5522,1971-05-08,TX,13795,2024-03-08,AGT0041,MetLife,Vision Basic
MEM003091,Frederick,Green,diamond62@example.net,+1-812-702-5409x4113,2001-06-12,TN,34708,2024-07-13,AGT0049,MetLife,Dental Basic
MEM003092,Michael,Murphy,connor65@example.com,001-498-936-4950x926,1956-09-01,TX,49094,2024-04-03,AGT0038,VSP,Dental Premium
MEM003093,Erica,Henry,schmittelizabeth@example.org,001-714-630-6143x288,1965-02-18,CA,59850,2023-02-20,AGT0042,MetLife,Dental Basic
MEM003094,Benjamin,Hopkins,perrybarbara@example.net,+1-618-692-3710,1976-05-18,TX,76325,2024-02-10,AGT0006,MetLife,Dental Premium
MEM003095,Brian,Davis,walkerrobert@example.com,+1-290-568-8785,1954-09-30,MI,78986,2023-10-19,AGT0058,MetLife,Vision Premium
MEM003096,Craig,Newman,eflynn@example.net,7535875189,1985-09-27,FL,96208,2023-04-15,AGT0069,MetLife,Dental+Vision Bundle
MEM003097,Kathleen,Yu,ddavidson@example.org,001-377-633-8004,1994-10-29,TX,88017,2024-04-19,AGT0022,MetLife,Dental Basic
MEM003098,Stephanie,Lee,pdaniel@example.net,841-404-2320x0865,1958-04-12,FL,91767,2023-06-15,AGT0076,Zurich,Dental+Vision Bundle
MEM003099,Rebecca,Lee,jordantucker@example.org,+1-934-521-1474x675,1967-05-08,KY,22648,2023-04-15,AGT0067,VSP,Dental Basic
MEM003100,Jacqueline,Miller,daniel61@example.com,412.643.2197,1980-07-07,FL,62590,2024-07-13,AGT0078,VSP,Dental Basic
MEM003101,Lisa,Graves,fordbrandon@example.com,+1-630-205-6841x7273,1970-10-13,TX,51751,2024-03-12,AGT0032,MetLife,Dental+Vision Bundle
MEM003102,Annette,Stein,jose32@example.com,501.250.8922,1998-10-05,TN,77894,2023-07-01,AGT0053,MetLife,Dental Premium
MEM003103,Edward,Jones,jamiemarshall@example.com,+1-450-938-6072x94306,1990-05-04,IN,25107,2024-08-09,AGT0064,Zurich,Vision Basic
MEM003104,Kelsey,Rogers,ashleymckenzie@example.net,228.455.8679x316,1988-06-17,GA,62477,2024-10-13,AGT0016,VSP,Vision Basic
MEM003105,William,Gonzalez,amanda76@example.com,001-261-728-0695x5211,1986-02-15,FL,28294,2023-03-04,AGT0031,VSP,Vision Basic
MEM003106,Christian,Gates,patrick67@example.net,+1-459-471-3411,1951-05-22,TN,83324,2023-05-31,AGT0001,VSP,Vision Basic
MEM003107,Amanda,Wilkinson,smithgary@example.org,+1-652-747-9655,1965-05-03,IL,06147,2023-03-28,AGT0029,Zurich,Dental Premium
MEM003108,Linda,Morris,amber59@example.net,+1-606-690-4398x7888,1964-04-14,OH,37195,2024-11-21,AGT0051,Zurich,Dental+Vision Bundle
MEM003109,Megan,Foster,kristinariley@example.org,001-259-440-5219,1951-05-02,TN,00617,2024-01-10,AGT0070,VSP,Dental+Vision Bundle
MEM003110,Laura,Crawford,ilee@example.net,853-902-9333,1986-04-30,CA,59328,2023-09-29,AGT0020,Zurich,Dental Basic
MEM003111,Bruce,Thomas,wlane@example.org,+1-741-527-9132,1965-08-18,OH,33083,2024-10-28,AGT0074,MetLife,Dental Premium
MEM003112,Donald,Howard,kaylee04@example.org,(727)242-2121x15444,1990-12-22,CA,19600,2024-02-12,AGT0006,Zurich,Vision Basic
MEM003113,Erica,Avila,smithhayley@example.com,+1-910-571-3779,1974-02-02,MI,02438,2024-11-29,AGT0056,Zurich,Vision Basic
MEM003114,Shelby,Walters,shelby46@example.org,637.220.4032x404,1999-01-19,IN,13948,2023-10-23,AGT0021,MetLife,Dental+Vision Bundle
MEM003115,Eric,Wallace,stephanie34@example.org,(414)855-0129x0431,1979-09-08,IN,70774,2023-02-08,AGT0078,Zurich,Vision Premium
MEM003116,Monica,Patterson,sreed@example.com,+1-883-763-3209x481,1998-08-26,GA,25482,2024-11-09,AGT0077,Zurich,Vision Premium
MEM003117,Christopher,Aguilar,wattsthomas@example.org,546-418-7027,1976-03-08,IL,35436,2024-06-03,AGT0039,Zurich,Dental Premium
MEM003118,Lauren,Murray,christophercosta@example.com,825-808-8232x439,1995-12-14,TX,82652,2024-09-16,AGT0009,Zurich,Dental Basic
MEM003119,Jennifer,Villegas,fbyrd@example.org,(337)524-9292,1990-07-16,TX,30714,2023-12-22,AGT0065,VSP,Dental+Vision Bundle
MEM003120,Devon,Vaughan,zjones@example.net,+1-746-805-6927x450,1989-08-07,OH,81455,2023-02-06,AGT0046,MetLife,Dental Basic
MEM003121,Michael,Warren,bmiller@example.net,001-213-443-8125,1986-01-13,FL,42449,2024-07-11,AGT0050,VSP,Dental Basic
MEM003122,Michelle,Jackson,bnelson@example.org,840-342-4142x6562,1966-10-03,IN,52292,2024-11-03,AGT0079,VSP,Dental Premium
MEM003123,Brian,Powell,anthonyball@example.com,(547)966-0531,1955-09-12,FL,99678,2023-03-21,AGT0064,Zurich,Vision Basic
MEM003124,Allison,Ford,ybennett@example.net,+1-637-377-2424x278,1998-08-16,IL,23591,2024-01-29,AGT0080,Zurich,Dental+Vision Bundle
MEM003125,Meghan,Estrada,ytownsend@example.org,(982)961-2499,1994-08-11,IL,80358,2024-06-01,AGT0017,VSP,Vision Basic
MEM003126,Ashley,Anthony,aguilarheather@example.org,(581)427-5610x40867,1994-04-24,IN,42918,2023-07-20,AGT0069,VSP,Vision Premium
MEM003127,Kylie,Zuniga,abigail06@example.org,471-265-6938x651,1985-10-05,IL,44578,2023-01-01,AGT0031,VSP,Dental Basic
MEM003128,Jose,Kelly,waynedaniel@example.net,(847)470-1696x20233,1952-09-06,TN,64933,2023-10-03,AGT0050,VSP,Vision Premium
MEM003129,Victoria,Ross,emilyjones@example.com,+1-795-362-3543,1990-12-20,CA,21824,2023-12-06,AGT0005,MetLife,Vision Premium
MEM003130,Brianna,Smith,amy96@example.org,001-785-395-2405x004,1975-01-31,TX,98362,2023-06-21,AGT0023,Zurich,Dental Premium
MEM003131,Laura,Johnson,wday@example.com,6585809592,1974-01-27,KY,76416,2024-01-19,AGT0024,Zurich,Dental Premium
MEM003132,Danielle,Delgado,rogersalisha@example.net,822.857.0211,1985-05-09,MI,53241,2024-08-30,AGT0018,VSP,Dental+Vision Bundle
MEM003133,Tara,Meyers,lisalynch@example.net,(881)349-8965,1976-05-23,IL,94051,2024-09-18,AGT0032,Zurich,Dental+Vision Bundle
MEM003134,Timothy,Rodriguez,vickie83@example.com,615-638-3366,1997-10-16,CA,77873,2024-11-30,AGT0035,VSP,Dental+Vision Bundle
MEM003135,James,Owens,jeremy34@example.net,(367)784-5661,1967-06-16,TX,46392,2023-08-16,AGT0074,MetLife,Dental Premium
MEM003136,Raymond,Brewer,mmora@example.com,805-378-7660x1782,1973-05-23,OH,37760,2023-06-18,AGT0042,MetLife,Vision Basic
MEM003137,Kaitlyn,Ruiz,chavezsamantha@example.net,3278972730,1993-05-11,IL,82414,2023-12-12,AGT0044,VSP,Dental Basic
MEM003138,Kristy,Richards,ylarsen@example.org,674-556-5898,1965-06-02,GA,72981,2024-08-12,AGT0076,MetLife,Dental+Vision Bundle
MEM003139,Rodney,Phillips,megan80@example.net,(384)714-5795x5738,1980-10-20,TX,83503,2023-08-16,AGT0078,Zurich,Dental Premium
MEM003140,Roger,Hayes,hday@example.org,(361)830-2327x639,1995-04-05,OH,93721,2023-08-17,AGT0072,Zurich,Dental Premium
MEM003141,Crystal,Harvey,xharris@example.net,368.976.5964x718,1952-04-20,FL,47214,2024-01-10,AGT0067,VSP,Dental+Vision Bundle
MEM003142,Tara,Adams,orodriguez@example.net,+1-897-251-1756x3440,1979-02-07,IN,20471,2024-07-26,AGT0079,VSP,Vision Premium
MEM003143,David,Chapman,lli@example.com,+1-869-567-2783x322,1975-10-11,KY,65005,2024-11-27,AGT0029,MetLife,Dental Basic
MEM003144,James,Cunningham,kevinfisher@example.net,420-806-7897,1960-10-06,TX,60619,2024-10-05,AGT0074,MetLife,Dental+Vision Bundle
MEM003145,David,Wood,orichards@example.com,001-870-612-9839x4541,1993-03-04,CA,51176,2023-04-26,AGT0062,MetLife,Dental Basic
MEM003146,Anthony,Jennings,bobby66@example.com,(985)830-0455,1979-12-06,CA,70489,2024-06-18,AGT0031,VSP,Vision Premium
MEM003147,Michelle,Rogers,edwardhuffman@example.net,6066597741,1982-09-04,MI,18264,2023-03-30,AGT0051,VSP,Dental Basic
MEM003148,Danielle,Miller,clarkjustin@example.org,8688721704,1990-09-14,OH,69304,2023-10-28,AGT0042,VSP,Dental Basic
MEM003149,Virginia,May,haleylinda@example.net,+1-917-396-2116,1965-07-26,TN,19747,2023-08-10,AGT0080,MetLife,Dental+Vision Bundle
MEM003150,Joe,Baker,william65@example.net,+1-480-416-6581x366,1997-01-21,OH,20570,2024-05-02,AGT0031,VSP,Dental Premium
MEM003151,Susan,Heath,danielsmichelle@example.net,5216305096,1954-02-09,IN,64053,2023-11-21,AGT0080,VSP,Dental+Vision Bundle
MEM003152,Andrea,Orozco,nealrandy@example.net,001-382-947-4079x43444,1959-10-16,KY,48862,2023-06-03,AGT0012,MetLife,Vision Premium
MEM003153,Nicholas,Abbott,guerracaroline@example.org,332-939-2950,1990-12-19,GA,50907,2023-07-01,AGT0079,Zurich,Dental+Vision Bundle
MEM003154,Christopher,Gallagher,leahmyers@example.net,001-508-572-6705x119,2003-02-01,TX,89568,2023-05-05,AGT0061,Zurich,Dental Basic
MEM003155,Bryan,Smith,courtney16@example.net,229.719.3042x0185,1992-11-19,IN,21482,2023-05-15,AGT0035,VSP,Dental Basic
MEM003156,Timothy,Rodriguez,wwiley@example.com,322.241.2865x0384,1997-04-05,TX,13075,2024-06-10,AGT0045,VSP,Dental Basic
MEM003157,Sheila,Bradley,erikbaker@example.org,001-444-240-6615x922,1979-09-08,TX,77956,2023-05-21,AGT0055,VSP,Dental Basic
MEM003158,Travis,Cruz,lori61@example.net,482.355.9143,2002-05-10,TX,15491,2023-11-29,AGT0054,VSP,Vision Basic
MEM003159,Jeanette,Jackson,nicholas05@example.org,520.780.8617x80871,1976-10-17,IL,29855,2023-10-14,AGT0018,VSP,Vision Premium
MEM003160,Susan,Higgins,jatkins@example.com,(705)470-3659,1980-04-05,KY,41910,2024-06-06,AGT0070,Zurich,Dental Premium
MEM003161,Timothy,Vasquez,kristinemendoza@example.net,001-492-390-4699x8117,1987-11-09,TN,85622,2024-08-25,AGT0041,Zurich,Dental+Vision Bundle
MEM003162,Vanessa,Castillo,jacquelineramsey@example.com,816.472.7022x4102,1965-12-13,TX,13283,2023-10-22,AGT0017,VSP,Dental+Vision Bundle
MEM003163,Allen,Clark,marysmith@example.net,743-519-3841,1957-06-12,GA,12348,2023-05-02,AGT0043,MetLife,Dental Basic
MEM003164,Erica,Mann,jerryolson@example.org,439-972-9887,1953-07-15,IN,60966,2023-01-07,AGT0020,VSP,Dental Premium
MEM003165,Charles,Rocha,turnermelissa@example.net,968.909.0077x9642,2002-08-08,MI,97118,2023-08-24,AGT0010,MetLife,Dental Basic
MEM003166,Austin,Henson,edward39@example.net,638-654-1317,1979-03-31,TN,70908,2023-04-29,AGT0009,MetLife,Dental Basic
MEM003167,Emily,Rogers,popemichael@example.com,(733)744-0258,1993-02-09,IN,08832,2023-12-15,AGT0067,MetLife,Vision Basic
MEM003168,Albert,Warren,cynthiagarcia@example.org,8876485315,1999-11-04,IL,88872,2024-03-11,AGT0013,VSP,Dental Premium
MEM003169,Madison,Wolfe,vbecker@example.com,577.453.8817x6835,1997-01-30,CA,36594,2024-06-16,AGT0050,VSP,Vision Basic
MEM003170,Thomas,Miller,smithsamantha@example.org,(321)798-9744x69316,1962-12-04,FL,89351,2024-05-17,AGT0029,VSP,Dental Premium
MEM003171,Emily,Price,reevesandrew@example.org,+1-844-351-9649x2306,1989-07-27,KY,81343,2024-10-14,AGT0053,MetLife,Vision Premium
MEM003172,Alexander,Mendoza,kimberly42@example.com,(646)971-9306,1982-11-11,TX,26554,2023-05-13,AGT0022,VSP,Dental Premium
MEM003173,Grace,Johnson,vgomez@example.net,+1-598-332-4359x5133,1997-03-05,MI,94290,2023-03-13,AGT0023,Zurich,Vision Basic
MEM003174,Sarah,Newton,rebecca32@example.org,(946)593-5516,1961-12-30,MI,86607,2023-04-19,AGT0009,MetLife,Dental Basic
MEM003175,Sarah,Burnett,kolson@example.org,839-771-8884x2716,1950-08-21,KY,55060,2023-05-27,AGT0080,MetLife,Dental Basic
MEM003176,Juan,Kelly,kristinetrevino@example.org,840.834.7696x45440,1958-01-23,TX,68364,2023-01-09,AGT0032,VSP,Dental Premium
MEM003177,Stephanie,Vargas,edward32@example.net,969.430.8011,1968-04-19,TX,15363,2023-06-13,AGT0060,VSP,Dental Basic
MEM003178,Debra,Bradley,jessicamora@example.org,001-205-365-7238x616,1992-04-25,GA,71944,2023-06-19,AGT0067,Zurich,Dental Basic
MEM003179,Lori,Jones,hensonjohn@example.net,001-664-906-9580x51840,1965-11-16,IL,64438,2024-04-11,AGT0045,VSP,Vision Basic
MEM003180,John,Johnson,huntallison@example.net,541.863.2285x563,1982-08-01,TX,53929,2023-09-24,AGT0035,VSP,Dental Basic
MEM003181,Margaret,Beasley,finleynancy@example.org,221-779-2118x28913,2001-03-31,IN,10226,2023-06-08,AGT0042,MetLife,Vision Basic
MEM003182,Andrew,Chavez,belldanielle@example.org,679-960-5623x309,1990-09-10,GA,76089,2024-06-07,AGT0071,MetLife,Vision Premium
MEM003183,Joyce,Zimmerman,gpowell@example.net,943-546-4582x95463,1954-10-06,TX,33045,2024-02-06,AGT0024,Zurich,Dental Premium
MEM003184,Jeffrey,Smith,jessicanelson@example.org,(662)234-2530x1281,1992-01-21,IL,99069,2023-05-04,AGT0009,VSP,Vision Premium
MEM003185,Adam,Davis,dennis78@example.org,+1-574-914-6566,1989-09-25,MI,06324,2023-07-23,AGT0073,Zurich,Vision Basic
MEM003186,Tristan,Welch,daniellewells@example.com,001-451-443-5355x462,1952-08-17,TN,89766,2023-07-10,AGT0024,MetLife,Dental Basic
MEM003187,Amanda,Fletcher,zhines@example.com,4098749091,1969-03-17,GA,14639,2024-08-03,AGT0022,MetLife,Vision Premium
MEM003188,Catherine,Brooks,woodkenneth@example.net,(694)800-4896x560,2002-07-02,OH,74318,2023-12-01,AGT0039,MetLife,Vision Basic
MEM003189,Miguel,Santiago,rebecca97@example.com,(456)212-3400x152,1971-03-20,IL,39002,2023-05-28,AGT0042,Zurich,Dental Premium
MEM003190,Anthony,Davis,webbfrederick@example.net,520-612-1722x094,2001-10-26,TX,23315,2023-09-08,AGT0027,VSP,Vision Basic
MEM003191,Jacob,Holmes,kennethhancock@example.org,+1-598-257-7873x41372,1973-12-07,GA,94546,2023-11-12,AGT0016,VSP,Vision Premium
MEM003192,Jacqueline,Perez,ngarcia@example.com,001-418-777-4978x9535,1994-03-28,MI,70429,2024-04-19,AGT0021,VSP,Dental Premium
MEM003193,Luis,Wright,mario99@example.com,554-914-3604,2001-03-25,TN,17167,2023-01-21,AGT0034,VSP,Vision Basic
MEM003194,Pamela,Young,angela60@example.com,914-742-5096x933,1960-06-13,IL,92190,2024-05-25,AGT0058,Zurich,Dental+Vision Bundle
MEM003195,Todd,Vega,nguyenmichael@example.org,480.863.9584x54505,1989-05-14,IN,45587,2024-08-19,AGT0024,Zurich,Dental Basic
MEM003196,John,Williams,thomas80@example.net,+1-556-683-5051,1964-07-17,IN,40867,2023-03-13,AGT0043,MetLife,Vision Premium
MEM003197,Yolanda,White,michael70@example.org,529-650-3369x368,1992-01-13,TX,05154,2024-09-02,AGT0064,Zurich,Dental Basic
MEM003198,Eric,Garcia,adamskenneth@example.net,804.860.6534x93096,1979-04-30,IL,26367,2024-05-17,AGT0075,Zurich,Dental+Vision Bundle
MEM003199,Kyle,Martinez,xcline@example.net,577-339-0455x43623,1971-10-21,IL,79215,2024-06-15,AGT0020,MetLife,Dental+Vision Bundle
MEM003200,Vanessa,Zhang,charlesmoore@example.org,001-208-211-0387x738,1962-02-01,TN,58977,2023-04-11,AGT0051,Zurich,Vision Premium
MEM003201,Joy,Patton,trevinohayley@example.net,001-270-566-6884x33165,1999-03-01,MI,30012,2023-02-25,AGT0023,MetLife,Dental+Vision Bundle
MEM003202,Rachel,Jones,tracykramer@example.net,001-601-940-5439x3469,1999-09-21,FL,86538,2023-09-29,AGT0078,Zurich,Dental+Vision Bundle
MEM003203,John,Liu,brittanycabrera@example.com,(658)801-5358,1995-03-03,TX,20527,2024-06-15,AGT0073,VSP,Dental Premium
MEM003204,Michelle,Johnson,maryjohnson@example.org,592-768-6017,1983-05-24,TX,42874,2023-08-04,AGT0046,MetLife,Dental Basic
MEM003205,Hannah,Cox,reedconnie@example.org,001-876-914-2662x443,1985-05-18,IN,63084,2024-07-01,AGT0006,MetLife,Dental Basic
MEM003206,Kathleen,Smith,crystal11@example.org,700.826.4913x59748,1971-03-14,GA,35354,2023-11-06,AGT0011,Zurich,Dental+Vision Bundle
MEM003207,Donald,Hernandez,julie17@example.com,001-991-505-3725x65633,1978-10-10,OH,34231,2024-08-10,AGT0059,MetLife,Dental Premium
MEM003208,James,Parker,williamsonanthony@example.org,8242201277,1968-11-04,CA,51503,2023-06-16,AGT0012,MetLife,Vision Premium
MEM003209,Suzanne,Ewing,nathanielperkins@example.com,+1-674-441-1284,2001-10-13,IL,12751,2024-10-20,AGT0076,Zurich,Dental Premium
MEM003210,Timothy,Navarro,oking@example.org,594-804-7891,1958-04-19,KY,63399,2023-01-25,AGT0026,VSP,Dental Premium
MEM003211,Daniel,Jones,swarren@example.net,+1-689-791-2638x27941,1967-04-21,IN,85085,2024-06-07,AGT0079,MetLife,Dental+Vision Bundle
MEM003212,Rose,Cooper,wallen@example.org,609.487.0382,1987-04-14,FL,78155,2024-08-13,AGT0011,MetLife,Vision Premium
MEM003213,Amy,Brady,nbrown@example.com,+1-834-744-6346x4749,1958-05-04,CA,74904,2024-05-26,AGT0015,MetLife,Dental Premium
MEM003214,David,Garcia,joneskimberly@example.org,(318)415-9588,1963-07-17,IL,26113,2024-10-10,AGT0015,MetLife,Dental Basic
MEM003215,Ronald,Villegas,gcruz@example.net,+1-723-423-5113,1986-10-17,FL,23131,2024-04-16,AGT0018,MetLife,Dental Basic
MEM003216,Marcus,Baker,michael03@example.org,268.310.1324x7073,1958-01-03,OH,38844,2024-11-20,AGT0015,VSP,Dental Premium
MEM003217,Christian,White,scottkim@example.com,001-654-951-7330x165,1966-03-19,IN,51894,2023-05-13,AGT0016,Zurich,Vision Premium
MEM003218,Miguel,Schmidt,jill16@example.com,(251)372-8642x136,1962-03-15,TN,63437,2024-04-02,AGT0068,VSP,Dental+Vision Bundle
MEM003219,Miranda,Torres,kpruitt@example.org,+1-329-245-3196x51644,1969-03-17,IN,44200,2023-07-22,AGT0038,Zurich,Dental Basic
MEM003220,Joseph,Smith,jessica80@example.net,+1-894-720-7961x99097,1980-04-06,MI,97291,2024-01-25,AGT0069,MetLife,Vision Premium
MEM003221,Barbara,Miller,garcianicole@example.org,+1-787-881-5749x16716,1977-01-17,TX,62382,2024-04-11,AGT0014,MetLife,Vision Premium
MEM003222,Brandon,Johnston,zjordan@example.net,+1-751-468-2038,1965-10-20,OH,86319,2023-10-16,AGT0012,VSP,Dental Basic
MEM003223,Zachary,Mcdonald,lindsey15@example.com,001-315-306-8985x118,1985-06-02,TX,50376,2024-07-25,AGT0018,VSP,Dental+Vision Bundle
MEM003224,Erika,Mack,ijoyce@example.com,848.808.5149,1979-04-22,IL,59851,2024-08-13,AGT0020,Zurich,Dental Premium
MEM003225,Nicholas,Hopkins,sduncan@example.org,(831)734-2683,1951-07-15,CA,61042,2023-05-12,AGT0025,Zurich,Dental+Vision Bundle
MEM003226,Cody,Robinson,steven01@example.com,+1-545-912-2402,1984-02-20,OH,70760,2023-12-25,AGT0001,MetLife,Vision Premium
MEM003227,Christina,Blanchard,harrisdarius@example.com,001-476-704-0962x6292,2003-06-28,TN,74928,2024-08-05,AGT0017,Zurich,Vision Basic
MEM003228,Kristen,Dawson,scottjackson@example.org,001-998-753-2727x2066,1958-09-20,MI,36439,2023-01-18,AGT0059,MetLife,Dental Basic
MEM003229,Nicole,Holland,sharon73@example.org,575.237.4508,1988-01-11,TN,94613,2023-07-15,AGT0071,VSP,Vision Basic
MEM003230,Richard,Hoover,zachary70@example.com,001-367-329-4279,1977-07-15,IL,56735,2024-02-01,AGT0028,MetLife,Dental Premium
MEM003231,Rebecca,Pitts,shannongilbert@example.org,4475202888,1964-01-05,IN,76299,2023-03-18,AGT0019,VSP,Dental+Vision Bundle
MEM003232,Scott,Ellison,jsmith@example.com,501.452.4244x3102,1961-01-17,TN,12905,2024-03-08,AGT0079,MetLife,Vision Basic
MEM003233,Andrew,Lewis,qruiz@example.org,5923542709,1994-05-25,KY,91179,2024-07-24,AGT0008,MetLife,Vision Basic
MEM003234,Michelle,Dickerson,youngjoshua@example.org,414.988.3054x508,1989-10-02,OH,83986,2023-03-04,AGT0056,VSP,Dental+Vision Bundle
MEM003235,Michael,Beasley,jstone@example.org,+1-574-488-4674x822,1986-12-29,MI,70918,2023-01-23,AGT0017,MetLife,Dental+Vision Bundle
MEM003236,Raymond,Vang,lisasmith@example.com,871-874-2658x840,1959-08-09,TN,11624,2024-06-27,AGT0041,VSP,Dental+Vision Bundle
MEM003237,Rita,Nelson,millerryan@example.org,924-818-1160,1950-09-06,MI,23910,2023-06-12,AGT0037,MetLife,Dental Basic
MEM003238,Jody,Johnson,ubishop@example.org,(621)368-4720x20631,1951-07-07,CA,05058,2023-05-08,AGT0047,VSP,Dental+Vision Bundle
MEM003239,Samantha,Anderson,jason95@example.net,605-968-6429x6172,1990-07-03,TN,18524,2024-07-31,AGT0055,VSP,Vision Basic
MEM003240,Linda,Leonard,warrenangela@example.com,9606446203,1989-09-23,CA,38252,2024-01-15,AGT0045,VSP,Dental Premium
MEM003241,Jessica,Alvarez,estradaerin@example.org,821-842-1140x7813,1972-01-30,KY,41448,2023-06-26,AGT0062,MetLife,Dental Basic
MEM003242,Carla,Petersen,simpsonjames@example.org,001-942-271-3424,1991-06-05,GA,55038,2023-09-15,AGT0001,MetLife,Dental Basic
MEM003243,Elizabeth,Evans,davidanderson@example.net,316.640.0489x524,1960-08-19,TX,29611,2023-03-02,AGT0016,MetLife,Dental Basic
MEM003244,Dana,Buchanan,roy66@example.org,+1-971-780-1206x335,1999-09-09,MI,83949,2024-02-27,AGT0013,VSP,Dental Premium
MEM003245,Beth,Marquez,carla56@example.com,(564)666-7667x491,1993-11-14,IL,92594,2023-04-03,AGT0055,Zurich,Dental Basic
MEM003246,William,Long,regina32@example.com,001-822-316-4532x44214,1996-05-15,OH,02230,2023-01-14,AGT0047,VSP,Dental Basic
MEM003247,Allen,Armstrong,leslieoliver@example.org,381-598-3651x46905,1952-09-25,OH,63582,2024-08-29,AGT0044,Zurich,Dental Basic
MEM003248,Robert,Harris,cray@example.org,278-534-1080x75095,1967-07-16,TX,42895,2023-03-28,AGT0006,VSP,Vision Basic
MEM003249,Joseph,Rivers,clarkrussell@example.com,7292422085,1954-11-01,FL,25562,2023-09-10,AGT0030,VSP,Dental Basic
MEM003250,Vicki,Garcia,wardrenee@example.com,001-395-892-4197,1975-10-25,TN,51805,2023-02-18,AGT0068,VSP,Vision Basic
MEM003251,Matthew,Blankenship,nicholaswilliams@example.net,417-703-2803,1985-12-10,IL,26858,2023-07-24,AGT0015,Zurich,Dental Basic
MEM003252,Amanda,Sanders,joseph91@example.com,001-321-365-1481,2000-09-13,GA,39069,2023-01-18,AGT0024,VSP,Vision Basic
MEM003253,Priscilla,Ortiz,yclements@example.org,673-770-2153,1981-11-17,FL,05950,2024-06-24,AGT0055,Zurich,Dental Premium
MEM003254,Michelle,Cox,omcintosh@example.org,612.813.1243,1994-07-07,IN,50252,2023-09-17,AGT0027,MetLife,Vision Basic
MEM003255,Heidi,Anderson,choisandra@example.com,(215)339-4406,1967-11-07,MI,38700,2023-12-08,AGT0078,VSP,Dental Basic
MEM003256,Robert,Rodriguez,alberthiggins@example.net,298-944-7539x360,1972-10-22,GA,39328,2024-03-26,AGT0051,VSP,Dental+Vision Bundle
MEM003257,Zachary,Morse,mikeclark@example.net,269.241.7518,1981-09-09,CA,59268,2023-03-22,AGT0009,Zurich,Dental Basic
MEM003258,Elizabeth,Hughes,matthewmurphy@example.net,001-238-768-6123x5879,1992-08-12,IN,01095,2023-05-22,AGT0005,MetLife,Dental+Vision Bundle
MEM003259,Timothy,Harris,olsondavid@example.com,+1-485-863-6667x31396,1987-03-20,GA,32881,2024-02-17,AGT0013,VSP,Dental+Vision Bundle
MEM003260,James,Ray,kyle01@example.net,521-643-5939,2002-11-14,IN,21627,2024-10-03,AGT0009,MetLife,Dental Basic
MEM003261,Rachel,Duke,reneepatel@example.net,456-959-6040,1993-07-27,FL,37410,2024-08-25,AGT0016,VSP,Dental Basic
MEM003262,Kevin,Marshall,cruzamy@example.org,657.482.9924,1973-07-26,CA,30882,2024-11-01,AGT0031,Zurich,Vision Premium
MEM003263,Pamela,Hampton,tpayne@example.org,001-593-393-9606x26382,1956-02-05,CA,79087,2024-07-19,AGT0035,Zurich,Dental Basic
MEM003264,Derrick,Phillips,yramirez@example.com,(960)631-8686x592,1955-11-26,TN,68164,2023-09-13,AGT0023,MetLife,Dental Premium
MEM003265,Daniel,Welch,sphillips@example.net,(677)319-5911,1995-01-09,IN,95341,2024-09-15,AGT0076,VSP,Vision Basic
MEM003266,Jeremy,Evans,lruiz@example.org,288-444-0147,1994-07-31,GA,26593,2024-09-04,AGT0078,Zurich,Dental+Vision Bundle
MEM003267,Christopher,Vargas,prodriguez@example.org,(688)728-4427x180,1970-01-25,OH,43226,2024-10-16,AGT0026,VSP,Vision Basic
MEM003268,Cheryl,Davis,saracamacho@example.net,001-751-821-7447,1987-03-12,GA,98867,2023-05-04,AGT0078,Zurich,Vision Premium
MEM003269,Jessica,Perez,david83@example.com,7472023712,1986-11-11,GA,49887,2023-04-15,AGT0013,MetLife,Dental Basic
MEM003270,Kristi,Lopez,adrianhickman@example.com,613.297.9519x62452,1954-05-29,FL,48476,2023-10-21,AGT0062,Zurich,Dental Premium
MEM003271,Michael,Knight,jessecannon@example.net,499-988-5522,1965-08-18,TN,63756,2023-08-27,AGT0056,MetLife,Dental Basic
MEM003272,Kristin,White,michael55@example.com,(320)454-8729,2003-01-08,CA,79197,2024-06-11,AGT0038,Zurich,Vision Basic
MEM003273,William,Barker,pwest@example.net,(337)706-3230x017,1990-01-07,IN,47170,2023-04-27,AGT0009,Zurich,Dental+Vision Bundle
MEM003274,Nancy,Woods,mlopez@example.com,+1-916-662-1567x4863,1964-10-25,GA,64907,2023-09-28,AGT0018,MetLife,Dental Basic
MEM003275,Brent,Day,robertsanchez@example.net,(302)868-7175x84053,1996-04-03,FL,44016,2023-02-22,AGT0070,MetLife,Dental Basic
MEM003276,Amy,White,hmyers@example.com,(274)760-0341,1954-12-05,IL,74016,2024-02-25,AGT0004,Zurich,Dental+Vision Bundle
MEM003277,Sheri,Hawkins,pjohnson@example.com,771-299-4974,1973-04-13,OH,03161,2024-10-04,AGT0070,MetLife,Dental Basic
MEM003278,Cassandra,Williams,stacy40@example.net,612.253.4611x5552,2001-04-11,TX,18519,2024-12-01,AGT0077,Zurich,Dental+Vision Bundle
MEM003279,Stacey,Castro,briancox@example.org,330-883-9531,1990-03-31,IL,84076,2024-08-21,AGT0015,MetLife,Dental+Vision Bundle
MEM003280,Christine,Reid,gomezdavid@example.org,850-989-6071x376,1998-03-22,TX,02087,2023-01-23,AGT0076,VSP,Dental+Vision Bundle
MEM003281,Diane,Castro,cruzalejandro@example.org,306-640-5118x32840,1952-09-27,OH,95547,2024-06-04,AGT0070,VSP,Dental+Vision Bundle
MEM003282,Juan,Gibson,hillrhonda@example.net,001-435-631-7324x61552,1998-01-03,IL,85837,2023-11-08,AGT0021,MetLife,Vision Basic
MEM003283,Jenna,Jones,christian81@example.org,(889)726-5835x27383,1996-10-29,TX,53963,2023-12-31,AGT0030,Zurich,Dental+Vision Bundle
MEM003284,Anthony,Frost,mark68@example.net,770-393-1957x996,1983-07-15,FL,24149,2024-06-03,AGT0002,Zurich,Dental Basic
MEM003285,Tammy,Sanchez,monica94@example.net,607.284.5784,1973-04-13,TX,96859,2023-01-27,AGT0006,VSP,Vision Basic
MEM003286,Linda,Lamb,brianvelasquez@example.com,346-350-2860,1958-05-29,IL,67040,2024-04-29,AGT0025,VSP,Vision Basic
MEM003287,John,Ortiz,johnsoncharles@example.net,001-998-213-7801x104,2003-06-11,GA,67169,2023-11-03,AGT0012,Zurich,Vision Premium
MEM003288,Diamond,Adams,jonathan32@example.com,(472)811-9511x0945,1995-11-02,FL,46848,2023-06-11,AGT0076,VSP,Vision Premium
MEM003289,Rachel,Fox,chadpeterson@example.org,362-600-0888x8764,1987-12-29,TX,31953,2024-09-06,AGT0065,MetLife,Vision Basic
MEM003290,Stephen,Griffin,guywood@example.com,001-331-249-3548,2001-11-28,FL,95017,2024-02-06,AGT0007,VSP,Dental Basic
MEM003291,Sarah,Harris,tbutler@example.org,001-390-237-7731,1970-07-29,OH,22783,2023-12-30,AGT0034,MetLife,Vision Premium
MEM003292,Lisa,Flores,kimberlyterrell@example.com,001-633-658-5151,1960-02-04,TN,05655,2024-03-09,AGT0055,MetLife,Vision Basic
MEM003293,Elizabeth,Simpson,epitts@example.org,497.398.8118,1972-04-05,IL,99664,2024-07-19,AGT0063,VSP,Vision Premium
MEM003294,Sarah,Christensen,xgray@example.net,4597558704,2000-01-29,MI,29770,2024-07-20,AGT0043,Zurich,Dental Premium
MEM003295,Heather,Stout,awatkins@example.com,001-932-554-9660x702,1991-04-17,CA,99138,2023-04-20,AGT0051,MetLife,Dental Premium
MEM003296,Laura,Combs,andreaward@example.org,(416)962-9668,1987-10-30,KY,30497,2023-02-16,AGT0079,VSP,Dental Premium
MEM003297,Joseph,Mills,valdezjoseph@example.com,+1-754-546-0688,1973-10-04,CA,19579,2023-09-12,AGT0055,MetLife,Dental Premium
MEM003298,Chad,Jones,jacobjohnson@example.com,221-679-5348x5645,1978-01-10,IL,41420,2024-06-07,AGT0009,VSP,Dental Basic
MEM003299,Robert,Scott,gail41@example.com,216.564.1700,1980-04-29,OH,29198,2024-07-28,AGT0050,MetLife,Dental Basic
MEM003300,Scott,Smith,ibaker@example.org,(706)860-5808,2002-01-13,MI,78291,2023-12-31,AGT0053,VSP,Vision Basic
MEM003301,Sara,Goodwin,burtonbrett@example.net,407.424.2075x30877,1950-01-12,TX,50207,2023-05-09,AGT0074,MetLife,Dental Premium
MEM003302,Mary,Henderson,ogalvan@example.com,+1-758-660-1500x858,1997-10-16,TX,75909,2024-02-14,AGT0030,Zurich,Dental Basic
MEM003303,Carlos,Carter,bbell@example.com,001-821-327-1952,1962-05-02,KY,63824,2024-03-22,AGT0051,VSP,Dental Basic
MEM003304,David,Barnes,waderussell@example.org,001-572-501-6485x471,1989-12-09,CA,18074,2024-06-23,AGT0074,MetLife,Dental Premium
MEM003305,Elizabeth,Spencer,jclark@example.org,300.743.6256,1955-09-09,OH,32712,2024-09-30,AGT0039,MetLife,Dental Basic
MEM003306,Stephanie,Schneider,adrianhawkins@example.org,+1-376-224-0466,2002-08-14,MI,08832,2023-04-26,AGT0046,Zurich,Vision Premium
MEM003307,Austin,Novak,armstrongjulia@example.org,(318)693-2986x5366,1964-08-24,MI,47244,2024-09-06,AGT0053,MetLife,Dental Basic
MEM003308,Andre,Jones,hoffmanangie@example.org,674.436.1251,1986-07-28,IN,99838,2024-05-01,AGT0044,MetLife,Dental+Vision Bundle
MEM003309,Donna,Wilcox,hgolden@example.net,+1-912-541-5212x19338,1972-10-31,TN,02753,2023-02-14,AGT0072,Zurich,Dental Basic
MEM003310,Brandon,Hughes,debramontoya@example.net,001-879-657-3775,1951-12-20,IL,84838,2023-12-07,AGT0047,VSP,Vision Premium
MEM003311,Curtis,Pierce,mitchell07@example.org,001-259-640-3764x94133,1962-12-23,KY,96438,2024-05-22,AGT0016,Zurich,Dental Basic
MEM003312,Luis,Moore,mackenziemorris@example.net,001-442-728-5141x363,1952-10-31,MI,41827,2023-11-22,AGT0038,VSP,Dental Basic
MEM003313,Allison,Reynolds,youngjessica@example.net,505.961.3111,1987-05-11,GA,18809,2024-08-03,AGT0009,VSP,Vision Premium
MEM003314,Sheri,Horton,sharrison@example.net,3823135221,1955-11-11,TX,14111,2024-05-10,AGT0017,Zurich,Dental Premium
MEM003315,Zachary,Johnson,elainewilliams@example.com,001-393-833-0913,2001-06-05,TX,03254,2024-07-05,AGT0006,Zurich,Vision Basic
MEM003316,Evan,Garrison,annarussell@example.net,001-581-781-4335x8628,1985-12-13,FL,66756,2023-01-03,AGT0071,MetLife,Dental Basic
MEM003317,Jennifer,Smith,ltucker@example.com,407.568.7902x44644,1989-09-24,KY,86495,2023-03-23,AGT0053,Zurich,Dental+Vision Bundle
MEM003318,Maxwell,Andrews,rnelson@example.org,001-492-670-2907x542,1970-04-27,TN,73170,2023-04-18,AGT0080,MetLife,Dental+Vision Bundle
MEM003319,Brandi,Johnson,steven89@example.net,001-336-639-1596x58668,1983-10-13,KY,07587,2024-10-03,AGT0070,VSP,Vision Basic
MEM003320,Kimberly,Davenport,paige45@example.org,(379)932-6334x57081,1972-05-03,CA,47603,2024-07-05,AGT0051,Zurich,Vision Basic
MEM003321,Tina,Ware,frussell@example.net,346-265-8490x8957,1977-12-16,TX,63860,2024-03-26,AGT0049,Zurich,Dental Premium
MEM003322,Bradley,Wilson,misty22@example.net,759.460.6585,1979-05-14,TN,23799,2023-04-03,AGT0076,VSP,Dental+Vision Bundle
MEM003323,Pamela,Matthews,andrew44@example.org,(904)788-4861x81745,1954-06-04,OH,58328,2024-11-06,AGT0016,Zurich,Dental Basic
MEM003324,Richard,Farley,ycurtis@example.com,+1-200-989-7303x659,1966-03-15,IN,61894,2024-09-05,AGT0062,VSP,Dental Basic
MEM003325,Joshua,Kim,jason40@example.net,001-570-355-5013x334,1953-12-28,TN,62095,2024-01-26,AGT0015,MetLife,Vision Basic
MEM003326,Jessica,Hester,nlyons@example.com,001-231-388-5340x261,1955-07-21,MI,43975,2024-03-08,AGT0077,Zurich,Vision Premium
MEM003327,Julie,Richard,patrickorr@example.org,607-885-7788,1985-06-05,MI,18986,2024-07-22,AGT0054,VSP,Dental Basic
MEM003328,Tammy,Watson,dennis11@example.net,(668)927-2634x01881,1961-04-14,OH,94437,2024-10-25,AGT0066,Zurich,Dental Premium
MEM003329,Scott,Scott,underwoodhaley@example.org,415.913.1948x288,2003-10-14,IN,54889,2024-01-17,AGT0049,VSP,Dental Basic
MEM003330,Holly,Nelson,ryan57@example.net,588-968-3547,2003-04-21,CA,37929,2023-01-26,AGT0039,MetLife,Dental Premium
MEM003331,Marvin,Rodriguez,qlopez@example.net,001-879-931-9807x1233,1972-06-13,IL,67710,2024-08-17,AGT0007,VSP,Dental+Vision Bundle
MEM003332,Dakota,Thomas,riverajoseph@example.org,373.699.7704,1974-07-31,TX,92349,2024-01-20,AGT0079,VSP,Dental Premium
MEM003333,Matthew,Yu,zmiller@example.com,923.959.0632,1954-06-27,TN,42530,2024-02-25,AGT0056,VSP,Dental Basic
MEM003334,Katherine,Dunlap,benjamin04@example.org,909-897-9885,1978-03-28,GA,93559,2023-11-15,AGT0047,VSP,Vision Premium
MEM003335,Adam,Shelton,qmoran@example.com,+1-279-939-9278x36079,1998-03-23,IN,96967,2023-12-15,AGT0074,VSP,Vision Premium
MEM003336,Erin,Ferguson,lisaporter@example.net,001-883-438-1013,1978-08-12,MI,37263,2023-11-12,AGT0025,Zurich,Dental+Vision Bundle
MEM003337,Adam,Paul,lynchkristy@example.org,001-764-267-4456x322,1988-02-22,IL,48403,2023-01-30,AGT0032,VSP,Dental Premium
MEM003338,Kevin,Reyes,vincent80@example.com,001-454-574-2002,1984-03-16,IL,40317,2024-02-19,AGT0024,VSP,Dental Premium
MEM003339,Lauren,Walker,gglenn@example.com,(443)688-0137,1954-11-11,OH,80132,2023-10-24,AGT0051,Zurich,Dental Premium
MEM003340,Eric,Arnold,margaret96@example.net,001-965-473-8537x51220,1981-02-18,MI,11756,2024-09-14,AGT0007,MetLife,Vision Premium
MEM003341,Madison,Stewart,riveraadam@example.org,(947)203-2133,1988-03-04,IL,08308,2024-11-22,AGT0024,MetLife,Dental Basic
MEM003342,Paul,Parker,jramirez@example.net,485.255.0793,1966-03-30,FL,05473,2023-10-29,AGT0055,VSP,Vision Premium
MEM003343,Haley,Cross,dominiquesolis@example.com,291-630-6108x557,1977-11-13,GA,16386,2024-04-30,AGT0018,VSP,Vision Basic
MEM003344,Beth,Russell,pacheconicole@example.com,351-518-2224,1952-06-28,OH,88409,2024-02-04,AGT0011,MetLife,Dental Premium
MEM003345,Jennifer,Martin,bryan02@example.org,(732)313-9928,1958-04-13,TN,37610,2023-04-13,AGT0065,VSP,Vision Basic
MEM003346,Tina,Simpson,barry21@example.net,391-261-0199x532,1984-10-31,IN,43574,2024-06-13,AGT0001,Zurich,Dental Basic
MEM003347,Cheryl,Shaw,zoe28@example.org,935-819-4199x7981,2002-10-29,TX,32162,2024-04-30,AGT0051,VSP,Vision Premium
MEM003348,Andrew,Rodriguez,rodriguezjoshua@example.org,001-216-870-1410x4882,1961-06-21,MI,34889,2024-07-26,AGT0011,MetLife,Vision Basic
MEM003349,Elizabeth,James,deborahjohnson@example.org,+1-983-427-3652x939,1989-11-03,IN,49423,2024-01-02,AGT0035,VSP,Dental Basic
MEM003350,Valerie,Blair,brettlutz@example.com,(656)279-1671x2794,1973-08-09,IL,13204,2024-02-23,AGT0055,MetLife,Dental Basic
MEM003351,Jeremy,Bailey,zanderson@example.org,824.897.0730,1964-10-08,IN,72340,2023-04-24,AGT0027,Zurich,Dental Premium
MEM003352,William,Maynard,kcarey@example.org,4228854040,1980-09-11,MI,98840,2024-05-05,AGT0056,VSP,Vision Premium
MEM003353,Christopher,Shields,luis01@example.com,(422)958-4819x06045,1997-10-03,IN,72497,2024-01-31,AGT0060,Zurich,Dental Premium
MEM003354,Calvin,Mccullough,petersonjulia@example.com,+1-771-572-9126x981,1965-02-22,TN,29706,2024-10-12,AGT0034,Zurich,Dental Basic
MEM003355,Joseph,Murillo,jamesevans@example.org,5923697883,1961-01-26,TX,07105,2023-05-11,AGT0030,Zurich,Dental Premium
MEM003356,Tina,Thompson,gordongrace@example.org,+1-756-845-9803x4405,1982-06-24,KY,47222,2023-09-17,AGT0007,MetLife,Vision Premium
MEM003357,Jessica,Olsen,silvathomas@example.com,001-739-650-4449x209,1972-10-30,KY,42467,2024-03-15,AGT0048,VSP,Vision Premium
MEM003358,Michael,Shepard,whitealicia@example.org,579-449-4422,1963-01-25,MI,82295,2023-12-13,AGT0010,MetLife,Dental Basic
MEM003359,Cynthia,Rogers,sfritz@example.org,996.830.4955x094,1963-10-31,FL,93583,2023-07-18,AGT0037,Zurich,Vision Basic
MEM003360,Justin,Keith,amydecker@example.net,+1-810-459-2512x11894,1957-08-12,FL,32565,2024-05-18,AGT0057,VSP,Vision Premium
MEM003361,Tonya,Nixon,ygood@example.com,(263)363-0043x359,1976-04-30,IL,46167,2023-09-06,AGT0063,MetLife,Dental Basic
MEM003362,Randy,Phillips,oestrada@example.com,001-556-894-1467x35928,1998-05-07,GA,19986,2024-07-22,AGT0022,MetLife,Dental+Vision Bundle
MEM003363,Miguel,Wells,ggreen@example.net,(516)856-6576x4063,1951-02-18,TX,47367,2023-12-29,AGT0008,MetLife,Vision Basic
MEM003364,Matthew,Myers,dwilson@example.com,001-667-896-9392,1972-02-26,IN,20727,2024-02-01,AGT0033,VSP,Vision Premium
MEM003365,Jeremy,Campbell,lburke@example.net,915-562-8379x47741,1952-12-23,GA,29780,2023-07-19,AGT0078,MetLife,Dental Premium
MEM003366,Holly,Perry,wilsonstephanie@example.net,(776)605-3450x35816,1995-02-17,IL,80581,2024-07-12,AGT0035,Zurich,Dental+Vision Bundle
MEM003367,Jennifer,Fernandez,burtonphilip@example.net,264-587-6085x7646,1970-08-04,KY,49762,2023-12-05,AGT0002,MetLife,Dental+Vision Bundle
MEM003368,Nancy,Harris,nicoleanderson@example.com,(822)871-9217x3665,1959-04-26,TX,60407,2024-10-11,AGT0009,Zurich,Dental+Vision Bundle
MEM003369,Jesse,Lawson,xdurham@example.org,827.872.3657x6147,1992-07-16,TX,46721,2024-03-27,AGT0037,Zurich,Dental+Vision Bundle
MEM003370,Heather,Paul,afuller@example.com,6227612349,1980-12-25,IL,95790,2024-03-11,AGT0036,VSP,Dental Premium
MEM003371,Shane,Adams,brooke17@example.com,982-361-4810x995,1982-04-01,KY,74154,2024-11-17,AGT0034,VSP,Dental Basic
MEM003372,John,Stone,henryalexander@example.net,515.266.7053,1968-11-11,TX,70335,2024-06-28,AGT0047,Zurich,Dental Basic
MEM003373,Kimberly,Miller,amycruz@example.com,001-362-349-8956,1969-07-05,FL,06125,2024-09-09,AGT0071,MetLife,Dental Basic
MEM003374,Megan,Smith,hbaxter@example.com,380.840.4416,1978-10-03,MI,53685,2024-10-28,AGT0077,MetLife,Dental Basic
MEM003375,Cynthia,Andersen,harrisadam@example.org,248-753-9610x48088,1995-01-25,TX,86024,2024-04-12,AGT0033,Zurich,Vision Premium
MEM003376,Timothy,Baker,tward@example.com,001-402-949-3871x3899,2000-12-12,CA,74960,2024-09-29,AGT0055,Zurich,Vision Basic
MEM003377,Haley,Morgan,katelyn44@example.com,+1-790-457-3019,2003-09-23,IN,52380,2023-06-08,AGT0040,VSP,Vision Basic
MEM003378,Charles,Ramirez,laura78@example.org,856-563-6305x1281,1993-01-02,OH,57892,2023-05-17,AGT0036,VSP,Vision Premium
MEM003379,Christina,Graham,mcphersonjohn@example.org,+1-256-283-6957,1983-10-23,MI,15507,2023-09-17,AGT0005,MetLife,Dental+Vision Bundle
MEM003380,Mark,Johnson,josephwilson@example.com,(692)535-6213,1998-06-27,GA,31866,2024-09-04,AGT0033,MetLife,Dental Premium
MEM003381,Mike,Griffin,allenrollins@example.com,992-413-8606x8289,1999-12-13,MI,87917,2023-07-28,AGT0076,VSP,Dental Basic
MEM003382,Elizabeth,Cole,tonyawood@example.com,001-853-210-7690x700,1971-05-18,CA,72478,2023-08-30,AGT0014,MetLife,Dental+Vision Bundle
MEM003383,Audrey,Marshall,jeremy59@example.org,857-316-1563x360,1999-04-26,FL,02766,2024-10-23,AGT0004,VSP,Dental+Vision Bundle
MEM003384,Karen,Chambers,ginalewis@example.org,903.567.2684,2000-10-30,MI,05648,2023-06-10,AGT0023,Zurich,Dental+Vision Bundle
MEM003385,Amy,Jenkins,gonzalezanthony@example.net,001-642-706-2895x8042,2001-11-11,TX,13568,2023-02-20,AGT0028,MetLife,Dental Basic
MEM003386,Courtney,Hopkins,brendajones@example.org,936-878-5873x3466,1960-06-29,IN,96918,2023-02-15,AGT0024,MetLife,Dental Basic
MEM003387,Reginald,Anderson,brianjohnson@example.com,670.538.7746,1951-06-18,OH,67029,2023-01-03,AGT0067,VSP,Vision Basic
MEM003388,Elizabeth,Smith,nathanhayes@example.com,455-342-8358x874,1960-04-13,IN,06660,2024-01-24,AGT0004,Zurich,Dental+Vision Bundle
MEM003389,Bonnie,Hall,baileyjuan@example.com,001-848-298-3018,2000-01-27,FL,70715,2024-09-03,AGT0050,MetLife,Dental Basic
MEM003390,Anthony,Baldwin,krystal39@example.org,+1-598-856-7600x42709,1976-07-05,MI,98834,2023-03-27,AGT0048,VSP,Vision Premium
MEM003391,Theresa,Carter,crystal38@example.net,9532634716,1955-07-16,MI,34275,2023-10-23,AGT0071,VSP,Dental+Vision Bundle
MEM003392,Kimberly,Frank,zpearson@example.net,4546452925,1971-11-21,OH,76567,2024-10-27,AGT0076,Zurich,Vision Premium
MEM003393,Daniel,Payne,kgreen@example.org,889-831-0587,1974-10-17,GA,79326,2024-05-09,AGT0071,Zurich,Dental Basic
MEM003394,Jessica,Pratt,piercejoshua@example.org,(857)814-1787x4105,1977-10-02,GA,25932,2023-11-19,AGT0076,VSP,Dental+Vision Bundle
MEM003395,Nichole,Jenkins,meganhenderson@example.org,(857)886-5357,1953-02-16,IN,51761,2023-04-11,AGT0026,Zurich,Vision Premium
MEM003396,Steve,Lewis,robinsondustin@example.org,924-658-6154,1991-01-02,GA,35300,2023-01-18,AGT0024,MetLife,Dental Premium
MEM003397,Hannah,Garcia,carl96@example.net,427.562.8908,1979-07-22,CA,64067,2023-10-13,AGT0049,VSP,Dental+Vision Bundle
MEM003398,Daniel,Brooks,ksmith@example.org,498.404.7327,1951-10-03,IN,36239,2023-12-06,AGT0056,VSP,Dental+Vision Bundle
MEM003399,James,Browning,ileblanc@example.net,001-711-362-5969x718,1984-12-25,GA,16100,2024-11-15,AGT0035,MetLife,Dental Basic
MEM003400,Joseph,Meadows,halexander@example.com,415.993.8096,1985-04-04,TN,67537,2024-10-24,AGT0039,MetLife,Vision Premium
MEM003401,Karen,Gilmore,davisjulie@example.org,001-228-534-4026,1975-04-26,IN,44132,2023-08-19,AGT0058,Zurich,Dental Premium
MEM003402,Dorothy,Merritt,ocampbell@example.org,(640)485-8420x495,2003-01-24,KY,66522,2024-02-13,AGT0080,VSP,Dental Basic
MEM003403,Tyler,Howe,ryan53@example.net,(968)581-4539x24133,1951-05-08,TN,25155,2024-09-21,AGT0072,MetLife,Dental Premium
MEM003404,Leah,Stuart,mary81@example.net,+1-544-748-9020x8427,1968-02-25,KY,80479,2024-07-15,AGT0071,MetLife,Dental Premium
MEM003405,Bonnie,Armstrong,christopheralvarez@example.net,964.248.2961x20528,2000-08-26,CA,05165,2024-08-04,AGT0052,MetLife,Dental Premium
MEM003406,David,Williams,veronicasimmons@example.com,(512)925-6244,1951-05-21,TX,54875,2024-04-15,AGT0030,Zurich,Dental Premium
MEM003407,Lauren,Roberson,jenniferhardin@example.com,(254)756-6703x70701,1996-08-27,CA,94329,2024-07-22,AGT0016,VSP,Vision Basic
MEM003408,Natasha,Webb,jesus88@example.net,(957)384-3711,1993-07-16,CA,89142,2024-11-29,AGT0010,VSP,Dental Basic
MEM003409,Haley,Blevins,melissa69@example.org,001-317-881-8875x815,1988-06-19,IL,18720,2024-08-28,AGT0047,VSP,Dental+Vision Bundle
MEM003410,Joe,Harris,brian71@example.net,(371)656-2100x047,1990-10-10,GA,06341,2024-08-06,AGT0003,Zurich,Vision Basic
MEM003411,Ryan,Murphy,zblack@example.net,8035708614,1951-12-31,OH,77711,2023-05-10,AGT0017,VSP,Dental+Vision Bundle
MEM003412,Christopher,Thomas,lschultz@example.org,883.276.2314x7012,1990-10-12,TX,98488,2024-01-03,AGT0074,Zurich,Dental+Vision Bundle
MEM003413,Mitchell,Russell,whitneyanderson@example.com,001-423-362-0134,1984-02-08,IN,33462,2023-07-11,AGT0039,MetLife,Vision Basic
MEM003414,Jennifer,Fuentes,jperez@example.net,001-586-328-1180,2001-04-14,TN,77581,2023-01-06,AGT0018,MetLife,Vision Premium
MEM003415,Peter,Meyer,james91@example.org,001-658-726-3747x8882,1980-02-10,TX,90356,2024-01-05,AGT0041,MetLife,Vision Basic
MEM003416,Christine,Martinez,uferguson@example.org,491.572.3288,1976-02-02,OH,81604,2024-04-12,AGT0018,VSP,Dental Premium
MEM003417,Isaac,Lyons,fflores@example.org,470.655.4405x47553,1966-08-03,OH,15284,2024-09-08,AGT0013,Zurich,Vision Premium
MEM003418,Samantha,Fisher,burnettaustin@example.org,001-849-991-4107x1787,1999-06-22,IL,98917,2024-10-22,AGT0036,MetLife,Vision Basic
MEM003419,Michael,Harris,aherman@example.com,001-554-457-9427x53737,1986-02-20,IL,52469,2024-08-29,AGT0056,VSP,Dental Basic
MEM003420,Melinda,Watts,james24@example.com,897-412-2695x143,1992-11-03,TN,06597,2023-05-25,AGT0066,Zurich,Dental Basic
MEM003421,Brian,Davis,vickiehiggins@example.net,(934)202-9708x953,1973-09-18,TN,57554,2023-02-24,AGT0035,MetLife,Dental Basic
MEM003422,Elizabeth,Johnson,veronicasnyder@example.net,001-467-682-6376,1981-02-04,KY,52627,2024-07-20,AGT0048,VSP,Dental+Vision Bundle
MEM003423,Chad,Rivera,danielvelez@example.com,+1-247-894-0505x15949,1978-08-13,GA,08456,2023-02-16,AGT0065,MetLife,Dental Basic
MEM003424,John,Rivera,stevensmith@example.com,705-500-9171,1962-09-12,IL,58282,2024-08-14,AGT0047,VSP,Dental+Vision Bundle
MEM003425,Edward,Mercado,vwebb@example.com,7895884797,1951-08-15,IN,10319,2024-08-11,AGT0009,Zurich,Dental Premium
MEM003426,Kristen,Ball,joan45@example.net,564-833-9828,1986-10-14,KY,61035,2023-12-17,AGT0007,VSP,Dental Basic
MEM003427,Tammy,Williams,gking@example.net,+1-968-428-7571,1974-12-25,FL,83585,2023-05-20,AGT0023,Zurich,Dental Basic
MEM003428,Kim,Lee,wpeterson@example.com,+1-261-265-8413,1979-06-09,KY,96498,2024-07-27,AGT0001,MetLife,Dental Basic
MEM003429,Melanie,Harris,frankrussell@example.com,(806)367-2983,1996-05-10,IL,78122,2024-06-16,AGT0021,Zurich,Dental Premium
MEM003430,Courtney,Reeves,whitewesley@example.net,001-229-563-8026x492,1971-07-26,OH,10269,2024-04-08,AGT0018,VSP,Dental Basic
MEM003431,Michael,Fuller,geoffreyjordan@example.net,317.472.9257x83636,1983-06-24,IN,29668,2024-07-09,AGT0062,MetLife,Dental Basic
MEM003432,Andre,Vaughn,meagantaylor@example.org,5112812307,2000-06-17,IN,10522,2023-12-26,AGT0012,MetLife,Vision Basic
MEM003433,Crystal,Jackson,josephgonzalez@example.net,(252)310-1074x52050,1965-12-20,FL,09261,2023-01-02,AGT0014,Zurich,Dental Basic
MEM003434,Cathy,Cummings,morrisanthony@example.com,+1-311-415-0412x2501,1988-05-06,OH,66517,2023-07-10,AGT0006,Zurich,Dental Premium
MEM003435,Stanley,Hubbard,brian82@example.com,303.690.9738x079,1954-10-11,CA,79819,2024-03-27,AGT0018,MetLife,Dental Basic
MEM003436,Stephanie,Vasquez,burkeanthony@example.com,741-846-8817,1956-05-11,GA,08917,2024-04-18,AGT0076,VSP,Vision Premium
MEM003437,Bobby,Bailey,lauraphillips@example.net,459.612.7536,1993-05-30,KY,62498,2023-01-05,AGT0012,Zurich,Vision Basic
MEM003438,Christina,Williamson,gomezkathy@example.net,547.750.9178,2000-05-26,TN,96339,2023-11-16,AGT0038,MetLife,Dental+Vision Bundle
MEM003439,Robert,Sellers,rconrad@example.org,+1-358-958-8118x5577,2000-11-29,TX,03567,2023-05-25,AGT0060,VSP,Vision Basic
MEM003440,Scott,Hayes,bsimmons@example.org,510.761.0420x307,1969-02-20,GA,31175,2024-08-09,AGT0045,MetLife,Vision Basic
MEM003441,Anna,Rice,morrismaria@example.com,+1-200-278-6169,1992-05-13,OH,68752,2023-10-13,AGT0053,Zurich,Dental Basic
MEM003442,Louis,Green,dmurphy@example.net,448.814.4439x446,1996-03-04,IL,52779,2024-10-01,AGT0061,MetLife,Dental+Vision Bundle
MEM003443,Greg,Wise,cody81@example.net,783.434.9415,1957-06-01,MI,75713,2024-07-05,AGT0010,MetLife,Dental Premium
MEM003444,Joyce,Rosales,stevenruiz@example.net,313.558.9961x600,1963-10-17,TN,14185,2023-02-16,AGT0072,Zurich,Vision Basic
MEM003445,Darren,Short,emason@example.net,497.789.2930x9077,1966-06-08,OH,73143,2023-08-16,AGT0060,VSP,Dental Basic
MEM003446,Kent,Ochoa,obrienadam@example.com,(750)294-6660,1989-04-13,KY,55063,2024-01-04,AGT0068,MetLife,Dental Premium
MEM003447,Zachary,Johnson,lisafigueroa@example.net,(288)997-3784,1987-09-28,TX,86869,2023-06-05,AGT0008,VSP,Dental+Vision Bundle
MEM003448,Alex,Stephenson,thompsonjoseph@example.org,(517)572-3797x30905,1989-01-23,IN,07849,2024-07-12,AGT0055,VSP,Dental Basic
MEM003449,Darrell,Garza,david86@example.com,604.685.5023x137,1969-08-26,KY,64529,2024-07-15,AGT0039,Zurich,Vision Basic
MEM003450,David,Cooper,nhoward@example.com,450-807-4883,1977-03-29,IL,71006,2024-07-14,AGT0041,MetLife,Dental Premium
MEM003451,Duane,Brown,austinlove@example.org,826-920-7679x57571,1976-09-23,GA,18941,2024-10-07,AGT0018,Zurich,Dental Basic
MEM003452,Michael,Roman,datkinson@example.org,(358)979-4923x15110,1954-10-06,FL,67683,2023-12-09,AGT0057,VSP,Vision Premium
MEM003453,James,Ferrell,megan19@example.org,001-336-561-7658,1982-04-22,FL,61499,2024-02-07,AGT0080,VSP,Dental Premium
MEM003454,Mary,Levine,sjones@example.com,525-350-7584,1985-08-16,IL,88329,2024-01-08,AGT0027,Zurich,Dental Basic
MEM003455,Timothy,Nichols,dadams@example.net,744.743.4028,2003-04-19,IN,78303,2023-01-10,AGT0070,VSP,Dental+Vision Bundle
MEM003456,Brooke,Miller,fchavez@example.com,(463)257-9038x18683,1959-08-12,IN,01751,2023-11-29,AGT0064,Zurich,Vision Premium
MEM003457,Taylor,Cross,smurphy@example.org,401.412.6992x897,2003-11-02,OH,34865,2023-01-29,AGT0030,MetLife,Dental+Vision Bundle
MEM003458,Ashley,Wallace,ashleykimberly@example.org,487-676-0131x0986,1991-07-06,TX,48155,2023-04-13,AGT0050,MetLife,Vision Basic
MEM003459,James,Hull,karen18@example.org,001-765-822-7106x84666,1962-10-08,TN,48496,2023-01-20,AGT0038,Zurich,Dental+Vision Bundle
MEM003460,Amber,Johnson,danaguerra@example.net,603-774-9736,1984-11-26,IN,54897,2024-11-29,AGT0023,MetLife,Vision Basic
MEM003461,Tyler,Jones,parkkevin@example.net,001-376-541-5572x1319,1983-04-13,MI,76870,2024-02-20,AGT0041,VSP,Vision Premium
MEM003462,Tina,Fox,leahpitts@example.org,(282)997-6722,1965-11-22,IN,11543,2023-03-27,AGT0011,Zurich,Dental Basic
MEM003463,Kayla,Day,staceyjohnson@example.net,001-933-566-8949x492,1978-02-23,CA,56388,2024-03-24,AGT0046,MetLife,Dental Basic
MEM003464,Thomas,Ramirez,slopez@example.com,919.855.4968x472,1954-07-22,OH,06068,2024-03-03,AGT0041,MetLife,Dental Premium
MEM003465,Jorge,Gillespie,racheldavis@example.com,471-569-9444,1981-02-18,CA,76858,2023-07-07,AGT0034,VSP,Vision Basic
MEM003466,Nicholas,Bentley,josephwilliams@example.org,329-855-4712x0073,1980-06-26,IN,73321,2024-09-24,AGT0057,VSP,Dental Basic
MEM003467,Brad,Williams,josephsanchez@example.net,+1-577-367-5329x998,1958-12-18,FL,72719,2024-05-19,AGT0025,MetLife,Vision Basic
MEM003468,Timothy,Whitney,coxalyssa@example.org,001-248-524-6411,1954-06-11,TN,95580,2024-07-17,AGT0076,Zurich,Dental Premium
MEM003469,Joseph,Hayes,hendersonkaren@example.net,584.973.8106,1970-09-09,OH,01091,2023-01-29,AGT0007,MetLife,Dental+Vision Bundle
MEM003470,Sarah,Gonzales,hartbenjamin@example.org,(861)663-4054,1969-05-26,KY,80677,2023-10-22,AGT0002,MetLife,Vision Premium
MEM003471,William,Murphy,camposthomas@example.org,300-617-5504x9357,1960-08-19,IN,12771,2024-08-15,AGT0036,VSP,Dental Basic
MEM003472,Edward,Ruiz,yjohnson@example.net,(333)487-9283x929,1969-03-31,GA,32063,2023-02-02,AGT0006,Zurich,Vision Basic
MEM003473,Wayne,Martinez,riossusan@example.com,+1-500-974-3262x8432,1955-10-12,OH,50891,2023-10-19,AGT0070,VSP,Vision Basic
MEM003474,Blake,Acosta,luiswells@example.org,001-844-624-7222,1969-11-11,TN,63266,2023-04-07,AGT0079,Zurich,Dental+Vision Bundle
MEM003475,Edward,Lin,jeffreyfrancis@example.org,+1-560-632-2275x6175,1982-03-23,TN,89863,2024-07-12,AGT0032,VSP,Vision Premium
MEM003476,Joseph,Meadows,nrobinson@example.net,001-818-519-2424x129,1963-02-22,IN,47189,2023-12-15,AGT0047,VSP,Dental Basic
MEM003477,Lisa,Vasquez,derrickhorton@example.org,(209)239-7498,1986-07-25,FL,79948,2023-03-02,AGT0073,Zurich,Dental Basic
MEM003478,Gregory,Hall,xgonzales@example.org,555-949-4444x297,1985-09-08,CA,19745,2023-01-20,AGT0055,Zurich,Dental Basic
MEM003479,Ross,Lopez,jamesowen@example.net,737.355.7378,1984-09-15,FL,30891,2024-07-13,AGT0062,VSP,Dental Basic
MEM003480,Tanya,Gonzalez,rodriguezrebekah@example.com,731-926-4569x67570,1992-12-21,TX,14535,2023-09-05,AGT0035,Zurich,Vision Premium
MEM003481,Lori,Mendoza,christy18@example.org,333.556.2550,1967-05-23,CA,44440,2023-08-12,AGT0037,VSP,Vision Basic
MEM003482,Kathryn,Torres,mannjohn@example.com,213-373-2022,1970-03-10,IN,60150,2024-01-19,AGT0001,VSP,Vision Basic
MEM003483,Jeremy,Fuentes,melissamccoy@example.org,(686)886-6307x0996,1964-02-07,TN,30431,2024-01-22,AGT0042,MetLife,Dental Basic
MEM003484,Sandra,Curry,bedwards@example.net,292-499-5911,1981-03-20,IN,81544,2024-10-10,AGT0010,VSP,Dental Basic
MEM003485,Sharon,Torres,alicialee@example.org,001-632-875-3296,1978-02-02,KY,25551,2024-01-24,AGT0017,VSP,Dental Basic
MEM003486,Monique,Guerrero,terrychristopher@example.org,001-806-853-3239x6911,1991-03-19,TX,41016,2023-04-19,AGT0033,MetLife,Vision Basic
MEM003487,Nicole,Duran,morganvirginia@example.com,446-859-2396x5978,1966-10-04,CA,77138,2024-10-04,AGT0020,MetLife,Vision Premium
MEM003488,Andrew,Rose,campbellaaron@example.org,(360)508-8843,1979-09-13,OH,91488,2023-11-12,AGT0009,MetLife,Vision Premium
MEM003489,Valerie,Harvey,davidblackwell@example.org,(638)488-9312x904,2001-04-03,IN,66414,2023-02-02,AGT0054,Zurich,Dental Basic
MEM003490,Natalie,Cardenas,joanmartinez@example.org,001-210-397-2893x82121,1950-07-04,TX,47935,2023-09-08,AGT0072,VSP,Vision Basic
MEM003491,Katherine,Smith,vkaufman@example.net,884.597.0420x9776,1951-04-02,IL,13943,2023-09-06,AGT0015,MetLife,Dental Premium
MEM003492,Teresa,Williams,matthew19@example.net,001-942-423-6532x714,1969-09-25,IL,84869,2024-03-30,AGT0079,MetLife,Dental Premium
MEM003493,Erika,Smith,mshepherd@example.org,(575)309-4448,1980-01-05,FL,65456,2024-11-25,AGT0043,Zurich,Vision Basic
MEM003494,Sarah,Chan,julie36@example.org,961-568-7630,1990-06-23,TN,61468,2024-07-10,AGT0073,MetLife,Dental Basic
MEM003495,Francisco,Pittman,timothy84@example.net,363.291.7013,2003-04-03,GA,19322,2024-08-30,AGT0040,MetLife,Dental Premium
MEM003496,Ashley,Colon,glenchambers@example.org,+1-658-362-3422x34226,1971-07-23,GA,02684,2023-08-25,AGT0023,MetLife,Dental+Vision Bundle
MEM003497,David,Fields,jamessmith@example.com,(557)676-0612x5174,1991-01-19,TN,23107,2023-05-25,AGT0046,Zurich,Dental Basic
MEM003498,David,Weaver,wandaherrera@example.net,001-639-803-1696,1991-06-11,FL,57116,2023-09-19,AGT0004,Zurich,Vision Basic
MEM003499,Stacey,Smith,margaretlong@example.net,+1-874-385-1176,1989-12-01,OH,19816,2023-01-02,AGT0012,VSP,Dental+Vision Bundle
MEM003500,Juan,Frye,jmorse@example.com,001-297-466-4692x659,1999-05-30,IN,72608,2023-08-20,AGT0024,MetLife,Dental Premium
MEM003501,Stephanie,Kennedy,awolfe@example.net,001-448-225-4576x34478,1958-11-18,CA,06768,2023-06-22,AGT0022,MetLife,Dental Premium
MEM003502,Daniel,Henry,xhunt@example.org,001-781-437-2420x4653,1961-03-03,TX,09217,2024-06-21,AGT0074,VSP,Vision Premium
MEM003503,Diana,Fields,lisa72@example.com,579.283.0020x3043,2000-09-26,OH,64177,2024-01-10,AGT0056,MetLife,Vision Premium
MEM003504,Steven,Larsen,walshdavid@example.org,(732)238-8409x955,1989-03-01,MI,56766,2024-05-30,AGT0069,VSP,Dental Premium
MEM003505,Martha,Washington,williamsjames@example.net,+1-854-648-0667,1957-04-26,CA,93042,2024-07-17,AGT0041,Zurich,Vision Premium
MEM003506,Tammy,Taylor,ortegatheresa@example.net,(651)465-1265x47370,1965-01-09,OH,85730,2024-04-26,AGT0049,Zurich,Vision Basic
MEM003507,Calvin,Turner,drew87@example.com,001-587-700-0985x45069,1980-06-22,MI,82485,2023-02-21,AGT0062,Zurich,Vision Premium
MEM003508,Thomas,Allen,zacharypena@example.org,254.533.6062,1969-05-17,OH,65178,2024-09-10,AGT0071,VSP,Vision Basic
MEM003509,Tiffany,Brown,sotoantonio@example.org,936.268.0316x9760,1995-08-16,CA,35701,2023-06-08,AGT0062,MetLife,Dental+Vision Bundle
MEM003510,Peggy,Schneider,williamsmatthew@example.org,001-319-794-9344x9916,1979-10-05,KY,81447,2023-10-10,AGT0007,Zurich,Dental Basic
MEM003511,Bradley,Tyler,jlynch@example.org,(222)855-5741x94508,1962-05-23,IL,50811,2024-06-10,AGT0062,MetLife,Dental Basic
MEM003512,Angel,Perry,alexander16@example.org,(693)513-3363x45280,1999-06-14,MI,25255,2023-07-01,AGT0079,VSP,Vision Basic
MEM003513,Gregory,Wolf,joshua58@example.org,(349)746-1528x6815,1970-07-07,IL,54592,2024-10-02,AGT0020,MetLife,Dental Premium
MEM003514,Steven,Pearson,mccoyhannah@example.net,991-279-0608x125,1975-01-03,FL,52000,2023-10-12,AGT0036,Zurich,Dental Basic
MEM003515,Anthony,Horton,stephaniebaker@example.net,001-871-747-0675,1997-02-02,OH,04815,2023-05-15,AGT0009,VSP,Dental+Vision Bundle
MEM003516,Tina,Shaffer,whitedaniel@example.net,001-879-776-4704x8601,2001-10-16,CA,52714,2024-01-04,AGT0026,Zurich,Dental Basic
MEM003517,Chad,Collins,ataylor@example.net,(612)451-6280x261,1951-03-04,IL,20442,2023-05-10,AGT0005,Zurich,Dental Basic
MEM003518,Lisa,Morse,victor69@example.com,551.736.8194x80446,1974-11-07,IL,90385,2023-02-21,AGT0029,MetLife,Dental Basic
MEM003519,Andrea,Williams,mcgeedeborah@example.com,(391)471-4112,1994-09-06,TN,80465,2024-03-25,AGT0017,Zurich,Dental+Vision Bundle
MEM003520,Billy,Cantrell,carlos36@example.net,+1-326-431-3494x6078,1983-06-17,MI,82274,2023-09-07,AGT0006,MetLife,Vision Basic
MEM003521,Matthew,Kline,daniellawrence@example.org,+1-652-422-9311,1980-02-05,IN,29963,2024-03-03,AGT0053,VSP,Dental Premium
MEM003522,Christopher,Cox,timothy97@example.net,001-704-599-8831x2060,1955-02-26,TN,76856,2023-01-03,AGT0077,MetLife,Dental+Vision Bundle
MEM003523,Matthew,Leon,katherinejackson@example.net,551-329-9387x884,1990-12-29,FL,00940,2024-03-26,AGT0046,VSP,Dental+Vision Bundle
MEM003524,Samuel,Armstrong,bakervictoria@example.com,(242)873-0092x01887,1998-03-15,MI,83996,2023-04-09,AGT0017,MetLife,Vision Premium
MEM003525,Mary,Reese,dylanduncan@example.com,2119628016,1964-07-11,CA,32208,2024-10-29,AGT0012,VSP,Vision Premium
MEM003526,Sydney,Sexton,briggssteven@example.com,+1-207-772-1889x0665,1992-02-20,KY,56296,2023-03-17,AGT0049,Zurich,Dental Basic
MEM003527,Michael,Wood,theresa00@example.org,(671)561-7277x53995,2002-03-21,TX,89512,2023-06-12,AGT0028,MetLife,Dental+Vision Bundle
MEM003528,Clayton,Burton,edavis@example.net,(298)614-2185x92930,1973-08-27,MI,89110,2023-01-30,AGT0070,VSP,Dental Basic
MEM003529,Sierra,Obrien,rebeccaadams@example.net,+1-276-316-6118x570,1985-02-27,IL,03166,2024-02-01,AGT0020,Zurich,Dental Basic
MEM003530,Melanie,Moore,jhall@example.net,(665)357-1955x72903,1960-08-19,GA,86110,2023-07-27,AGT0063,MetLife,Vision Basic
MEM003531,Jerry,Barnes,charles67@example.net,+1-337-427-2590x63593,1986-05-31,TX,15869,2024-01-11,AGT0048,VSP,Dental+Vision Bundle
MEM003532,Heidi,Jones,johnsoncarmen@example.net,329-598-2486,1991-04-25,IN,90166,2024-02-07,AGT0050,MetLife,Vision Premium
MEM003533,Christopher,Smith,rebekah07@example.com,001-910-791-2045x938,1957-07-19,CA,80367,2023-06-06,AGT0066,VSP,Dental Premium
MEM003534,Rhonda,Bennett,marco54@example.com,+1-519-966-2300,1977-03-15,CA,31050,2023-03-03,AGT0037,VSP,Dental Premium
MEM003535,Peter,Owens,timothy08@example.org,618-607-7833x68261,1989-07-24,GA,52474,2023-02-07,AGT0051,MetLife,Vision Premium
MEM003536,Joseph,Hampton,sydney75@example.org,600-426-6897,1966-12-01,MI,62681,2024-09-11,AGT0073,VSP,Dental Premium
MEM003537,Luis,Donovan,alexandra12@example.com,(929)616-5397x944,1983-10-26,IL,01775,2023-11-06,AGT0059,MetLife,Dental Basic
MEM003538,Cameron,Mora,andrea66@example.net,292-472-5452x8324,1984-07-27,IL,25184,2023-06-22,AGT0056,MetLife,Dental Basic
MEM003539,Antonio,Boyd,taylornicole@example.net,001-243-497-1501,1972-12-10,MI,88559,2023-05-31,AGT0053,Zurich,Dental Basic
MEM003540,John,Evans,elizabeth90@example.org,001-440-517-7491,1999-10-10,TN,18914,2023-12-18,AGT0035,Zurich,Dental Basic
MEM003541,Kenneth,Wood,rodriguezbrittany@example.com,001-670-924-9116x993,1996-03-05,TX,84857,2024-11-26,AGT0006,Zurich,Vision Premium
MEM003542,Angela,Chavez,ethomas@example.com,001-467-993-0721x7821,1958-10-20,CA,79630,2024-08-31,AGT0053,MetLife,Vision Basic
MEM003543,Kristen,Klein,sullivanwilliam@example.com,(942)587-3457x6358,1957-08-05,CA,13232,2023-11-15,AGT0074,Zurich,Dental Premium
MEM003544,Christopher,Harrell,keith92@example.com,+1-367-545-6443,1968-01-13,TX,21995,2023-08-14,AGT0044,MetLife,Dental+Vision Bundle
MEM003545,Regina,Rodriguez,sarah13@example.com,623.232.9046x08467,1991-05-09,IL,62129,2023-10-16,AGT0047,Zurich,Dental Basic
MEM003546,Dean,Li,changdaniel@example.com,+1-799-471-7908x481,1971-02-28,MI,64756,2024-06-28,AGT0032,VSP,Dental+Vision Bundle
MEM003547,Shannon,Rodriguez,jessica27@example.com,001-507-436-1320x406,1971-08-12,OH,22883,2023-02-05,AGT0011,Zurich,Dental+Vision Bundle
MEM003548,James,Jackson,mayjennifer@example.net,399.811.1307x366,1997-06-17,FL,60474,2024-11-15,AGT0052,MetLife,Dental Premium
MEM003549,Rachael,Lane,mbuchanan@example.com,716.926.6714x16826,1983-03-06,FL,05880,2023-10-01,AGT0050,Zurich,Vision Basic
MEM003550,Brian,Lewis,veronicabartlett@example.org,912.515.1970x962,1994-10-20,TN,14821,2023-10-03,AGT0059,VSP,Vision Basic
MEM003551,Laura,Wells,tamara92@example.net,626-778-6178x405,1980-02-06,MI,85740,2023-10-02,AGT0047,MetLife,Dental Premium
MEM003552,Daniel,Smith,martineznicholas@example.com,970.314.4987,1992-05-12,KY,92400,2024-07-31,AGT0051,VSP,Dental+Vision Bundle
MEM003553,Hannah,Fox,katherinekent@example.com,+1-312-959-8339,1995-02-09,GA,95414,2024-08-31,AGT0009,VSP,Dental Basic
MEM003554,Elizabeth,Lewis,rescobar@example.org,351-412-6109,1961-05-07,OH,69636,2023-10-15,AGT0023,VSP,Dental Premium
MEM003555,Jennifer,Mendoza,nicholas53@example.net,001-683-476-7326,1998-01-15,IN,57603,2023-01-23,AGT0074,VSP,Dental+Vision Bundle
MEM003556,Donna,Wise,flewis@example.com,(235)927-9434,1977-06-26,TX,09991,2024-09-25,AGT0012,VSP,Dental Basic
MEM003557,Isabel,Yoder,uthomas@example.com,(564)378-4860x5641,2003-06-19,IL,93339,2024-02-13,AGT0042,VSP,Vision Basic
MEM003558,Andrew,Morales,ramseychloe@example.com,(294)351-3560,1977-02-06,FL,86643,2024-02-11,AGT0024,MetLife,Dental+Vision Bundle
MEM003559,Jorge,Meyer,dspencer@example.com,+1-759-250-3632x6237,1951-03-20,FL,44453,2023-09-03,AGT0036,MetLife,Dental Basic
MEM003560,Wendy,Combs,jason26@example.org,(578)946-2406,1960-08-24,KY,44522,2024-08-25,AGT0024,VSP,Dental Basic
MEM003561,Brooke,Joyce,alicia02@example.org,001-707-810-5640x06741,1954-09-21,KY,65404,2023-10-20,AGT0070,Zurich,Dental Basic
MEM003562,Cheryl,Nunez,jessica87@example.net,815-550-7576x449,1987-04-10,OH,75511,2023-06-11,AGT0039,VSP,Dental+Vision Bundle
MEM003563,Ian,Torres,hudsonlance@example.com,001-204-236-5451x916,1955-01-04,FL,84462,2023-08-07,AGT0073,VSP,Dental Basic
MEM003564,Gregory,Taylor,vmaldonado@example.net,(379)692-6624x34178,1970-04-11,OH,69036,2024-04-13,AGT0003,MetLife,Vision Basic
MEM003565,Erica,Williams,uward@example.net,+1-561-846-9211,1994-06-21,TX,71057,2023-05-05,AGT0046,MetLife,Dental Basic
MEM003566,Steven,Cox,valerie22@example.net,376.570.4447x18694,1957-02-14,TN,79508,2023-05-04,AGT0071,VSP,Dental Basic
MEM003567,Brett,Johnson,romeroricky@example.net,001-383-355-7142x7093,1975-03-13,TN,95784,2024-07-24,AGT0021,MetLife,Dental Premium
MEM003568,Ian,Thornton,matthewrios@example.com,853.424.1266,1975-01-24,IL,86622,2024-11-04,AGT0056,Zurich,Vision Premium
MEM003569,Brandon,Hoffman,philip09@example.org,001-328-785-4111x120,1973-12-16,FL,04922,2023-09-23,AGT0007,MetLife,Vision Basic
MEM003570,Eric,Bennett,hensleymatthew@example.com,001-927-871-4104x5288,1964-09-04,IN,38542,2024-10-20,AGT0068,VSP,Vision Premium
MEM003571,Jessica,Hunter,drakemichelle@example.org,001-849-652-6051x854,1969-12-19,FL,12796,2023-06-01,AGT0060,VSP,Dental Basic
MEM003572,Michelle,Tucker,garciagary@example.org,748-686-3668x0295,1985-11-30,TN,71886,2024-03-16,AGT0053,MetLife,Dental Basic
MEM003573,Matthew,Fritz,zmurphy@example.org,(257)300-5628x44329,1960-01-01,KY,93062,2023-01-04,AGT0008,Zurich,Dental+Vision Bundle
MEM003574,Christopher,Williams,rthompson@example.org,001-256-213-6151,1982-01-14,IL,27186,2024-10-06,AGT0057,Zurich,Dental Basic
MEM003575,Tyler,Burton,davidhernandez@example.org,+1-769-786-0077x571,1979-03-15,TX,43828,2024-01-12,AGT0006,MetLife,Dental Basic
MEM003576,Paul,Vang,barbaracampbell@example.com,369-214-5785x9095,1993-05-29,IL,77366,2023-06-05,AGT0017,MetLife,Dental Premium
MEM003577,Lawrence,Montgomery,howardandrew@example.org,(766)525-1031,1991-07-20,MI,03804,2023-11-24,AGT0016,VSP,Dental Basic
MEM003578,William,Burnett,jeremycharles@example.org,667-376-9688x706,1970-05-04,CA,07923,2023-11-05,AGT0016,MetLife,Vision Premium
MEM003579,William,Terrell,smithdiana@example.net,+1-267-522-4855x157,1957-10-16,FL,34347,2024-06-25,AGT0022,MetLife,Dental Basic
MEM003580,James,Campbell,gonzalesnicole@example.net,5036570583,1983-12-03,CA,78173,2023-07-22,AGT0045,VSP,Vision Premium
MEM003581,Tiffany,Sanchez,xmitchell@example.org,(536)685-3992x86369,1985-01-21,IL,88871,2024-06-14,AGT0004,Zurich,Vision Basic
MEM003582,Christopher,Brown,derrick64@example.org,+1-865-706-4330x5406,1993-06-24,MI,13596,2024-08-12,AGT0045,MetLife,Vision Premium
MEM003583,Joshua,Taylor,stephenmorgan@example.org,+1-330-709-2241x177,1981-08-08,MI,46633,2024-09-22,AGT0031,MetLife,Dental Basic
MEM003584,Jane,Patterson,tallen@example.com,221-915-2192x6936,1989-09-19,MI,05670,2024-10-17,AGT0079,MetLife,Dental+Vision Bundle
MEM003585,Theodore,Grimes,michael31@example.org,698.368.8635,1965-08-21,IN,18943,2024-09-09,AGT0037,VSP,Dental+Vision Bundle
MEM003586,Jeffrey,Powers,yparrish@example.com,553-777-0964x2256,1981-10-06,MI,09403,2023-08-16,AGT0017,MetLife,Dental Premium
MEM003587,Ryan,Mckay,moorekimberly@example.org,642-338-1454x0327,1995-07-06,TN,45407,2023-03-31,AGT0005,VSP,Dental Premium
MEM003588,Jonathan,King,michaelcarroll@example.org,419.920.7441x1486,1999-06-15,FL,67118,2023-02-20,AGT0006,Zurich,Dental Basic
MEM003589,Mary,Terrell,marcus81@example.org,001-991-266-0400x98936,1994-08-31,OH,09186,2024-09-13,AGT0065,MetLife,Dental+Vision Bundle
MEM003590,Theodore,Jones,heather84@example.net,444.800.0543x122,1984-03-11,IN,39710,2023-07-24,AGT0013,MetLife,Vision Basic
MEM003591,Brandy,Lopez,scottphillips@example.com,001-450-538-9347x64995,1985-07-26,OH,20325,2023-06-09,AGT0046,Zurich,Dental+Vision Bundle
MEM003592,Melinda,Gonzalez,salvarez@example.org,(767)316-4843,1969-12-10,TX,38075,2024-07-20,AGT0072,Zurich,Dental+Vision Bundle
MEM003593,Michael,Mitchell,ctaylor@example.com,238-555-5885x99189,1994-03-25,GA,35601,2023-04-02,AGT0034,Zurich,Dental+Vision Bundle
MEM003594,Thomas,Sutton,joshua99@example.com,+1-553-491-1130,1992-12-04,MI,97036,2024-02-17,AGT0042,VSP,Vision Premium
MEM003595,Mary,Miller,danielconley@example.com,376-225-1973,1963-01-09,MI,19900,2023-05-15,AGT0028,Zurich,Dental+Vision Bundle
MEM003596,Laura,Bates,jefferydavis@example.com,228-710-0749x88871,1964-06-24,TX,34024,2023-05-26,AGT0003,Zurich,Dental Basic
MEM003597,Alexandra,Johnson,moniquestokes@example.org,5865665815,1976-03-14,KY,50049,2024-09-14,AGT0020,VSP,Vision Basic
MEM003598,Eric,Liu,kayleewalls@example.org,(746)695-4946x5920,2000-10-14,IL,69052,2024-11-17,AGT0024,MetLife,Vision Premium
MEM003599,Angela,Cox,jwinters@example.com,491.762.9077x269,1986-05-03,IN,24934,2023-12-29,AGT0049,MetLife,Dental+Vision Bundle
MEM003600,Jason,Anderson,cbutler@example.org,407-401-2008x40758,1980-04-13,MI,19602,2024-09-24,AGT0048,Zurich,Dental Basic
MEM003601,Timothy,Shelton,brittany31@example.com,858.978.7340x53867,1971-09-25,FL,60220,2024-02-03,AGT0032,MetLife,Dental+Vision Bundle
MEM003602,Rebekah,Lowe,mpreston@example.com,001-367-628-0367,1997-09-09,IN,90199,2023-04-28,AGT0035,VSP,Vision Premium
MEM003603,Richard,Wood,davisjames@example.com,282.823.9497x0834,1974-09-28,OH,20390,2024-05-18,AGT0031,MetLife,Vision Basic
MEM003604,Nicholas,Weber,randyparker@example.com,+1-377-574-5994,1970-07-22,TX,50186,2023-11-19,AGT0040,MetLife,Vision Premium
MEM003605,Zachary,Bowen,willisjames@example.org,596.344.8175x525,1963-04-28,IN,82606,2023-11-28,AGT0010,MetLife,Vision Premium
MEM003606,Ian,Brandt,marc50@example.org,001-230-589-7376x02787,1986-01-01,IN,33256,2023-06-28,AGT0066,VSP,Vision Premium
MEM003607,Dean,Moody,nancy83@example.net,(830)239-2858x6743,2001-03-21,FL,38772,2023-08-23,AGT0047,VSP,Dental Basic
MEM003608,William,Harvey,johntaylor@example.net,+1-217-850-6094x71888,1992-09-19,IN,88780,2023-10-11,AGT0047,VSP,Dental Premium
MEM003609,Colleen,Norris,mathisjesse@example.net,642-896-7307,1965-08-20,OH,72366,2023-03-16,AGT0048,MetLife,Dental Premium
MEM003610,Jessica,Singh,ephillips@example.org,001-778-712-7794x9176,1956-06-17,OH,67658,2023-10-02,AGT0073,Zurich,Dental Premium
MEM003611,Patricia,Tran,jeffreygreene@example.com,001-427-504-9141x856,1974-05-15,IN,31550,2024-03-14,AGT0073,Zurich,Dental Basic
MEM003612,Raven,Patel,danieljimenez@example.net,6033724709,2003-02-24,MI,95587,2024-01-20,AGT0076,VSP,Vision Basic
MEM003613,Cheryl,Howard,gonzaleztracy@example.com,(229)500-3592x057,1982-02-04,IL,76709,2024-05-23,AGT0008,VSP,Dental+Vision Bundle
MEM003614,Evelyn,Mckenzie,robertsalinas@example.org,407.683.7164,1951-08-19,KY,96216,2023-05-21,AGT0022,VSP,Dental+Vision Bundle
MEM003615,Richard,Thomas,debbie79@example.net,+1-712-833-1603x08992,1951-05-04,OH,32030,2024-11-13,AGT0080,Zurich,Vision Basic
MEM003616,Patricia,Miller,carterandrew@example.org,001-915-930-8040x2761,1958-01-21,IL,72045,2023-05-20,AGT0040,MetLife,Dental+Vision Bundle
MEM003617,Sherri,Jackson,johnrobinson@example.com,622-431-7781x621,1971-11-10,GA,62776,2024-08-08,AGT0080,VSP,Vision Basic
MEM003618,Robert,Curtis,samuel07@example.com,(314)616-3502,1990-09-21,GA,25045,2024-08-03,AGT0005,Zurich,Dental+Vision Bundle
MEM003619,Christopher,Johnson,martinezjoseph@example.org,6643558200,1969-05-06,OH,91266,2024-04-30,AGT0022,VSP,Vision Basic
MEM003620,David,Nelson,david19@example.com,(553)470-9238x79832,1970-10-03,OH,99183,2024-05-10,AGT0078,MetLife,Dental Basic
MEM003621,Jill,Sanchez,cproctor@example.org,+1-589-753-4251x701,1984-12-07,IN,66114,2024-10-29,AGT0059,VSP,Vision Premium
MEM003622,Amanda,Davis,davidbrooks@example.com,(348)599-3087,1997-12-23,CA,02222,2024-06-27,AGT0061,Zurich,Vision Basic
MEM003623,Katherine,Powell,parkersherri@example.org,821-326-1090,1971-04-14,MI,06861,2023-12-27,AGT0074,Zurich,Vision Premium
MEM003624,Jasmine,Taylor,aruiz@example.net,+1-577-680-3493x163,1960-05-05,CA,71777,2023-07-27,AGT0012,Zurich,Vision Premium
MEM003625,Joe,Cox,barbara85@example.com,671-577-1556x4896,1977-09-13,MI,20500,2023-12-03,AGT0004,Zurich,Vision Premium
MEM003626,Edward,Green,omatthews@example.org,+1-515-489-9609,1980-01-17,IL,51349,2024-08-15,AGT0030,MetLife,Dental Basic
MEM003627,James,Gonzalez,ryansmith@example.com,924.501.5217x38101,1960-11-10,CA,97746,2023-06-12,AGT0009,VSP,Dental+Vision Bundle
MEM003628,Jamie,Garrett,kristina15@example.net,(258)599-9673,1993-08-17,GA,14020,2023-12-24,AGT0035,VSP,Vision Basic
MEM003629,Kari,Carroll,marygarcia@example.net,001-785-984-0734x31908,1975-06-28,FL,92306,2024-04-12,AGT0001,Zurich,Dental Basic
MEM003630,Jason,Foster,vzimmerman@example.net,+1-997-201-5422,1987-10-04,TX,81822,2023-05-24,AGT0060,VSP,Dental Premium
MEM003631,Susan,Bowen,nicholas72@example.org,8536688908,1989-01-18,FL,29428,2024-07-11,AGT0052,VSP,Vision Basic
MEM003632,Lawrence,Klein,meaganthompson@example.org,+1-677-367-1294,1990-05-21,KY,09591,2024-08-30,AGT0012,VSP,Dental+Vision Bundle
MEM003633,Mitchell,Welch,hernandeztristan@example.org,936.262.0627x244,1981-03-07,GA,74781,2024-01-30,AGT0005,VSP,Dental+Vision Bundle
MEM003634,Bonnie,Hines,xruiz@example.org,716.923.9252x655,1952-01-26,GA,44914,2023-02-03,AGT0032,VSP,Dental Premium
MEM003635,Sarah,Russell,rodriguezmary@example.org,2569555304,1992-03-10,MI,94796,2023-08-14,AGT0005,Zurich,Vision Premium
MEM003636,Joshua,Burton,alyssamoore@example.net,507.659.3359x242,2000-09-10,GA,33353,2023-10-06,AGT0079,MetLife,Dental+Vision Bundle
MEM003637,Angela,Archer,haleygardner@example.org,371-806-3781,1957-02-04,OH,68941,2024-03-27,AGT0073,Zurich,Dental Premium
MEM003638,Lisa,Pacheco,breannapadilla@example.net,243-745-7128x40384,1984-02-08,MI,72940,2024-08-05,AGT0042,MetLife,Dental Basic
MEM003639,Natalie,Marshall,kingchristina@example.org,001-731-387-3233,2003-04-02,FL,74817,2024-01-15,AGT0002,MetLife,Dental Premium
MEM003640,Sabrina,Williams,mmaynard@example.org,940-959-3898x3333,1964-06-28,TX,27302,2023-04-23,AGT0021,VSP,Dental Premium
MEM003641,Elizabeth,Hall,nguyenrebecca@example.org,+1-798-795-9814x880,1988-04-08,KY,09268,2023-07-31,AGT0031,MetLife,Dental+Vision Bundle
MEM003642,Michael,Jenkins,richard22@example.com,600.963.6470,1976-01-07,TX,08351,2024-09-20,AGT0080,Zurich,Dental+Vision Bundle
MEM003643,Kelly,Taylor,schmittsara@example.net,+1-919-529-4476x337,1985-04-20,TN,67388,2023-12-10,AGT0037,VSP,Vision Premium
MEM003644,Andrew,King,hmueller@example.org,3379604919,1976-10-13,TN,78462,2023-09-11,AGT0034,VSP,Vision Premium
MEM003645,Annette,Smith,spencer73@example.org,4807271362,1973-02-03,OH,48668,2023-11-11,AGT0040,Zurich,Dental Basic
MEM003646,Todd,Campbell,wrightdavid@example.org,838-286-9186,2002-11-07,MI,62401,2024-08-06,AGT0078,MetLife,Dental+Vision Bundle
MEM003647,Alexis,Norton,vazquezbonnie@example.com,(541)868-5845,1974-09-29,CA,74760,2023-09-22,AGT0058,VSP,Dental Basic
MEM003648,Tammy,Levine,garrettteresa@example.com,440.553.4749,1986-10-11,KY,05953,2023-10-04,AGT0003,Zurich,Vision Premium
MEM003649,Gloria,Jones,ruizcindy@example.org,656-751-3907x267,2000-05-12,IL,33143,2024-11-04,AGT0019,MetLife,Dental Basic
MEM003650,Jessica,Mendez,loganberry@example.net,478-902-7152,1994-11-26,GA,31268,2023-12-03,AGT0017,Zurich,Vision Premium
MEM003651,Timothy,Trevino,jessicabartlett@example.org,001-386-917-1681x38358,2001-08-22,TX,66941,2023-08-12,AGT0067,Zurich,Dental+Vision Bundle
MEM003652,Cody,Osborne,kennethjarvis@example.org,357.583.5421,1958-12-13,MI,85910,2023-10-04,AGT0021,MetLife,Dental+Vision Bundle
MEM003653,Kimberly,Morgan,qdavis@example.com,6055799798,1989-12-21,IL,11352,2024-08-07,AGT0008,Zurich,Dental Basic
MEM003654,Nicole,Jackson,npage@example.org,707-546-5506,1953-11-21,FL,01772,2024-05-05,AGT0042,VSP,Dental+Vision Bundle
MEM003655,Harry,Shah,johnsonamanda@example.com,(923)220-4204x224,1981-03-13,MI,34790,2024-06-15,AGT0037,Zurich,Vision Premium
MEM003656,Eric,Hurley,walter50@example.org,567.424.5089,1983-03-30,TN,95162,2024-02-27,AGT0061,Zurich,Dental Basic
MEM003657,Brian,Johnson,patricia87@example.com,(819)632-6944,1953-05-06,MI,29298,2023-05-09,AGT0002,MetLife,Dental Premium
MEM003658,Corey,Martinez,rodgerssara@example.org,001-976-858-3571,1988-10-31,KY,18327,2024-08-03,AGT0049,MetLife,Dental Basic
MEM003659,Alexander,Yang,stephenray@example.net,948.632.9480,1970-01-17,CA,18936,2024-09-17,AGT0007,MetLife,Dental Basic
MEM003660,Richard,Weber,westbruce@example.com,554.875.0316x8157,1959-07-27,IL,56652,2023-12-31,AGT0015,MetLife,Vision Premium
MEM003661,Larry,Smith,hcastro@example.org,2036908197,1979-11-27,GA,58573,2024-04-17,AGT0046,Zurich,Vision Premium
MEM003662,Richard,Hayden,kenneth40@example.net,+1-588-250-3721,1967-01-28,TN,40746,2024-02-06,AGT0075,VSP,Vision Basic
MEM003663,Michelle,Peters,meyerkenneth@example.org,001-560-646-2087,1950-03-17,TX,29409,2024-04-27,AGT0056,MetLife,Dental+Vision Bundle
MEM003664,Dominic,Garcia,shall@example.org,+1-976-682-5238x154,1969-08-05,OH,27984,2024-09-16,AGT0034,Zurich,Dental Premium
MEM003665,Jane,Clarke,susan75@example.com,583.250.6541,1966-12-21,KY,62294,2023-11-02,AGT0042,VSP,Dental Premium
MEM003666,Danielle,Hill,john97@example.net,(202)522-1237,1956-07-02,MI,20961,2023-03-28,AGT0070,Zurich,Dental Premium
MEM003667,Cynthia,Santos,aliciabeltran@example.net,001-670-326-0052x0610,1976-08-11,IL,03669,2023-07-29,AGT0025,VSP,Dental Basic
MEM003668,Lisa,Cruz,pwells@example.com,932-738-6377x36421,1962-03-06,IN,93895,2024-11-17,AGT0032,MetLife,Dental Premium
MEM003669,Veronica,Bond,kmartin@example.net,001-804-336-9174x2380,1966-06-06,KY,76693,2023-10-27,AGT0053,MetLife,Vision Premium
MEM003670,Veronica,Mills,blankenshipkevin@example.com,001-527-553-7004x102,1977-01-10,MI,51175,2023-01-20,AGT0058,Zurich,Vision Basic
MEM003671,Kendra,Hoffman,sharon16@example.net,(577)803-8931,1985-07-20,TX,86470,2024-05-31,AGT0004,MetLife,Vision Basic
MEM003672,Jonathan,Smith,ryanmurphy@example.org,(788)797-2931x90101,1978-02-25,IL,36093,2024-10-28,AGT0073,VSP,Dental Premium
MEM003673,Alex,Todd,justin70@example.org,+1-217-917-4749,1954-07-01,IL,80781,2024-08-19,AGT0012,Zurich,Vision Premium
MEM003674,Ian,Thomas,james73@example.com,(430)857-6207,1989-04-23,KY,53754,2024-05-13,AGT0009,VSP,Dental Premium
MEM003675,Loretta,Morrison,gilmorejennifer@example.net,001-652-918-6253x95639,1977-02-07,MI,37456,2023-02-08,AGT0041,MetLife,Dental Basic
MEM003676,Jacob,King,brenda93@example.com,(569)226-3444,1982-11-22,IN,33419,2024-07-03,AGT0021,MetLife,Dental+Vision Bundle
MEM003677,Daniel,Smith,wendy58@example.net,(801)293-7728x6756,1975-02-24,GA,64908,2024-09-16,AGT0051,VSP,Dental Basic
MEM003678,James,Morgan,bcollier@example.com,878-606-5502,1964-04-22,MI,62933,2023-12-11,AGT0026,MetLife,Vision Basic
MEM003679,Dennis,Harris,olivia42@example.org,(907)765-7966,1970-12-22,IN,68946,2023-06-06,AGT0018,MetLife,Dental Basic
MEM003680,Christopher,Clark,katiesteele@example.com,362.436.9663x786,2001-06-18,OH,01186,2024-02-15,AGT0028,MetLife,Dental+Vision Bundle
MEM003681,Mary,Benjamin,acrawford@example.com,001-340-349-5069x2519,1951-12-21,MI,45975,2023-08-24,AGT0026,VSP,Dental Premium
MEM003682,Donna,Patterson,christinataylor@example.net,+1-813-962-4804,1956-01-29,OH,62050,2024-03-27,AGT0055,VSP,Dental Premium
MEM003683,Samantha,Robinson,angelaaguilar@example.net,6273862631,1989-04-03,GA,30452,2023-01-11,AGT0019,VSP,Vision Basic
MEM003684,Logan,Novak,hannahobrien@example.net,814-712-0119x06773,1978-04-12,MI,23425,2023-12-22,AGT0008,MetLife,Dental Premium
MEM003685,Erica,Gibson,sara76@example.org,655-284-9738,1968-11-23,IN,00921,2024-01-15,AGT0011,MetLife,Dental+Vision Bundle
MEM003686,April,Jones,kellydonald@example.org,807-666-7861x986,1999-11-23,KY,46814,2024-08-18,AGT0063,MetLife,Dental Basic
MEM003687,James,Black,hperez@example.org,747.560.3107x773,1974-04-20,IL,31410,2023-08-10,AGT0006,MetLife,Vision Basic
MEM003688,Becky,Baker,rebecca12@example.com,001-757-498-8027x20993,1956-02-10,CA,48249,2024-04-14,AGT0003,MetLife,Vision Basic
MEM003689,Charles,Smith,wbenitez@example.com,267-900-4758x7012,1964-08-29,IL,04763,2023-06-16,AGT0038,MetLife,Dental+Vision Bundle
MEM003690,James,Garcia,myersamber@example.org,7104830153,1989-06-01,GA,59344,2023-03-01,AGT0034,Zurich,Dental+Vision Bundle
MEM003691,Theresa,Johnson,ricky08@example.net,(938)641-9628x41944,1959-02-11,FL,51495,2024-04-18,AGT0064,VSP,Dental+Vision Bundle
MEM003692,Christine,Sharp,priley@example.org,+1-518-739-5768x53893,1959-07-02,CA,49674,2024-02-28,AGT0077,MetLife,Dental+Vision Bundle
MEM003693,David,Adams,christopher86@example.org,789-827-8698,1984-08-28,TN,67681,2023-02-21,AGT0070,MetLife,Vision Basic
MEM003694,Taylor,Garrison,dtanner@example.net,779.895.6880,1963-10-29,FL,57709,2024-03-27,AGT0019,VSP,Vision Basic
MEM003695,Michael,Wilson,ndickerson@example.net,+1-348-678-6480x1051,1966-02-20,IL,18683,2023-03-07,AGT0041,Zurich,Dental Basic
MEM003696,Doris,Brock,david02@example.org,2585359578,1980-10-17,GA,45906,2024-08-21,AGT0051,Zurich,Dental Premium
MEM003697,Dennis,Gates,qsanchez@example.net,(776)206-7062,1995-07-01,IL,81597,2023-09-18,AGT0032,VSP,Dental Basic
MEM003698,Christopher,Santiago,monicabonilla@example.org,+1-580-495-6069x932,1990-06-30,CA,96885,2023-07-12,AGT0010,MetLife,Dental Basic
MEM003699,James,Henry,ricardopeterson@example.com,001-401-497-3111x2027,1957-09-17,IN,15384,2023-03-28,AGT0016,Zurich,Vision Basic
MEM003700,Preston,Best,rphillips@example.net,599-638-9273,1953-10-07,MI,02563,2024-06-09,AGT0045,Zurich,Vision Basic
MEM003701,Catherine,Rogers,ssanchez@example.com,001-823-826-6242,1954-06-27,OH,29725,2024-09-20,AGT0059,MetLife,Dental+Vision Bundle
MEM003702,Brittany,Oneill,qramirez@example.com,(233)889-1228x00237,1976-02-20,IN,03298,2024-05-11,AGT0029,Zurich,Dental Basic
MEM003703,Claudia,Spence,charlesjones@example.net,336.612.3933,2002-09-24,CA,45498,2023-04-17,AGT0080,VSP,Vision Premium
MEM003704,Whitney,Ramirez,fbell@example.net,+1-352-538-5897x25067,2003-09-01,TN,19075,2023-07-02,AGT0015,VSP,Dental Basic
MEM003705,Dean,Fleming,shannonmcintosh@example.net,6905313464,1962-10-01,FL,79619,2023-06-29,AGT0050,Zurich,Dental Premium
MEM003706,Alejandro,Miller,jeffreyorozco@example.net,432.365.0901,2000-01-09,FL,66730,2023-08-14,AGT0024,MetLife,Dental Basic
MEM003707,Kyle,Hartman,danaevans@example.net,5306067991,1963-06-05,IL,54023,2023-10-24,AGT0015,VSP,Dental Basic
MEM003708,Angelica,Williams,cruzrandall@example.org,674-272-6723,1978-10-03,KY,57397,2024-11-26,AGT0076,Zurich,Dental Premium
MEM003709,Amber,Sellers,ecrawford@example.com,+1-338-266-8970x7342,1967-07-10,IN,95826,2023-07-16,AGT0070,MetLife,Dental Basic
MEM003710,Katherine,Austin,danielmorse@example.net,223.979.9534x20566,1976-05-31,KY,29888,2023-10-24,AGT0057,MetLife,Dental Premium
MEM003711,Roberta,Cain,randystewart@example.com,(229)680-5303x610,1994-10-11,TX,82671,2024-06-15,AGT0077,Zurich,Dental+Vision Bundle
MEM003712,Ryan,Chen,petersenmartin@example.org,9194950098,1974-04-23,FL,52310,2023-01-13,AGT0003,MetLife,Dental Basic
MEM003713,Joseph,Barnes,dgarcia@example.com,(905)493-5415,1983-11-14,TX,31299,2024-01-19,AGT0045,MetLife,Vision Basic
MEM003714,Beth,Green,laura42@example.net,689-819-9597x46519,1966-12-31,FL,89796,2023-11-17,AGT0064,VSP,Vision Basic
MEM003715,Madison,Gray,buchanananthony@example.org,(688)389-4897,1985-08-22,GA,91462,2023-07-06,AGT0027,MetLife,Dental+Vision Bundle
MEM003716,Morgan,Snyder,shubbard@example.net,(528)282-8082x314,1978-05-26,GA,87391,2024-09-04,AGT0030,VSP,Dental Basic
MEM003717,Tammy,Bailey,smithdavid@example.net,001-789-504-2698x08782,1992-07-16,TN,34772,2024-05-24,AGT0022,MetLife,Dental+Vision Bundle
MEM003718,Nicholas,Sandoval,gibarra@example.net,306-816-1312x17888,1963-10-13,IN,85120,2024-08-03,AGT0054,MetLife,Dental+Vision Bundle
MEM003719,Ivan,Henderson,ecarr@example.com,001-722-633-8444x61179,1998-09-10,OH,78344,2023-12-24,AGT0019,Zurich,Dental Basic
MEM003720,Jessica,Leblanc,rvelasquez@example.org,704.394.4153x614,1983-02-04,CA,90599,2024-10-31,AGT0021,MetLife,Vision Basic
MEM003721,Elizabeth,Hurst,charlesclayton@example.org,781-867-0491,1956-05-26,TN,14713,2023-04-30,AGT0053,MetLife,Dental Basic
MEM003722,Alex,Brown,danderson@example.com,(685)616-4064x0058,1978-07-04,TN,45990,2024-08-28,AGT0075,VSP,Dental Basic
MEM003723,Dakota,Lang,victoriaharrington@example.org,+1-942-489-8116x649,1991-07-25,IL,88415,2023-09-08,AGT0053,MetLife,Dental+Vision Bundle
MEM003724,Joseph,Burgess,leslieburke@example.com,685-791-3375x9933,1966-02-20,IN,72858,2023-10-31,AGT0056,VSP,Dental Basic
MEM003725,Jacob,Mcpherson,shawdaniel@example.net,867-256-8929x247,1973-04-03,CA,62422,2024-11-10,AGT0066,MetLife,Vision Basic
MEM003726,Derek,Harrison,okelly@example.org,415.346.3676,1980-06-21,OH,28952,2024-07-18,AGT0025,MetLife,Vision Premium
MEM003727,Gina,Velasquez,shernandez@example.net,001-744-972-7245,1998-04-18,IN,51592,2023-08-17,AGT0006,VSP,Vision Basic
MEM003728,Carol,Silva,gedwards@example.net,689-633-3639x9601,1964-02-02,OH,65070,2023-08-18,AGT0011,MetLife,Dental+Vision Bundle
MEM003729,Daniel,Ashley,esimpson@example.net,945-695-9614x097,1965-07-06,OH,11541,2023-04-07,AGT0048,Zurich,Dental Premium
MEM003730,Samantha,Campbell,samanthaking@example.org,735-929-3227x69730,1960-02-09,TN,24168,2024-11-09,AGT0069,MetLife,Dental+Vision Bundle
MEM003731,David,Jordan,lisa32@example.net,(416)991-7499x39452,1987-06-05,TX,93483,2024-07-10,AGT0064,VSP,Dental Premium
MEM003732,Stephanie,Pope,gomezkristi@example.com,8064887302,1959-05-01,CA,03764,2023-01-09,AGT0015,Zurich,Dental Premium
MEM003733,Lisa,Doyle,jessemyers@example.com,4974628271,1998-03-14,IN,99675,2024-07-23,AGT0050,VSP,Dental+Vision Bundle
MEM003734,Maria,Ortiz,smithashley@example.net,425.240.7748x816,1950-02-01,IN,37055,2023-05-17,AGT0050,MetLife,Vision Basic
MEM003735,Jason,Franco,taylorsteven@example.org,577-942-7894,1994-08-30,FL,71888,2024-05-29,AGT0068,VSP,Dental Basic
MEM003736,Erin,Ruiz,dillon58@example.org,806-650-5809x531,1996-09-20,TN,58329,2023-11-18,AGT0050,Zurich,Dental Premium
MEM003737,Brandon,Carr,andrea87@example.com,840.573.2845,1977-11-19,OH,19318,2024-02-13,AGT0077,VSP,Vision Premium
MEM003738,Dillon,Holder,walshtimothy@example.org,+1-522-681-9403,1976-07-28,IL,75039,2023-08-11,AGT0015,Zurich,Dental Basic
MEM003739,Holly,Ellis,jasonramos@example.net,858.984.5490,1962-12-29,IL,83543,2024-03-22,AGT0010,MetLife,Dental Basic
MEM003740,Michelle,Davis,karenvaughn@example.org,001-719-867-6475x833,1955-09-27,IN,50215,2023-11-09,AGT0037,MetLife,Vision Basic
MEM003741,John,Black,rebeccamartin@example.com,6694777730,1969-06-19,OH,76395,2024-06-28,AGT0037,Zurich,Vision Basic
MEM003742,Kristen,Edwards,hayessamuel@example.net,(836)581-0463,2000-12-27,OH,19042,2024-06-07,AGT0012,VSP,Dental+Vision Bundle
MEM003743,Julia,Miller,lisa61@example.org,549-312-2867,1963-10-07,GA,87481,2024-04-02,AGT0076,Zurich,Vision Basic
MEM003744,Brittany,Blair,lisa26@example.net,+1-451-318-5802x02315,1974-11-30,CA,87950,2024-09-19,AGT0068,MetLife,Vision Premium
MEM003745,Jacqueline,Newman,hudsonrobert@example.org,292-801-8435x9730,1967-11-14,OH,42362,2024-06-10,AGT0071,MetLife,Dental Basic
MEM003746,Thomas,Webb,aprilgarcia@example.net,284-856-3245x40536,1987-11-19,GA,43387,2024-03-18,AGT0003,Zurich,Vision Premium
MEM003747,Robert,Garcia,jose09@example.net,001-652-817-7296x22923,1950-03-11,IN,63499,2023-06-22,AGT0001,VSP,Dental+Vision Bundle
MEM003748,Daniel,Turner,cjones@example.org,(674)230-7667,1998-05-18,TN,02189,2023-06-15,AGT0025,Zurich,Dental Premium
MEM003749,Cory,Stone,steven66@example.net,+1-653-959-6071x240,1950-05-07,TN,50651,2023-04-09,AGT0006,VSP,Dental+Vision Bundle
MEM003750,Michael,Moore,wangmichael@example.org,(347)618-0388,1971-12-01,TX,83307,2023-10-04,AGT0031,Zurich,Vision Premium
MEM003751,Maureen,Bryant,barrerajennifer@example.com,+1-982-760-9600x7507,1999-08-17,IL,19495,2023-12-30,AGT0054,Zurich,Dental Basic
MEM003752,Eugene,Jones,gutierreztroy@example.com,518.593.0163x68426,1955-08-09,IN,57786,2024-08-01,AGT0058,VSP,Vision Basic
MEM003753,Christopher,Gates,villegaslevi@example.net,001-665-972-7287x81841,1964-09-18,FL,50313,2024-03-18,AGT0056,MetLife,Dental+Vision Bundle
MEM003754,Jackson,Buchanan,williammoore@example.com,3948618677,1999-11-12,MI,36998,2023-07-01,AGT0065,Zurich,Dental+Vision Bundle
MEM003755,Charles,Martinez,qwilliams@example.net,001-491-229-3632,1968-04-15,MI,97127,2024-11-20,AGT0062,VSP,Dental+Vision Bundle
MEM003756,Doris,Lawson,muellermarilyn@example.org,001-347-820-9673x86675,1995-05-14,TN,49570,2023-03-27,AGT0015,Zurich,Dental+Vision Bundle
MEM003757,Jason,Montoya,phaney@example.net,001-727-249-9143x8397,1965-11-19,GA,45430,2024-02-17,AGT0059,MetLife,Dental Basic
MEM003758,Pamela,Smith,jasonbennett@example.org,446-971-5118,1977-05-03,OH,07374,2024-07-19,AGT0001,MetLife,Dental Basic
MEM003759,John,Figueroa,kennethwagner@example.org,960.843.7455,1995-05-20,IL,57687,2024-11-10,AGT0026,MetLife,Vision Premium
MEM003760,Kimberly,Mccall,ashleyturner@example.net,992-975-8482,1958-11-23,TX,48852,2023-06-06,AGT0066,Zurich,Dental+Vision Bundle
MEM003761,Brittany,Mckee,kmunoz@example.com,+1-501-592-4675x95796,1966-10-06,FL,62698,2023-12-24,AGT0077,Zurich,Dental+Vision Bundle
MEM003762,David,Hickman,burkeluis@example.com,9872165081,1992-10-13,TN,27219,2024-06-25,AGT0003,VSP,Dental+Vision Bundle
MEM003763,Leah,Shea,ujones@example.org,628-416-9453x8455,1994-03-25,GA,83800,2024-05-08,AGT0013,Zurich,Dental Basic
MEM003764,Cynthia,Brewer,joshuabowman@example.com,(439)587-9201x482,1983-03-20,CA,63836,2024-10-06,AGT0022,MetLife,Vision Basic
MEM003765,Cheryl,Greer,michaelarmstrong@example.net,+1-768-765-0660x116,1996-11-21,OH,69456,2024-07-05,AGT0035,MetLife,Vision Premium
MEM003766,Sarah,Ross,millertheresa@example.org,855.858.1800,1961-06-07,FL,86269,2024-09-28,AGT0078,VSP,Dental+Vision Bundle
MEM003767,Anthony,Henderson,zcastillo@example.org,+1-513-560-0843x8006,1991-04-30,TX,65256,2023-04-30,AGT0015,VSP,Dental+Vision Bundle
MEM003768,Alyssa,Osborne,robertmiles@example.org,3998787219,2001-12-29,TX,26444,2024-03-05,AGT0032,Zurich,Vision Premium
MEM003769,Elizabeth,Watts,reynoldschristopher@example.net,9042721535,1994-08-19,IL,03174,2023-12-25,AGT0003,Zurich,Dental+Vision Bundle
MEM003770,Chloe,Rivera,fwalter@example.org,(900)255-5018,1985-01-22,GA,07967,2023-06-04,AGT0048,Zurich,Dental+Vision Bundle
MEM003771,Denise,Arias,drew25@example.com,+1-443-734-9232x12430,1997-11-23,GA,68049,2024-02-13,AGT0022,Zurich,Dental+Vision Bundle
MEM003772,Diane,Gentry,heatherrobinson@example.net,932-627-6904,1958-06-14,IL,39573,2024-08-11,AGT0042,VSP,Dental Basic
MEM003773,Tyler,Pena,alexanderchen@example.net,810-978-0876,1995-07-04,CA,69662,2024-09-23,AGT0073,MetLife,Dental Premium
MEM003774,Kevin,Harris,kellycurtis@example.net,357.284.3701,1974-06-24,GA,26611,2023-08-17,AGT0002,VSP,Vision Premium
MEM003775,James,Lucero,harrisjason@example.net,606-705-0335x11637,2001-12-22,CA,89687,2023-05-20,AGT0003,VSP,Dental Premium
MEM003776,Samantha,Garrett,robertberg@example.com,503.442.6027,1962-10-21,CA,17327,2024-05-01,AGT0053,VSP,Vision Basic
MEM003777,Richard,Jensen,sherrycole@example.net,270.422.9400x97511,1955-08-25,FL,75022,2023-11-08,AGT0074,Zurich,Dental Premium
MEM003778,Joel,Mccoy,tonya99@example.com,(967)389-5645x981,2000-06-16,IN,28142,2023-01-23,AGT0071,Zurich,Vision Basic
MEM003779,Nancy,Johnson,patriciathomas@example.net,542-221-3843x3213,1994-09-06,KY,08535,2024-11-27,AGT0072,VSP,Vision Premium
MEM003780,Deborah,Roberts,christinebennett@example.org,4292309587,1975-07-02,GA,22756,2024-08-07,AGT0036,MetLife,Dental+Vision Bundle
MEM003781,Andrew,Chavez,brentroberson@example.org,556-993-1860x62314,1995-03-23,KY,37396,2023-07-18,AGT0015,VSP,Vision Basic
MEM003782,Kevin,Snyder,adrianperez@example.com,+1-462-776-3009x763,1991-02-13,TX,18480,2023-10-23,AGT0044,MetLife,Dental Premium
MEM003783,Stephen,Sanchez,fmckee@example.com,+1-581-939-1420,1998-02-15,TX,48005,2024-08-18,AGT0014,VSP,Dental Premium
MEM003784,Kimberly,Gilbert,bryan43@example.org,501-539-8878x4295,1997-11-18,IN,94952,2024-08-21,AGT0034,VSP,Dental Premium
MEM003785,Samantha,Garcia,pam28@example.com,4887856380,1964-12-14,TX,19974,2024-09-11,AGT0051,MetLife,Dental Premium
MEM003786,Cesar,Malone,summersdarlene@example.com,585-415-5964x870,1960-08-11,IN,16369,2023-06-25,AGT0021,VSP,Dental Basic
MEM003787,April,Smith,jessica88@example.net,842.335.9402x16980,1953-07-04,GA,30319,2024-04-14,AGT0052,VSP,Vision Basic
MEM003788,Matthew,Price,jvalencia@example.com,+1-746-726-5561x57723,1951-08-16,TX,11512,2023-03-04,AGT0023,VSP,Vision Basic
MEM003789,Theresa,Anderson,stephanie84@example.com,+1-527-705-9944x617,1982-03-03,TX,30194,2023-09-16,AGT0014,MetLife,Dental Basic
MEM003790,Richard,Barnes,sheryl70@example.com,001-274-909-1260x2870,2001-06-02,TX,99699,2024-07-06,AGT0025,Zurich,Dental+Vision Bundle
MEM003791,Calvin,Johnson,william23@example.org,(686)699-8008x814,1993-04-14,KY,51278,2023-12-04,AGT0070,Zurich,Dental Basic
MEM003792,Glenda,Rivas,charles12@example.com,001-322-996-0691x382,1992-07-02,KY,93811,2024-09-01,AGT0014,Zurich,Dental Premium
MEM003793,Eric,Ayala,madeline18@example.com,(678)823-9675x67659,1951-04-23,IL,29880,2023-08-31,AGT0058,VSP,Dental+Vision Bundle
MEM003794,Shannon,Kennedy,matthew71@example.org,001-989-972-4818x70633,1950-01-21,MI,34804,2023-02-18,AGT0006,Zurich,Dental Premium
MEM003795,Stephanie,Hernandez,csaunders@example.net,526.881.3615,1986-03-08,OH,40940,2024-02-04,AGT0076,Zurich,Dental Premium
MEM003796,Brandon,Holt,brandonhester@example.org,+1-482-607-4959x62413,1951-07-21,TN,45531,2023-07-28,AGT0050,VSP,Dental Basic
MEM003797,Carol,Quinn,johncardenas@example.com,+1-614-521-5825x45143,2000-09-19,MI,71524,2023-09-25,AGT0057,Zurich,Vision Premium
MEM003798,Sarah,Reed,rosejessica@example.net,+1-692-405-1034x159,1988-10-03,FL,94615,2023-10-29,AGT0073,MetLife,Vision Basic
MEM003799,Veronica,Lopez,edwin35@example.org,406.507.7149x764,1951-10-02,OH,52360,2024-05-06,AGT0068,VSP,Dental Basic
MEM003800,Whitney,Rodriguez,youngmonica@example.com,(323)341-7792,1953-02-18,IN,60524,2024-10-20,AGT0015,Zurich,Vision Premium
MEM003801,Brian,Diaz,leon96@example.org,+1-201-427-1720x984,1983-05-29,OH,58799,2024-03-13,AGT0007,MetLife,Dental Premium
MEM003802,Kimberly,Day,james15@example.org,419-797-1786,1977-03-09,KY,86020,2023-10-30,AGT0017,Zurich,Vision Basic
MEM003803,Teresa,Neal,richardsonjohn@example.net,+1-864-265-0456,1985-04-17,FL,98483,2023-02-14,AGT0036,Zurich,Dental Premium
MEM003804,Robert,Lynn,jeremy74@example.net,(581)787-1136,2000-02-13,GA,38370,2024-03-08,AGT0048,MetLife,Dental Premium
MEM003805,James,Wilson,stefaniedavis@example.org,+1-970-364-5478x39904,1983-11-24,IL,02873,2023-02-09,AGT0017,MetLife,Dental Premium
MEM003806,John,Simon,mariamatthews@example.org,(618)250-2976x7064,2003-08-05,GA,78819,2023-12-19,AGT0062,MetLife,Dental Premium
MEM003807,Jason,Johnson,timothy61@example.com,4698260054,1965-12-29,IL,28665,2024-03-11,AGT0024,MetLife,Vision Basic
MEM003808,Michael,Freeman,montoyawesley@example.net,417-544-4413x88258,1971-03-02,MI,87153,2023-12-06,AGT0038,VSP,Vision Premium
MEM003809,Michael,Thomas,stevesanchez@example.org,(217)279-9890x4381,1994-10-05,KY,52490,2023-09-22,AGT0062,VSP,Dental Premium
MEM003810,Jason,Smith,anthony61@example.com,2489687169,1979-03-21,TN,32145,2023-10-23,AGT0077,MetLife,Vision Basic
MEM003811,Virginia,Perez,laurenbrown@example.org,4093114989,1965-04-26,OH,90450,2023-12-01,AGT0030,Zurich,Dental Basic
MEM003812,Patrick,Bailey,berryrebecca@example.net,+1-247-893-9836x469,1993-11-17,OH,83645,2023-01-07,AGT0018,VSP,Dental Premium
MEM003813,Daniel,Austin,walkerjesus@example.net,(923)782-2353,1969-07-28,OH,43212,2023-12-23,AGT0022,Zurich,Dental+Vision Bundle
MEM003814,Erin,Holden,vholt@example.net,(850)818-8720,1955-01-21,IN,47680,2024-09-02,AGT0032,VSP,Dental Basic
MEM003815,Michelle,Carey,fcrawford@example.net,001-478-287-1308x48397,1958-03-15,OH,05666,2023-07-09,AGT0061,MetLife,Dental+Vision Bundle
MEM003816,Philip,Coleman,christinasimmons@example.net,+1-965-274-8936,1962-11-05,FL,57063,2024-10-17,AGT0064,MetLife,Dental Premium
MEM003817,Kara,Bradley,ahardin@example.org,281.340.4388,1998-02-03,TX,46840,2023-10-05,AGT0032,Zurich,Dental Premium
MEM003818,Melissa,Jones,smithmichael@example.net,753.748.5842,1978-10-27,TX,52621,2023-11-25,AGT0042,MetLife,Dental Basic
MEM003819,Casey,Sexton,cuevasscott@example.net,337-860-1832x5798,1977-05-22,IL,78670,2024-11-15,AGT0045,MetLife,Vision Premium
MEM003820,Michael,Estrada,deannadiaz@example.com,+1-369-536-0425x99040,1959-02-05,GA,75651,2023-11-17,AGT0015,Zurich,Dental Premium
MEM003821,Laura,Acosta,mannwilliam@example.com,424.745.7434,1957-07-16,FL,77949,2024-01-13,AGT0009,MetLife,Dental Premium
MEM003822,Michael,Jones,angelablake@example.com,(893)782-1062,1997-06-20,IN,18276,2023-02-23,AGT0047,VSP,Vision Basic
MEM003823,Corey,Williams,mwalker@example.org,632-457-0441,1990-03-19,FL,19970,2023-09-22,AGT0040,VSP,Vision Basic
MEM003824,Joshua,Clark,whitematthew@example.com,288.755.7393x97426,1969-04-10,TN,47023,2024-01-10,AGT0019,VSP,Dental Premium
MEM003825,Bradley,Bird,xmoore@example.net,+1-314-935-3959x569,1976-07-15,OH,21686,2024-06-25,AGT0060,MetLife,Dental Premium
MEM003826,Stacy,Ruiz,ryantucker@example.net,993.673.6301x52773,2001-03-27,FL,94557,2023-11-04,AGT0026,VSP,Dental Premium
MEM003827,Amy,Roach,schmidtjoshua@example.com,+1-690-252-9184,1968-03-24,IN,75108,2024-09-09,AGT0043,MetLife,Vision Basic
MEM003828,Andrew,Horn,matthewmorris@example.net,582.957.3130x220,1952-09-19,MI,32726,2024-07-01,AGT0025,MetLife,Vision Basic
MEM003829,Sarah,Reed,mathewsmichael@example.org,240.816.4785,1957-06-17,OH,04607,2024-03-07,AGT0026,MetLife,Dental+Vision Bundle
MEM003830,Claudia,Le,victoroliver@example.com,(385)510-2146x548,2003-11-28,IL,23229,2024-06-17,AGT0055,MetLife,Vision Basic
MEM003831,Tammy,Jackson,gibbspeter@example.org,(725)201-9177x987,1997-12-29,IL,39691,2024-06-02,AGT0072,MetLife,Dental Premium
MEM003832,Steven,Haynes,callahanrichard@example.org,401-577-5917x48909,1993-01-20,TX,74285,2023-06-28,AGT0061,MetLife,Dental Basic
MEM003833,Kristi,Walker,haynesdanielle@example.com,8707660579,1989-01-03,IL,17277,2024-07-22,AGT0041,Zurich,Dental Basic
MEM003834,Thomas,Lane,tammysimon@example.org,001-859-482-2189x8701,1960-12-19,FL,90083,2023-07-05,AGT0040,VSP,Dental Premium
MEM003835,Kelly,Scott,chad96@example.org,970.734.0849,1969-01-30,TN,29958,2024-11-07,AGT0029,VSP,Dental+Vision Bundle
MEM003836,David,Reeves,theresagarrett@example.net,639-239-1916x5459,1954-06-27,OH,54270,2024-06-08,AGT0066,Zurich,Dental+Vision Bundle
MEM003837,Dennis,Lane,lauren79@example.com,860.472.5093x33020,1988-02-12,FL,19177,2023-12-31,AGT0025,VSP,Dental Premium
MEM003838,Alexander,Lewis,matthew28@example.org,549.478.5752,1994-07-20,OH,49942,2024-01-26,AGT0062,VSP,Vision Premium
MEM003839,Nicholas,Bray,andrearodriguez@example.net,(820)450-2551x30999,2003-02-26,GA,80318,2023-06-16,AGT0076,MetLife,Dental+Vision Bundle
MEM003840,Kenneth,Patton,nroberts@example.com,001-470-970-3456x21555,1968-10-31,GA,34057,2023-08-18,AGT0018,Zurich,Vision Basic
MEM003841,Eric,Farrell,ghudson@example.net,(275)894-1904x549,1983-09-28,GA,42730,2023-09-21,AGT0034,VSP,Dental Basic
MEM003842,Kevin,Shields,chelseaturner@example.net,+1-988-666-6118x700,2001-08-06,CA,80831,2024-08-24,AGT0004,Zurich,Dental Basic
MEM003843,Kendra,Spencer,smithchristopher@example.org,(703)415-5677,1997-10-02,CA,15598,2023-02-19,AGT0071,VSP,Vision Basic
MEM003844,Tracey,Jenkins,christine24@example.net,345-707-6547x889,1951-07-10,TX,49183,2024-08-14,AGT0030,Zurich,Vision Premium
MEM003845,Cindy,Dean,xhenry@example.net,+1-514-925-8074x22120,1958-07-17,OH,97930,2023-06-17,AGT0070,Zurich,Dental Premium
MEM003846,Jason,Gutierrez,rodriguezmarc@example.org,(332)991-4204,1976-01-24,KY,77610,2024-06-18,AGT0022,Zurich,Dental Premium
MEM003847,Jason,Armstrong,williamlee@example.com,784-366-0903,1996-03-02,TX,85586,2023-10-11,AGT0039,Zurich,Vision Premium
MEM003848,Joseph,Williams,jefferyhall@example.org,993.560.5720,1991-01-27,CA,12132,2024-11-17,AGT0048,VSP,Dental Basic
MEM003849,Charles,Monroe,aburns@example.net,(238)365-8263,1993-12-26,TN,93254,2024-01-15,AGT0074,VSP,Vision Premium
MEM003850,Nicholas,Jones,lopeztiffany@example.net,287.794.2634,1996-07-02,OH,39148,2023-05-10,AGT0076,MetLife,Dental Basic
MEM003851,Katelyn,Howard,cookkatherine@example.com,+1-283-322-9918x128,1989-07-29,CA,74370,2023-03-15,AGT0060,Zurich,Vision Basic
MEM003852,Yvonne,Mcdonald,millermegan@example.net,(777)917-9567,1956-08-21,IL,52503,2024-11-07,AGT0039,Zurich,Vision Basic
MEM003853,Samuel,Moore,vburns@example.net,444-615-6574x3759,1990-07-16,OH,70352,2024-10-16,AGT0060,MetLife,Dental+Vision Bundle
MEM003854,Charles,Thomas,wagneralexis@example.org,(595)758-4457,1997-06-21,KY,22261,2024-08-17,AGT0034,VSP,Dental+Vision Bundle
MEM003855,Peter,Johnson,urodriguez@example.com,+1-691-731-0465x2740,1968-06-28,GA,57098,2023-09-30,AGT0064,MetLife,Vision Basic
MEM003856,John,Ramirez,carlosthompson@example.org,982.465.1294,1996-12-14,OH,75595,2024-02-05,AGT0011,MetLife,Vision Premium
MEM003857,Brandi,Sullivan,jamesjohnson@example.net,4954113912,1952-08-30,MI,58183,2024-10-15,AGT0068,Zurich,Dental Premium
MEM003858,Jennifer,Fritz,belljonathan@example.org,(511)387-4223x185,1998-02-13,OH,92054,2024-03-20,AGT0011,Zurich,Dental Basic
MEM003859,Katherine,Jackson,bbell@example.org,409-971-8148x5436,1998-05-03,OH,86057,2024-05-18,AGT0036,VSP,Vision Basic
MEM003860,Joseph,Richard,hoffmanjake@example.com,001-785-329-7642x8468,2001-05-24,IL,77930,2023-01-24,AGT0014,VSP,Vision Basic
MEM003861,Eric,Jones,gina69@example.org,442.390.0391x610,1983-03-26,TN,14694,2023-02-18,AGT0019,Zurich,Dental+Vision Bundle
MEM003862,Rachel,Dougherty,bjohnson@example.com,001-978-273-7480x521,2002-07-02,MI,17331,2024-03-09,AGT0029,VSP,Dental Basic
MEM003863,Brandon,Stark,dtate@example.net,363-216-2958,1978-02-02,TX,59675,2024-11-03,AGT0069,MetLife,Vision Premium
MEM003864,Timothy,Perkins,vhamilton@example.com,666-606-4858,1951-01-25,TN,35337,2024-04-20,AGT0025,MetLife,Vision Premium
MEM003865,Elizabeth,Mitchell,valenzuelajessica@example.net,786.445.3868x45126,1960-11-26,OH,65180,2023-01-21,AGT0074,MetLife,Vision Premium
MEM003866,Patricia,Fisher,pshepard@example.org,352-854-1783x21126,1950-12-08,MI,68319,2023-03-23,AGT0069,MetLife,Dental+Vision Bundle
MEM003867,Mitchell,Abbott,ulewis@example.net,+1-856-597-7104x56882,1977-07-30,IL,40180,2024-04-30,AGT0041,VSP,Dental Basic
MEM003868,Gregory,Torres,michaellopez@example.net,+1-770-805-2513x6272,1953-10-16,CA,15890,2024-03-12,AGT0008,Zurich,Vision Basic
MEM003869,William,Garcia,alex84@example.net,974.726.1547x12162,1959-01-25,TX,60107,2024-07-01,AGT0016,MetLife,Dental Premium
MEM003870,Crystal,Allen,tiffanyjohnson@example.org,993-668-9529,1962-03-03,KY,71229,2023-03-04,AGT0028,Zurich,Vision Basic
MEM003871,Alec,Hancock,jerrylarsen@example.org,558.645.9638,1956-04-02,TN,51786,2024-02-15,AGT0068,VSP,Dental Basic
MEM003872,Bryan,Roberts,longtara@example.net,255-656-1396,1962-07-19,FL,62428,2024-02-16,AGT0011,MetLife,Vision Premium
MEM003873,Debbie,Pruitt,dickersonadam@example.org,525-784-6589x933,2003-10-17,GA,63004,2024-06-05,AGT0073,MetLife,Dental Basic
MEM003874,Christopher,Frost,james49@example.net,208-447-7279x728,1955-06-01,IN,65711,2023-09-05,AGT0043,Zurich,Dental Premium
MEM003875,Tiffany,Mcgee,phillipsvickie@example.net,764-908-7981x7361,1958-02-08,TN,98515,2024-03-16,AGT0038,VSP,Vision Premium
MEM003876,Matthew,Nelson,evan16@example.com,(701)618-0829,1979-12-29,GA,83130,2023-03-30,AGT0049,MetLife,Vision Basic
MEM003877,Anna,Banks,christopherdavid@example.org,+1-621-459-4633x3817,1966-09-06,TN,57885,2024-08-04,AGT0045,MetLife,Dental Basic
MEM003878,Tiffany,Velez,garciatanner@example.com,+1-805-733-7019x363,1972-01-30,GA,08733,2023-10-25,AGT0079,MetLife,Vision Premium
MEM003879,Patricia,Bowman,rickyjordan@example.net,(990)354-5219x0926,1971-07-13,FL,24974,2024-06-04,AGT0063,MetLife,Vision Basic
MEM003880,Tamara,Herrera,alex76@example.org,230.973.5460x07974,1998-11-13,CA,57786,2023-06-12,AGT0054,Zurich,Dental Premium
MEM003881,Zachary,Chang,jonathan92@example.com,293-434-8869x54680,1980-10-13,MI,23715,2023-01-05,AGT0038,MetLife,Vision Basic
MEM003882,Stephanie,Ortega,yhenderson@example.com,917.659.5962,1972-11-13,KY,17234,2024-01-22,AGT0009,Zurich,Vision Premium
MEM003883,Makayla,Hall,shannoneric@example.net,843.870.3752,1953-02-19,OH,67696,2023-03-20,AGT0080,Zurich,Vision Basic
MEM003884,Nicholas,Kelly,reyeschelsea@example.org,+1-846-589-3327x661,1968-05-14,TN,82104,2023-11-28,AGT0069,Zurich,Dental+Vision Bundle
MEM003885,Wayne,Mills,elliskendra@example.org,812-557-4815x32460,1973-10-30,IN,79846,2024-02-24,AGT0048,MetLife,Dental Basic
MEM003886,Willie,Garrett,rosemichael@example.org,2609993960,2000-04-05,TX,72290,2024-11-16,AGT0001,MetLife,Vision Basic
MEM003887,Ashley,Scott,matthewmontes@example.com,777-323-8207,1950-09-29,KY,15329,2023-08-08,AGT0019,VSP,Dental Premium
MEM003888,John,Hansen,cmorgan@example.net,(481)303-2022x40173,1962-01-19,TX,42336,2024-03-08,AGT0014,VSP,Vision Basic
MEM003889,Chloe,Baxter,katherine43@example.org,(246)674-0094,1974-04-11,FL,32493,2024-11-23,AGT0015,Zurich,Vision Premium
MEM003890,Shane,Garcia,chad95@example.net,236.706.3405x130,2003-02-09,TN,61166,2023-08-24,AGT0028,MetLife,Vision Basic
MEM003891,Jacob,Cunningham,jacobcherry@example.org,323.931.6716x29968,1954-01-11,GA,44182,2024-08-11,AGT0064,VSP,Dental Premium
MEM003892,Kyle,Maddox,kenneth23@example.org,(821)956-0232x474,1950-04-28,CA,74909,2024-11-06,AGT0023,MetLife,Vision Basic
MEM003893,David,Snyder,michael13@example.com,9356979780,1995-09-05,FL,13624,2023-10-12,AGT0035,VSP,Vision Premium
MEM003894,Stephen,Andersen,ywilliamson@example.org,+1-236-493-9499x572,1960-01-15,MI,07232,2023-12-26,AGT0043,Zurich,Vision Premium
MEM003895,Jamie,Stewart,brownamber@example.org,546-381-3893,1962-03-08,FL,28242,2024-04-09,AGT0016,VSP,Dental Premium
MEM003896,Alexandra,Gonzalez,bailey35@example.net,+1-724-393-7104x17628,1951-11-29,GA,01341,2023-07-21,AGT0071,Zurich,Dental+Vision Bundle
MEM003897,John,Smith,jenkinsmary@example.net,803-297-6211x880,1984-06-05,KY,36751,2023-04-19,AGT0005,MetLife,Dental Premium
MEM003898,John,Melendez,rodriguezdeborah@example.org,699-312-0624,2002-12-28,TX,69725,2023-08-02,AGT0067,MetLife,Vision Basic
MEM003899,Leslie,Smith,udeleon@example.com,+1-615-509-9575x68113,1999-03-14,FL,10584,2023-07-30,AGT0057,Zurich,Vision Premium
MEM003900,Matthew,Whitaker,megangreen@example.org,+1-428-822-3596x347,1969-12-16,MI,22301,2024-06-08,AGT0028,VSP,Dental Premium
MEM003901,Jessica,Hood,woodardkathryn@example.org,001-916-452-7730,1990-04-30,IN,89026,2024-05-01,AGT0033,MetLife,Dental Basic
MEM003902,Johnathan,Smith,wmitchell@example.org,8257406467,1951-02-13,CA,08967,2023-01-09,AGT0015,VSP,Dental Basic
MEM003903,Travis,Washington,uherman@example.org,(691)623-6556,1987-08-09,IN,14720,2024-10-14,AGT0024,Zurich,Dental Basic
MEM003904,Jorge,Gonzalez,joneslori@example.net,4384240309,1981-04-13,KY,88748,2023-05-17,AGT0022,MetLife,Dental+Vision Bundle
MEM003905,William,Casey,paulstuart@example.com,(663)209-0669x5804,1965-04-15,MI,51794,2023-03-11,AGT0011,Zurich,Dental Basic
MEM003906,Sydney,Massey,larry51@example.com,617.492.3002x883,1981-12-12,FL,70801,2024-10-30,AGT0060,MetLife,Dental Basic
MEM003907,Joseph,Phillips,kari07@example.com,+1-229-282-8037x9440,1955-12-13,IN,08995,2023-10-14,AGT0008,Zurich,Vision Premium
MEM003908,Adam,Gay,kmoreno@example.com,890.836.4964x4221,1974-05-31,OH,90075,2024-08-28,AGT0073,MetLife,Dental Basic
MEM003909,Alexandra,Flynn,lelliott@example.com,001-934-485-9635,1971-07-20,TX,17352,2024-01-16,AGT0010,MetLife,Vision Basic
MEM003910,Linda,Wade,stewartkiara@example.net,(205)279-4815x7581,1977-10-09,OH,10637,2024-09-22,AGT0019,MetLife,Vision Premium
MEM003911,Julie,Parker,lward@example.com,(573)479-8480x020,1991-10-10,IN,68462,2024-07-11,AGT0076,Zurich,Vision Premium
MEM003912,Troy,Schneider,ramosalexandra@example.net,(917)583-2250x9155,1963-07-20,GA,21311,2024-05-01,AGT0033,Zurich,Dental Premium
MEM003913,Gregory,Thomas,jacquelinemorales@example.org,575-442-6988,1965-12-02,TN,08412,2023-07-07,AGT0011,VSP,Dental+Vision Bundle
MEM003914,Robin,Mendez,tayloredward@example.com,+1-839-906-1845,1966-08-24,KY,19332,2023-05-28,AGT0002,VSP,Dental+Vision Bundle
MEM003915,Samuel,Bell,andrewmann@example.net,894.984.7714,1969-03-13,IL,31134,2024-10-23,AGT0054,MetLife,Dental Basic
MEM003916,Jamie,Chapman,deandavid@example.net,601.983.2740x316,1954-08-19,IN,35642,2024-09-28,AGT0025,VSP,Dental Premium
MEM003917,John,Miller,chungkaren@example.net,465.315.0218x645,1958-11-26,GA,75884,2024-03-17,AGT0028,MetLife,Vision Basic
MEM003918,Kevin,Diaz,prussell@example.net,(518)790-8540x30325,1998-12-31,GA,42791,2023-06-02,AGT0058,Zurich,Vision Premium
MEM003919,Mark,Munoz,james72@example.org,001-956-500-6420x92259,1963-08-03,IN,81521,2023-02-27,AGT0005,Zurich,Dental Premium
MEM003920,Lisa,Ford,griffinpatricia@example.org,4605113032,1985-01-26,GA,87804,2023-08-31,AGT0018,MetLife,Vision Basic
MEM003921,Erik,Kelly,jeffrey74@example.com,365.460.2674,1986-09-19,TX,11090,2023-07-21,AGT0075,MetLife,Dental Basic
MEM003922,Melinda,Robinson,johnsilva@example.com,(523)897-2484,1992-09-07,CA,95329,2024-04-21,AGT0041,MetLife,Dental Basic
MEM003923,Jill,Ball,ywolfe@example.com,001-939-310-5150,1971-11-02,IL,82764,2024-05-21,AGT0043,Zurich,Dental+Vision Bundle
MEM003924,Michelle,Zuniga,gutierrezmargaret@example.com,259.485.1532,1991-05-24,MI,73694,2023-01-27,AGT0079,VSP,Dental Basic
MEM003925,Jeremy,Watson,edward49@example.com,8153280064,1990-07-03,IL,82527,2023-02-05,AGT0021,MetLife,Dental Basic
MEM003926,Lee,Barrett,rebeccalowe@example.com,(896)249-2896x3899,1984-02-25,CA,14043,2024-07-07,AGT0006,Zurich,Vision Basic
MEM003927,Jack,Fisher,mariejohnson@example.com,364.524.9442x828,1984-12-22,FL,20762,2023-03-19,AGT0019,MetLife,Dental Basic
MEM003928,Matthew,Miller,nicholasgibbs@example.net,+1-817-282-7297x213,1978-05-15,KY,73493,2023-09-17,AGT0053,MetLife,Dental+Vision Bundle
MEM003929,Phillip,Smith,brendaperez@example.com,(801)224-0403x417,2001-02-02,IL,87642,2023-04-24,AGT0071,MetLife,Vision Basic
MEM003930,Emily,Freeman,samanthawoods@example.net,486.240.4704,1990-10-20,KY,87047,2023-01-07,AGT0040,MetLife,Dental Premium
MEM003931,Amy,Atkinson,fle@example.net,363.759.4301x22694,1970-03-28,KY,32483,2023-05-29,AGT0038,MetLife,Dental Basic
MEM003932,Diane,King,davidruiz@example.org,+1-450-498-2216x2593,1958-05-01,GA,36512,2023-05-28,AGT0002,MetLife,Dental Premium
MEM003933,Alan,Deleon,cynthia74@example.net,783.441.6232,2002-09-23,KY,67330,2023-08-08,AGT0011,MetLife,Dental+Vision Bundle
MEM003934,Victor,Parker,taylordaniel@example.org,322.376.0392,1951-07-12,CA,54340,2024-11-11,AGT0035,VSP,Vision Premium
MEM003935,Lauren,Mason,pricesheila@example.net,755.512.9986x63180,1992-07-26,IL,01603,2024-04-01,AGT0049,Zurich,Dental Basic
MEM003936,Christina,Myers,floydkenneth@example.com,750.577.3188,1966-05-21,GA,61827,2024-11-21,AGT0046,VSP,Dental Basic
MEM003937,Stephen,Allen,brooke40@example.net,533-524-3350x69844,1992-03-12,GA,96358,2023-05-14,AGT0011,Zurich,Vision Basic
MEM003938,Zachary,Smith,rachel71@example.net,(778)806-6448,1999-12-28,IN,63781,2023-11-04,AGT0018,VSP,Dental+Vision Bundle
MEM003939,Latoya,Norris,krobertson@example.com,001-285-851-2701x1836,2002-06-04,TX,30172,2024-01-03,AGT0045,MetLife,Dental Premium
MEM003940,Lauren,Berg,ssmith@example.net,001-555-845-6515x4142,1959-06-28,OH,10460,2023-05-15,AGT0074,Zurich,Dental Basic
MEM003941,Teresa,Edwards,david82@example.org,(281)640-1011x905,2002-03-01,OH,95820,2024-07-03,AGT0022,VSP,Vision Basic
MEM003942,Kyle,Jackson,barnesstephanie@example.net,001-408-810-6355x197,1975-08-14,CA,25455,2024-02-19,AGT0069,VSP,Dental Premium
MEM003943,Kelly,Nelson,robert82@example.com,768.225.8459x7220,1988-05-24,TX,16369,2024-07-23,AGT0054,MetLife,Dental Basic
MEM003944,Gloria,Reyes,brightronnie@example.com,+1-896-577-7619x20297,1955-04-11,IN,58110,2024-01-24,AGT0065,Zurich,Dental Premium
MEM003945,Sean,Reed,elizabeth79@example.com,001-531-793-6671x1625,1973-03-21,IN,23955,2024-04-12,AGT0066,Zurich,Dental Basic
MEM003946,Derek,Lawson,teresahansen@example.org,001-518-979-3759,2000-01-06,OH,83697,2024-11-04,AGT0073,MetLife,Vision Basic
MEM003947,David,Gomez,robinsonkimberly@example.com,662.207.1389x47785,1976-02-28,CA,58693,2024-05-17,AGT0073,MetLife,Dental Basic
MEM003948,Brenda,Stout,christinahill@example.org,(836)846-2850,1953-11-30,IN,60304,2023-11-04,AGT0052,Zurich,Vision Premium
MEM003949,Hannah,Cortez,sanderskatherine@example.com,240.755.0375x016,1968-02-02,GA,48264,2024-06-25,AGT0078,Zurich,Vision Basic
MEM003950,Tracy,Williams,cromero@example.net,923-872-8735,1979-04-02,MI,68478,2023-07-22,AGT0036,Zurich,Dental Premium
MEM003951,Michael,King,wbailey@example.net,001-990-695-4717,1974-04-06,FL,96205,2024-03-23,AGT0006,Zurich,Dental Basic
MEM003952,Cole,Fox,rcampbell@example.net,001-296-615-1600,2001-07-03,TX,37748,2023-08-18,AGT0053,VSP,Dental Premium
MEM003953,Stacy,Cox,michellecortez@example.org,6067707603,1963-04-13,IN,29612,2023-07-11,AGT0022,MetLife,Dental+Vision Bundle
MEM003954,Andrew,Pena,rfields@example.org,(627)542-1281x330,1994-02-09,IL,69400,2023-07-24,AGT0002,VSP,Dental+Vision Bundle
MEM003955,Brian,Fischer,fernandeztravis@example.net,(637)741-2600x267,1968-09-03,MI,90108,2023-01-02,AGT0001,MetLife,Dental Basic
MEM003956,Karen,Cruz,david06@example.org,788-778-2028x2536,1996-07-24,GA,20070,2024-07-15,AGT0032,VSP,Vision Premium
MEM003957,Eric,Edwards,meghan03@example.org,(751)657-1619,1990-09-06,MI,54255,2024-02-17,AGT0076,MetLife,Vision Basic
MEM003958,Stephen,Lopez,juareznicole@example.com,585-707-1138,1996-04-22,TX,09251,2023-01-04,AGT0074,Zurich,Dental+Vision Bundle
MEM003959,Jorge,Wright,whitney65@example.net,688-854-7620x693,1972-08-14,OH,63989,2023-05-05,AGT0052,MetLife,Dental Basic
MEM003960,Jason,Smith,danielcarlson@example.com,474-432-6417,1984-06-29,CA,47694,2023-04-05,AGT0020,MetLife,Dental Basic
MEM003961,Michael,Carter,andrew82@example.net,001-890-591-0102,1968-01-31,FL,76887,2024-05-21,AGT0075,Zurich,Vision Basic
MEM003962,Erin,Smith,guzmananthony@example.net,294.888.3403,1991-04-03,CA,89227,2024-08-14,AGT0006,VSP,Dental Basic
MEM003963,Aaron,Douglas,conwaysharon@example.com,(497)203-4505,1976-12-07,TX,22971,2023-12-11,AGT0011,Zurich,Dental Premium
MEM003964,John,Knox,courtney39@example.net,001-374-622-5779x83042,1984-11-08,MI,42608,2023-09-22,AGT0006,MetLife,Dental Basic
MEM003965,Jamie,Martin,johndavis@example.net,8199386822,2002-11-20,TX,23183,2024-09-03,AGT0036,Zurich,Dental Basic
MEM003966,John,Fisher,harperkeith@example.com,447-556-2978,1960-08-26,OH,47339,2024-03-20,AGT0032,VSP,Dental Basic
MEM003967,Matthew,Costa,frostsarah@example.net,001-844-546-9048x835,1996-12-15,OH,37817,2023-04-09,AGT0041,MetLife,Vision Premium
MEM003968,Tracy,Cervantes,htran@example.org,777-610-8696,1983-02-20,KY,05700,2024-07-22,AGT0043,Zurich,Dental Basic
MEM003969,Randall,Mcintosh,thomasmitchell@example.net,514-707-7142x1054,1977-09-22,IL,97918,2024-08-10,AGT0003,MetLife,Vision Basic
MEM003970,Laura,Miller,ogarcia@example.net,997-999-2291x080,1951-01-30,OH,71521,2024-11-11,AGT0047,MetLife,Dental Premium
MEM003971,Mindy,Wu,chelsea91@example.net,+1-528-692-1769x603,1974-12-01,GA,64857,2023-09-02,AGT0053,MetLife,Dental Premium
MEM003972,Tammy,Fox,roberthenderson@example.org,001-261-250-1860x5035,2001-07-25,CA,86451,2024-01-20,AGT0077,VSP,Dental Premium
MEM003973,Victor,Rowe,cranecolin@example.com,2764703470,1986-04-14,GA,52335,2023-10-07,AGT0057,MetLife,Vision Premium
MEM003974,Vanessa,Webb,emily46@example.org,(550)574-7621,1955-04-03,TX,97988,2023-04-08,AGT0018,VSP,Dental+Vision Bundle
MEM003975,Grace,Hudson,joneswilliam@example.com,001-970-771-9925,1962-06-30,TX,16170,2023-01-17,AGT0012,Zurich,Vision Basic
MEM003976,Dale,Jones,melody03@example.com,(287)356-7311,1969-12-17,TX,61462,2023-05-22,AGT0058,Zurich,Dental+Vision Bundle
MEM003977,Patrick,Smith,scottdavis@example.org,(515)640-9856x91039,1950-02-06,IL,73833,2023-10-23,AGT0051,MetLife,Dental Basic
MEM003978,David,Brown,larrypeterson@example.net,317.342.2165,1994-12-06,OH,47831,2023-12-21,AGT0064,VSP,Vision Premium
MEM003979,Jill,Maxwell,mayspaul@example.net,889.453.7928x063,1991-12-13,MI,34719,2023-05-20,AGT0046,Zurich,Dental+Vision Bundle
MEM003980,Alexa,Vasquez,christiegarcia@example.org,658-425-0843,1977-12-14,IL,12765,2024-02-26,AGT0029,VSP,Dental+Vision Bundle
MEM003981,Michelle,Wilson,codypayne@example.net,(988)229-1454,1950-10-03,KY,85054,2023-01-18,AGT0012,MetLife,Vision Basic
MEM003982,Donna,Morse,robin32@example.org,(559)454-3244,1962-07-07,TX,23288,2024-07-27,AGT0043,MetLife,Vision Basic
MEM003983,Brian,Owens,montoyamark@example.org,+1-998-494-0816,1956-03-25,IL,32491,2024-03-04,AGT0042,VSP,Vision Basic
MEM003984,Sarah,Werner,xrichards@example.org,001-907-638-5153x4356,1985-09-01,OH,09859,2023-10-21,AGT0005,MetLife,Vision Basic
MEM003985,Michael,Barry,prestonkevin@example.org,345.756.3780x187,1969-08-27,IN,12246,2023-06-27,AGT0034,VSP,Dental Premium
MEM003986,Jeremy,Harrell,fosterkenneth@example.net,(912)999-2623x61815,1957-08-25,IL,58544,2023-02-25,AGT0072,MetLife,Vision Basic
MEM003987,Richard,Mitchell,jamesmoreno@example.net,707-290-4755x23033,1957-10-10,IN,14310,2024-04-14,AGT0012,Zurich,Dental+Vision Bundle
MEM003988,Gregory,Jackson,petersenkristin@example.org,001-424-393-4158x221,1967-12-28,IL,99210,2023-06-29,AGT0073,Zurich,Dental+Vision Bundle
MEM003989,Veronica,Jones,arnoldpamela@example.org,001-898-395-0665x935,1988-04-30,OH,93673,2024-10-04,AGT0045,MetLife,Dental Basic
MEM003990,Joseph,Brown,turnermichael@example.net,+1-660-668-9217,1973-09-23,TX,65007,2024-11-01,AGT0048,MetLife,Vision Basic
MEM003991,Jennifer,House,carol52@example.org,299-249-8976x3916,1989-01-17,TN,59327,2024-03-15,AGT0029,Zurich,Dental+Vision Bundle
MEM003992,Randall,Roberts,jnguyen@example.com,7156295063,1977-12-30,GA,14942,2023-09-22,AGT0006,VSP,Vision Premium
MEM003993,Cynthia,Mcknight,owallace@example.com,304.845.6759,1989-06-16,GA,32454,2023-05-28,AGT0029,Zurich,Dental Premium
MEM003994,Maureen,Bowman,tinaflores@example.net,+1-751-412-7481x6269,1959-08-10,CA,03736,2023-01-26,AGT0012,VSP,Dental Basic
MEM003995,Matthew,Wade,cookbarbara@example.net,001-732-819-7465x6382,1994-10-15,MI,79023,2024-01-10,AGT0040,VSP,Dental+Vision Bundle
MEM003996,Brandon,Ayala,flittle@example.net,+1-976-681-3891x020,1971-01-27,TN,04766,2023-09-23,AGT0072,VSP,Dental Basic
MEM003997,Gregory,Patel,marycook@example.net,4037190857,1997-12-22,IL,69153,2024-02-24,AGT0021,VSP,Vision Premium
MEM003998,Joseph,Taylor,huntdanielle@example.com,(707)874-8602,1961-04-28,FL,30946,2024-11-26,AGT0024,VSP,Vision Basic
MEM003999,Thomas,Romero,davishannah@example.net,(990)997-2732x8557,1995-09-13,GA,35462,2023-01-04,AGT0054,Zurich,Dental+Vision Bundle
MEM004000,Angela,Scott,boydfrederick@example.org,461.898.2726x06576,1985-11-26,IL,62186,2023-12-26,AGT0017,VSP,Dental+Vision Bundle
MEM004001,Dylan,Thompson,dan97@example.net,001-868-904-2887x8925,1989-08-25,GA,91088,2024-09-28,AGT0070,VSP,Vision Basic
MEM004002,Eric,Phillips,keith15@example.com,476-726-9672,1976-04-29,FL,64156,2023-10-04,AGT0060,MetLife,Vision Premium
MEM004003,Ronnie,Hubbard,melissa14@example.com,(599)483-1430x995,1955-05-24,MI,13973,2024-08-15,AGT0047,MetLife,Dental Basic
MEM004004,Amber,Sawyer,daniellucas@example.com,+1-830-958-6548x33880,1995-10-12,KY,14770,2023-04-22,AGT0065,Zurich,Vision Basic
MEM004005,Cassandra,Vasquez,michaelmiller@example.net,(997)756-6717x52409,1963-01-23,IL,68264,2023-11-05,AGT0031,VSP,Dental+Vision Bundle
MEM004006,Nicholas,Krueger,diamondnorman@example.net,647.349.5004,1977-08-06,IN,71219,2023-08-03,AGT0040,Zurich,Dental Premium
MEM004007,Megan,Chen,stevensonroy@example.org,8793843634,1999-02-19,IL,42762,2024-01-23,AGT0015,MetLife,Dental Basic
MEM004008,Jennifer,Flores,zguzman@example.org,904-986-9384x1370,1988-10-30,KY,04272,2024-10-14,AGT0078,Zurich,Vision Premium
MEM004009,Jeremy,Barrett,cannonchristopher@example.org,482-360-6068,1982-01-08,KY,62603,2023-06-17,AGT0074,MetLife,Dental Basic
MEM004010,Christine,Hurst,mary67@example.org,001-457-842-0500x80001,1974-10-19,KY,01019,2024-02-14,AGT0012,MetLife,Dental Basic
MEM004011,Hannah,Lopez,martinezcarrie@example.com,+1-487-509-0904,1994-03-27,MI,20118,2024-09-19,AGT0070,Zurich,Dental Basic
MEM004012,Stephanie,Fitzgerald,rwalker@example.com,(445)204-0794x2592,1991-08-05,MI,22327,2023-05-31,AGT0001,Zurich,Dental Premium
MEM004013,Bryan,Perez,krista07@example.com,235-393-2561x837,1970-03-21,TN,45428,2023-11-11,AGT0076,VSP,Vision Basic
MEM004014,Shawn,Burnett,lance66@example.org,345-898-4847,1966-01-14,OH,84458,2024-05-29,AGT0068,Zurich,Dental Premium
MEM004015,Karen,Armstrong,robertchandler@example.com,+1-656-782-6814x15501,1998-03-01,IN,60171,2024-03-05,AGT0052,VSP,Dental Premium
MEM004016,Alexander,Campbell,daltontodd@example.org,+1-537-759-1128x6131,1981-02-27,OH,43668,2023-01-19,AGT0013,MetLife,Dental Basic
MEM004017,Seth,Davis,davischristopher@example.net,+1-259-642-5352x537,1983-04-17,KY,20859,2023-06-14,AGT0026,Zurich,Vision Premium
MEM004018,Anthony,Zimmerman,cindy99@example.com,+1-444-308-0995x8928,1966-09-24,MI,85007,2023-03-26,AGT0004,MetLife,Vision Premium
MEM004019,Matthew,Parker,alopez@example.net,597.572.5188,1977-11-24,CA,73989,2023-02-22,AGT0068,VSP,Dental Basic
MEM004020,Stephanie,Lawrence,kevinwillis@example.org,5267398649,1994-07-23,IL,39115,2023-09-03,AGT0013,Zurich,Vision Premium
MEM004021,Jonathan,Montgomery,vsmith@example.com,253-788-2234x0917,1984-07-18,IN,64105,2024-06-01,AGT0008,MetLife,Dental Basic
MEM004022,Vanessa,Torres,vanessathomas@example.com,328.227.5987x68079,1959-06-04,CA,47162,2023-07-26,AGT0058,Zurich,Dental+Vision Bundle
MEM004023,David,Hall,samuel29@example.net,438.563.4587,1954-06-10,OH,50913,2024-09-29,AGT0012,VSP,Dental Basic
MEM004024,Kristin,Valdez,aliciacurry@example.net,898-211-4575x8738,1968-10-29,KY,48607,2023-01-14,AGT0061,MetLife,Dental Basic
MEM004025,Brandon,Ellis,cole52@example.com,718.471.0003x003,1958-11-15,CA,86880,2024-05-23,AGT0060,Zurich,Vision Basic
MEM004026,Thomas,Maddox,hreid@example.com,824.294.8783,1959-06-02,GA,94566,2023-02-16,AGT0020,VSP,Vision Premium
MEM004027,Emily,Kemp,jennifer55@example.net,+1-928-214-6172,1954-07-27,TX,11443,2024-09-23,AGT0034,MetLife,Vision Basic
MEM004028,Angela,Wilson,ideleon@example.org,628.936.0696x6884,1991-11-13,TX,77290,2023-10-19,AGT0043,VSP,Dental+Vision Bundle
MEM004029,Keith,Sanchez,ilee@example.org,6625480727,1960-10-22,OH,44524,2024-10-05,AGT0027,VSP,Dental Premium
MEM004030,Mary,Shelton,yduncan@example.org,774.234.2050x24090,1997-07-23,IL,73800,2023-12-12,AGT0016,MetLife,Vision Basic
MEM004031,Crystal,Page,michael37@example.org,(709)326-9252x617,2000-01-27,TX,48539,2023-06-20,AGT0057,Zurich,Vision Premium
MEM004032,Melanie,Miller,nicolethompson@example.net,570.402.1361x39992,1962-05-06,FL,28855,2024-04-27,AGT0077,MetLife,Vision Premium
MEM004033,Brenda,Wagner,rguerra@example.net,+1-245-912-2760x7866,1960-01-17,GA,92009,2024-04-24,AGT0014,VSP,Dental Basic
MEM004034,Richard,Roberts,kathleendurham@example.org,771.335.9923x3128,1959-12-19,CA,12125,2024-06-08,AGT0061,MetLife,Dental Basic
MEM004035,William,Jordan,reeddavid@example.org,626-825-7489,2003-06-12,CA,53149,2023-07-27,AGT0050,VSP,Vision Basic
MEM004036,Janice,Torres,matthew57@example.com,+1-719-343-4254x82508,1998-01-15,MI,10900,2023-05-04,AGT0063,VSP,Dental+Vision Bundle
MEM004037,Michael,Leon,shannon50@example.net,565-434-2542x2880,1990-02-20,GA,55716,2023-02-11,AGT0072,MetLife,Dental+Vision Bundle
MEM004038,Aaron,Hudson,kim05@example.com,+1-968-873-3520x188,1966-05-02,KY,12281,2023-01-08,AGT0071,MetLife,Vision Premium
MEM004039,Christopher,Cohen,mhuff@example.org,(786)965-3581,1982-11-13,TN,81649,2024-07-16,AGT0060,Zurich,Dental Basic
MEM004040,Paula,Barrett,christophermeyer@example.net,+1-223-585-5151,1973-01-17,KY,33580,2023-06-23,AGT0025,MetLife,Dental Basic
MEM004041,Richard,Kim,hunteramber@example.org,280-381-2727x460,1966-09-16,IL,99388,2024-02-09,AGT0016,VSP,Vision Basic
MEM004042,David,Diaz,oyoung@example.org,001-310-484-8557x9393,1984-04-23,TX,33274,2024-01-29,AGT0046,VSP,Dental Premium
MEM004043,Andrew,Hogan,lsullivan@example.com,484-961-5910x145,1992-05-11,IN,86505,2024-11-13,AGT0050,VSP,Vision Premium
MEM004044,Laura,Bryant,jocelynhill@example.net,313-287-5093,1955-12-13,GA,96715,2024-01-01,AGT0080,Zurich,Dental Basic
MEM004045,Robert,Ware,branchjeremiah@example.net,(699)271-7772x166,1982-09-19,IL,10846,2024-08-14,AGT0012,VSP,Dental Basic
MEM004046,Lindsay,Stanton,anne34@example.com,779-772-8089x372,1986-06-23,KY,56737,2023-04-29,AGT0019,VSP,Dental Basic
MEM004047,Daniel,Griffith,melissasantiago@example.org,848-610-2703,1950-11-13,MI,94278,2024-05-06,AGT0026,VSP,Dental Basic
MEM004048,Richard,Huerta,vsanders@example.net,5527723754,1996-11-22,KY,40593,2024-10-26,AGT0021,VSP,Dental+Vision Bundle
MEM004049,Thomas,Peters,wilsongeorge@example.net,5749869935,1998-04-14,MI,94753,2023-04-26,AGT0074,MetLife,Dental Premium
MEM004050,Andrea,Baker,fritzjennifer@example.com,(459)614-4450x3231,1995-03-01,OH,83662,2023-10-27,AGT0029,MetLife,Dental Basic
MEM004051,William,Day,farmermadeline@example.com,425-989-1596x545,1988-02-20,CA,28941,2023-04-20,AGT0010,MetLife,Dental Premium
MEM004052,Stephen,Lopez,danny89@example.org,+1-242-841-8504x890,1954-03-16,IL,03104,2023-08-23,AGT0013,VSP,Dental+Vision Bundle
MEM004053,Ralph,Smith,ibenitez@example.com,4829833009,1992-09-23,TN,29151,2024-01-22,AGT0071,VSP,Vision Premium
MEM004054,Jesse,Morris,meghansnyder@example.org,001-967-521-8257x157,1971-12-27,MI,95317,2024-02-18,AGT0079,VSP,Dental Basic
MEM004055,David,Castillo,lauraperez@example.com,+1-569-803-6184,1958-02-20,OH,70717,2024-07-17,AGT0001,VSP,Dental Basic
MEM004056,Gabriel,Lara,tanyajenkins@example.org,001-557-217-8300,1974-10-10,FL,82948,2023-05-02,AGT0054,VSP,Vision Premium
MEM004057,Micheal,Parker,morrisbrooke@example.net,001-574-582-8758,1994-01-05,TX,99472,2023-06-09,AGT0075,VSP,Dental+Vision Bundle
MEM004058,Colton,Payne,emilysmith@example.net,(815)373-2083,1978-09-18,FL,94853,2023-05-06,AGT0032,Zurich,Dental Premium
MEM004059,Nicholas,Lopez,elawrence@example.org,310-898-2048,1962-04-11,TX,13001,2023-04-24,AGT0010,VSP,Dental+Vision Bundle
MEM004060,Bryce,Wright,angelaparks@example.net,(770)415-8967x196,1958-11-02,IL,84930,2023-12-04,AGT0030,Zurich,Dental Premium
MEM004061,Ryan,Allen,martinmary@example.com,+1-480-232-7399x666,1994-08-28,TX,76173,2024-07-30,AGT0013,VSP,Dental Premium
MEM004062,Carlos,Bryant,carlos28@example.org,001-291-675-6735x0822,1983-10-08,IN,65236,2023-06-08,AGT0077,VSP,Dental Basic
MEM004063,Diane,Watts,andrewwatkins@example.com,001-507-548-8241,1951-09-11,IL,46709,2024-01-28,AGT0038,VSP,Dental Premium
MEM004064,Robert,Thomas,rshelton@example.org,+1-790-214-7342x7220,1975-02-20,GA,81102,2024-01-14,AGT0060,VSP,Dental Basic
MEM004065,Anthony,Garcia,fordjustin@example.net,001-986-522-0686,1955-10-20,FL,54254,2024-01-02,AGT0014,MetLife,Vision Basic
MEM004066,Wendy,Allen,caleb52@example.org,(398)720-2901x665,1994-11-11,FL,09669,2023-03-04,AGT0016,VSP,Dental Premium
MEM004067,Steven,Vasquez,johncampbell@example.net,(266)647-9846x50335,1993-02-15,TX,50683,2023-09-27,AGT0030,VSP,Vision Premium
MEM004068,William,Horton,floresdennis@example.com,(509)860-3075x856,1969-06-04,OH,31031,2023-03-04,AGT0063,VSP,Dental Premium
MEM004069,Paige,Anderson,briannamccarty@example.net,457-563-4339x971,1997-07-22,IN,54756,2023-08-22,AGT0024,VSP,Dental Premium
MEM004070,Jeffrey,Johnson,lawsonsarah@example.com,001-970-361-9878x018,1977-01-25,TX,54433,2023-03-16,AGT0042,Zurich,Vision Basic
MEM004071,Nicole,Pena,josephmiller@example.com,967-324-2742x07842,1984-05-22,IN,60574,2023-07-05,AGT0021,Zurich,Dental Basic
MEM004072,Sarah,Brown,zanthony@example.com,+1-567-814-3648,1985-05-21,TX,11435,2023-09-23,AGT0052,MetLife,Dental+Vision Bundle
MEM004073,Tina,Edwards,andradewilliam@example.com,001-200-425-1882x816,1999-10-17,TX,99043,2023-07-10,AGT0039,MetLife,Dental Premium
MEM004074,Mark,Wright,kelly10@example.org,(401)439-2160,1972-06-28,IL,69648,2024-03-14,AGT0002,VSP,Vision Premium
MEM004075,Nancy,Carr,stephenfigueroa@example.net,001-497-526-3329x3300,1968-07-23,IL,22811,2024-01-22,AGT0062,MetLife,Dental+Vision Bundle
MEM004076,Amy,Morris,thomasalan@example.com,(224)817-4860,1980-05-07,MI,35739,2023-07-31,AGT0071,VSP,Vision Basic
MEM004077,Lauren,Vargas,johnvazquez@example.net,2296027699,1982-02-17,CA,41828,2023-05-22,AGT0017,MetLife,Dental+Vision Bundle
MEM004078,Brandon,Booker,allenfields@example.org,001-569-927-8297x25398,1995-03-19,FL,38456,2024-03-17,AGT0078,MetLife,Dental Premium
MEM004079,Leslie,Wallace,jonesjacob@example.net,590-385-6432x065,1952-09-16,KY,19598,2024-11-18,AGT0067,Zurich,Dental+Vision Bundle
MEM004080,Vanessa,Stone,teresafranklin@example.com,+1-554-857-3485x4132,1970-12-21,IL,50458,2024-08-28,AGT0008,Zurich,Dental Premium
MEM004081,Sharon,Jones,marywhite@example.org,+1-781-497-3349x45204,1971-02-10,KY,37232,2024-01-15,AGT0001,VSP,Vision Premium
MEM004082,Dustin,Braun,garrett73@example.net,+1-789-607-6131x8763,1962-12-28,FL,94542,2024-06-21,AGT0026,Zurich,Dental Premium
MEM004083,Bobby,Cain,lisasmith@example.org,001-767-988-6951x270,1979-05-16,CA,04261,2023-03-27,AGT0058,VSP,Dental+Vision Bundle
MEM004084,Jennifer,Webb,townsendveronica@example.net,(300)200-3901,1978-03-13,MI,73787,2023-01-10,AGT0042,VSP,Vision Basic
MEM004085,Brandon,Bradley,lorimercado@example.org,001-403-888-7815x14178,1994-11-16,CA,48603,2024-04-30,AGT0060,VSP,Vision Premium
MEM004086,Justin,Brown,salasrebecca@example.org,001-342-795-5538x7097,1972-11-06,IL,87387,2023-12-19,AGT0056,MetLife,Vision Basic
MEM004087,Kevin,Dudley,samanthagarner@example.org,(683)628-3715x875,1971-08-23,TX,80459,2023-01-29,AGT0034,MetLife,Dental+Vision Bundle
MEM004088,Richard,White,whitneymclean@example.com,(204)272-9484x2209,1968-11-05,GA,14462,2024-05-03,AGT0017,VSP,Vision Premium
MEM004089,Julie,Walker,bestsylvia@example.com,+1-309-570-6704x3024,1955-05-09,IL,46161,2023-07-04,AGT0023,Zurich,Dental Basic
MEM004090,Anthony,Thornton,watsonmary@example.org,557.641.5181,1959-07-20,OH,23686,2023-04-16,AGT0060,VSP,Vision Premium
MEM004091,Gina,Fowler,coxdominique@example.com,001-739-990-5379x9915,1988-03-18,CA,20096,2024-05-16,AGT0016,VSP,Dental Basic
MEM004092,Andrea,Webb,deborah18@example.org,(328)926-1362x43419,1955-02-18,KY,88396,2023-06-18,AGT0021,Zurich,Dental+Vision Bundle
MEM004093,Colleen,Park,annette29@example.com,240-255-4632x1827,1960-03-25,KY,98955,2024-01-16,AGT0035,Zurich,Dental Premium
MEM004094,Peter,Summers,rubenroberson@example.org,8844476077,1970-11-16,IN,68739,2024-07-20,AGT0048,MetLife,Dental+Vision Bundle
MEM004095,Robert,Case,jessewilcox@example.net,+1-489-785-2588x0496,2001-11-28,IN,22353,2024-03-11,AGT0027,Zurich,Dental+Vision Bundle
MEM004096,Michael,Ramsey,marksjane@example.com,495.331.3135,1966-10-17,IN,40171,2023-07-03,AGT0024,Zurich,Dental Premium
MEM004097,Jennifer,Cook,erowland@example.com,631-792-6219x731,1999-04-23,IN,59727,2024-08-05,AGT0013,VSP,Dental Basic
MEM004098,Henry,Santos,jacob86@example.net,(901)694-6116x0810,1974-02-06,FL,87906,2024-02-12,AGT0010,MetLife,Dental Premium
MEM004099,Matthew,Moore,danielle86@example.org,+1-850-385-5110x8030,1956-05-30,FL,45946,2023-01-26,AGT0060,MetLife,Dental+Vision Bundle
MEM004100,Kenneth,Davis,steven70@example.org,+1-571-831-1942x7100,1985-11-22,MI,51018,2023-03-24,AGT0058,MetLife,Dental+Vision Bundle
MEM004101,Tina,Lowery,hamiltonedwin@example.net,001-779-788-1594x5606,1952-12-14,KY,85651,2023-01-12,AGT0075,MetLife,Dental Basic
MEM004102,Vickie,Vargas,riverakaren@example.com,(775)509-0161,1991-03-02,IL,82536,2024-02-28,AGT0033,VSP,Dental Premium
MEM004103,Erin,Conway,joshua31@example.com,(430)203-0045,1960-02-25,FL,69542,2023-08-18,AGT0021,Zurich,Dental Premium
MEM004104,Karen,Harris,hancockchristine@example.net,+1-588-831-1496,1988-11-13,MI,65444,2024-03-30,AGT0072,MetLife,Vision Basic
MEM004105,Ricky,Scott,joshua21@example.net,670-462-2178,1952-12-01,GA,54592,2024-07-30,AGT0042,VSP,Dental Basic
MEM004106,Jessica,Gonzalez,smithjennifer@example.org,+1-590-329-1542x59428,1999-05-07,TN,14941,2023-12-25,AGT0014,Zurich,Vision Basic
MEM004107,Douglas,Johnson,frusso@example.org,+1-344-923-6025x67322,1970-03-05,IL,14056,2024-09-11,AGT0060,Zurich,Dental Basic
MEM004108,Frank,Daniel,suarezcarly@example.net,654-209-3436x88691,1966-03-02,TX,28671,2024-05-20,AGT0012,MetLife,Dental+Vision Bundle
MEM004109,Anthony,Bauer,michele69@example.org,8099038755,1984-10-10,MI,50892,2023-05-01,AGT0045,Zurich,Dental Basic
MEM004110,Nicole,Young,angelahall@example.com,330-547-1427x205,1988-07-05,IN,79592,2024-07-30,AGT0017,VSP,Vision Premium
MEM004111,Tonya,Mitchell,robertsmonique@example.com,311-828-4256,1985-06-13,TN,23220,2024-04-08,AGT0022,VSP,Dental+Vision Bundle
MEM004112,Patricia,Miranda,agarner@example.org,(713)277-2769x055,1977-04-01,TN,67740,2024-07-20,AGT0027,Zurich,Vision Basic
MEM004113,Juan,Holmes,smithmelissa@example.com,(394)430-7498x20976,2002-08-10,TN,61930,2024-09-30,AGT0003,VSP,Vision Premium
MEM004114,William,Black,orozcocarlos@example.org,(469)695-1906,1998-12-30,GA,40128,2024-06-01,AGT0039,MetLife,Dental Premium
MEM004115,Douglas,Wood,weissbenjamin@example.net,371-528-7533x48080,1982-08-08,GA,57827,2024-05-22,AGT0003,MetLife,Dental Basic
MEM004116,Lauren,Fuentes,lisa47@example.com,001-221-642-5482x718,1959-04-08,CA,42376,2023-01-11,AGT0022,Zurich,Dental Basic
MEM004117,Stephen,Long,gavinsimmons@example.com,+1-747-207-2176,1956-12-22,TN,46595,2023-07-10,AGT0039,MetLife,Vision Basic
MEM004118,Jeremiah,Baker,kaylamiller@example.net,940.663.9590x700,1973-03-29,TX,08590,2023-10-14,AGT0074,MetLife,Vision Basic
MEM004119,Taylor,Sanchez,hrobinson@example.org,001-390-693-3186x83985,1964-01-28,TN,91098,2023-06-27,AGT0025,MetLife,Dental Basic
MEM004120,Patrick,Sanchez,ubennett@example.net,(539)418-9009x1807,1965-01-19,MI,12913,2023-01-07,AGT0046,MetLife,Dental Basic
MEM004121,April,Ponce,david19@example.com,001-734-286-0717x754,1979-09-24,TN,64012,2024-01-19,AGT0008,MetLife,Vision Basic
MEM004122,Dana,Mcconnell,bgordon@example.net,7479790013,1980-04-16,KY,88579,2023-08-20,AGT0043,Zurich,Vision Premium
MEM004123,Amber,Randolph,wrightjacob@example.org,905.594.6696x1479,1970-04-12,GA,67337,2023-02-04,AGT0075,Zurich,Dental+Vision Bundle
MEM004124,Beverly,Myers,alicia33@example.net,(629)454-0054x530,1975-07-22,MI,14770,2024-07-27,AGT0080,MetLife,Vision Premium
MEM004125,Justin,Ellison,loribarker@example.com,001-265-418-9994x0364,1967-04-17,IL,76334,2023-09-09,AGT0038,MetLife,Dental Premium
MEM004126,Amber,Davis,jbrowning@example.net,732.662.1003,2003-02-13,GA,62853,2023-06-17,AGT0017,MetLife,Dental+Vision Bundle
MEM004127,David,Wilson,nathan52@example.org,001-983-462-3081,1981-02-11,CA,93605,2023-01-28,AGT0069,Zurich,Dental Basic
MEM004128,Raymond,Hurley,ijordan@example.com,(204)941-5682,1974-03-05,KY,20745,2023-05-10,AGT0012,MetLife,Dental+Vision Bundle
MEM004129,Timothy,Tanner,ashley94@example.net,4185989266,1989-11-11,TN,99519,2023-02-28,AGT0077,VSP,Dental Premium
MEM004130,Katelyn,Cherry,dcole@example.net,+1-665-560-0229x5703,2003-12-07,CA,45935,2024-09-18,AGT0018,MetLife,Dental Basic
MEM004131,Julie,Lewis,alvarezbrian@example.net,001-787-467-9936x891,1994-07-15,GA,06302,2023-09-06,AGT0026,MetLife,Vision Basic
MEM004132,Brenda,Moreno,phale@example.com,277.341.5463x3441,2002-10-02,TN,23694,2023-11-13,AGT0036,MetLife,Dental Basic
MEM004133,Angela,Esparza,torresmaria@example.com,(907)448-0155,1984-06-11,IL,07925,2023-01-16,AGT0077,VSP,Vision Basic
MEM004134,Michael,Edwards,spencermiller@example.org,001-568-507-5009x6708,1968-03-23,FL,68748,2024-08-02,AGT0044,Zurich,Dental+Vision Bundle
MEM004135,Allison,Fletcher,pattersonlauren@example.org,001-438-328-7899x17235,2002-07-27,IL,47128,2023-04-11,AGT0024,VSP,Dental Premium
MEM004136,Patricia,Davis,mcarlson@example.org,571.600.2397x70431,1958-12-17,FL,47024,2023-08-23,AGT0048,MetLife,Vision Premium
MEM004137,Kristen,Neal,russellalyssa@example.net,001-332-389-9710x57549,1987-12-31,KY,10408,2023-05-12,AGT0061,VSP,Dental Basic
MEM004138,Katherine,Smith,ortizlori@example.org,001-689-589-1128x1471,1985-10-06,KY,72821,2024-06-04,AGT0050,MetLife,Dental+Vision Bundle
MEM004139,Erica,Compton,bowerschristopher@example.net,703-535-9690x0705,1952-04-12,CA,02699,2023-05-26,AGT0055,MetLife,Dental Premium
MEM004140,Christine,Hutchinson,fgriffin@example.net,(698)468-3017x76260,1952-05-16,IN,94436,2023-08-23,AGT0074,Zurich,Dental Basic
MEM004141,Renee,Gregory,john95@example.net,(396)982-6069x2804,1974-02-04,TN,81395,2024-06-29,AGT0018,VSP,Dental Basic
MEM004142,Cristina,Peters,bobbywalker@example.org,7377660028,1959-07-02,OH,08416,2023-06-20,AGT0046,Zurich,Dental Basic
MEM004143,Jason,Brennan,erika10@example.com,297.631.7367x23101,1981-10-25,IN,46814,2023-12-06,AGT0041,MetLife,Dental Premium
MEM004144,Mary,Ray,elaine30@example.org,(607)330-8163,1959-01-02,CA,11353,2023-05-23,AGT0014,VSP,Dental Basic
MEM004145,Andrew,Morgan,kelseyhubbard@example.com,+1-477-926-1958x4361,1996-06-02,FL,25422,2023-02-20,AGT0063,Zurich,Vision Basic
MEM004146,Rachel,Hoffman,kellyevans@example.org,(880)485-7623,1973-05-30,FL,31578,2023-05-24,AGT0078,MetLife,Dental Premium
MEM004147,Barbara,Ortiz,caseyzoe@example.com,9242855256,1961-10-12,IL,69361,2023-09-15,AGT0012,Zurich,Vision Basic
MEM004148,Amanda,Myers,michaelroberson@example.com,(398)598-2054,1978-10-30,TX,61824,2023-09-18,AGT0015,Zurich,Dental Basic
MEM004149,Sarah,Doyle,victoriathompson@example.org,(771)264-3169,1977-02-20,TX,08414,2023-01-08,AGT0062,VSP,Dental Basic
MEM004150,Kristen,Boyd,hodgescharles@example.com,6209122125,1984-04-16,CA,20525,2024-05-19,AGT0026,MetLife,Dental+Vision Bundle
MEM004151,Joel,Murray,zachary48@example.net,001-536-798-0225x091,2002-11-01,CA,87115,2023-06-24,AGT0072,VSP,Dental Premium
MEM004152,Samantha,Mcdonald,lewisheather@example.org,441-357-0995,1955-02-17,IL,08483,2024-01-02,AGT0044,VSP,Vision Premium
MEM004153,Katelyn,Powell,cooperamanda@example.net,(361)610-4476,1976-01-02,GA,75511,2024-11-12,AGT0036,MetLife,Dental+Vision Bundle
MEM004154,Kimberly,Gonzalez,reedchristian@example.com,919.445.7545x23558,1995-03-03,TN,76864,2023-12-08,AGT0068,Zurich,Dental Basic
MEM004155,Lindsey,Diaz,lori24@example.org,408-471-5409,1965-05-31,TN,81434,2024-07-08,AGT0056,Zurich,Vision Premium
MEM004156,Sarah,Chambers,robert29@example.com,(754)983-5459,1986-04-17,IL,25003,2023-05-19,AGT0003,Zurich,Vision Basic
MEM004157,Ryan,Turner,lisa50@example.org,(430)897-2967,1993-04-07,IL,50136,2024-02-12,AGT0075,MetLife,Dental Premium
MEM004158,Christopher,Hunter,claire40@example.com,(509)243-4102,1978-08-11,TN,14384,2023-08-10,AGT0011,Zurich,Dental Premium
MEM004159,Krista,Gonzalez,hoganjohn@example.com,839.888.6849,1964-04-07,IL,55114,2024-07-22,AGT0024,VSP,Dental Basic
MEM004160,Alyssa,Olson,jill15@example.net,591.822.1904,1997-11-04,IL,04752,2023-04-19,AGT0046,Zurich,Vision Premium
MEM004161,Rhonda,Barnes,adamsjohn@example.net,244-269-4421x1067,1986-05-27,IL,47681,2024-10-12,AGT0039,VSP,Dental Basic
MEM004162,Jason,Shields,georgeschroeder@example.net,651-687-1040,1966-12-06,CA,56601,2024-02-26,AGT0033,MetLife,Vision Basic
MEM004163,Jose,Blake,kperez@example.net,001-922-284-0144,1965-03-18,IL,91782,2023-04-03,AGT0032,VSP,Dental Basic
MEM004164,Deborah,Barrett,oblanchard@example.com,205.841.6318x92750,2001-06-11,IL,86811,2024-08-06,AGT0077,MetLife,Vision Premium
MEM004165,Emily,Pittman,curtislopez@example.net,9052067481,1987-06-16,GA,26925,2024-09-12,AGT0022,Zurich,Dental Premium
MEM004166,Erica,Young,suareznicole@example.org,658.613.0121x7099,1986-10-10,GA,77668,2023-05-18,AGT0001,VSP,Dental+Vision Bundle
MEM004167,Marcus,Ford,clarkdaniel@example.org,+1-206-816-9185x361,1954-09-21,CA,65950,2023-12-17,AGT0047,VSP,Dental Basic
MEM004168,Anthony,Krause,acastillo@example.org,989-312-7177x32685,1992-10-24,KY,08415,2023-03-10,AGT0006,MetLife,Vision Premium
MEM004169,Kristi,Moss,bryan86@example.org,985-952-5676,1956-09-19,IN,80492,2024-09-21,AGT0011,Zurich,Dental Basic
MEM004170,Donna,Smith,sandra11@example.com,+1-869-811-5340x52426,1968-01-06,TX,75234,2024-01-15,AGT0080,MetLife,Dental Basic
MEM004171,Sonya,Griffin,kgilbert@example.org,3785281604,1991-08-07,OH,65523,2023-11-02,AGT0012,Zurich,Dental Basic
MEM004172,Brittany,Fletcher,cnelson@example.com,001-570-338-3410,1954-03-13,GA,13718,2023-01-06,AGT0003,Zurich,Dental Basic
MEM004173,Charles,Kelly,ibrown@example.org,7788490824,1953-05-06,TN,02294,2024-05-12,AGT0052,VSP,Dental Premium
MEM004174,Gabriela,Thornton,samantha20@example.org,202.523.9354,1954-12-04,FL,49466,2024-03-04,AGT0056,MetLife,Dental Premium
MEM004175,Shannon,Hall,kathygreen@example.com,327.781.2196x5735,1997-03-01,TN,86604,2023-08-12,AGT0002,MetLife,Vision Basic
MEM004176,Sheila,Jarvis,ywilliams@example.com,5766647124,1991-07-17,IL,96302,2023-08-22,AGT0026,VSP,Dental Premium
MEM004177,Joan,May,josemurphy@example.net,451.857.9800x583,1988-03-08,IL,84559,2024-03-31,AGT0029,Zurich,Dental Basic
MEM004178,Breanna,Fields,obrown@example.net,7174982109,1986-10-25,OH,65961,2023-07-22,AGT0002,Zurich,Dental+Vision Bundle
MEM004179,Angela,Sanchez,haydencook@example.net,001-768-334-5116x106,1973-03-27,KY,41607,2024-09-24,AGT0012,VSP,Dental Premium
MEM004180,Destiny,Robinson,sarahjackson@example.com,(893)265-8834,1958-11-23,GA,43950,2023-07-24,AGT0045,VSP,Dental+Vision Bundle
MEM004181,Edward,Johnson,amy25@example.org,(679)213-8851x5869,1960-06-08,MI,80842,2023-10-22,AGT0059,MetLife,Vision Basic
MEM004182,Kenneth,Robertson,hhenson@example.net,(899)317-8076,1984-11-03,TX,48015,2024-11-05,AGT0047,VSP,Dental+Vision Bundle
MEM004183,Jonathan,Padilla,gallowaystephanie@example.com,387-400-1365,1987-11-10,MI,24706,2023-02-02,AGT0033,Zurich,Dental Premium
MEM004184,Alan,Fisher,sean91@example.org,(447)425-9856x8421,1954-01-14,KY,67614,2024-09-30,AGT0055,MetLife,Vision Basic
MEM004185,Rachel,Guzman,jared54@example.org,430-719-4267x363,1958-12-24,TX,14484,2023-12-15,AGT0071,VSP,Dental Basic
MEM004186,Michael,Davis,deborah08@example.org,653-910-0259x0475,1994-05-10,CA,57678,2023-03-30,AGT0079,Zurich,Dental Basic
MEM004187,Carla,Owens,michaelmorris@example.net,446.991.7284x71271,1966-05-25,IN,22922,2023-11-03,AGT0022,VSP,Vision Basic
MEM004188,Kristina,Miller,mmedina@example.org,330.565.5976,1977-08-08,KY,47138,2024-03-31,AGT0035,MetLife,Vision Premium
MEM004189,Matthew,Mccarthy,wolfeeric@example.org,796.717.7001x280,1969-08-25,KY,91065,2023-06-22,AGT0045,VSP,Vision Premium
MEM004190,Carlos,White,amy98@example.org,711.698.9683,1994-12-12,GA,04918,2023-07-21,AGT0074,VSP,Dental Premium
MEM004191,Micheal,Byrd,bhartman@example.net,(705)264-3290x0889,1964-11-06,TN,75927,2023-01-12,AGT0038,Zurich,Dental Premium
MEM004192,Chad,Porter,victornguyen@example.com,001-536-822-9822x505,1983-12-16,IL,42420,2023-08-19,AGT0054,Zurich,Vision Basic
MEM004193,Michelle,Davis,lesliebaker@example.net,220-694-1844x462,1991-12-14,IL,25059,2023-10-15,AGT0026,Zurich,Dental Premium
MEM004194,Kyle,Osborn,lreid@example.com,(273)413-9211,1955-09-03,IN,87546,2023-09-30,AGT0001,Zurich,Dental Premium
MEM004195,Brittany,Atkins,ellisjason@example.com,001-972-590-3216x51556,1980-04-02,TN,97526,2024-05-27,AGT0062,Zurich,Dental+Vision Bundle
MEM004196,Jake,Bennett,gibsondevin@example.com,787.965.9732x460,1958-03-14,GA,99000,2023-06-28,AGT0036,MetLife,Dental Premium
MEM004197,Sabrina,Johnson,mercadoheather@example.org,+1-925-205-8368x251,1951-06-09,IN,84116,2024-08-27,AGT0075,MetLife,Vision Basic
MEM004198,Eddie,Sellers,diana52@example.com,546.993.4432x228,1973-06-29,GA,22867,2023-03-21,AGT0007,VSP,Vision Basic
MEM004199,Maria,Noble,lopeztroy@example.org,(604)748-4000,1986-11-01,OH,28915,2024-10-25,AGT0038,MetLife,Vision Basic
MEM004200,Kevin,Hill,loriporter@example.net,+1-928-917-2724x334,1973-07-01,KY,22438,2024-06-19,AGT0028,VSP,Dental Basic
MEM004201,Felicia,Baker,justin76@example.org,+1-782-855-9948x4827,1957-05-22,TX,48277,2024-01-20,AGT0058,Zurich,Dental+Vision Bundle
MEM004202,Micheal,Arnold,oayala@example.net,001-794-313-0087x10623,1987-04-16,KY,52178,2023-12-26,AGT0054,VSP,Dental Basic
MEM004203,Anne,Hubbard,emilybaker@example.com,001-864-495-6656x60207,1970-12-24,GA,37162,2024-02-02,AGT0071,MetLife,Dental Premium
MEM004204,Lauren,Edwards,jessicaperkins@example.org,001-627-634-8579x49418,1957-10-26,TX,22237,2023-11-01,AGT0048,Zurich,Vision Premium
MEM004205,Ryan,Lowe,jeffrey05@example.com,(749)241-5874x491,1953-01-04,IN,23191,2024-08-07,AGT0020,VSP,Vision Basic
MEM004206,Donald,Cross,carlos85@example.net,+1-797-268-1165,2001-10-02,OH,91817,2023-06-20,AGT0002,Zurich,Dental Premium
MEM004207,Alejandra,Rodriguez,singletonscott@example.net,001-815-274-8004,1990-10-08,TX,69327,2023-02-11,AGT0050,MetLife,Dental Premium
MEM004208,Elizabeth,Hancock,nicholasjimenez@example.net,(924)690-9342,1982-08-06,GA,79414,2023-08-30,AGT0055,MetLife,Dental Premium
MEM004209,Shannon,Gordon,kmorris@example.net,555-915-6249,1970-06-12,MI,18808,2023-02-07,AGT0057,VSP,Dental+Vision Bundle
MEM004210,Brittany,Stewart,austinclark@example.org,(604)826-3759x9729,1995-09-07,MI,82797,2024-08-29,AGT0028,MetLife,Dental Premium
MEM004211,April,Cox,stephen05@example.org,+1-357-659-9753x92918,1989-06-23,MI,05851,2024-10-22,AGT0003,VSP,Vision Basic
MEM004212,Maurice,Mason,robert52@example.net,589-235-8058,1999-03-01,IL,58679,2023-05-04,AGT0024,Zurich,Dental Basic
MEM004213,Paul,Gardner,strongjohn@example.org,(802)444-2117x3849,1992-08-25,CA,96521,2024-02-25,AGT0036,MetLife,Vision Basic
MEM004214,Shannon,Wright,ucastro@example.com,+1-450-570-1342,1990-07-25,TX,43009,2024-06-08,AGT0065,VSP,Dental Premium
MEM004215,Jessica,Reese,kirk05@example.com,001-610-362-0802x0110,1979-07-24,CA,19391,2024-05-29,AGT0006,VSP,Vision Basic
MEM004216,Stephanie,Hicks,sbarker@example.net,+1-760-722-5092x0119,2001-05-17,GA,21939,2023-07-30,AGT0027,VSP,Vision Premium
MEM004217,Ralph,Burns,tracyanderson@example.com,225-692-7976,1996-03-16,CA,06465,2023-06-23,AGT0065,VSP,Dental+Vision Bundle
MEM004218,Ian,Rodriguez,kimberlysparks@example.org,2845952540,1978-04-03,TN,48269,2023-01-25,AGT0003,Zurich,Vision Basic
MEM004219,Elizabeth,Beltran,wisejessica@example.net,+1-993-445-7649x4789,1962-05-21,IL,51158,2024-08-07,AGT0016,Zurich,Vision Basic
MEM004220,Holly,Contreras,millerdenise@example.net,001-416-946-6632x6631,2000-05-01,GA,66487,2023-09-26,AGT0010,Zurich,Dental+Vision Bundle
MEM004221,Lorraine,Valencia,sreyes@example.org,958-748-5166x2635,1989-09-22,IN,39348,2024-11-30,AGT0053,VSP,Dental Basic
MEM004222,Heather,Blake,gerald05@example.com,668-933-1421,1956-04-03,GA,23855,2023-03-04,AGT0021,Zurich,Dental+Vision Bundle
MEM004223,Diana,Marsh,glenneric@example.org,754-440-2741x24320,1951-05-01,FL,04343,2024-11-23,AGT0025,Zurich,Vision Basic
MEM004224,Jennifer,Alvarez,brewerdeborah@example.com,+1-461-736-7634x85285,1957-03-09,CA,67810,2024-06-05,AGT0069,MetLife,Vision Basic
MEM004225,Adrian,Horton,spearsanthony@example.org,001-327-996-8559x6521,1963-10-23,GA,64751,2024-07-29,AGT0042,MetLife,Vision Premium
MEM004226,Morgan,Arnold,smithvincent@example.org,393-690-3064x16702,1991-08-06,OH,74619,2023-08-27,AGT0059,Zurich,Dental+Vision Bundle
MEM004227,Jacob,Hurley,hoganwilliam@example.org,701-507-7250x210,1997-11-24,GA,07901,2023-01-07,AGT0040,Zurich,Dental Premium
MEM004228,Cynthia,Watts,james29@example.org,453.994.1187,2002-09-10,KY,36098,2024-02-19,AGT0021,MetLife,Dental Basic
MEM004229,Gordon,Tapia,jerrymiller@example.com,(313)963-1159x69554,1998-01-18,MI,72603,2024-08-28,AGT0012,Zurich,Vision Premium
MEM004230,Brian,Payne,rhonda76@example.org,916-525-3164x023,1977-02-19,CA,75717,2023-12-01,AGT0003,MetLife,Dental Premium
MEM004231,Jeff,Barr,micheal74@example.org,+1-729-586-0377x90542,1987-07-20,FL,11381,2024-08-02,AGT0004,VSP,Vision Basic
MEM004232,Thomas,Johnson,trevorstein@example.org,478-887-2878,1980-07-02,TX,45099,2023-03-07,AGT0057,MetLife,Dental Basic
MEM004233,Albert,Garrison,christianjackson@example.org,(348)536-6253x967,1997-08-05,IL,19776,2023-09-22,AGT0035,MetLife,Vision Basic
MEM004234,Kimberly,Chapman,adamjones@example.com,001-352-223-9315,1974-12-08,MI,47305,2024-06-08,AGT0007,Zurich,Dental Basic
MEM004235,Heidi,Stephens,bobby79@example.com,(928)210-8918,1956-10-04,FL,68268,2024-11-25,AGT0069,MetLife,Dental Premium
MEM004236,Carol,Cook,starkjeffrey@example.net,+1-591-513-2036x0960,1950-07-02,GA,65146,2024-05-29,AGT0049,Zurich,Dental Premium
MEM004237,Joshua,Bernard,mooneyrichard@example.org,228.307.9344x696,1960-03-21,TN,06780,2023-08-16,AGT0068,Zurich,Dental+Vision Bundle
MEM004238,Eric,Miller,scottsimon@example.net,001-480-544-6007x9194,1959-03-28,GA,43799,2023-02-23,AGT0033,Zurich,Dental+Vision Bundle
MEM004239,Christine,Robbins,briantucker@example.org,+1-504-299-7805x50144,1962-09-25,TX,13395,2024-11-04,AGT0012,VSP,Dental Basic
MEM004240,Dan,Jones,ytucker@example.com,721-607-5353,1954-02-28,OH,89930,2024-04-04,AGT0061,MetLife,Dental+Vision Bundle
MEM004241,Nicole,Garner,nwood@example.com,(658)349-1282x642,1986-12-27,KY,35747,2023-06-09,AGT0006,VSP,Dental+Vision Bundle
MEM004242,Kimberly,Cook,nwilson@example.com,(858)354-7398x9301,1952-10-15,TX,23903,2023-07-28,AGT0070,MetLife,Vision Basic
MEM004243,Stephanie,Cantu,kennethgray@example.net,415-507-1689,1990-10-03,IL,19498,2023-03-09,AGT0052,MetLife,Vision Basic
MEM004244,Kim,Wilson,rrodriguez@example.com,353.601.5705x570,1987-03-14,TX,32610,2024-09-07,AGT0023,Zurich,Dental+Vision Bundle
MEM004245,Madeline,Glenn,katieflowers@example.com,599.418.2440x428,1976-11-02,TX,33714,2023-10-31,AGT0042,MetLife,Vision Premium
MEM004246,Gary,Johnson,joseph08@example.com,(897)596-7642,1991-01-22,IL,95179,2023-01-20,AGT0067,Zurich,Vision Premium
MEM004247,Jeremy,Clark,harrismichael@example.org,327-841-4055,2000-09-07,IL,88157,2023-12-14,AGT0060,Zurich,Dental Premium
MEM004248,Kerri,Francis,ymcdonald@example.org,+1-616-816-9349x617,1987-08-03,TX,33554,2023-03-19,AGT0001,VSP,Dental+Vision Bundle
MEM004249,Amy,Garrett,brianrichard@example.net,720-575-7046x48371,2003-10-25,GA,99832,2023-04-26,AGT0015,MetLife,Vision Premium
MEM004250,Bruce,Tucker,erintucker@example.com,816.974.3121x82725,1985-02-28,IL,29696,2024-02-20,AGT0002,Zurich,Dental Basic
MEM004251,Teresa,Ortega,miranda17@example.net,616-347-5609x1575,1951-07-03,MI,49442,2023-05-17,AGT0080,MetLife,Vision Basic
MEM004252,Shawn,Patterson,karla82@example.org,528-720-9788x622,1965-09-20,GA,30656,2024-10-12,AGT0025,Zurich,Dental+Vision Bundle
MEM004253,Melissa,Barber,davidvalenzuela@example.org,001-886-287-9732x598,1975-03-06,KY,80518,2023-09-28,AGT0028,VSP,Dental+Vision Bundle
MEM004254,Barbara,Erickson,mistyharper@example.com,(285)398-9344x328,1966-07-01,KY,78599,2024-01-26,AGT0043,Zurich,Vision Premium
MEM004255,Jonathan,Smith,michael77@example.net,7172154894,1950-07-12,OH,49391,2024-05-11,AGT0023,MetLife,Vision Premium
MEM004256,John,Spears,pmartinez@example.com,+1-807-668-2637x40685,1962-10-17,KY,54710,2023-10-30,AGT0021,Zurich,Dental+Vision Bundle
MEM004257,Michael,Taylor,murphytimothy@example.org,989-556-6546x4398,1986-08-03,CA,01035,2023-08-09,AGT0003,Zurich,Dental Basic
MEM004258,Jill,Buckley,campbellrobert@example.org,001-452-226-1247x1305,1969-12-28,FL,52260,2023-06-09,AGT0047,MetLife,Dental Basic
MEM004259,Joseph,Johnson,harveychristian@example.com,001-306-369-3548x9102,1973-11-20,CA,35259,2024-07-18,AGT0058,VSP,Dental+Vision Bundle
MEM004260,Jessica,Koch,edwardslaura@example.org,(573)783-3997x0498,1972-06-03,CA,53939,2023-03-02,AGT0049,Zurich,Vision Premium
MEM004261,Melissa,Young,nruiz@example.com,793-928-8752,1961-10-30,KY,56488,2023-01-01,AGT0032,VSP,Dental Premium
MEM004262,Michelle,Stephens,qbailey@example.org,(343)979-7975x2542,1953-10-09,TN,12343,2023-11-12,AGT0046,MetLife,Vision Premium
MEM004263,Kathy,Munoz,perryjoseph@example.net,001-259-782-6349x459,1972-12-14,TX,91820,2024-03-11,AGT0011,Zurich,Vision Basic
MEM004264,Jason,Marshall,anna04@example.net,+1-451-814-1010x8987,1982-12-11,KY,75350,2024-03-26,AGT0003,MetLife,Dental+Vision Bundle
MEM004265,Felicia,Bell,shannon37@example.org,001-326-566-9598,1995-10-04,TX,62405,2023-10-06,AGT0019,MetLife,Dental Premium
MEM004266,Jennifer,Lee,tyler31@example.org,001-654-297-0751x49767,1990-07-13,FL,08018,2024-08-06,AGT0032,Zurich,Dental Premium
MEM004267,Stacy,Patel,gwright@example.com,9734198504,1986-11-19,IL,44860,2024-02-14,AGT0026,MetLife,Dental Basic
MEM004268,Michael,Parks,lopezamber@example.org,001-240-982-8727x40647,1984-03-12,GA,04915,2023-02-09,AGT0060,Zurich,Vision Premium
MEM004269,Jonathan,Carter,brewerelizabeth@example.com,001-230-727-5879x432,1986-08-01,KY,06585,2024-06-25,AGT0075,MetLife,Dental Basic
MEM004270,Anthony,Williams,elizabeth65@example.net,(607)554-5422x33606,1977-11-06,CA,39519,2024-08-18,AGT0063,Zurich,Dental+Vision Bundle
MEM004271,Scott,Richards,qriley@example.org,(315)929-9596,1954-07-13,KY,82586,2023-05-19,AGT0024,Zurich,Vision Basic
MEM004272,Austin,Romero,lisa81@example.net,626.849.0941x25472,1964-11-15,GA,27247,2023-07-08,AGT0073,Zurich,Dental Basic
MEM004273,Jason,Blake,matthew40@example.net,+1-743-608-9436x66470,1987-05-29,GA,90401,2024-01-29,AGT0010,VSP,Dental+Vision Bundle
MEM004274,Thomas,Leon,wwilson@example.net,+1-906-795-7071x30802,2002-05-05,GA,21419,2024-08-05,AGT0023,MetLife,Dental+Vision Bundle
MEM004275,Trevor,Anderson,lance06@example.net,535-317-1711x88221,2002-12-07,CA,58668,2024-01-22,AGT0020,Zurich,Dental+Vision Bundle
MEM004276,Dustin,Bennett,harrispamela@example.net,001-780-200-1959x40874,1999-03-07,MI,29058,2024-09-09,AGT0028,VSP,Vision Premium
MEM004277,James,Gutierrez,richardsonpamela@example.org,(641)640-2269x5620,1985-11-14,TX,92884,2024-05-03,AGT0066,VSP,Vision Premium
MEM004278,Danielle,Miller,hernandezwilliam@example.org,001-388-543-7721,1966-10-21,TN,83336,2024-04-06,AGT0056,MetLife,Dental Premium
MEM004279,Samantha,Jones,pamela75@example.net,309.472.0486,1972-11-10,TX,07506,2023-09-10,AGT0023,MetLife,Vision Basic
MEM004280,Katie,Kent,tammycarlson@example.org,506-398-3214x45686,1972-02-29,OH,41075,2023-09-15,AGT0042,MetLife,Vision Basic
MEM004281,Robert,Peters,aosborn@example.com,001-311-351-6695x5392,2003-10-14,OH,91071,2023-07-14,AGT0020,MetLife,Dental Premium
MEM004282,Daniel,Taylor,marie48@example.net,+1-207-988-9907,1950-05-25,OH,65057,2023-01-31,AGT0038,VSP,Dental Basic
MEM004283,Jimmy,Lane,christinereilly@example.org,(582)610-2152,1991-11-05,GA,90405,2024-11-05,AGT0019,Zurich,Vision Premium
MEM004284,Marcia,Torres,ellisjane@example.org,001-332-725-7177,1977-05-11,MI,06093,2023-03-10,AGT0005,VSP,Vision Premium
MEM004285,Ricardo,Rodriguez,odominguez@example.org,9362071498,1956-05-06,MI,27157,2024-07-31,AGT0039,MetLife,Dental Basic
MEM004286,Shaun,Bass,kimberly57@example.net,001-567-463-1413x1929,2001-07-30,FL,23767,2024-06-12,AGT0042,MetLife,Dental+Vision Bundle
MEM004287,Jessica,Richards,imaxwell@example.org,8055067156,1992-03-04,IL,50909,2024-07-10,AGT0005,Zurich,Vision Basic
MEM004288,Amanda,Nguyen,mcguireaustin@example.net,+1-797-934-8290x450,1979-05-11,GA,28160,2024-03-21,AGT0039,MetLife,Vision Premium
MEM004289,David,Ortiz,wgonzalez@example.com,(359)672-2370,1962-02-24,KY,41241,2024-11-14,AGT0002,VSP,Vision Basic
MEM004290,Ernest,Santos,terri83@example.org,+1-460-849-6091x33077,1963-07-30,IN,96813,2024-10-26,AGT0067,MetLife,Dental Basic
MEM004291,Devin,Thomas,sbailey@example.com,428.724.8580,1952-10-12,CA,60701,2023-08-26,AGT0063,VSP,Dental Premium
MEM004292,Richard,Perkins,william39@example.com,(351)908-9664,1973-06-02,TX,22759,2023-04-15,AGT0080,VSP,Dental Basic
MEM004293,Amy,Schmitt,gina18@example.net,(753)494-5345x238,1998-11-30,IN,14904,2024-08-05,AGT0048,VSP,Vision Basic
MEM004294,Kelly,Booth,hardinchristopher@example.net,(459)679-4223x413,1957-08-23,FL,21662,2023-01-05,AGT0047,MetLife,Vision Basic
MEM004295,Robert,Kent,nicholaswilson@example.com,(854)656-0356x61973,1990-03-30,CA,08932,2023-01-03,AGT0053,VSP,Dental Basic
MEM004296,Timothy,Charles,usandoval@example.net,770-877-9491x20032,1988-08-19,CA,49827,2024-06-22,AGT0043,VSP,Dental Basic
MEM004297,James,Johnson,jenkinsannette@example.net,509.512.6671x7382,1976-01-20,IN,62255,2024-10-29,AGT0040,MetLife,Vision Premium
MEM004298,Cassandra,Davis,pattonlaura@example.net,515.813.3269x0187,1994-01-10,KY,32687,2023-11-11,AGT0016,Zurich,Dental Basic
MEM004299,Tyler,Clayton,ktate@example.org,+1-660-302-1912,1956-07-05,MI,53479,2023-08-19,AGT0062,Zurich,Vision Basic
MEM004300,Dawn,Branch,amontgomery@example.net,+1-924-689-3231,1958-09-12,IN,71193,2024-02-19,AGT0007,VSP,Vision Basic
MEM004301,Jasmin,Vega,hle@example.com,(203)814-7548,1965-03-19,OH,11674,2023-07-21,AGT0064,VSP,Dental Basic
MEM004302,Victoria,David,tracy83@example.net,(769)847-1834x4998,1957-09-24,CA,39051,2024-03-05,AGT0023,MetLife,Dental Basic
MEM004303,Steven,Gomez,wendychandler@example.com,+1-355-860-5923x38925,2002-05-18,CA,77100,2023-12-08,AGT0010,Zurich,Dental Basic
MEM004304,David,Perez,butlertiffany@example.org,329-528-5034,1967-05-08,MI,43550,2024-05-10,AGT0059,MetLife,Dental Basic
MEM004305,Christina,Porter,callahansteven@example.com,252-258-6217,1976-05-15,KY,66779,2023-07-08,AGT0036,VSP,Dental Premium
MEM004306,Taylor,Wise,leegregg@example.net,611-218-2798,1950-01-03,KY,48639,2024-09-15,AGT0064,VSP,Dental Basic
MEM004307,Deborah,Mason,wyoung@example.com,+1-798-465-9898x920,1987-04-27,IL,35648,2024-07-01,AGT0029,VSP,Dental+Vision Bundle
MEM004308,Kathleen,Stewart,rebecca03@example.net,763-907-3359,1992-03-16,GA,82508,2023-01-06,AGT0042,MetLife,Vision Premium
MEM004309,Megan,Jones,jenniferbailey@example.org,469.284.8282x4104,1956-05-25,FL,86910,2024-09-14,AGT0005,Zurich,Vision Basic
MEM004310,Sergio,Collier,millerjulie@example.com,(533)491-8075x76449,1958-01-22,FL,19655,2024-01-01,AGT0031,Zurich,Dental Basic
MEM004311,Michele,Pham,antonioweeks@example.com,(232)889-3104,2003-03-18,TN,74487,2024-07-05,AGT0011,VSP,Dental Premium
MEM004312,Kenneth,Johnson,natalietaylor@example.net,466.615.9282,1972-12-12,IN,77676,2023-07-17,AGT0078,MetLife,Vision Basic
MEM004313,Ryan,Boyd,lisa97@example.org,(799)317-5541x33081,1995-08-28,IN,09573,2023-12-29,AGT0045,VSP,Vision Basic
MEM004314,Deborah,Johnson,williamsjulia@example.net,+1-399-711-4434x2494,1958-07-25,TN,97045,2023-03-22,AGT0058,VSP,Dental Premium
MEM004315,Paul,Lee,michelle66@example.org,001-807-338-7565,1985-03-16,TN,74455,2024-09-26,AGT0032,Zurich,Vision Premium
MEM004316,Charles,Davis,vanessaphillips@example.net,001-990-740-1272x419,1954-03-17,FL,04391,2024-02-12,AGT0061,MetLife,Dental Basic
MEM004317,Edward,Hawkins,jgonzalez@example.org,945.949.8562x757,2002-09-27,MI,87802,2023-01-12,AGT0002,Zurich,Dental Premium
MEM004318,Steven,Wolf,garylittle@example.net,001-467-233-7265x6837,1960-07-08,TX,08480,2023-11-16,AGT0036,MetLife,Dental+Vision Bundle
MEM004319,Keith,Brown,wparsons@example.net,751-278-2733,1998-12-24,IL,25072,2023-09-12,AGT0023,MetLife,Dental+Vision Bundle
MEM004320,Daniel,Martin,ntaylor@example.net,698.423.7224x28234,1968-10-01,CA,82035,2023-01-25,AGT0049,VSP,Vision Premium
MEM004321,Erin,Meadows,thompsondustin@example.net,502.453.0072,1971-05-27,TX,37825,2023-02-10,AGT0048,Zurich,Vision Basic
MEM004322,Melissa,Bowman,joseph44@example.org,213-774-8870x55480,1975-01-02,IN,61871,2024-12-01,AGT0057,Zurich,Vision Basic
MEM004323,Judith,Cline,lisabanks@example.com,593-409-9823x3215,1985-02-22,TN,68395,2023-06-05,AGT0021,Zurich,Vision Premium
MEM004324,Monica,White,johncasey@example.org,961.462.6456x09807,1984-04-13,KY,85853,2023-04-03,AGT0056,Zurich,Vision Basic
MEM004325,Christopher,Brown,tom04@example.org,(427)749-3003,1971-03-29,TN,48752,2023-07-28,AGT0054,MetLife,Dental Basic
MEM004326,Jeremy,Curtis,reedjennifer@example.com,+1-537-503-8857x7260,1992-01-10,KY,25230,2023-07-14,AGT0034,MetLife,Vision Basic
MEM004327,Lisa,Villarreal,hendersonmichael@example.net,+1-399-206-7023x1750,1954-10-17,GA,42518,2024-06-03,AGT0063,MetLife,Vision Basic
MEM004328,John,Taylor,hamiltonsusan@example.org,(896)652-2119,2000-02-05,FL,96812,2024-09-11,AGT0006,Zurich,Dental Basic
MEM004329,Joseph,Miller,joshuastone@example.org,+1-516-386-0625x361,1960-07-16,CA,68507,2024-11-26,AGT0079,MetLife,Vision Basic
MEM004330,Joseph,Chavez,eporter@example.com,210-990-9332,1975-04-25,MI,82713,2024-10-06,AGT0011,MetLife,Dental Basic
MEM004331,Raymond,White,ylewis@example.net,(462)285-9169x158,1984-12-20,GA,81824,2023-05-29,AGT0013,MetLife,Dental Premium
MEM004332,Christopher,Leach,lauriepatterson@example.com,580-382-7337x79979,1999-08-30,TN,92713,2023-10-10,AGT0072,MetLife,Dental Premium
MEM004333,Michael,Meyer,richardkennedy@example.net,558.568.5873x25744,1971-08-15,IL,70947,2024-02-13,AGT0016,MetLife,Vision Basic
MEM004334,Lauren,Terry,susanlopez@example.org,001-342-393-9911x96862,1952-11-25,KY,31723,2024-02-17,AGT0059,Zurich,Vision Premium
MEM004335,Tracy,Munoz,vincent72@example.org,(879)772-3842x8182,1963-03-02,IN,88680,2023-06-12,AGT0041,MetLife,Vision Basic
MEM004336,Keith,Lynn,jonesjudith@example.org,901.521.9244x63302,1950-08-18,FL,75480,2024-04-26,AGT0062,VSP,Dental Premium
MEM004337,Laura,Peterson,lauracurry@example.org,239.821.3283,1976-07-31,FL,92064,2023-10-13,AGT0008,Zurich,Vision Premium
MEM004338,Julia,York,lisa05@example.org,463-293-5130x39949,1962-05-06,MI,92305,2024-11-26,AGT0011,VSP,Vision Premium
MEM004339,Toni,Lopez,desireeharris@example.com,(628)599-5182,1985-01-09,OH,17005,2023-10-24,AGT0080,Zurich,Dental Premium
MEM004340,Mitchell,Kane,tmorgan@example.net,884-764-5569x9033,2001-09-23,KY,37172,2023-09-07,AGT0054,VSP,Dental+Vision Bundle
MEM004341,Louis,Martinez,timothy34@example.com,001-575-464-3273,1961-11-13,GA,77036,2024-02-22,AGT0024,MetLife,Dental Premium
MEM004342,Christina,Moyer,ramirezjohn@example.org,+1-761-212-1704x3796,1983-09-23,IN,73693,2024-08-13,AGT0047,MetLife,Dental+Vision Bundle
MEM004343,Julian,Lopez,qmayer@example.org,+1-374-990-9782x7698,1984-06-25,OH,90567,2023-05-22,AGT0069,VSP,Dental Basic
MEM004344,Teresa,Douglas,dustin74@example.org,351.877.7842x510,1993-08-13,TX,44999,2024-01-18,AGT0058,MetLife,Dental Basic
MEM004345,Debra,Payne,kjones@example.com,847.875.3162x7970,1996-05-17,GA,75194,2024-02-02,AGT0007,VSP,Dental+Vision Bundle
MEM004346,Christina,Ramsey,christopher40@example.org,(589)826-2475,1985-04-16,MI,54319,2023-02-23,AGT0006,VSP,Dental Premium
MEM004347,Laurie,Castro,martinshelley@example.com,(514)455-4511x75595,1950-10-02,TN,12738,2024-03-20,AGT0006,MetLife,Vision Premium
MEM004348,Tara,Alexander,danielle46@example.org,001-695-567-2308x554,1957-11-14,GA,96723,2024-10-18,AGT0035,MetLife,Vision Basic
MEM004349,Robert,Campos,brandy74@example.com,001-608-387-6883,1960-10-29,IN,56732,2024-08-24,AGT0028,Zurich,Dental Basic
MEM004350,Beverly,Martinez,samuel62@example.net,001-848-406-3351,1964-10-17,IN,94132,2023-05-02,AGT0031,Zurich,Dental Basic
MEM004351,Richard,Green,jcervantes@example.org,001-436-276-6177,1962-02-19,IN,82970,2024-01-09,AGT0078,VSP,Dental Premium
MEM004352,Dana,Jackson,williamsoncassandra@example.org,6016450162,1991-04-11,TN,40909,2023-07-24,AGT0073,VSP,Vision Premium
MEM004353,Aaron,Yates,perezdavid@example.org,772-242-4305x6960,1970-10-01,OH,74095,2024-01-11,AGT0074,Zurich,Dental+Vision Bundle
MEM004354,Douglas,Harris,johnsonsteven@example.net,(884)663-9555,1953-09-27,IN,23083,2024-02-06,AGT0080,Zurich,Vision Basic
MEM004355,Dustin,Smith,randolphseth@example.com,+1-670-211-9080x479,1961-12-08,FL,47031,2023-02-14,AGT0045,VSP,Dental+Vision Bundle
MEM004356,Christopher,Watson,zachary88@example.org,(681)320-2725x811,1978-11-10,KY,56835,2024-11-08,AGT0035,Zurich,Vision Basic
MEM004357,Wyatt,Morgan,cbell@example.org,932-685-1552,1953-12-07,TN,82533,2023-05-21,AGT0037,Zurich,Vision Basic
MEM004358,David,Myers,pmcdonald@example.net,2239368287,1975-04-04,KY,03766,2024-09-11,AGT0043,MetLife,Vision Basic
MEM004359,Tyler,Aguilar,dmoore@example.com,(591)477-5086,2000-01-05,IN,65698,2023-05-08,AGT0072,MetLife,Vision Premium
MEM004360,Stephen,Sanders,laura31@example.org,(840)898-6043,1984-12-04,TN,70003,2024-09-01,AGT0045,Zurich,Dental Basic
MEM004361,Candice,Nguyen,campbelldaniel@example.com,456.342.3164,1979-08-16,GA,81282,2023-10-17,AGT0052,MetLife,Dental+Vision Bundle
MEM004362,Marissa,Sanchez,raymond10@example.net,+1-487-659-8607x86381,1983-04-14,IL,05138,2024-09-03,AGT0016,VSP,Vision Basic
MEM004363,Luke,Reeves,mistyarnold@example.net,001-748-337-5160x61403,1978-04-02,GA,77464,2023-02-23,AGT0049,MetLife,Dental Basic
MEM004364,Felicia,Hayes,smiththomas@example.com,(224)883-4831x145,1959-03-15,GA,41097,2024-02-23,AGT0018,VSP,Vision Basic
MEM004365,Leslie,Lewis,rickey24@example.org,638-259-8646,1990-02-28,IN,92487,2023-02-01,AGT0038,VSP,Dental+Vision Bundle
MEM004366,William,Erickson,sarahmoore@example.org,787-743-2362x9825,1987-10-28,GA,11512,2023-06-07,AGT0003,MetLife,Dental Basic
MEM004367,Cole,Juarez,bennettjessica@example.com,001-200-306-7947x19912,1982-11-01,TX,09271,2023-03-06,AGT0047,MetLife,Dental Basic
MEM004368,Karen,York,marialopez@example.net,5559641990,1950-05-24,OH,01761,2023-07-23,AGT0057,MetLife,Vision Premium
MEM004369,Jody,Lynn,zmcgee@example.org,992-721-0561x2199,1958-02-02,GA,22279,2024-10-12,AGT0064,MetLife,Dental Premium
MEM004370,Michael,King,alexanderamber@example.com,+1-894-747-2512x120,1981-02-12,TX,92274,2023-02-25,AGT0057,Zurich,Dental Basic
MEM004371,Natalie,Smith,mendozadamon@example.com,605.684.7163,1966-01-30,KY,16257,2023-05-13,AGT0039,MetLife,Dental Basic
MEM004372,Lucas,Kirk,zmcbride@example.net,(440)936-0127,1979-04-14,KY,01220,2024-08-27,AGT0057,Zurich,Dental Premium
MEM004373,Carly,Garcia,rwilliams@example.com,7267356887,1973-09-14,TN,21283,2024-01-20,AGT0028,MetLife,Vision Premium
MEM004374,Audrey,Davis,fuentesderek@example.net,569-967-0832,1991-12-12,CA,73063,2023-11-24,AGT0007,VSP,Vision Premium
MEM004375,Stephanie,Kirby,kelleyerika@example.org,001-801-270-4764x00381,2001-05-18,OH,49762,2023-05-07,AGT0068,Zurich,Vision Basic
MEM004376,Anthony,Thomas,heathjon@example.org,874.495.6889,1989-01-01,KY,63577,2024-02-12,AGT0052,Zurich,Dental Basic
MEM004377,Michelle,Huber,timothy72@example.com,(225)799-9798x96862,1984-11-03,OH,87142,2023-12-05,AGT0071,MetLife,Dental Basic
MEM004378,Matthew,Gray,williamhall@example.org,935.223.3919x98627,1994-05-26,KY,18573,2023-11-27,AGT0072,VSP,Dental Premium
MEM004379,Angela,Scott,amberlopez@example.org,219.879.9123,1983-07-30,FL,83070,2023-01-08,AGT0007,MetLife,Dental+Vision Bundle
MEM004380,Michael,Bailey,jamesgarcia@example.com,001-664-968-4671,1992-07-12,OH,14089,2024-05-04,AGT0070,VSP,Dental Basic
MEM004381,Kevin,Lutz,christopher61@example.net,524.505.3947x7231,1958-12-30,CA,94200,2023-01-07,AGT0024,MetLife,Dental Basic
MEM004382,Kendra,Bennett,stephanie45@example.com,586-571-1539x5730,1988-10-19,FL,34152,2024-01-04,AGT0031,MetLife,Dental Basic
MEM004383,Paula,Brown,turnerkelsey@example.org,001-407-909-5014,1992-12-23,MI,41931,2023-05-28,AGT0018,MetLife,Vision Basic
MEM004384,Michael,Maddox,richardrichardson@example.org,001-757-901-3632x49384,1975-12-09,KY,11844,2024-02-19,AGT0006,MetLife,Dental+Vision Bundle
MEM004385,Nathan,Coleman,mnorris@example.org,598-425-0461x6171,1978-11-26,MI,65002,2023-05-17,AGT0021,VSP,Dental+Vision Bundle
MEM004386,Morgan,Durham,irodriguez@example.com,(430)969-0661x3121,1983-09-27,CA,33875,2024-04-16,AGT0076,Zurich,Dental Basic
MEM004387,Robert,Gray,marcusharmon@example.org,(534)561-1926,1989-05-30,FL,78356,2023-06-19,AGT0031,Zurich,Dental+Vision Bundle
MEM004388,Katherine,Johnson,whitneyrebecca@example.com,822.783.0094x63481,1970-01-30,TX,42119,2023-06-13,AGT0044,Zurich,Dental Basic
MEM004389,Bonnie,Alvarado,orozcoerika@example.net,+1-591-249-0889x92120,1971-05-19,IL,73187,2023-05-20,AGT0003,Zurich,Dental Basic
MEM004390,Janet,Jennings,jessicajordan@example.org,+1-765-467-5696x5420,1955-11-09,GA,21851,2023-01-01,AGT0079,MetLife,Dental Basic
MEM004391,Shannon,Barron,yoderkevin@example.com,367-801-6299x88584,1996-04-25,KY,47371,2023-06-29,AGT0038,MetLife,Dental Basic
MEM004392,Alexandra,Mata,brittany44@example.org,(786)205-2573x4998,1994-05-18,OH,28751,2023-11-01,AGT0078,Zurich,Vision Basic
MEM004393,Blake,Clark,jorgeochoa@example.net,001-400-591-5422x1843,1950-10-25,FL,88781,2024-09-14,AGT0043,VSP,Dental+Vision Bundle
MEM004394,Shawna,Smith,nicole87@example.com,001-753-940-1074x902,1974-02-09,TN,25429,2023-12-03,AGT0017,VSP,Dental Basic
MEM004395,Heather,Brooks,isims@example.org,666-974-6493x2516,1979-01-12,GA,34174,2024-03-29,AGT0073,Zurich,Vision Basic
MEM004396,Jack,Banks,mcclainisabel@example.net,823.898.5879x806,1968-02-06,TX,47317,2023-03-13,AGT0029,MetLife,Dental Basic
MEM004397,Luis,Baker,tiffany03@example.com,(786)873-0400x09536,1975-07-06,MI,62103,2024-02-07,AGT0028,Zurich,Dental Basic
MEM004398,James,Lopez,robertbarton@example.com,(812)288-4414x2533,1963-07-05,IL,22733,2024-03-18,AGT0064,VSP,Vision Basic
MEM004399,Rebecca,Farrell,higginswilliam@example.com,778-573-5944x63428,1968-04-12,OH,46513,2023-08-12,AGT0054,Zurich,Vision Basic
MEM004400,Thomas,Harrington,dmoore@example.com,(252)273-5965x52898,1985-09-29,GA,10961,2023-02-04,AGT0039,Zurich,Vision Basic
MEM004401,Patricia,Zimmerman,zpotts@example.com,+1-971-956-3075x9257,1950-04-24,MI,85449,2024-03-29,AGT0072,VSP,Dental Basic
MEM004402,Samantha,James,ayalalaura@example.org,(373)413-7265,1953-02-06,TN,42992,2024-01-23,AGT0079,VSP,Dental Basic
MEM004403,Larry,Peterson,nataliemelendez@example.org,902-911-9906x436,1977-04-18,IL,97601,2024-05-30,AGT0037,MetLife,Vision Premium
MEM004404,Belinda,Scott,dkeller@example.com,+1-420-350-3182x736,1992-06-05,KY,80160,2023-02-08,AGT0007,MetLife,Dental+Vision Bundle
MEM004405,Jody,Norris,dreeves@example.org,2864694793,1951-08-30,GA,73449,2023-10-04,AGT0061,VSP,Vision Basic
MEM004406,James,Taylor,iyu@example.org,001-278-295-2786x903,1990-09-06,GA,41241,2024-03-14,AGT0018,VSP,Vision Basic
MEM004407,Michael,Jackson,rdrake@example.net,367-316-1370,1988-07-20,IL,13297,2023-01-03,AGT0002,MetLife,Dental Basic
MEM004408,Andrew,Wallace,michael27@example.net,651-927-1053x883,1967-02-16,TX,88618,2024-02-19,AGT0046,Zurich,Dental+Vision Bundle
MEM004409,Steven,Curtis,daniel67@example.net,880.986.8476x259,1973-07-16,GA,22181,2024-02-18,AGT0010,VSP,Vision Basic
MEM004410,Karen,Wright,theresa17@example.net,001-917-871-0203,1978-04-07,CA,34368,2023-10-01,AGT0063,Zurich,Vision Basic
MEM004411,Daniel,Martinez,shawn71@example.com,001-993-888-6848,1996-11-23,MI,99395,2023-04-17,AGT0076,Zurich,Vision Premium
MEM004412,John,Martin,ccarlson@example.org,+1-768-455-1312x7731,1993-06-16,CA,70734,2024-11-26,AGT0070,Zurich,Dental Premium
MEM004413,Christopher,Lawson,ramirezjames@example.com,+1-412-791-5163x9451,1956-12-10,KY,91837,2024-09-04,AGT0077,Zurich,Vision Basic
MEM004414,April,Barajas,kathleenshaw@example.net,617.591.1598x72483,2002-11-13,CA,07486,2023-02-05,AGT0041,VSP,Dental Basic
MEM004415,Megan,Fuller,eroy@example.com,812.939.8891x3997,2003-07-31,MI,67592,2023-10-16,AGT0019,VSP,Vision Premium
MEM004416,Christina,Simpson,kristingonzalez@example.com,(843)567-5235,1976-08-10,MI,61688,2024-03-22,AGT0017,MetLife,Vision Premium
MEM004417,Craig,Beck,vlee@example.net,(513)208-5247x19535,1973-01-29,GA,98202,2024-08-27,AGT0013,MetLife,Dental Basic
MEM004418,Tamara,Tate,htownsend@example.net,916.634.5784x839,2002-07-19,TX,15938,2024-07-15,AGT0010,Zurich,Dental+Vision Bundle
MEM004419,Jason,Hall,jacobbartlett@example.com,+1-392-297-8370x1247,1979-07-26,CA,12579,2023-04-17,AGT0037,Zurich,Dental+Vision Bundle
MEM004420,Brandon,Walker,deborahlewis@example.org,429-979-7445,1972-07-24,IN,83891,2023-08-22,AGT0001,Zurich,Dental Basic
MEM004421,Suzanne,Estrada,rmiddleton@example.org,+1-542-382-3766x3788,1989-03-14,IL,29693,2024-04-06,AGT0018,MetLife,Dental+Vision Bundle
MEM004422,Benjamin,Zhang,jwebb@example.net,578.868.9433,1977-04-16,FL,97789,2024-06-27,AGT0039,MetLife,Dental+Vision Bundle
MEM004423,Jean,Collier,ebony82@example.com,695.948.1661,1964-07-01,TN,91738,2024-10-14,AGT0051,Zurich,Vision Basic
MEM004424,Colin,Robertson,jessicahamilton@example.net,(992)445-9094,1994-02-10,OH,14613,2024-05-31,AGT0066,Zurich,Vision Basic
MEM004425,Pamela,Christian,nicholas25@example.org,(588)385-8212x402,1968-05-24,FL,33291,2023-05-12,AGT0068,Zurich,Vision Basic
MEM004426,Andrew,Ortega,christine09@example.net,831.533.1256x809,1955-03-10,TN,86384,2024-05-09,AGT0070,VSP,Dental Basic
MEM004427,Kristen,Shaw,robertpeterson@example.com,(957)601-7278x539,1954-06-10,GA,95296,2024-06-18,AGT0010,Zurich,Dental Basic
MEM004428,Kristen,Steele,blewis@example.com,349-228-6401,2001-08-20,TN,11128,2023-09-19,AGT0052,VSP,Vision Basic
MEM004429,Diane,Aguilar,lopezemily@example.org,4792636690,2003-10-13,TX,44370,2024-08-11,AGT0035,VSP,Dental Basic
MEM004430,Cody,Burch,jackrice@example.org,425-328-5520,1979-02-13,TX,28880,2024-11-26,AGT0055,Zurich,Dental Premium
MEM004431,Matthew,Anderson,johnschmidt@example.net,001-755-878-6796x3023,2000-11-25,GA,00706,2023-10-03,AGT0025,Zurich,Vision Basic
MEM004432,Brian,Smith,elizabeth83@example.com,(541)550-7652,1989-11-26,IL,41983,2023-01-04,AGT0026,VSP,Dental+Vision Bundle
MEM004433,Timothy,Ball,barnesbrandon@example.org,+1-980-665-1527x012,1998-09-19,IN,00660,2023-02-21,AGT0074,MetLife,Dental Premium
MEM004434,Jessica,Thomas,dbowman@example.com,424-695-4767x192,1985-12-15,IL,60010,2024-01-29,AGT0001,MetLife,Dental Premium
MEM004435,Amber,Whitehead,davidlambert@example.net,(458)980-7612,1978-08-03,FL,00604,2023-12-31,AGT0065,VSP,Dental+Vision Bundle
MEM004436,Russell,Brooks,debbiespears@example.org,(311)623-7928,1994-10-16,TX,90785,2023-12-05,AGT0052,VSP,Dental Premium
MEM004437,Mary,Williams,kathleenhanson@example.org,001-558-674-7441x2404,1994-04-12,TN,24997,2024-01-03,AGT0013,MetLife,Dental Premium
MEM004438,Jennifer,Rose,johnbailey@example.net,+1-411-558-2702x45285,1974-08-21,IN,38411,2024-03-17,AGT0001,MetLife,Dental Premium
MEM004439,Justin,Pham,georgejones@example.net,001-247-301-1723x96319,1980-04-14,TX,91509,2024-04-02,AGT0054,Zurich,Dental+Vision Bundle
MEM004440,Melissa,Little,jchen@example.org,685.556.7123x0167,1955-02-27,TN,04912,2023-10-26,AGT0010,VSP,Dental Premium
MEM004441,Eric,Garcia,valeriewall@example.com,626.573.9589,1979-03-02,OH,20670,2023-09-19,AGT0020,MetLife,Dental+Vision Bundle
MEM004442,Abigail,Bennett,inelson@example.com,(930)959-6832x82331,1973-04-30,OH,65481,2023-11-06,AGT0066,Zurich,Vision Basic
MEM004443,Michelle,Reynolds,karen33@example.com,001-946-281-7557x958,1950-06-11,IL,50504,2023-10-31,AGT0026,MetLife,Vision Basic
MEM004444,Nicholas,Pena,mtodd@example.com,+1-585-607-5663x8623,1988-03-14,IN,10474,2024-07-01,AGT0066,MetLife,Dental+Vision Bundle
MEM004445,Kayla,Werner,sheaashley@example.com,+1-704-895-6603,1953-10-04,OH,92441,2024-04-26,AGT0058,MetLife,Dental+Vision Bundle
MEM004446,Henry,Lee,moorekimberly@example.com,881.979.4632x9514,1967-05-28,IN,41068,2024-02-23,AGT0080,VSP,Dental+Vision Bundle
MEM004447,Spencer,Brown,tiffanyowens@example.com,+1-619-904-2446x24167,1963-10-22,MI,36603,2023-10-02,AGT0066,Zurich,Dental Premium
MEM004448,Alyssa,Jacobs,kimberly83@example.net,(704)283-1821x1814,1954-01-21,TN,55990,2023-06-27,AGT0007,Zurich,Vision Basic
MEM004449,Daniel,Hoffman,qwright@example.com,4604882479,1970-01-14,IN,22042,2024-07-01,AGT0078,VSP,Vision Premium
MEM004450,Christina,Crawford,kendrasims@example.net,001-291-779-2293,1974-02-22,CA,98976,2023-08-06,AGT0002,Zurich,Vision Premium
MEM004451,Michael,Walker,dcrawford@example.com,8554037181,1955-12-10,CA,40834,2024-10-15,AGT0061,Zurich,Vision Basic
MEM004452,Paula,Kennedy,tmaldonado@example.net,6537497574,1993-09-09,IL,10555,2024-08-12,AGT0035,VSP,Dental+Vision Bundle
MEM004453,Brian,Welch,ashley45@example.com,(245)362-3217x914,1974-02-09,OH,68588,2024-07-22,AGT0027,VSP,Dental Premium
MEM004454,Deborah,Scott,jennifer16@example.org,702.697.2720x2945,1997-03-31,IN,57451,2023-10-04,AGT0039,VSP,Dental+Vision Bundle
MEM004455,Barbara,Harrison,jmiller@example.com,883-394-1757x2308,1968-05-11,TN,89965,2024-04-20,AGT0049,Zurich,Vision Basic
MEM004456,Donald,Davidson,joshua65@example.com,473-572-3423,1951-04-10,CA,71994,2024-06-05,AGT0042,VSP,Vision Basic
MEM004457,Cheryl,Cook,angela66@example.net,776.682.8742,2001-05-30,KY,26519,2023-08-17,AGT0003,VSP,Vision Basic
MEM004458,Timothy,Sanchez,ashley18@example.org,(980)584-9947x662,1999-03-18,IN,71751,2024-10-05,AGT0018,Zurich,Dental+Vision Bundle
MEM004459,Steven,Baker,qlee@example.net,(521)869-3375,1965-02-15,CA,11283,2023-01-02,AGT0033,VSP,Dental Basic
MEM004460,Joseph,Jackson,vrosario@example.net,(637)368-8240x919,1970-12-05,OH,22768,2023-02-15,AGT0046,Zurich,Vision Basic
MEM004461,Michele,Perkins,tina03@example.com,+1-489-393-1926x4992,1979-10-19,TX,60099,2023-05-24,AGT0036,Zurich,Dental+Vision Bundle
MEM004462,John,Mitchell,michael86@example.com,392.911.2196,1992-01-17,MI,25056,2023-01-18,AGT0040,MetLife,Dental Basic
MEM004463,Julie,Leblanc,brownalexander@example.net,(671)682-2909,2000-07-22,FL,50432,2023-04-09,AGT0059,VSP,Dental Premium
MEM004464,Kaitlin,Cooper,wdiaz@example.com,(812)624-7141x1673,1991-04-18,TN,45166,2024-03-23,AGT0079,VSP,Dental+Vision Bundle
MEM004465,Bradley,Porter,tmiller@example.com,001-511-977-6969x39110,1977-09-13,OH,96207,2023-04-27,AGT0066,VSP,Vision Premium
MEM004466,James,Rogers,arobinson@example.com,513-504-5047x4424,1964-04-06,MI,58458,2024-06-19,AGT0001,Zurich,Vision Basic
MEM004467,Laura,Allen,prattjennifer@example.com,536-759-1061,1978-09-16,TX,45887,2023-05-13,AGT0051,Zurich,Vision Basic
MEM004468,Jordan,Levine,joshua10@example.com,+1-692-735-9551x0725,1959-07-07,CA,60097,2023-10-11,AGT0054,MetLife,Dental Basic
MEM004469,Melanie,Jackson,gracegarza@example.org,276-522-8989x9242,1965-02-06,GA,13511,2023-08-14,AGT0004,Zurich,Vision Basic
MEM004470,Debbie,Williams,laura17@example.com,001-726-459-9387,1983-10-20,CA,72160,2024-07-15,AGT0036,MetLife,Vision Basic
MEM004471,David,Hawkins,yreyes@example.org,218.250.8146x358,1976-03-30,TX,48206,2024-05-07,AGT0027,MetLife,Dental+Vision Bundle
MEM004472,Dana,Garza,pharris@example.net,(482)698-1186,1967-04-08,IN,93480,2024-03-30,AGT0050,VSP,Dental Basic
MEM004473,Jason,Smith,daviswilliam@example.net,+1-738-365-0306x66557,1969-03-02,OH,73143,2024-08-27,AGT0048,MetLife,Dental+Vision Bundle
MEM004474,Sarah,Mccarthy,jameswang@example.org,890-206-6632x2581,1958-02-07,FL,17346,2024-06-26,AGT0070,Zurich,Dental Basic
MEM004475,Shirley,Clark,lpage@example.net,001-445-405-4952,1984-03-23,TN,33674,2023-05-31,AGT0044,Zurich,Dental Premium
MEM004476,Crystal,Paul,nhanna@example.net,522-205-8592x7751,1999-03-26,CA,84844,2024-09-29,AGT0003,VSP,Dental+Vision Bundle
MEM004477,Brittany,Allen,jfrye@example.net,629.814.0226x8081,1961-12-24,FL,98769,2023-08-30,AGT0019,MetLife,Vision Premium
MEM004478,Jessica,Wright,mark06@example.net,(365)540-7913x70571,1990-05-26,CA,22242,2023-05-02,AGT0065,Zurich,Dental Basic
MEM004479,Michelle,Curtis,morganflores@example.com,(725)778-3216x84456,1965-05-13,MI,20926,2023-06-05,AGT0061,Zurich,Dental+Vision Bundle
MEM004480,Brett,Garcia,georgediaz@example.net,371.494.0207,1953-03-22,GA,63492,2023-02-27,AGT0041,VSP,Dental+Vision Bundle
MEM004481,Mary,Ruiz,howellbrian@example.com,860-782-8219x272,1990-03-12,IN,87061,2024-07-09,AGT0071,VSP,Dental+Vision Bundle
MEM004482,Lori,Rogers,gerald32@example.com,(373)330-2293x08485,2002-02-12,TN,11049,2024-04-02,AGT0034,MetLife,Vision Basic
MEM004483,Richard,Costa,ibrewer@example.org,(449)642-0278x18325,1987-09-30,FL,40405,2024-03-31,AGT0041,VSP,Dental Basic
MEM004484,Amanda,Hobbs,victoria17@example.org,(682)615-5671x92012,1956-12-11,TX,40591,2024-06-21,AGT0070,Zurich,Vision Premium
MEM004485,Daniel,Brown,justin39@example.com,489-507-8315,1968-11-07,FL,33731,2024-04-08,AGT0066,MetLife,Dental Premium
MEM004486,Anne,Greer,gailbanks@example.com,001-726-599-5191x3205,1978-09-30,FL,64895,2023-03-08,AGT0078,MetLife,Vision Basic
MEM004487,Jose,Ewing,zachary48@example.org,001-676-942-3369x39091,1983-02-27,TX,23956,2023-11-06,AGT0078,Zurich,Vision Basic
MEM004488,Andrew,Castro,harveyderrick@example.com,578.521.0567,1986-05-02,TX,67810,2023-06-21,AGT0027,Zurich,Dental Premium
MEM004489,Victoria,Johnson,wrivera@example.com,001-270-455-3435x3565,1989-10-08,GA,99739,2024-06-08,AGT0027,Zurich,Dental Basic
MEM004490,Roger,Miller,juliehardy@example.com,540.944.9927x1108,1951-07-08,FL,74692,2023-06-09,AGT0052,MetLife,Dental Basic
MEM004491,Bryan,Chavez,bakercarl@example.net,(456)773-8564x88001,1985-10-23,OH,96020,2024-08-30,AGT0024,MetLife,Dental+Vision Bundle
MEM004492,John,Bartlett,petersonsusan@example.org,459-663-6040,1952-07-01,TN,46101,2024-11-14,AGT0012,Zurich,Dental+Vision Bundle
MEM004493,Jennifer,Miller,lbarrera@example.com,001-545-828-3153,1958-12-14,IL,01957,2024-07-13,AGT0073,Zurich,Vision Premium
MEM004494,Dan,Caldwell,glenn22@example.com,+1-853-549-5875x67443,1984-09-19,OH,21103,2024-06-19,AGT0066,MetLife,Dental+Vision Bundle
MEM004495,Rebecca,White,janice32@example.net,367-378-1732x2657,1993-10-27,IN,39264,2023-01-28,AGT0052,VSP,Vision Premium
MEM004496,Christian,Webb,kaitlyn77@example.com,342.965.9798x43620,1953-04-15,OH,13320,2024-09-02,AGT0007,VSP,Vision Basic
MEM004497,Emily,Rodriguez,jacob08@example.org,+1-537-326-0346,1993-02-26,IL,59882,2023-08-13,AGT0076,Zurich,Dental Basic
MEM004498,Zachary,Smith,richardhenry@example.net,001-963-969-9691,1970-09-21,MI,97783,2024-07-20,AGT0036,Zurich,Vision Basic
MEM004499,Barry,Garcia,vsimon@example.org,+1-283-422-1974,1977-04-03,CA,67221,2024-03-23,AGT0059,MetLife,Dental Basic
MEM004500,Vanessa,Sanchez,pdavid@example.org,259.401.8181,1953-12-20,GA,16803,2023-11-20,AGT0063,VSP,Vision Basic
MEM004501,Crystal,Bailey,lukewright@example.org,(704)546-9795,1987-02-14,TX,91276,2024-09-20,AGT0029,MetLife,Dental Premium
MEM004502,Ray,Hopkins,jordan55@example.org,001-918-308-5954x48634,1951-03-11,FL,67689,2024-04-01,AGT0057,MetLife,Vision Premium
MEM004503,Jeffrey,Watkins,longanthony@example.net,001-210-499-8452x761,1969-07-24,OH,34909,2023-06-24,AGT0042,VSP,Dental Premium
MEM004504,Miranda,Moore,radams@example.org,001-784-524-3504x8148,1978-07-22,FL,79089,2023-02-13,AGT0005,VSP,Dental Basic
MEM004505,Gabriela,Khan,christopherdiaz@example.org,293-847-3725x773,1997-01-30,FL,30993,2023-04-06,AGT0080,Zurich,Vision Premium
MEM004506,Andrea,Cox,ljones@example.org,+1-906-934-2587,1996-05-06,KY,21782,2023-08-16,AGT0036,VSP,Dental Basic
MEM004507,Nicholas,Cooper,iperry@example.net,982.448.9182x4553,1995-09-04,TX,37337,2024-01-12,AGT0027,MetLife,Dental+Vision Bundle
MEM004508,Kendra,Williams,lynchsusan@example.net,+1-396-395-2807x077,1955-09-25,KY,45156,2023-11-15,AGT0062,MetLife,Vision Premium
MEM004509,Alyssa,Daniels,dylanstevens@example.net,756.625.5916,1963-09-03,MI,25599,2023-04-15,AGT0042,MetLife,Dental Basic
MEM004510,Jose,Simon,dford@example.net,+1-373-289-3911x28110,1989-10-30,OH,11846,2024-07-02,AGT0042,Zurich,Vision Premium
MEM004511,Jesus,Howe,coxdouglas@example.com,657.224.3440,2003-12-26,OH,23873,2024-06-30,AGT0005,Zurich,Vision Basic
MEM004512,Patricia,Cole,dthompson@example.com,472-527-6439x1172,1990-01-18,TX,98699,2024-04-06,AGT0007,MetLife,Dental Basic
MEM004513,Makayla,Nguyen,margaretmarsh@example.net,+1-987-904-8595x9389,1973-12-15,TN,20314,2023-11-06,AGT0055,Zurich,Dental Premium
MEM004514,Samantha,Bowers,ygarcia@example.com,001-371-368-7754,1992-06-09,CA,68100,2024-02-26,AGT0038,MetLife,Dental+Vision Bundle
MEM004515,Kelly,Moody,cjackson@example.net,494-997-9161x710,1987-12-22,GA,56829,2023-08-26,AGT0039,MetLife,Dental Basic
MEM004516,Tanya,Shepard,rebeccasmith@example.org,357-330-4523,1962-02-01,CA,26840,2023-08-12,AGT0041,VSP,Dental Basic
MEM004517,Jonathan,Clark,eedwards@example.com,(776)265-4209x86664,1995-05-26,MI,58099,2024-05-25,AGT0016,VSP,Vision Basic
MEM004518,Barry,Gonzalez,parkerjennifer@example.org,602-609-0167,1982-11-03,FL,27984,2024-05-25,AGT0021,Zurich,Dental+Vision Bundle
MEM004519,Oscar,Davis,markboyd@example.net,001-724-406-8588x93813,1963-03-20,FL,33728,2024-11-16,AGT0030,MetLife,Vision Basic
MEM004520,Richard,Vaughn,ccooke@example.org,877-902-5383,1968-09-11,IN,59648,2024-07-26,AGT0018,Zurich,Dental+Vision Bundle
MEM004521,Brittany,Abbott,harpersarah@example.net,(708)396-9582,2000-03-03,TN,62336,2023-12-06,AGT0039,Zurich,Dental Basic
MEM004522,Jane,Howell,mitchell92@example.com,746.405.8119,1970-05-02,IL,29583,2023-08-21,AGT0039,MetLife,Dental Premium
MEM004523,Jennifer,Rodriguez,ufischer@example.org,824-659-1253x6858,1956-03-10,TX,26482,2024-01-17,AGT0045,Zurich,Vision Premium
MEM004524,James,Wilson,latasha93@example.net,001-820-577-0839x540,1972-03-14,CA,42790,2024-07-04,AGT0056,VSP,Dental Basic
MEM004525,Connor,Johnson,julie45@example.net,483-303-8606x551,1968-08-06,KY,17719,2024-04-22,AGT0038,VSP,Dental+Vision Bundle
MEM004526,Chad,Hays,brian66@example.com,690.549.0782,1984-11-17,IL,25933,2023-09-18,AGT0016,VSP,Vision Premium
MEM004527,Richard,Hoover,bsmith@example.net,402.658.3668,1982-01-02,TX,07898,2024-08-09,AGT0037,Zurich,Dental Basic
MEM004528,Paul,Hubbard,joannamccoy@example.com,001-966-911-7495x3876,1993-09-11,KY,83148,2024-10-04,AGT0079,MetLife,Dental Premium
MEM004529,Robert,Campbell,christophermartin@example.com,456.608.0079x3762,1950-04-07,TN,16603,2024-03-28,AGT0002,MetLife,Dental+Vision Bundle
MEM004530,Kyle,Garrett,simonkimberly@example.org,907-485-3733x50206,1996-01-30,OH,26869,2023-03-20,AGT0052,Zurich,Vision Basic
MEM004531,Elizabeth,Harrington,qrice@example.com,+1-667-967-1498x386,1975-09-20,OH,68753,2024-10-23,AGT0030,VSP,Dental+Vision Bundle
MEM004532,Hannah,Schneider,xmccarthy@example.org,412.694.6576x02491,1993-01-07,GA,54044,2024-11-14,AGT0008,Zurich,Vision Basic
MEM004533,Ariel,Johnson,carolyn68@example.org,(264)401-7489x09013,1968-03-31,FL,73820,2024-07-29,AGT0058,VSP,Dental Basic
MEM004534,Timothy,Ibarra,samanthamartin@example.org,(571)446-7031x28691,2003-01-24,IL,16513,2023-05-12,AGT0069,VSP,Dental Premium
MEM004535,Joshua,Simpson,melissa52@example.net,943.786.3222x17050,1971-08-28,MI,60892,2024-10-14,AGT0004,MetLife,Dental Premium
MEM004536,Jessica,Smith,pmorrow@example.net,712-564-2887x970,1981-03-18,IN,19291,2024-10-11,AGT0074,Zurich,Vision Basic
MEM004537,Robert,Palmer,mperry@example.org,868-461-8147,1966-10-17,OH,18258,2024-01-29,AGT0072,MetLife,Dental Premium
MEM004538,Gary,Green,gnunez@example.net,001-852-966-5330,1991-03-29,OH,59803,2024-04-08,AGT0077,Zurich,Dental Premium
MEM004539,Kellie,Harvey,rebecca47@example.net,356-882-5427x71855,1987-02-17,GA,70369,2024-03-01,AGT0010,MetLife,Dental Basic
MEM004540,Emily,Cooke,smithlindsay@example.com,+1-845-964-8035,1985-05-12,MI,97244,2023-11-17,AGT0036,MetLife,Dental+Vision Bundle
MEM004541,Roger,Jones,dmitchell@example.com,+1-873-342-2253,1962-01-22,IL,88303,2023-02-02,AGT0018,Zurich,Vision Premium
MEM004542,Alyssa,Brandt,davidmckee@example.org,+1-402-606-8183x691,1974-02-07,CA,68508,2023-08-14,AGT0076,Zurich,Dental Basic
MEM004543,Claire,Stevens,caldwellkathryn@example.org,+1-587-424-0024,1989-04-09,GA,34192,2023-08-02,AGT0071,MetLife,Dental+Vision Bundle
MEM004544,Adam,Cooper,barbara13@example.net,4816813797,1982-02-15,CA,82695,2024-05-14,AGT0003,MetLife,Vision Basic
MEM004545,Laura,Jones,iscott@example.net,(554)688-5101x02113,1956-06-22,TN,05830,2024-04-08,AGT0020,Zurich,Dental Premium
MEM004546,Shannon,Brown,russellhubbard@example.com,727.759.3487,1960-10-16,KY,89782,2024-02-18,AGT0038,MetLife,Vision Basic
MEM004547,John,Nguyen,pamela78@example.com,+1-999-663-2386x6429,1972-01-04,TN,83074,2023-08-05,AGT0009,VSP,Dental Premium
MEM004548,Eric,Moore,christopher75@example.org,001-596-777-5362x1027,1982-05-05,GA,72720,2024-02-09,AGT0040,MetLife,Dental+Vision Bundle
MEM004549,Jill,Brown,hernandeztodd@example.com,(370)677-0214x74550,1954-09-18,OH,97707,2024-01-21,AGT0071,VSP,Dental Basic
MEM004550,Angela,Norman,laurensandoval@example.net,001-531-384-5754,1984-01-22,MI,59246,2023-05-12,AGT0009,Zurich,Vision Basic
MEM004551,Brian,Jordan,veronicawashington@example.com,8695687992,1984-03-20,CA,93932,2024-01-01,AGT0043,VSP,Vision Basic
MEM004552,Brent,Jackson,deborahmcguire@example.org,2546316704,1966-05-23,FL,74254,2023-06-11,AGT0057,VSP,Dental+Vision Bundle
MEM004553,Douglas,Dillon,brandon66@example.net,(506)240-6462x78866,1958-04-25,KY,01084,2023-09-27,AGT0078,MetLife,Dental Basic
MEM004554,James,Garcia,srichardson@example.com,907.776.7758x31312,1979-01-05,IN,44518,2024-07-14,AGT0023,Zurich,Dental+Vision Bundle
MEM004555,Edwin,Patterson,alicia93@example.net,+1-686-511-3955,1955-09-14,MI,38077,2023-12-18,AGT0035,VSP,Dental+Vision Bundle
MEM004556,Brian,Adams,moralesvictoria@example.org,958-508-1786x97728,1999-04-14,GA,57122,2023-09-19,AGT0062,MetLife,Dental Basic
MEM004557,Anthony,Garcia,smithjames@example.org,(883)599-5258x000,1970-07-08,CA,11697,2024-07-02,AGT0001,VSP,Vision Basic
MEM004558,Alicia,Harrington,armstrongjennifer@example.com,531.766.5937,1970-12-10,OH,07109,2023-09-04,AGT0033,VSP,Dental Premium
MEM004559,Christopher,Roach,smithcody@example.net,587-630-1924x41892,1983-07-15,FL,70334,2023-03-27,AGT0038,Zurich,Dental+Vision Bundle
MEM004560,George,Thompson,steven55@example.net,751-952-8548,1982-01-30,OH,95736,2023-06-02,AGT0015,VSP,Vision Premium
MEM004561,Clarence,Dean,mschultz@example.org,(513)686-8611,1991-02-02,TX,95225,2024-08-25,AGT0067,VSP,Vision Basic
MEM004562,Claire,Deleon,joyhayden@example.org,(990)642-4082,1969-03-03,OH,50595,2023-11-21,AGT0018,Zurich,Dental Basic
MEM004563,Daniel,Rice,tshort@example.org,873.409.0090,2002-04-27,TN,81608,2023-01-15,AGT0037,MetLife,Dental Premium
MEM004564,Carol,Hardy,callahanjeremy@example.org,910-540-6331x476,1989-01-24,GA,03066,2024-10-28,AGT0013,Zurich,Dental Basic
MEM004565,Brandon,Salazar,ycarter@example.org,+1-815-585-3089x674,1983-07-21,TX,10672,2024-06-25,AGT0007,MetLife,Dental Basic
MEM004566,Linda,Doyle,matthew23@example.net,(621)390-3616x54384,1993-02-06,MI,85300,2024-07-02,AGT0011,VSP,Dental Basic
MEM004567,David,Perez,ewhite@example.net,001-463-945-9626x35352,1979-02-13,OH,92645,2023-03-28,AGT0009,VSP,Dental Basic
MEM004568,Stephen,Salas,washingtonrandall@example.org,001-996-854-5925x44951,1997-12-26,GA,39429,2024-05-07,AGT0022,Zurich,Dental Basic
MEM004569,Garrett,Evans,ianallen@example.com,+1-687-461-0059,1993-08-04,TX,62577,2023-01-16,AGT0010,Zurich,Vision Basic
MEM004570,Sarah,Gallagher,johnsstephen@example.org,419.272.8580,1986-05-15,TX,68604,2023-02-16,AGT0041,VSP,Dental Premium
MEM004571,Eric,Stark,bcarter@example.org,683.568.5786x01580,1990-09-29,IN,81892,2023-12-05,AGT0053,Zurich,Vision Basic
MEM004572,Jason,Bishop,delgadowilliam@example.net,(975)204-4643x07720,1962-10-23,GA,25058,2023-01-03,AGT0075,Zurich,Dental Basic
MEM004573,Amy,Moore,krojas@example.net,9996889537,1983-05-27,KY,59040,2023-03-15,AGT0023,Zurich,Vision Premium
MEM004574,Jennifer,Price,anthonyzamora@example.net,710-658-3784x98600,1986-04-08,IN,18799,2023-01-13,AGT0007,MetLife,Dental Basic
MEM004575,Michael,Moreno,nwong@example.org,+1-355-307-7884x39950,1995-01-21,GA,38429,2023-07-09,AGT0043,Zurich,Vision Premium
MEM004576,Chloe,Klein,markwilliams@example.org,(952)387-9059x73077,1951-09-11,TN,06833,2023-12-10,AGT0018,MetLife,Dental Premium
MEM004577,Amanda,Pierce,billygonzales@example.com,400-331-6996,1958-08-07,KY,96038,2023-04-08,AGT0020,MetLife,Dental Premium
MEM004578,Laurie,Harris,jamesnolan@example.com,(614)224-3294x292,1953-04-16,OH,56290,2024-05-06,AGT0041,MetLife,Dental Premium
MEM004579,Kelly,Harris,veronica24@example.com,001-499-741-9735x7188,2000-10-24,IL,27448,2024-08-25,AGT0003,MetLife,Dental+Vision Bundle
MEM004580,Jimmy,Taylor,lynnmichael@example.org,954-687-8970,1988-01-29,MI,51011,2024-02-16,AGT0027,Zurich,Vision Basic
MEM004581,Tony,Baker,byrddaniel@example.com,456.331.0823,1962-03-05,IL,14844,2023-05-12,AGT0036,MetLife,Dental Basic
MEM004582,David,Cook,kaylamercado@example.com,+1-686-311-4163x55578,1970-10-28,CA,37468,2023-11-24,AGT0017,MetLife,Vision Premium
MEM004583,Michael,Norton,pmitchell@example.com,(687)985-7671x634,1983-06-01,GA,60700,2023-02-18,AGT0018,Zurich,Dental Basic
MEM004584,Anna,West,christophersherman@example.net,657.953.0453x707,1954-02-28,OH,13366,2024-11-10,AGT0015,MetLife,Dental Premium
MEM004585,Jason,King,sarahjenkins@example.org,(919)728-2793x07504,1968-10-03,MI,61622,2023-11-11,AGT0074,MetLife,Dental Basic
MEM004586,Jennifer,Norman,ztorres@example.org,517-345-0115x959,1965-08-21,TN,72519,2024-10-19,AGT0024,Zurich,Dental Premium
MEM004587,Nathan,Orr,larsonscott@example.org,(844)478-5894x4397,1969-04-05,IL,11434,2023-04-30,AGT0032,Zurich,Vision Basic
MEM004588,Julia,Moran,robertsonmegan@example.net,748.354.2084x8139,1986-12-09,KY,79922,2023-12-10,AGT0043,MetLife,Dental Basic
MEM004589,Alexander,Henry,dixonholly@example.org,4856626239,1994-11-29,GA,11830,2023-07-10,AGT0039,VSP,Vision Basic
MEM004590,Sherry,Davis,emily17@example.com,+1-771-236-4125x418,1950-06-13,IL,68987,2024-03-14,AGT0034,Zurich,Vision Basic
MEM004591,Nancy,Frazier,enelson@example.net,439.778.6517x9385,1967-05-06,KY,19374,2024-03-15,AGT0023,Zurich,Dental Basic
MEM004592,Erin,Cabrera,rsmith@example.com,571-273-7715x78729,1981-12-29,MI,51757,2024-08-20,AGT0056,VSP,Vision Basic
MEM004593,Adam,Patrick,austinandre@example.org,929.263.5532x58788,1971-10-04,KY,97930,2024-04-29,AGT0074,Zurich,Vision Basic
MEM004594,Devin,Jones,lauren64@example.org,001-961-666-9459x4830,1965-11-29,CA,12144,2024-01-05,AGT0061,MetLife,Dental Premium
MEM004595,Jason,Matthews,vaughngloria@example.com,001-822-389-7434x762,1980-01-08,IL,09912,2023-04-05,AGT0050,VSP,Dental Premium
MEM004596,Rachel,Malone,uwilson@example.org,+1-460-683-8921x662,2000-06-26,OH,10005,2023-12-07,AGT0035,VSP,Vision Premium
MEM004597,Tara,James,mmeadows@example.net,+1-468-805-6106x21756,1964-02-24,TN,79154,2024-02-04,AGT0032,Zurich,Vision Basic
MEM004598,Veronica,Clark,jessicasanchez@example.org,267-667-7379x8890,1987-05-16,GA,93475,2024-09-26,AGT0039,MetLife,Dental Premium
MEM004599,Debbie,Palmer,anna15@example.net,+1-769-681-3221x249,1969-08-30,MI,26058,2024-01-14,AGT0052,Zurich,Vision Premium
MEM004600,Sarah,Martin,lopezmatthew@example.com,744-438-0515,1975-11-20,FL,59268,2023-06-13,AGT0035,VSP,Dental Premium
MEM004601,Timothy,Patton,kathleenbrown@example.com,001-566-450-4638x282,1970-12-07,TN,54622,2023-11-22,AGT0027,Zurich,Vision Basic
MEM004602,Robert,Williams,smyers@example.org,(227)517-7674x662,1961-06-02,CA,44592,2024-02-22,AGT0071,VSP,Vision Premium
MEM004603,Robert,Gray,joshua69@example.com,+1-895-450-0479,1975-12-26,MI,54073,2023-06-07,AGT0050,VSP,Dental+Vision Bundle
MEM004604,Dennis,West,orussell@example.com,+1-282-996-8981x9281,1976-09-19,OH,14557,2023-06-04,AGT0044,VSP,Dental Basic
MEM004605,Tony,Sanders,ninarivers@example.com,388-368-0226x34714,1991-01-22,GA,86861,2024-10-18,AGT0026,Zurich,Vision Basic
MEM004606,Jesus,Allen,lwallace@example.com,9182357841,1979-01-25,KY,95654,2023-08-18,AGT0028,Zurich,Dental Premium
MEM004607,Morgan,Olson,greenalan@example.com,(880)846-9575x552,1979-06-23,TX,57670,2024-07-15,AGT0055,MetLife,Vision Premium
MEM004608,Randy,Horton,monique57@example.org,001-599-319-0798x45174,1987-01-18,OH,99801,2023-01-27,AGT0051,Zurich,Vision Basic
MEM004609,Alicia,Johnson,floydbrittany@example.com,001-739-344-5322x17841,2000-09-25,FL,85861,2023-10-31,AGT0076,Zurich,Dental Basic
MEM004610,Shelby,Jenkins,webstertracy@example.com,001-863-413-6439,1999-01-07,OH,14444,2024-09-15,AGT0054,MetLife,Dental Premium
MEM004611,Danielle,Reilly,mbaker@example.net,327.627.5142,1994-11-13,OH,43619,2023-08-18,AGT0013,VSP,Dental+Vision Bundle
MEM004612,Justin,Boyd,lchurch@example.net,(655)420-8620x7669,1967-08-26,FL,10006,2024-06-11,AGT0012,MetLife,Dental Basic
MEM004613,Sean,Smith,davisamy@example.net,001-247-357-8621,1968-09-05,FL,84439,2024-05-24,AGT0017,VSP,Dental Basic
MEM004614,Robert,Sherman,jacksonashley@example.com,(986)786-0440,1950-05-14,OH,59598,2023-06-20,AGT0036,Zurich,Vision Basic
MEM004615,Nichole,Brown,hintonann@example.org,(388)662-0437x8815,1999-09-10,IN,09000,2024-05-08,AGT0072,MetLife,Dental Premium
MEM004616,Susan,Ryan,stephaniegoodwin@example.org,001-657-256-9078x2394,2001-06-25,MI,83637,2023-10-09,AGT0016,MetLife,Dental+Vision Bundle
MEM004617,Tammie,Scott,alewis@example.com,517.698.5753x946,1985-09-23,MI,26152,2023-10-20,AGT0076,VSP,Vision Premium
MEM004618,Bryan,White,michaelliu@example.org,+1-429-982-5162x8167,1985-08-09,IL,81710,2024-03-28,AGT0042,Zurich,Dental Premium
MEM004619,Sherry,Buchanan,chad00@example.org,(583)344-9207,2001-11-13,IL,03542,2023-05-28,AGT0050,Zurich,Dental Premium
MEM004620,William,Benson,averyamanda@example.org,637-679-9851x96528,1968-05-27,MI,43913,2024-02-20,AGT0077,MetLife,Vision Basic
MEM004621,Keith,Brown,helen97@example.com,(789)279-9032x38481,2002-10-23,KY,02989,2024-08-22,AGT0002,MetLife,Dental Premium
MEM004622,Albert,Townsend,ncarlson@example.net,(541)898-9320x989,1973-07-12,TX,42900,2024-08-09,AGT0011,Zurich,Dental Basic
MEM004623,Brittany,Stewart,nicholasjackson@example.net,237-571-5789x937,1987-02-09,GA,69825,2024-10-19,AGT0038,Zurich,Vision Basic
MEM004624,Thomas,Booth,julieowens@example.net,(693)914-4879,1986-10-13,FL,51680,2024-09-27,AGT0004,VSP,Vision Premium
MEM004625,Carol,Mccall,markharrison@example.com,4442909252,1970-02-11,MI,30541,2024-07-17,AGT0043,MetLife,Vision Basic
MEM004626,Brenda,Leon,mooredebbie@example.com,(634)984-7124,1959-05-30,GA,63811,2023-02-03,AGT0014,MetLife,Dental Premium
MEM004627,Amber,Burton,ryanhoward@example.com,(405)628-4304x434,1952-06-21,OH,55370,2024-08-07,AGT0052,Zurich,Dental Basic
MEM004628,Joseph,Ward,benjaminsalazar@example.net,9534318543,1974-05-31,CA,84155,2024-09-08,AGT0005,MetLife,Dental Basic
MEM004629,Roger,Jackson,kristen83@example.net,001-252-414-9579x57676,1974-06-02,KY,37639,2023-08-26,AGT0028,VSP,Dental+Vision Bundle
MEM004630,Juan,York,rodriguezkathleen@example.org,(405)348-8037,1993-03-31,MI,65007,2024-03-05,AGT0036,Zurich,Vision Premium
MEM004631,Lauren,Boyd,thansen@example.org,001-750-456-8286x0748,1954-02-02,CA,74791,2023-10-16,AGT0070,Zurich,Dental Premium
MEM004632,William,Stevens,matthew22@example.net,+1-339-924-7208,1956-05-20,GA,21267,2023-03-05,AGT0064,Zurich,Dental Basic
MEM004633,Tyler,Richardson,kathryn58@example.net,994.625.9623,1972-07-10,TX,13981,2023-03-17,AGT0012,MetLife,Dental Premium
MEM004634,Rachel,Miller,guerrahenry@example.org,695.911.6737,2001-11-20,CA,56993,2023-10-17,AGT0011,MetLife,Dental Basic
MEM004635,Morgan,Thompson,bradleydavis@example.com,001-942-638-9934x75843,1964-06-29,IN,00938,2023-11-16,AGT0020,Zurich,Vision Basic
MEM004636,David,Freeman,jamesdavid@example.net,7927275158,1987-05-31,OH,20115,2024-03-03,AGT0052,Zurich,Dental+Vision Bundle
MEM004637,Michelle,Robinson,michael14@example.org,369-463-7109x9964,1953-07-20,MI,34146,2023-03-16,AGT0038,MetLife,Dental Basic
MEM004638,Brenda,Diaz,carlsonbryan@example.org,001-929-419-7426x94111,1973-02-17,TX,27743,2023-07-25,AGT0043,VSP,Vision Basic
MEM004639,Lisa,Pena,hsmith@example.org,001-301-231-7187,1955-05-18,MI,30781,2023-06-09,AGT0041,MetLife,Dental Basic
MEM004640,Robert,Clark,walkerjoseph@example.net,(919)303-2871,1992-11-20,CA,67614,2023-03-04,AGT0013,VSP,Dental+Vision Bundle
MEM004641,Larry,Johnson,iwilson@example.net,+1-781-553-2010x735,1958-12-11,MI,99841,2024-08-28,AGT0070,VSP,Dental Basic
MEM004642,Chris,Hess,fhernandez@example.org,289.416.9404x96365,1993-02-10,OH,81838,2023-11-28,AGT0012,VSP,Dental Basic
MEM004643,Adam,Garcia,piercealbert@example.net,7918666650,1958-10-09,CA,19165,2023-05-19,AGT0040,MetLife,Dental+Vision Bundle
MEM004644,Johnathan,Bernard,james10@example.net,7423985658,1991-08-16,IN,32513,2023-11-07,AGT0021,Zurich,Vision Basic
MEM004645,Nicole,Davila,fpacheco@example.com,458-914-3023x459,1957-12-02,KY,36224,2024-11-01,AGT0012,MetLife,Dental Basic
MEM004646,Kayla,Morales,gjackson@example.com,001-378-955-5760x587,1991-03-19,KY,51359,2024-06-30,AGT0041,MetLife,Dental+Vision Bundle
MEM004647,Jason,Obrien,cassandrahill@example.net,(618)749-5806,1969-02-13,GA,78756,2023-03-18,AGT0061,Zurich,Dental Premium
MEM004648,Madeline,Colon,ihall@example.net,218.779.8823x5196,1976-06-05,GA,66823,2024-01-25,AGT0025,Zurich,Dental Basic
MEM004649,Paul,Brown,cookmichael@example.org,279-312-2515x7538,1957-02-24,IN,47691,2024-07-21,AGT0064,VSP,Vision Basic
MEM004650,Amber,Robertson,mejiaallison@example.org,001-404-711-0979x2936,1983-12-31,OH,73872,2023-04-24,AGT0074,VSP,Dental Basic
MEM004651,Kevin,Cochran,baldwinandres@example.net,437.932.6080,1963-08-13,OH,24210,2024-10-18,AGT0045,VSP,Dental+Vision Bundle
MEM004652,Kayla,Herrera,richard56@example.com,(248)262-0263x695,1971-04-22,OH,02073,2023-03-19,AGT0043,MetLife,Dental Premium
MEM004653,Dawn,King,russellmelinda@example.net,+1-941-565-1163x99319,2003-07-18,GA,98051,2024-02-25,AGT0024,VSP,Dental Basic
MEM004654,Jeremy,Sawyer,phicks@example.net,277.504.2519x9529,1972-09-21,TN,04057,2024-07-15,AGT0044,MetLife,Dental+Vision Bundle
MEM004655,Robert,Lawson,robert45@example.net,741.645.1873x6515,1994-07-29,KY,31759,2023-06-29,AGT0010,MetLife,Dental Basic
MEM004656,Kelly,Silva,moorejennifer@example.org,548.520.2463,1975-05-23,FL,24194,2024-01-08,AGT0009,Zurich,Vision Basic
MEM004657,William,White,ufleming@example.org,+1-994-711-7371x7845,2003-07-31,CA,72644,2024-07-09,AGT0036,Zurich,Vision Basic
MEM004658,Patrick,Thompson,thomas43@example.org,216-747-8961,1988-03-18,GA,25120,2024-01-03,AGT0078,VSP,Vision Basic
MEM004659,Jennifer,Kane,mcampbell@example.org,001-789-298-0907,1969-10-26,IN,39721,2024-09-04,AGT0004,VSP,Dental Basic
MEM004660,Kimberly,Luna,diazashley@example.net,+1-588-570-4628x159,1980-07-27,GA,50023,2024-10-05,AGT0058,VSP,Dental+Vision Bundle
MEM004661,William,Reese,brandonsantiago@example.org,001-860-564-1668x1357,1968-09-05,TN,09883,2024-02-16,AGT0047,Zurich,Dental Premium
MEM004662,Susan,Bradley,khartman@example.net,683-716-0887,1966-07-12,FL,32141,2023-05-30,AGT0012,VSP,Dental Basic
MEM004663,Michael,Mills,btran@example.org,758.247.7267x95035,1961-12-15,TN,84843,2024-02-18,AGT0052,VSP,Dental Basic
MEM004664,Matthew,Lee,matthew59@example.com,+1-648-687-6970x42202,1950-09-19,FL,44342,2024-01-27,AGT0003,Zurich,Dental Basic
MEM004665,Elizabeth,Salazar,jenniferespinoza@example.com,001-702-440-2418x79878,1974-08-16,OH,69221,2023-10-29,AGT0029,MetLife,Dental+Vision Bundle
MEM004666,Victoria,Daniel,bgrant@example.com,001-714-391-6968x01598,1995-09-08,GA,00907,2024-01-23,AGT0024,VSP,Dental Basic
MEM004667,Tammy,Reid,veronica25@example.net,(464)305-1795,1989-12-06,OH,80492,2024-06-08,AGT0001,MetLife,Dental+Vision Bundle
MEM004668,Craig,Wells,eddie14@example.com,(809)875-9177,1986-09-16,TX,41248,2024-02-26,AGT0077,MetLife,Vision Premium
MEM004669,Rita,Johnson,nanderson@example.org,001-925-385-7282x859,1993-08-03,IL,18976,2023-04-13,AGT0069,MetLife,Dental Basic
MEM004670,Darius,Harrison,nathan48@example.com,+1-604-498-7509,1965-02-12,MI,91779,2024-02-22,AGT0065,Zurich,Dental Basic
MEM004671,Daniel,Schwartz,charleskennedy@example.com,397.971.7593x006,1964-06-22,IL,65718,2023-12-26,AGT0030,MetLife,Vision Basic
MEM004672,Amanda,Lynch,kevin51@example.net,+1-370-730-3687x3391,1965-09-13,TX,73244,2023-07-05,AGT0020,VSP,Dental Basic
MEM004673,Kimberly,Harris,wilsonrebecca@example.org,487-642-2749x935,1992-04-05,TN,92696,2023-10-12,AGT0020,Zurich,Dental Basic
MEM004674,David,Perez,andrew04@example.net,+1-380-474-4880,2003-01-10,CA,60823,2024-09-12,AGT0039,MetLife,Dental Basic
MEM004675,Roberto,Cole,jthompson@example.net,(650)799-4241,1953-07-02,TX,24333,2023-04-05,AGT0035,VSP,Vision Basic
MEM004676,Suzanne,Case,scotttammy@example.org,001-704-306-3886x98475,1970-06-21,TN,67625,2023-04-29,AGT0014,Zurich,Dental Basic
MEM004677,Phillip,Solis,brodriguez@example.org,001-954-640-6005x32589,1981-02-18,IN,70814,2023-09-10,AGT0041,MetLife,Dental Premium
MEM004678,Laura,Mcpherson,ejones@example.org,(498)935-7739x78341,1963-01-24,IL,07334,2024-03-29,AGT0068,Zurich,Dental Basic
MEM004679,Abigail,Sanchez,thomas30@example.com,910-525-2965,1989-03-06,KY,74086,2023-01-08,AGT0016,Zurich,Vision Premium
MEM004680,Seth,Bray,stacyjones@example.com,001-820-450-4657x8466,1982-03-30,FL,58247,2024-11-11,AGT0072,MetLife,Vision Basic
MEM004681,Dakota,Brown,brandon32@example.com,(737)433-9785x037,1997-01-10,MI,32134,2024-04-20,AGT0004,MetLife,Dental+Vision Bundle
MEM004682,John,Watson,colleen20@example.net,(375)701-9334x4365,1956-07-13,IN,29389,2023-01-18,AGT0039,MetLife,Vision Basic
MEM004683,Eric,Fisher,cynthiaflores@example.net,351.542.3704x85513,1971-10-07,KY,69876,2023-12-04,AGT0010,Zurich,Dental Premium
MEM004684,Suzanne,Coffey,ejames@example.org,(988)784-5775x029,1995-10-21,OH,88112,2023-05-10,AGT0034,VSP,Vision Basic
MEM004685,Kim,Gilbert,osbornebryan@example.org,781-595-0528,1990-09-29,KY,95116,2024-02-24,AGT0017,Zurich,Dental Basic
MEM004686,Melissa,Nichols,smithbarbara@example.net,6877798087,1995-10-01,TX,53899,2023-03-29,AGT0079,MetLife,Dental Basic
MEM004687,John,Harrison,seanrodgers@example.net,800.393.0633,1980-11-22,FL,56753,2023-08-16,AGT0072,Zurich,Vision Premium
MEM004688,Brett,Moore,qdeleon@example.org,001-517-482-7710x501,1970-05-25,FL,46918,2023-01-26,AGT0072,Zurich,Vision Premium
MEM004689,Jasmine,Davis,harriserika@example.org,4834393346,1963-02-03,OH,54095,2024-11-14,AGT0029,Zurich,Vision Basic
MEM004690,Molly,Thomas,likatherine@example.org,542.859.1447x3833,1972-06-25,MI,62850,2024-03-31,AGT0052,Zurich,Vision Basic
MEM004691,Patricia,Griffin,jessicablair@example.org,+1-999-356-0524x40847,1979-10-12,TX,02825,2023-11-23,AGT0042,VSP,Dental+Vision Bundle
MEM004692,Benjamin,Wallace,igrant@example.com,+1-277-481-1649,2003-02-22,CA,40516,2024-01-17,AGT0040,Zurich,Vision Premium
MEM004693,Laura,Weaver,vwiggins@example.org,+1-967-563-0728x7275,1974-12-18,IL,14457,2024-07-11,AGT0074,Zurich,Dental Basic
MEM004694,Laura,Hawkins,emilymontgomery@example.org,933-686-0792,1988-07-27,CA,53468,2024-03-05,AGT0007,Zurich,Dental Premium
MEM004695,Vanessa,Walter,erikmata@example.org,944-863-9639x26691,1996-08-20,CA,75054,2023-06-06,AGT0070,VSP,Dental Basic
MEM004696,Phillip,Faulkner,whitekeith@example.org,898-944-9679x48471,1954-05-08,GA,49261,2023-03-10,AGT0043,VSP,Vision Basic
MEM004697,Julie,Armstrong,kathryn56@example.com,+1-283-809-8890x8155,1990-08-01,KY,98085,2023-08-28,AGT0048,VSP,Dental+Vision Bundle
MEM004698,Kelly,Ochoa,donnamassey@example.net,(726)940-8595x5149,1985-10-20,TN,18614,2023-03-26,AGT0019,VSP,Dental Premium
MEM004699,Valerie,Jennings,grayaustin@example.com,+1-360-952-6716x977,1987-07-11,TX,51623,2023-08-17,AGT0009,VSP,Vision Basic
MEM004700,Stanley,Liu,daviddunn@example.org,379-756-0502x065,1955-04-04,IL,59810,2024-07-19,AGT0046,MetLife,Vision Basic
MEM004701,Penny,Trujillo,johnlowe@example.net,+1-705-836-2639x638,1975-02-25,MI,79287,2024-06-08,AGT0062,Zurich,Dental Premium
MEM004702,Bradley,Newman,amoore@example.net,(454)381-9011x7078,1964-06-02,CA,14518,2024-09-20,AGT0051,VSP,Dental Premium
MEM004703,Tara,Fisher,elizabethclayton@example.net,001-760-267-5247,1994-10-04,IL,63499,2024-04-15,AGT0042,MetLife,Vision Basic
MEM004704,Kristina,Jones,ksandoval@example.com,+1-787-613-2287,1966-07-11,MI,20245,2024-11-22,AGT0019,VSP,Dental Basic
MEM004705,Denise,Walter,johnsonrandall@example.com,682-694-3050,1995-12-17,IN,71290,2023-11-05,AGT0005,VSP,Dental Basic
MEM004706,James,Jones,mollybauer@example.org,+1-665-378-7970,1977-08-13,OH,99866,2023-05-10,AGT0043,VSP,Dental Basic
MEM004707,Leslie,King,clairebaker@example.org,(415)996-6829,2003-11-11,OH,28267,2024-02-12,AGT0042,Zurich,Dental Premium
MEM004708,Brett,Hutchinson,nwright@example.org,207.234.8567x584,1975-04-13,CA,93586,2024-04-14,AGT0004,VSP,Dental Basic
MEM004709,Emily,Woods,scottwest@example.net,(870)785-5316,2000-07-08,GA,07901,2024-05-25,AGT0002,MetLife,Dental Premium
MEM004710,Kelly,Perez,meagan84@example.com,(311)577-1623x02482,1990-07-26,IN,90806,2024-01-13,AGT0031,MetLife,Dental Basic
MEM004711,Miranda,Williams,uthomas@example.net,(375)722-6255x483,1980-04-26,CA,23199,2023-05-28,AGT0038,VSP,Dental Basic
MEM004712,Jennifer,Carroll,wigginsdaniel@example.com,+1-368-451-4508x549,1957-05-29,TN,38490,2023-08-16,AGT0069,MetLife,Vision Basic
MEM004713,Judy,Jordan,wattsdaniel@example.com,514.437.7014,1954-02-19,KY,95406,2023-08-20,AGT0003,MetLife,Vision Basic
MEM004714,Alexis,Turner,richard58@example.com,(211)901-7992,1966-06-29,CA,63251,2024-02-06,AGT0077,MetLife,Dental Premium
MEM004715,Benjamin,Cameron,jleach@example.net,853.233.5657x3294,1993-07-18,KY,16434,2023-04-12,AGT0021,Zurich,Dental Basic
MEM004716,Traci,Oconnor,matthew96@example.net,001-933-289-4726,1952-05-16,KY,62584,2023-05-15,AGT0012,VSP,Vision Basic
MEM004717,Tracey,Dawson,ihanson@example.com,233.981.6975,1960-09-11,TN,74025,2023-07-01,AGT0031,Zurich,Dental Basic
MEM004718,Jeremy,Palmer,wbond@example.com,+1-799-413-5466,1984-04-24,CA,18717,2024-02-20,AGT0027,VSP,Dental+Vision Bundle
MEM004719,April,Stevens,rebecca39@example.net,001-968-886-0102x56982,1985-07-19,MI,98699,2023-01-06,AGT0017,VSP,Vision Premium
MEM004720,Stephanie,Franklin,sschroeder@example.com,798.296.3277x54055,1960-11-12,MI,71862,2023-08-09,AGT0076,MetLife,Vision Basic
MEM004721,Cynthia,Molina,aaron62@example.net,+1-995-254-4479x289,1997-09-11,TN,76191,2023-11-06,AGT0001,MetLife,Dental Basic
MEM004722,Gary,Rivers,hboyd@example.org,(511)485-8853,1958-07-18,CA,78353,2024-03-04,AGT0007,MetLife,Vision Basic
MEM004723,Mitchell,Mcdaniel,wwall@example.org,+1-552-356-3080x000,1971-11-06,MI,03825,2024-10-20,AGT0048,Zurich,Dental Basic
MEM004724,Kaylee,Chavez,thompsondenise@example.org,9914031280,1993-09-17,OH,78401,2024-09-10,AGT0078,MetLife,Dental Basic
MEM004725,Jasmine,Bishop,lindsey47@example.com,(522)369-6407x6386,1951-12-12,IL,67446,2024-10-23,AGT0075,Zurich,Dental Premium
MEM004726,Richard,Perez,jennifer54@example.com,9603780540,1983-10-21,IL,22596,2023-04-12,AGT0024,VSP,Dental Premium
MEM004727,Brittany,Mills,gknight@example.org,562.515.8873x1450,1975-03-11,FL,14822,2024-11-24,AGT0009,Zurich,Vision Premium
MEM004728,Mitchell,Clark,gary53@example.org,(508)312-7499,2003-10-21,KY,79229,2023-12-29,AGT0001,Zurich,Dental Premium
MEM004729,Brett,Smith,duffydavid@example.com,001-801-272-3446x77952,1962-10-18,MI,70231,2024-09-28,AGT0001,VSP,Vision Premium
MEM004730,Rebecca,Moore,gcarey@example.org,642-338-2919x69880,1969-06-27,IL,78592,2023-12-19,AGT0030,MetLife,Dental+Vision Bundle
MEM004731,Amy,Richmond,avang@example.net,9156919770,1992-01-20,FL,98657,2024-10-28,AGT0069,MetLife,Dental Premium
MEM004732,Joseph,Sampson,tiffany82@example.org,438.291.4550x564,1975-12-26,FL,18033,2024-01-21,AGT0037,MetLife,Dental Premium
MEM004733,Joshua,Fisher,alexandraleach@example.net,(425)729-2420x904,1976-07-12,TN,70241,2023-05-02,AGT0026,Zurich,Vision Basic
MEM004734,Tiffany,Greer,gregorygreene@example.org,678.307.7224,1957-03-15,FL,37149,2023-04-17,AGT0064,VSP,Dental+Vision Bundle
MEM004735,Kathleen,Barry,isaacmarshall@example.net,001-945-793-0506x998,1980-07-02,IN,69885,2024-03-14,AGT0045,MetLife,Vision Premium
MEM004736,Jennifer,Hernandez,tracy24@example.net,(859)887-6400,1987-07-05,OH,34090,2024-10-25,AGT0017,MetLife,Vision Premium
MEM004737,Samuel,Johnson,qphillips@example.org,001-937-901-4155x1051,1999-09-07,OH,43566,2023-06-13,AGT0042,VSP,Vision Basic
MEM004738,Terry,Foley,jmiller@example.org,(887)566-2690x911,1956-08-27,CA,22035,2024-02-21,AGT0008,MetLife,Dental Basic
MEM004739,Jesus,Ingram,nathanielgonzales@example.com,907.201.3168,1960-03-20,GA,32608,2023-03-12,AGT0062,Zurich,Vision Basic
MEM004740,John,Robbins,jerrycoleman@example.net,386-649-1705x80307,1952-02-27,GA,55285,2024-03-28,AGT0062,Zurich,Dental Premium
MEM004741,Blake,Johnson,willie24@example.com,311-239-7303,1972-01-29,IL,48945,2023-12-10,AGT0020,MetLife,Vision Premium
MEM004742,Melissa,Hartman,fchang@example.com,001-669-410-7643x2631,1998-05-15,TN,34785,2023-05-07,AGT0075,MetLife,Dental Basic
MEM004743,Jeffrey,Medina,jonathanhill@example.org,001-451-653-8410,1983-12-18,TX,04431,2023-05-22,AGT0037,Zurich,Vision Basic
MEM004744,Carolyn,Edwards,zjohnson@example.com,(643)211-3096x377,1969-10-18,FL,87901,2024-02-29,AGT0011,MetLife,Dental Premium
MEM004745,Courtney,Gentry,franklinjoseph@example.org,752.220.4330x06230,1977-12-14,MI,35818,2023-06-05,AGT0003,MetLife,Dental Basic
MEM004746,Rebecca,Daniels,tburns@example.net,(573)746-5267x499,1990-09-10,TN,95370,2023-09-08,AGT0032,Zurich,Vision Premium
MEM004747,Jessica,Howell,colesara@example.com,(660)662-5937x72457,1963-04-29,MI,15882,2024-08-01,AGT0010,MetLife,Dental Basic
MEM004748,Mary,Bailey,cmcintyre@example.net,001-860-948-9940x18514,1980-11-30,CA,25998,2024-03-23,AGT0065,VSP,Dental Premium
MEM004749,Stephanie,Daniels,leslie18@example.net,+1-213-549-3167x55031,1961-05-18,FL,69889,2023-08-02,AGT0069,Zurich,Dental Premium
MEM004750,Kim,Palmer,nicholas79@example.com,867.489.8801,1999-09-06,MI,23093,2024-05-17,AGT0064,VSP,Dental Premium
MEM004751,James,Baker,garciaeileen@example.org,434-704-4440x72111,1980-07-30,MI,77384,2023-03-15,AGT0068,MetLife,Dental Basic
MEM004752,Nicholas,Patton,xdalton@example.net,(561)813-9353x019,1974-08-27,IN,28915,2023-04-11,AGT0050,VSP,Dental Basic
MEM004753,Jason,Cook,xmcmillan@example.com,489.677.6127x6514,1985-04-02,KY,96077,2024-03-14,AGT0024,VSP,Dental Premium
MEM004754,Lisa,Schaefer,brownbarbara@example.net,4042181366,1983-02-01,OH,54192,2023-08-14,AGT0019,VSP,Dental Basic
MEM004755,Paul,Simmons,mathiskatherine@example.org,674-951-8893,1978-05-06,TN,60590,2023-10-14,AGT0029,MetLife,Vision Basic
MEM004756,Jeffrey,Brown,danielrichard@example.org,808.359.7370,1985-03-11,TN,23517,2024-01-10,AGT0050,Zurich,Vision Basic
MEM004757,Mary,Murphy,darren51@example.org,001-222-726-6509x8017,1973-05-05,TX,55221,2024-02-25,AGT0057,Zurich,Dental Premium
MEM004758,Ashley,Goodman,campbellscott@example.net,001-384-771-4351x20045,1964-05-01,IL,67159,2024-03-12,AGT0036,Zurich,Dental Premium
MEM004759,Gregory,Payne,lisarivera@example.net,001-358-369-7443x0278,1960-10-17,IN,60713,2024-01-12,AGT0040,VSP,Vision Basic
MEM004760,Jessica,Parker,hrodriguez@example.com,620-754-0483,1950-07-10,GA,84400,2023-11-19,AGT0075,MetLife,Dental+Vision Bundle
MEM004761,Jennifer,Coleman,pamelacooper@example.org,321.646.0778,1979-05-03,GA,27142,2024-03-04,AGT0069,VSP,Dental+Vision Bundle
MEM004762,Stephanie,Vazquez,maria78@example.com,565.305.4767x445,1954-11-13,GA,32749,2023-05-27,AGT0017,VSP,Dental+Vision Bundle
MEM004763,Robin,Porter,icastillo@example.org,(927)784-2374x05171,1966-02-02,CA,63567,2024-05-19,AGT0030,Zurich,Dental Premium
MEM004764,Tina,Phelps,dustinlee@example.org,981.542.0028,1989-07-20,CA,90578,2023-01-23,AGT0028,VSP,Vision Premium
MEM004765,Justin,Smith,rickywebb@example.com,(629)752-2429x3267,1962-06-04,OH,20514,2023-10-03,AGT0017,Zurich,Dental Basic
MEM004766,Melinda,Williams,rodneypacheco@example.com,(698)217-3116x012,1983-04-23,IN,25346,2024-03-23,AGT0024,MetLife,Vision Premium
MEM004767,Ronald,Gonzalez,fernandezthomas@example.org,(375)284-9875x528,1994-04-08,FL,86661,2023-10-27,AGT0071,Zurich,Dental+Vision Bundle
MEM004768,Nancy,Silva,mendezdiana@example.net,001-563-755-2313,1950-07-24,KY,68258,2024-11-15,AGT0045,VSP,Vision Premium
MEM004769,Jennifer,Thompson,andrew85@example.net,001-204-248-6010x16329,1962-04-15,TN,06785,2024-04-19,AGT0015,Zurich,Dental Premium
MEM004770,Larry,Cannon,mendezdestiny@example.net,001-439-760-7331,1954-08-29,FL,55445,2024-11-02,AGT0004,MetLife,Dental Basic
MEM004771,Heather,Myers,nicole06@example.org,540-624-9988,1997-07-10,IL,90595,2024-09-17,AGT0012,VSP,Vision Basic
MEM004772,David,Sexton,sandovalluke@example.org,912.884.1527,1962-12-03,MI,47267,2024-11-27,AGT0025,VSP,Vision Basic
MEM004773,Jennifer,Howard,stacyward@example.org,425-847-5957x624,1955-01-13,CA,86819,2023-06-09,AGT0035,VSP,Dental Basic
MEM004774,Daniel,Mccall,garrett82@example.net,770-426-2458,1993-10-20,GA,20094,2024-02-09,AGT0057,MetLife,Dental Premium
MEM004775,Vanessa,Colon,christopherrusso@example.org,2838888461,1969-09-17,IL,22904,2024-02-21,AGT0067,VSP,Dental Basic
MEM004776,Nicole,Russell,chelsea94@example.org,001-966-794-2505x5629,1956-01-17,IL,49185,2023-04-26,AGT0020,MetLife,Dental+Vision Bundle
MEM004777,Brianna,Maynard,darrell62@example.org,+1-985-715-5388x469,1996-06-21,KY,87851,2023-02-20,AGT0065,VSP,Dental Basic
MEM004778,John,Carter,paulpeterson@example.org,766.211.3176x1586,1998-09-23,MI,36205,2023-09-17,AGT0027,MetLife,Dental Premium
MEM004779,Jasmine,Wagner,jbrown@example.com,(684)701-0676,2001-09-12,GA,86931,2024-04-07,AGT0003,Zurich,Dental Basic
MEM004780,Joshua,Howard,fitzpatrickfrank@example.org,001-218-773-2856x580,1986-05-18,FL,82808,2024-07-07,AGT0011,Zurich,Dental Basic
MEM004781,Joel,Smith,josephrivera@example.org,(740)630-7030,1980-02-08,KY,98296,2023-01-09,AGT0078,VSP,Dental+Vision Bundle
MEM004782,Danielle,Hall,kathleen98@example.org,001-776-638-9560x89736,1961-12-09,IN,64539,2024-09-05,AGT0072,VSP,Dental+Vision Bundle
MEM004783,Scott,Gutierrez,millerchristopher@example.org,+1-743-999-0163,2000-12-24,IN,46708,2023-10-14,AGT0015,MetLife,Dental Basic
MEM004784,Damon,Foster,duarteleslie@example.org,3957840344,1983-02-27,OH,95982,2024-09-28,AGT0073,MetLife,Dental Premium
MEM004785,Lauren,Koch,wilsonshannon@example.com,+1-750-335-4492x530,1950-01-30,OH,25448,2024-10-30,AGT0014,VSP,Dental Premium
MEM004786,Mark,Rodriguez,monicaperry@example.net,800-289-3875x598,1992-08-19,TN,51964,2023-04-23,AGT0068,Zurich,Vision Premium
MEM004787,Erin,Coleman,james67@example.org,375.902.7873x62184,1955-05-21,TX,60557,2024-10-19,AGT0007,MetLife,Dental+Vision Bundle
MEM004788,Rachel,Scott,marie48@example.net,001-911-666-1734,2001-10-09,IN,23855,2024-06-05,AGT0037,VSP,Vision Basic
MEM004789,Jacob,Jones,robertscorey@example.org,+1-797-207-1020x23492,1975-04-15,IN,80685,2023-03-04,AGT0035,MetLife,Dental Basic
MEM004790,Tammy,Powell,mariahall@example.net,(228)298-1899x93284,1984-07-15,TX,61192,2024-02-20,AGT0044,MetLife,Vision Premium
MEM004791,William,Taylor,tammyfrazier@example.org,519-510-0225x916,1967-02-17,TX,92164,2023-12-05,AGT0014,VSP,Vision Basic
MEM004792,Stephanie,Rogers,isaac10@example.com,(789)411-9831x030,1992-10-27,KY,59799,2023-08-11,AGT0059,VSP,Dental Premium
MEM004793,Andrew,King,nicholsjoshua@example.org,001-743-880-7554x055,1967-09-07,IN,40397,2023-02-21,AGT0080,Zurich,Dental Basic
MEM004794,Joseph,Thomas,peter07@example.org,001-531-734-1916x28844,1996-04-27,TN,64580,2024-02-17,AGT0049,VSP,Dental Premium
MEM004795,Katelyn,Robinson,forbesangela@example.org,510.226.2333x29619,1990-06-11,TX,01675,2024-05-13,AGT0034,MetLife,Dental Basic
MEM004796,David,Griffin,hugheskelly@example.org,+1-958-200-8174x411,1953-05-04,IL,61669,2024-09-14,AGT0060,Zurich,Dental Basic
MEM004797,Eric,Allen,chaneyjennifer@example.net,+1-546-766-2981x997,1997-04-16,TX,67343,2024-09-12,AGT0027,VSP,Vision Premium
MEM004798,Danielle,Hill,cynthia76@example.com,2367029193,1958-05-19,OH,88891,2024-03-22,AGT0047,Zurich,Dental+Vision Bundle
MEM004799,David,Owens,brownbrenda@example.net,001-644-565-2488x26523,1996-05-31,GA,08103,2024-03-10,AGT0015,MetLife,Vision Basic
MEM004800,Kirk,Cruz,davidgross@example.org,001-656-391-0352,1984-07-29,FL,48685,2024-04-26,AGT0046,Zurich,Vision Premium
MEM004801,Justin,Chavez,lisa18@example.com,001-801-520-8389x211,1968-02-13,MI,35563,2024-06-17,AGT0021,VSP,Dental Basic
MEM004802,Troy,Hobbs,xmejia@example.com,583-384-2936,1978-10-14,IN,62671,2023-02-12,AGT0043,Zurich,Dental Basic
MEM004803,Elizabeth,Wong,bradleyjeff@example.org,811-910-9498x9905,1972-12-05,TN,79542,2023-07-14,AGT0070,MetLife,Vision Basic
MEM004804,Rebecca,Melendez,william64@example.net,+1-307-896-1840x421,1979-05-09,FL,94338,2024-03-08,AGT0020,Zurich,Dental Premium
MEM004805,Jason,Hill,martinezraymond@example.org,939-633-7361,1971-06-25,MI,34837,2024-01-09,AGT0075,Zurich,Vision Basic
MEM004806,Danielle,Carpenter,nathanconway@example.com,+1-848-653-1241x7591,1964-08-19,KY,74060,2024-06-05,AGT0021,VSP,Dental Premium
MEM004807,Melody,Bowman,sfowler@example.com,001-640-901-4913x370,1958-06-16,FL,22236,2023-05-26,AGT0062,VSP,Vision Basic
MEM004808,Tonya,Taylor,epetersen@example.com,876.615.7435x513,1979-08-18,TX,78987,2023-03-10,AGT0035,VSP,Dental Premium
MEM004809,John,Smith,novakpatrick@example.net,+1-645-429-6724x34701,1968-08-30,IN,59469,2024-05-11,AGT0026,MetLife,Dental Basic
MEM004810,Ashley,Krueger,juliajensen@example.com,628-590-6690x4636,1980-08-03,MI,08546,2024-06-11,AGT0021,VSP,Dental Basic
MEM004811,Jonathan,Daniel,mgallagher@example.com,+1-397-471-5760x6700,1988-07-30,CA,89315,2024-01-29,AGT0072,Zurich,Dental Basic
MEM004812,Andrea,Johnson,james81@example.org,8987253343,1956-03-31,TN,80803,2023-11-21,AGT0008,MetLife,Dental Premium
MEM004813,Jessica,West,annaday@example.org,+1-736-959-5679x97146,1983-04-02,KY,35684,2024-06-14,AGT0055,MetLife,Dental+Vision Bundle
MEM004814,Laura,Stanton,frank82@example.com,001-708-733-6780x92273,1998-11-02,FL,71111,2023-01-05,AGT0025,MetLife,Vision Basic
MEM004815,Shawn,Ruiz,sharonrobertson@example.net,672.256.9374x68639,1992-05-03,IL,48112,2024-07-31,AGT0002,Zurich,Vision Basic
MEM004816,Leslie,Tucker,alicia93@example.net,934-903-6073,1999-11-04,IL,10874,2023-08-18,AGT0062,VSP,Vision Basic
MEM004817,Matthew,Williams,allenallison@example.com,590-202-8807x338,1960-11-04,TX,37389,2023-04-29,AGT0038,MetLife,Dental Premium
MEM004818,Brandon,Vasquez,joanna16@example.org,(536)552-8939,1995-03-19,GA,88026,2024-05-07,AGT0026,MetLife,Vision Premium
MEM004819,Mark,Flores,sbartlett@example.com,+1-425-274-2377,1950-10-10,FL,34648,2023-03-04,AGT0011,MetLife,Dental Basic
MEM004820,Sarah,Hudson,teresa30@example.org,+1-751-294-6878x713,1975-01-01,IL,32419,2023-05-25,AGT0025,VSP,Vision Premium
MEM004821,Erika,Gregory,joseph36@example.com,(381)893-2096x672,1969-06-07,IN,22805,2024-05-15,AGT0045,Zurich,Vision Premium
MEM004822,Larry,Jordan,sergio84@example.org,975-485-0808x6105,1990-02-08,FL,54957,2024-11-09,AGT0013,Zurich,Dental+Vision Bundle
MEM004823,Destiny,Murphy,williammaldonado@example.net,761-359-6543x910,1960-10-17,CA,00822,2024-03-13,AGT0075,Zurich,Vision Basic
MEM004824,Roy,Butler,cweeks@example.org,522.365.5999x33129,1982-09-22,CA,97162,2024-01-21,AGT0056,VSP,Vision Premium
MEM004825,Michael,Sanchez,hopkinsmatthew@example.org,(365)823-4319x46574,1990-11-04,GA,38664,2024-02-17,AGT0038,MetLife,Vision Basic
MEM004826,Gina,Torres,rhickman@example.net,314.335.6034,1983-11-18,TX,36421,2024-11-28,AGT0031,MetLife,Dental Premium
MEM004827,Russell,Gomez,karen12@example.net,6942930553,1951-06-11,IN,85671,2023-09-30,AGT0079,Zurich,Dental Premium
MEM004828,Anthony,Torres,bmitchell@example.com,714-357-5339,1975-04-05,IL,47333,2023-06-15,AGT0049,Zurich,Vision Premium
MEM004829,Danielle,Nelson,dsmith@example.net,2839124653,1991-03-04,CA,95054,2023-07-20,AGT0026,Zurich,Dental Basic
MEM004830,Kristina,Figueroa,brendaduncan@example.com,721-757-2314x88975,2001-12-26,OH,75129,2023-04-01,AGT0034,MetLife,Dental+Vision Bundle
MEM004831,Robert,Green,lopezashley@example.org,488.275.6999x08569,1991-02-24,IN,20640,2023-01-14,AGT0047,Zurich,Dental Premium
MEM004832,Amanda,Little,matthewcannon@example.com,(375)666-7315x8417,1971-10-28,GA,61408,2024-11-18,AGT0007,MetLife,Dental Premium
MEM004833,Christina,James,christopher90@example.com,(851)252-0350x8368,2002-08-22,OH,57422,2024-10-17,AGT0011,VSP,Dental Basic
MEM004834,Thomas,Wiley,kyle64@example.org,835-489-2700,1953-12-08,OH,11841,2023-04-09,AGT0051,Zurich,Dental+Vision Bundle
MEM004835,Carol,Lawson,stephaniemitchell@example.org,762.748.6449x981,1987-08-06,IN,13373,2023-06-05,AGT0004,Zurich,Dental Basic
MEM004836,Dana,Ellis,john02@example.org,+1-670-820-6348x323,1981-04-12,TX,26075,2024-02-15,AGT0074,Zurich,Dental Basic
MEM004837,Joseph,Miller,craiggrant@example.com,541.671.4485x9071,1992-01-20,TN,44208,2023-09-25,AGT0077,VSP,Dental+Vision Bundle
MEM004838,Lauren,Boyd,angela16@example.org,384-738-8933x044,1969-10-18,TN,68224,2023-07-28,AGT0037,Zurich,Vision Basic
MEM004839,Daniel,Franco,kaitlindixon@example.net,+1-267-639-7960x08607,1982-02-18,FL,75628,2023-07-31,AGT0012,Zurich,Dental Basic
MEM004840,Brandi,Johnson,franciscoquinn@example.com,512.851.7769,2001-03-06,GA,62674,2023-10-18,AGT0061,Zurich,Dental Basic
MEM004841,Elizabeth,Ho,barbarawoodard@example.net,(908)554-2401x282,1984-06-27,MI,11884,2023-09-16,AGT0065,VSP,Dental+Vision Bundle
MEM004842,Micheal,Hernandez,michaelschmidt@example.org,(657)302-4452x0981,1975-06-13,MI,72894,2024-02-01,AGT0020,MetLife,Dental+Vision Bundle
MEM004843,Olivia,Watson,curtisgina@example.org,001-598-751-6850x529,1994-05-25,IL,33942,2023-04-04,AGT0053,VSP,Dental Premium
MEM004844,David,Chavez,seanhernandez@example.net,622.657.4654x48063,1962-09-27,KY,97870,2024-06-14,AGT0051,Zurich,Dental Premium
MEM004845,Ralph,Williams,kellyburns@example.org,(272)960-1880x38145,1964-12-07,FL,02196,2024-08-29,AGT0017,VSP,Dental Basic
MEM004846,Steve,Fox,julie81@example.com,001-844-611-1649,1962-09-03,IN,82454,2023-02-05,AGT0070,VSP,Vision Premium
MEM004847,Megan,Oneill,cclements@example.net,(549)765-4590x00807,1977-04-16,GA,06411,2023-03-30,AGT0003,VSP,Dental Basic
MEM004848,Nicole,Rivera,joshuacampbell@example.net,+1-281-948-9783x90909,2000-03-11,TN,15465,2023-01-25,AGT0036,MetLife,Dental+Vision Bundle
MEM004849,Shannon,Martinez,thompsonjessica@example.org,+1-513-932-7809x11914,1960-04-11,GA,64504,2024-05-22,AGT0026,Zurich,Dental Basic
MEM004850,Mary,Harris,meghan67@example.org,+1-249-655-6821x069,1967-10-11,MI,03927,2024-10-22,AGT0041,VSP,Dental+Vision Bundle
MEM004851,James,Simpson,jared59@example.com,(923)454-6795x3837,1984-03-20,CA,97113,2023-08-11,AGT0026,MetLife,Dental Basic
MEM004852,Ashley,Wells,toddseth@example.org,260.428.8552x980,1955-02-07,IN,33973,2023-03-01,AGT0076,MetLife,Vision Basic
MEM004853,Lindsay,Brown,thomasmaria@example.net,7487495110,2002-10-23,MI,76899,2024-09-01,AGT0009,Zurich,Dental Premium
MEM004854,Phillip,Tucker,jacquelinemendoza@example.com,485-367-8863,1950-04-27,KY,51261,2023-04-27,AGT0069,MetLife,Dental Basic
MEM004855,Gary,Richards,fgomez@example.org,001-744-243-8077x44214,1970-09-10,TN,40773,2024-10-21,AGT0036,MetLife,Dental Premium
MEM004856,Emily,Jacobs,asantiago@example.com,415-707-9585x3266,1966-02-14,CA,23154,2024-09-06,AGT0007,Zurich,Vision Premium
MEM004857,Laura,Andersen,blove@example.net,001-744-942-4987x963,1973-07-20,MI,68271,2023-02-20,AGT0057,VSP,Dental Premium
MEM004858,Justin,Brown,alyssaedwards@example.org,001-430-229-9903x037,1987-06-16,GA,80358,2023-09-06,AGT0022,Zurich,Dental+Vision Bundle
MEM004859,Michael,Salas,lisa57@example.com,+1-821-949-7421x0664,1995-12-03,OH,56759,2023-01-26,AGT0018,MetLife,Vision Premium
MEM004860,Jim,Guerra,sellerstaylor@example.org,(694)320-2225x88523,1996-08-23,OH,49826,2024-03-15,AGT0045,Zurich,Dental Premium
MEM004861,Jennifer,Elliott,pjohnston@example.com,240.518.0768x1301,1973-01-02,FL,43307,2024-04-14,AGT0001,VSP,Dental+Vision Bundle
MEM004862,Paul,Miller,jessica92@example.org,(611)367-7477x3133,1956-08-10,OH,14038,2023-08-14,AGT0005,VSP,Vision Premium
MEM004863,Timothy,Atkinson,lisataylor@example.net,001-935-959-7328x6871,1971-12-09,IN,41558,2023-08-06,AGT0079,VSP,Vision Basic
MEM004864,Kathleen,White,william99@example.org,(406)515-5989,1990-03-07,CA,59901,2023-07-27,AGT0065,VSP,Dental+Vision Bundle
MEM004865,Jessica,Owens,vanessa23@example.com,(855)915-1927x5410,2000-01-13,CA,47182,2023-04-07,AGT0016,Zurich,Dental Premium
MEM004866,Willie,Holmes,joshuahernandez@example.com,001-280-441-9111x688,1987-11-17,CA,66385,2024-11-14,AGT0030,VSP,Dental+Vision Bundle
MEM004867,Darryl,Murphy,joseph50@example.com,+1-234-242-6204x7148,1952-08-01,OH,34103,2023-12-31,AGT0052,VSP,Dental Premium
MEM004868,Melanie,Turner,mmatthews@example.com,730.466.6604,1995-09-03,FL,99126,2023-04-11,AGT0062,VSP,Dental+Vision Bundle
MEM004869,Sarah,Barnes,jefferypatel@example.org,6508258028,1997-08-14,TX,98605,2023-05-09,AGT0028,VSP,Dental+Vision Bundle
MEM004870,Kathleen,Rasmussen,bauermatthew@example.com,+1-394-809-8668,1998-11-15,TX,36837,2024-03-18,AGT0046,MetLife,Dental Basic
MEM004871,Heather,Owen,qharrington@example.com,(459)935-2385x71212,1985-07-28,IL,01237,2024-11-01,AGT0059,VSP,Dental Basic
MEM004872,David,Garcia,debbieperez@example.com,437.939.3250x192,1966-07-07,GA,86917,2023-06-12,AGT0056,VSP,Dental Premium
MEM004873,Stephanie,Middleton,ehuang@example.net,001-403-210-5371x8098,1951-01-02,CA,41683,2024-06-11,AGT0025,VSP,Vision Basic
MEM004874,Sonia,Duke,shelbybeasley@example.com,331-828-4794x33152,1985-06-15,TN,57398,2023-03-29,AGT0022,MetLife,Vision Basic
MEM004875,Jonathan,King,mary07@example.net,721-478-7830x057,1998-03-31,CA,44436,2024-10-18,AGT0001,VSP,Dental Premium
MEM004876,Tyler,Pennington,normancampbell@example.net,(589)266-8106,1971-09-12,TN,02779,2024-08-20,AGT0073,Zurich,Dental Basic
MEM004877,Sandra,Brock,colinfarrell@example.com,001-853-653-8218x108,1980-08-17,CA,18336,2023-11-28,AGT0062,VSP,Vision Basic
MEM004878,Christina,Nelson,gregholloway@example.com,993-954-9410x9758,1978-12-14,CA,87722,2024-03-20,AGT0064,VSP,Dental Premium
MEM004879,Pamela,Harmon,hrios@example.com,001-560-787-0999,1966-11-12,TX,35682,2024-07-16,AGT0048,Zurich,Vision Basic
MEM004880,Isabella,Chavez,mwoodard@example.org,877-807-7230,1952-08-18,OH,76613,2023-11-21,AGT0038,MetLife,Vision Premium
MEM004881,Kelly,Coleman,benjaminrodriguez@example.net,857-331-4305,1984-10-07,TN,51119,2023-04-22,AGT0062,Zurich,Vision Basic
MEM004882,Andrew,Cox,evelyn35@example.org,001-483-486-0400x81982,1956-04-11,IL,72057,2024-08-08,AGT0076,VSP,Dental+Vision Bundle
MEM004883,Karen,Thomas,smithleslie@example.com,424-658-1972x3961,1958-04-30,TX,22353,2023-12-26,AGT0069,VSP,Dental Basic
MEM004884,Elizabeth,Anderson,samuelross@example.org,666.705.3894,1977-08-31,TX,22294,2023-04-27,AGT0055,MetLife,Dental Basic
MEM004885,Teresa,Phillips,fowlermichelle@example.net,001-613-723-7153x57953,1982-05-24,IN,86106,2024-10-29,AGT0001,Zurich,Vision Basic
MEM004886,Tina,Munoz,amyrodriguez@example.com,001-515-847-3653x193,1974-03-15,CA,50143,2023-09-26,AGT0024,Zurich,Dental+Vision Bundle
MEM004887,Matthew,Santiago,luisnelson@example.org,(480)454-3913,1994-01-28,TN,48908,2024-07-28,AGT0060,MetLife,Vision Basic
MEM004888,Courtney,Henderson,osborncristian@example.org,854-478-3643x7482,1951-06-30,IL,28870,2024-10-19,AGT0076,MetLife,Dental Basic
MEM004889,Dustin,Carroll,gmclean@example.net,001-289-618-6359x1247,1963-06-14,TN,96271,2023-04-15,AGT0002,MetLife,Vision Basic
MEM004890,James,Bowman,linda02@example.net,340-699-1492,1953-03-29,FL,12586,2024-02-05,AGT0036,MetLife,Vision Basic
MEM004891,Michele,Garcia,guzmankristina@example.com,802-524-8064x2048,1986-01-08,CA,27818,2023-01-24,AGT0045,MetLife,Dental+Vision Bundle
MEM004892,Elizabeth,Smith,higginsryan@example.org,001-570-307-3495,1970-05-16,MI,01706,2023-06-15,AGT0053,Zurich,Dental Basic
MEM004893,Dave,Sanchez,fmiller@example.net,(306)347-5661x396,2000-04-24,IN,07531,2023-05-02,AGT0050,MetLife,Dental+Vision Bundle
MEM004894,Timothy,Foster,shawn40@example.net,761.684.0614,1994-09-21,MI,57475,2023-01-14,AGT0003,MetLife,Dental+Vision Bundle
MEM004895,Kayla,Johnson,palmertara@example.org,846.650.3207x72615,1984-07-13,GA,80935,2023-06-26,AGT0018,VSP,Vision Premium
MEM004896,Jeremy,Sanchez,robin68@example.net,663-688-3486x301,1990-06-25,TN,44116,2024-08-10,AGT0031,VSP,Dental+Vision Bundle
MEM004897,Megan,Villegas,bensonmichael@example.org,+1-343-512-9543,1975-11-12,IN,96670,2024-10-12,AGT0042,VSP,Dental+Vision Bundle
MEM004898,Benjamin,Allen,kimraymond@example.com,423.690.0672x825,1974-11-10,KY,34166,2023-04-05,AGT0051,Zurich,Dental+Vision Bundle
MEM004899,Ian,Lester,elizabethcannon@example.net,932-877-3421,1986-08-09,FL,95445,2024-01-12,AGT0033,MetLife,Vision Premium
MEM004900,Sandra,Gibson,wwilliams@example.net,+1-684-752-2059x798,1994-03-23,MI,41485,2024-07-09,AGT0047,Zurich,Dental Premium
MEM004901,Kevin,Park,adamholmes@example.com,708.718.3281,1969-08-20,KY,60593,2024-01-17,AGT0043,Zurich,Dental Basic
MEM004902,Gregory,Griffin,hwade@example.com,001-498-676-0591x27972,1988-07-01,TX,56704,2024-01-25,AGT0069,Zurich,Dental+Vision Bundle
MEM004903,James,Peters,jacqueline93@example.org,809-285-5657,1996-02-15,MI,15647,2023-12-29,AGT0035,Zurich,Dental Basic
MEM004904,Tyler,Taylor,robertobender@example.net,001-398-851-5519x657,2000-05-19,MI,85169,2023-10-31,AGT0046,Zurich,Vision Basic
MEM004905,Chelsea,Cannon,michellelee@example.com,001-204-415-3548x137,1964-05-10,GA,56673,2024-03-15,AGT0064,MetLife,Dental Premium
MEM004906,Regina,Randolph,brianguerra@example.com,+1-320-393-5744,1976-11-21,TX,37886,2024-02-06,AGT0041,MetLife,Dental Basic
MEM004907,Sarah,Mcdowell,erin07@example.net,941-458-0465,1991-05-02,FL,10652,2024-11-09,AGT0047,Zurich,Vision Basic
MEM004908,Connor,Griffin,williamchristensen@example.com,759.379.0356,1976-01-31,MI,09684,2024-06-04,AGT0021,Zurich,Dental Premium
MEM004909,Robert,George,zsmith@example.com,+1-284-703-1059x5325,2000-04-26,MI,68908,2024-09-16,AGT0033,VSP,Dental Basic
MEM004910,Anthony,Barnett,jroman@example.com,001-666-882-4947,2003-07-26,TN,82394,2024-03-16,AGT0069,MetLife,Dental Premium
MEM004911,Jack,Jensen,qknight@example.com,+1-658-240-3526x2120,1978-08-19,IN,62458,2023-11-09,AGT0047,Zurich,Dental Basic
MEM004912,Andrea,Adams,brodriguez@example.org,253-891-2040,1997-09-23,KY,26701,2023-06-29,AGT0052,VSP,Dental Basic
MEM004913,Kristen,Long,rogersrobert@example.net,3455132931,1954-08-03,FL,60091,2023-01-09,AGT0026,VSP,Dental Basic
MEM004914,Daniel,Vega,andrea30@example.net,(337)601-2677x0794,1967-08-07,CA,17338,2024-09-09,AGT0006,Zurich,Vision Basic
MEM004915,Patricia,White,christopherhill@example.com,+1-620-240-1807,1993-12-18,IL,89236,2023-08-21,AGT0076,VSP,Dental Premium
MEM004916,Lynn,Walsh,christine34@example.com,001-257-365-1396,1950-06-06,MI,28770,2023-12-20,AGT0072,MetLife,Dental Basic
MEM004917,Clinton,Anderson,tuckeralexander@example.org,(847)527-1224,1980-01-23,TX,77900,2023-05-22,AGT0045,MetLife,Dental Premium
MEM004918,Kathy,Rose,castroannette@example.com,+1-935-902-8501x468,1961-11-25,IN,28936,2024-11-23,AGT0039,VSP,Dental Basic
MEM004919,Michael,Jennings,bparks@example.net,+1-261-970-2775x911,2000-06-13,OH,90673,2023-07-09,AGT0040,MetLife,Dental Premium
MEM004920,Garrett,Kramer,lesliepotter@example.net,(770)610-3775x65869,1962-06-30,FL,53021,2023-03-08,AGT0077,VSP,Vision Premium
MEM004921,Timothy,Fuentes,jacob21@example.net,666.745.8071x906,1970-11-11,MI,61149,2024-11-19,AGT0063,Zurich,Dental+Vision Bundle
MEM004922,Jennifer,Williams,joshuahernandez@example.net,(766)680-5119x472,1966-11-16,OH,68027,2023-12-05,AGT0013,MetLife,Dental Basic
MEM004923,Scott,Webb,kwilson@example.com,+1-585-831-4000x23767,1981-08-19,CA,04274,2024-11-03,AGT0004,VSP,Dental+Vision Bundle
MEM004924,Miguel,Wallace,melissacampbell@example.com,+1-423-664-9979x851,1985-12-26,TN,53281,2023-06-20,AGT0024,VSP,Dental+Vision Bundle
MEM004925,Carlos,Boyle,michael56@example.net,(831)283-1425,1999-06-19,GA,25620,2023-06-02,AGT0049,MetLife,Dental+Vision Bundle
MEM004926,Michael,Dennis,thomaspreston@example.org,+1-718-648-6061x504,1959-12-17,IN,67737,2023-12-19,AGT0068,VSP,Vision Basic
MEM004927,Timothy,Vincent,walleranthony@example.org,001-408-691-4096x4664,1967-04-07,TX,74269,2024-06-25,AGT0045,VSP,Dental Premium
MEM004928,Justin,Jones,melissaalvarez@example.com,001-930-671-4174x715,1973-04-14,GA,77393,2023-03-24,AGT0006,Zurich,Dental+Vision Bundle
MEM004929,Brittany,Conner,dyang@example.org,966.211.7614,1957-04-02,CA,22510,2024-10-02,AGT0030,VSP,Dental Basic
MEM004930,Megan,Lynch,dawn04@example.net,761.511.7247x89146,1977-04-24,TN,97113,2024-05-03,AGT0046,VSP,Vision Premium
MEM004931,Joshua,Gray,johnjohnson@example.org,620-329-8955,1990-09-16,IN,60838,2023-08-14,AGT0054,MetLife,Vision Basic
MEM004932,Gregory,Woods,chadthomas@example.net,640.747.2117,1959-08-29,GA,83542,2024-07-10,AGT0059,MetLife,Dental Basic
MEM004933,Tonya,Mayer,thomasrobert@example.com,340-962-0963,1984-07-25,OH,88936,2023-09-14,AGT0018,MetLife,Vision Premium
MEM004934,Stephanie,Spencer,andrea71@example.com,996.260.0986,1983-08-09,GA,88752,2024-05-02,AGT0022,VSP,Dental Premium
MEM004935,Andrew,Baird,jameslee@example.net,5252751081,1965-08-05,GA,16636,2023-04-14,AGT0004,Zurich,Dental Premium
MEM004936,Ellen,Torres,stewartsusan@example.com,(769)559-5197,1995-11-10,FL,79555,2023-05-02,AGT0051,MetLife,Dental Basic
MEM004937,Sandra,Blanchard,teresa76@example.net,+1-209-541-5863x1959,1955-04-25,GA,45244,2024-09-28,AGT0074,MetLife,Dental Basic
MEM004938,Tyler,Barker,russellelizabeth@example.com,+1-913-492-9428,1971-07-30,IN,64922,2024-03-17,AGT0031,Zurich,Vision Basic
MEM004939,Robert,Jones,stevensonaustin@example.org,9739106526,1989-02-06,FL,53469,2023-03-17,AGT0008,VSP,Dental Premium
MEM004940,Stephen,Good,fordcharles@example.com,+1-334-910-6286x47923,2002-12-12,TX,93757,2023-12-04,AGT0019,MetLife,Dental+Vision Bundle
MEM004941,Julie,Cruz,bakerjessica@example.net,882.644.8156x42643,1989-07-16,MI,46887,2024-03-04,AGT0013,MetLife,Dental+Vision Bundle
MEM004942,Carol,Bailey,jamesjohn@example.com,001-589-271-9551x462,1975-02-27,MI,96402,2023-08-09,AGT0068,Zurich,Vision Basic
MEM004943,Melissa,Schroeder,trevorlozano@example.org,+1-893-727-6652,1977-09-07,TX,32966,2023-02-09,AGT0045,MetLife,Vision Premium
MEM004944,Alexander,Haney,jessica40@example.org,001-843-866-4469x024,1963-08-30,IN,55453,2024-10-27,AGT0019,VSP,Vision Basic
MEM004945,Shelby,Moss,brandon99@example.com,489-533-1947,1985-12-14,KY,44079,2023-09-06,AGT0047,MetLife,Dental+Vision Bundle
MEM004946,Frederick,Blair,woodscody@example.net,+1-463-314-2918x51686,1999-08-11,IL,20088,2023-05-29,AGT0031,MetLife,Dental Basic
MEM004947,Kevin,Carroll,gomezemily@example.net,624.483.1915,1992-04-16,TN,75548,2023-05-16,AGT0048,VSP,Dental Premium
MEM004948,Renee,Payne,michael29@example.net,772.360.7187x09752,1955-09-26,OH,91313,2023-07-09,AGT0043,VSP,Vision Basic
MEM004949,Karen,Benjamin,hartjennifer@example.com,537-638-8495,1973-03-20,MI,31860,2023-10-20,AGT0011,Zurich,Dental+Vision Bundle
MEM004950,Manuel,Knapp,catherine27@example.com,001-513-445-0948,1976-11-02,MI,51174,2023-07-27,AGT0056,Zurich,Dental Premium
MEM004951,Charles,Woods,matthew87@example.net,468-257-6786x3405,1953-06-03,IL,80478,2023-03-28,AGT0075,VSP,Vision Basic
MEM004952,Denise,Solomon,twilliams@example.net,(783)522-7359x47145,1959-08-14,TN,83901,2024-11-25,AGT0003,VSP,Dental Basic
MEM004953,Tiffany,Bates,williamsbarbara@example.net,(564)679-9073x7074,1960-04-16,FL,66283,2024-08-21,AGT0078,MetLife,Dental Premium
MEM004954,Scott,Mcdaniel,smithharold@example.net,309.865.5904x21685,1955-10-06,FL,26327,2023-12-14,AGT0028,MetLife,Vision Basic
MEM004955,Michael,Crawford,millssteven@example.net,888-536-1645,1962-09-03,CA,79860,2024-03-13,AGT0011,Zurich,Dental Basic
MEM004956,Amy,Barber,fosterdavid@example.net,001-358-282-4278,1993-11-20,MI,70847,2024-05-30,AGT0080,MetLife,Dental Basic
MEM004957,John,Brown,mendozamichael@example.com,842-427-6903,1999-05-04,MI,51758,2024-08-30,AGT0051,Zurich,Dental+Vision Bundle
MEM004958,Olivia,Hill,jeromeodonnell@example.com,+1-485-957-4926,1989-09-17,MI,60540,2023-11-26,AGT0059,VSP,Vision Premium
MEM004959,Jessica,Harris,jamespatterson@example.org,965-508-7551,1952-05-31,TN,76137,2023-04-27,AGT0018,Zurich,Vision Basic
MEM004960,Cassandra,Anderson,molinalee@example.org,+1-377-318-8874x94423,1993-09-20,IN,09247,2024-04-07,AGT0057,Zurich,Dental Premium
MEM004961,Joshua,Pearson,gdudley@example.net,997-256-8326,1957-04-07,TN,35584,2024-09-01,AGT0026,MetLife,Dental Premium
MEM004962,Tamara,Garner,jlawrence@example.com,(734)586-5472x23030,1954-08-03,IN,72432,2023-11-22,AGT0023,MetLife,Dental Basic
MEM004963,Patricia,Spencer,howardronald@example.com,202.303.4723x31227,1983-11-06,TX,01861,2024-10-23,AGT0032,Zurich,Vision Basic
MEM004964,Ann,Wagner,dherman@example.org,844-780-7738x3453,1953-01-26,MI,29586,2024-09-19,AGT0040,Zurich,Dental Premium
MEM004965,Leslie,Sullivan,jasmine83@example.net,001-805-905-2686,1965-04-05,CA,50450,2023-02-26,AGT0041,Zurich,Dental Premium
MEM004966,Michael,Adams,ksmith@example.org,4376400639,1954-03-28,MI,79104,2024-02-11,AGT0007,VSP,Dental Basic
MEM004967,Joshua,Decker,brian13@example.net,483.777.4284,1974-07-04,GA,11916,2023-07-30,AGT0059,Zurich,Dental Premium
MEM004968,Scott,Simpson,roy65@example.net,246.791.8165x46368,1956-03-04,TX,22026,2024-10-02,AGT0019,MetLife,Vision Premium
MEM004969,Jonathan,Cole,christopher06@example.net,895-827-6165x5322,1995-04-22,OH,33763,2024-07-08,AGT0006,MetLife,Dental+Vision Bundle
MEM004970,Gregory,Norris,chad97@example.com,(912)266-3505,1961-11-09,FL,43903,2024-07-16,AGT0023,MetLife,Dental Basic
MEM004971,Belinda,Garcia,fgordon@example.com,(934)528-3323x83562,1958-12-26,MI,62035,2023-11-18,AGT0032,VSP,Dental Premium
MEM004972,Clayton,Carroll,michellehorn@example.net,(304)554-0968x2301,1998-12-09,KY,37680,2023-04-13,AGT0021,MetLife,Dental Basic
MEM004973,Amy,Jackson,jessica12@example.net,+1-578-934-8195x7146,1998-01-13,TX,04141,2023-08-29,AGT0022,VSP,Vision Premium
MEM004974,Cathy,Gonzalez,lauren29@example.com,9965501772,1952-10-30,TX,28359,2023-06-27,AGT0026,Zurich,Vision Premium
MEM004975,Allison,Harris,nwong@example.org,631-488-3365,1984-09-11,TX,59459,2024-11-19,AGT0016,Zurich,Vision Premium
MEM004976,William,Young,fisherpatricia@example.com,376.561.4180,1969-12-10,GA,64655,2024-02-25,AGT0002,MetLife,Vision Basic
MEM004977,Kevin,Lopez,amiller@example.com,742-927-5410,1957-09-17,FL,41570,2024-11-23,AGT0032,Zurich,Dental Premium
MEM004978,Robert,Cook,dustin66@example.com,724-694-4348,1991-10-18,TX,19787,2023-01-13,AGT0076,Zurich,Dental Premium
MEM004979,Anthony,Wise,zbeasley@example.net,384.383.8939x2428,1988-06-08,FL,18278,2024-05-12,AGT0024,MetLife,Dental Basic
MEM004980,Diamond,Burton,brandyrobbins@example.net,(388)577-7873,1961-08-11,OH,41821,2023-12-29,AGT0033,Zurich,Vision Premium
MEM004981,Nichole,Hall,pscott@example.net,001-250-939-7886x304,1992-07-07,IN,38552,2023-02-21,AGT0059,MetLife,Dental Premium
MEM004982,Daniel,Gordon,gpowell@example.net,936.274.6330x34946,2000-04-18,TN,17845,2023-10-03,AGT0004,Zurich,Vision Premium
MEM004983,Laurie,Buck,agray@example.net,(270)548-0383x43069,1978-10-07,OH,42011,2024-09-13,AGT0024,MetLife,Vision Basic
MEM004984,Jodi,Kelly,jennifer67@example.org,2905691221,1983-04-25,OH,87184,2024-06-25,AGT0015,Zurich,Vision Premium
MEM004985,Douglas,Robinson,millerpatricia@example.org,380.486.2966x29231,1973-10-04,KY,23876,2024-09-29,AGT0047,VSP,Dental+Vision Bundle
MEM004986,Richard,Ramos,maurice83@example.com,+1-535-379-9873x4689,1992-05-26,IL,72849,2024-03-06,AGT0079,VSP,Dental Premium
MEM004987,Kimberly,Peterson,danielenglish@example.net,579-259-9386x938,1960-04-22,CA,32565,2024-02-03,AGT0024,VSP,Dental Premium
MEM004988,Patricia,Pratt,joanne47@example.net,(689)759-4211,1971-03-15,FL,98899,2023-03-22,AGT0058,Zurich,Vision Premium
MEM004989,Tina,Reed,elliottnatalie@example.net,2483189029,1994-12-13,TX,69434,2023-04-30,AGT0054,MetLife,Dental+Vision Bundle
MEM004990,Karen,Miller,dickersontonya@example.org,929.248.8318x100,2002-06-14,TN,47709,2023-09-04,AGT0052,MetLife,Dental Basic
MEM004991,Gail,Cowan,ewright@example.org,398.671.4096,1984-03-29,FL,32503,2024-02-16,AGT0070,MetLife,Dental+Vision Bundle
MEM004992,Kathryn,Deleon,gregoryjohnson@example.org,(544)308-1372x776,1982-08-10,FL,13079,2024-01-17,AGT0027,VSP,Dental Basic
MEM004993,Frances,Brown,richardlong@example.org,001-630-867-9133x843,1997-01-29,FL,30096,2024-07-11,AGT0037,MetLife,Dental Basic
MEM004994,Dorothy,Boyd,scott12@example.com,6622937895,1969-07-04,KY,35908,2023-05-24,AGT0049,MetLife,Dental Premium
MEM004995,Todd,Melton,kwillis@example.org,928.341.8894x69584,1984-03-16,IL,27402,2024-02-05,AGT0064,VSP,Dental Basic
MEM004996,Samantha,Powell,oscott@example.org,(781)828-1173x10521,1950-01-28,KY,24424,2023-08-12,AGT0015,MetLife,Dental+Vision Bundle
MEM004997,Tyrone,Grant,chadmartinez@example.com,(899)726-4769,1958-09-06,KY,07201,2024-03-02,AGT0023,Zurich,Vision Premium
MEM004998,Susan,Smith,andrew73@example.org,+1-955-397-7143x691,1966-08-25,KY,42592,2024-01-19,AGT0066,MetLife,Dental Basic
MEM004999,Charlotte,Miller,brianmoses@example.com,546-627-4139x7466,1997-09-19,GA,94083,2024-02-11,AGT0027,VSP,Dental Premium
MEM005000,Ryan,Evans,hogangrace@example.com,(307)524-8631,1972-06-14,GA,36335,2023-01-28,AGT0041,VSP,Vision Basic
