policy_id,member_id,agent_id,carrier,plan_type,effective_date,expiry_date,monthly_premium,annual_premium,commission_rate,monthly_commission,status,term_months
POL0000000,MEM000001,AGT0032,VSP,Dental Premium,2023-06-01,2024-06-01,55.5,666.0,0.22,12.21,expired,12
POL0000001,MEM000002,AGT0079,Zurich,Vision Basic,2024-04-01,2027-04-01,19.42,233.04,0.16,3.11,active,36
POL0000002,MEM000003,AGT0014,MetLife,Dental Premium,2024-12-01,2026-12-01,53.51,642.12,0.22,11.77,active,24
POL0000003,MEM000004,AGT0035,VSP,Vision Basic,2023-05-01,2024-05-01,19.96,239.52,0.16,3.19,active,12
POL0000004,MEM000005,AGT0065,VSP,Dental Premium,2024-01-01,2025-01-01,54.45,653.4,0.22,11.98,active,12
POL0000005,MEM000006,AGT0036,MetLife,Dental Basic,2023-03-01,2025-03-01,30.79,369.48,0.18,5.54,active,24
POL0000006,MEM000007,AGT0057,Zurich,Vision Premium,2023-06-01,2024-06-01,36.57,438.84,0.2,7.31,cancelled,12
POL0000007,MEM000008,AGT0010,Zurich,Dental+Vision Bundle,2024-08-01,2026-08-01,78.35,940.2,0.25,19.59,active,24
POL0000008,MEM000009,AGT0075,Zurich,Dental Basic,2024-08-01,2025-08-01,29.94,359.28,0.18,5.39,active,12
POL0000009,MEM000010,AGT0047,MetLife,Dental+Vision Bundle,2023-06-01,2024-06-01,72.91,874.92,0.25,18.23,active,12
POL0000010,MEM000011,AGT0046,Zurich,Dental+Vision Bundle,2023-09-01,2026-09-01,71.61,859.32,0.25,17.9,cancelled,36
POL0000011,MEM000012,AGT0021,MetLife,Dental+Vision Bundle,2024-03-01,2026-03-01,75.58,906.96,0.25,18.89,active,24
POL0000012,MEM000013,AGT0053,Zurich,Dental+Vision Bundle,2023-02-01,2024-02-01,72.2,866.4,0.25,18.05,active,12
POL0000013,MEM000014,AGT0014,VSP,Dental+Vision Bundle,2023-10-01,2024-10-01,75.13,901.56,0.25,18.78,active,12
POL0000014,MEM000015,AGT0059,VSP,Dental Premium,2024-05-01,2025-05-01,54.69,656.28,0.22,12.03,active,12
POL0000015,MEM000016,AGT0025,VSP,Dental Premium,2023-09-01,2026-09-01,54.44,653.28,0.22,11.98,active,36
POL0000016,MEM000017,AGT0066,VSP,Vision Premium,2023-04-01,2025-04-01,34.41,412.92,0.2,6.88,active,24
POL0000017,MEM000018,AGT0015,VSP,Dental Basic,2024-08-01,2025-08-01,30.86,370.32,0.18,5.55,cancelled,12
POL0000018,MEM000019,AGT0077,VSP,Dental Premium,2023-10-01,2025-10-01,56.82,681.84,0.22,12.5,active,24
POL0000019,MEM000020,AGT0066,MetLife,Dental Premium,2023-12-01,2024-12-01,55.62,667.44,0.22,12.24,cancelled,12
POL0000020,MEM000021,AGT0006,Zurich,Dental Premium,2024-09-01,2025-03-01,53.13,637.56,0.22,11.69,expired,6
POL0000021,MEM000022,AGT0047,VSP,Dental Basic,2024-07-01,2025-07-01,28.86,346.32,0.18,5.19,active,12
POL0000022,MEM000023,AGT0041,Zurich,Dental+Vision Bundle,2024-12-01,2026-12-01,77.17,926.04,0.25,19.29,pending,24
POL0000023,MEM000024,AGT0053,VSP,Dental Premium,2023-12-01,2024-12-01,56.3,675.6,0.22,12.39,active,12
POL0000024,MEM000025,AGT0025,VSP,Vision Premium,2023-11-01,2024-11-01,33.6,403.2,0.2,6.72,expired,12
POL0000025,MEM000026,AGT0073,VSP,Dental Premium,2024-02-01,2027-02-01,54.62,655.44,0.22,12.02,active,36
POL0000026,MEM000027,AGT0027,VSP,Vision Premium,2023-02-01,2024-02-01,35.64,427.68,0.2,7.13,expired,12
POL0000027,MEM000028,AGT0057,VSP,Vision Premium,2024-10-01,2026-10-01,34.66,415.92,0.2,6.93,active,24
POL0000028,MEM000029,AGT0011,VSP,Vision Basic,2024-07-01,2027-07-01,19.39,232.68,0.16,3.1,active,36
POL0000029,MEM000030,AGT0031,Zurich,Dental Premium,2024-11-01,2025-11-01,57.64,691.68,0.22,12.68,active,12
POL0000030,MEM000031,AGT0006,MetLife,Dental+Vision Bundle,2023-08-01,2024-08-01,77.37,928.44,0.25,19.34,cancelled,12
POL0000031,MEM000032,AGT0054,Zurich,Vision Basic,2024-10-01,2026-10-01,19.2,230.4,0.16,3.07,active,24
POL0000032,MEM000033,AGT0032,MetLife,Vision Premium,2024-02-01,2025-02-01,34.0,408.0,0.2,6.8,expired,12
POL0000033,MEM000034,AGT0029,MetLife,Dental+Vision Bundle,2023-02-01,2024-02-01,71.91,862.92,0.25,17.98,expired,12
POL0000034,MEM000035,AGT0072,MetLife,Dental+Vision Bundle,2024-07-01,2025-07-01,77.64,931.68,0.25,19.41,cancelled,12
POL0000035,MEM000036,AGT0060,Zurich,Vision Basic,2023-06-01,2024-06-01,20.76,249.12,0.16,3.32,active,12
POL0000036,MEM000037,AGT0057,Zurich,Dental+Vision Bundle,2024-08-01,2025-08-01,78.35,940.2,0.25,19.59,cancelled,12
POL0000037,MEM000038,AGT0058,MetLife,Vision Premium,2024-06-01,2025-06-01,33.97,407.64,0.2,6.79,expired,12
POL0000038,MEM000039,AGT0032,Zurich,Dental Premium,2024-06-01,2025-06-01,54.58,654.96,0.22,12.01,active,12
POL0000039,MEM000040,AGT0036,VSP,Dental Basic,2024-07-01,2025-07-01,30.54,366.48,0.18,5.5,active,12
POL0000040,MEM000041,AGT0043,VSP,Dental+Vision Bundle,2023-11-01,2024-11-01,77.26,927.12,0.25,19.32,cancelled,12
POL0000041,MEM000042,AGT0030,VSP,Vision Premium,2023-04-01,2024-04-01,33.66,403.92,0.2,6.73,expired,12
POL0000042,MEM000043,AGT0053,VSP,Vision Basic,2023-09-01,2024-03-01,20.22,242.64,0.16,3.24,active,6
POL0000043,MEM000044,AGT0054,VSP,Dental+Vision Bundle,2024-04-01,2025-04-01,71.52,858.24,0.25,17.88,expired,12
POL0000044,MEM000045,AGT0049,VSP,Dental Basic,2024-09-01,2025-09-01,30.3,363.6,0.18,5.45,active,12
POL0000045,MEM000046,AGT0054,Zurich,Vision Premium,2024-01-01,2025-01-01,33.81,405.72,0.2,6.76,active,12
POL0000046,MEM000047,AGT0029,VSP,Dental Premium,2024-08-01,2025-08-01,55.08,660.96,0.22,12.12,active,12
POL0000047,MEM000048,AGT0052,Zurich,Dental Basic,2023-02-01,2024-02-01,30.57,366.84,0.18,5.5,expired,12
POL0000048,MEM000049,AGT0069,MetLife,Dental+Vision Bundle,2024-05-01,2026-05-01,73.0,876.0,0.25,18.25,active,24
POL0000049,MEM000050,AGT0011,Zurich,Dental Premium,2024-09-01,2025-09-01,56.41,676.92,0.22,12.41,active,12
POL0000050,MEM000051,AGT0034,VSP,Dental Premium,2024-05-01,2025-05-01,53.77,645.24,0.22,11.83,cancelled,12
POL0000051,MEM000052,AGT0049,VSP,Vision Premium,2024-05-01,2025-05-01,33.78,405.36,0.2,6.76,expired,12
POL0000052,MEM000053,AGT0061,MetLife,Vision Premium,2024-04-01,2026-04-01,36.36,436.32,0.2,7.27,active,24
POL0000053,MEM000054,AGT0009,Zurich,Dental Basic,2023-03-01,2025-03-01,28.7,344.4,0.18,5.17,active,24
POL0000054,MEM000055,AGT0003,Zurich,Dental Basic,2023-03-01,2025-03-01,29.46,353.52,0.18,5.3,expired,24
POL0000055,MEM000056,AGT0073,MetLife,Vision Basic,2023-06-01,2023-12-01,20.47,245.64,0.16,3.28,pending,6
POL0000056,MEM000057,AGT0078,Zurich,Dental+Vision Bundle,2023-10-01,2026-10-01,73.15,877.8,0.25,18.29,active,36
POL0000057,MEM000058,AGT0014,Zurich,Dental Basic,2023-05-01,2024-05-01,29.03,348.36,0.18,5.23,expired,12
POL0000058,MEM000059,AGT0051,Zurich,Dental Basic,2023-12-01,2025-12-01,31.46,377.52,0.18,5.66,cancelled,24
POL0000059,MEM000060,AGT0039,Zurich,Vision Basic,2024-09-01,2025-09-01,19.07,228.84,0.16,3.05,cancelled,12
POL0000060,MEM000061,AGT0045,Zurich,Dental Premium,2023-06-01,2024-06-01,55.38,664.56,0.22,12.18,active,12
POL0000061,MEM000062,AGT0044,MetLife,Dental+Vision Bundle,2024-02-01,2025-02-01,77.43,929.16,0.25,19.36,cancelled,12
POL0000062,MEM000063,AGT0047,Zurich,Dental+Vision Bundle,2024-06-01,2025-06-01,73.63,883.56,0.25,18.41,active,12
POL0000063,MEM000064,AGT0023,Zurich,Vision Basic,2024-05-01,2025-05-01,20.54,246.48,0.16,3.29,active,12
POL0000064,MEM000065,AGT0069,VSP,Vision Basic,2024-11-01,2025-05-01,20.53,246.36,0.16,3.28,active,6
POL0000065,MEM000066,AGT0032,MetLife,Dental Premium,2024-09-01,2025-09-01,55.88,670.56,0.22,12.29,active,12
POL0000066,MEM000067,AGT0073,Zurich,Vision Premium,2024-05-01,2027-05-01,33.4,400.8,0.2,6.68,active,36
POL0000067,MEM000068,AGT0042,MetLife,Vision Basic,2024-01-01,2026-01-01,19.6,235.2,0.16,3.14,expired,24
POL0000068,MEM000069,AGT0036,Zurich,Vision Premium,2024-01-01,2025-01-01,34.87,418.44,0.2,6.97,cancelled,12
POL0000069,MEM000070,AGT0067,MetLife,Dental Basic,2023-11-01,2026-11-01,28.59,343.08,0.18,5.15,pending,36
POL0000070,MEM000071,AGT0031,Zurich,Vision Basic,2024-03-01,2025-03-01,20.72,248.64,0.16,3.32,cancelled,12
POL0000071,MEM000072,AGT0012,VSP,Dental Basic,2024-06-01,2025-06-01,30.4,364.8,0.18,5.47,expired,12
POL0000072,MEM000073,AGT0048,VSP,Vision Basic,2023-10-01,2024-10-01,20.88,250.56,0.16,3.34,expired,12
POL0000073,MEM000074,AGT0043,VSP,Vision Premium,2024-01-01,2025-01-01,35.02,420.24,0.2,7.0,active,12
POL0000074,MEM000075,AGT0030,MetLife,Vision Premium,2023-11-01,2024-11-01,36.61,439.32,0.2,7.32,active,12
POL0000075,MEM000076,AGT0024,MetLife,Dental Basic,2023-12-01,2026-12-01,29.85,358.2,0.18,5.37,active,36
POL0000076,MEM000077,AGT0068,Zurich,Dental Premium,2024-06-01,2025-06-01,54.87,658.44,0.22,12.07,active,12
POL0000077,MEM000078,AGT0030,VSP,Dental Basic,2023-05-01,2024-05-01,28.52,342.24,0.18,5.13,expired,12
POL0000078,MEM000079,AGT0036,MetLife,Dental+Vision Bundle,2023-02-01,2024-02-01,76.12,913.44,0.25,19.03,cancelled,12
POL0000079,MEM000080,AGT0063,MetLife,Dental+Vision Bundle,2024-08-01,2026-08-01,78.33,939.96,0.25,19.58,active,24
POL0000080,MEM000081,AGT0062,VSP,Dental Premium,2024-09-01,2025-09-01,57.08,684.96,0.22,12.56,expired,12
POL0000081,MEM000082,AGT0015,MetLife,Dental Premium,2023-03-01,2024-03-01,56.69,680.28,0.22,12.47,active,12
POL0000082,MEM000083,AGT0020,MetLife,Dental+Vision Bundle,2023-04-01,2026-04-01,72.63,871.56,0.25,18.16,active,36
POL0000083,MEM000084,AGT0016,Zurich,Vision Premium,2023-12-01,2024-12-01,36.4,436.8,0.2,7.28,active,12
POL0000084,MEM000085,AGT0029,Zurich,Dental Premium,2024-10-01,2025-10-01,55.81,669.72,0.22,12.28,active,12
POL0000085,MEM000086,AGT0055,VSP,Vision Basic,2024-04-01,2025-04-01,19.58,234.96,0.16,3.13,pending,12
POL0000086,MEM000087,AGT0028,VSP,Vision Premium,2023-04-01,2025-04-01,34.19,410.28,0.2,6.84,cancelled,24
POL0000087,MEM000088,AGT0071,MetLife,Dental Basic,2023-07-01,2025-07-01,28.96,347.52,0.18,5.21,active,24
POL0000088,MEM000089,AGT0061,VSP,Dental Basic,2024-03-01,2026-03-01,30.75,369.0,0.18,5.54,active,24
POL0000089,MEM000090,AGT0010,Zurich,Dental Basic,2023-11-01,2024-11-01,29.81,357.72,0.18,5.37,active,12
POL0000090,MEM000091,AGT0055,MetLife,Vision Basic,2023-10-01,2025-10-01,19.17,230.04,0.16,3.07,cancelled,24
POL0000091,MEM000092,AGT0019,MetLife,Dental Basic,2024-11-01,2025-11-01,30.46,365.52,0.18,5.48,pending,12
POL0000092,MEM000093,AGT0037,VSP,Dental Basic,2023-12-01,2024-12-01,29.31,351.72,0.18,5.28,active,12
POL0000093,MEM000094,AGT0065,Zurich,Vision Basic,2023-12-01,2024-12-01,19.2,230.4,0.16,3.07,active,12
POL0000094,MEM000095,AGT0056,Zurich,Dental Premium,2023-04-01,2024-04-01,55.21,662.52,0.22,12.15,cancelled,12
POL0000095,MEM000096,AGT0030,Zurich,Dental+Vision Bundle,2023-10-01,2025-10-01,74.75,897.0,0.25,18.69,active,24
POL0000096,MEM000097,AGT0035,Zurich,Dental Basic,2024-09-01,2026-09-01,28.89,346.68,0.18,5.2,expired,24
POL0000097,MEM000098,AGT0057,VSP,Dental Basic,2023-07-01,2026-07-01,30.54,366.48,0.18,5.5,cancelled,36
POL0000098,MEM000099,AGT0012,VSP,Dental Premium,2024-09-01,2025-09-01,56.78,681.36,0.22,12.49,active,12
POL0000099,MEM000100,AGT0021,VSP,Dental Premium,2024-01-01,2024-07-01,57.2,686.4,0.22,12.58,cancelled,6
POL0000100,MEM000101,AGT0071,MetLife,Vision Basic,2024-06-01,2024-12-01,19.39,232.68,0.16,3.1,active,6
POL0000101,MEM000102,AGT0015,VSP,Dental+Vision Bundle,2023-12-01,2024-12-01,72.6,871.2,0.25,18.15,active,12
POL0000102,MEM000103,AGT0053,MetLife,Dental Basic,2023-02-01,2026-02-01,28.6,343.2,0.18,5.15,expired,36
POL0000103,MEM000104,AGT0007,MetLife,Dental Premium,2024-02-01,2025-02-01,54.34,652.08,0.22,11.95,active,12
POL0000104,MEM000105,AGT0063,MetLife,Dental Basic,2023-06-01,2024-06-01,31.3,375.6,0.18,5.63,active,12
POL0000105,MEM000106,AGT0040,Zurich,Dental Basic,2024-11-01,2025-11-01,28.99,347.88,0.18,5.22,active,12
POL0000106,MEM000107,AGT0015,VSP,Dental+Vision Bundle,2024-03-01,2025-03-01,74.12,889.44,0.25,18.53,active,12
POL0000107,MEM000108,AGT0038,Zurich,Vision Premium,2024-11-01,2025-05-01,33.47,401.64,0.2,6.69,expired,6
POL0000108,MEM000109,AGT0032,VSP,Vision Basic,2024-04-01,2026-04-01,19.37,232.44,0.16,3.1,cancelled,24
POL0000109,MEM000110,AGT0066,Zurich,Dental+Vision Bundle,2024-02-01,2026-02-01,77.19,926.28,0.25,19.3,cancelled,24
POL0000110,MEM000111,AGT0044,Zurich,Dental Premium,2023-04-01,2024-04-01,53.78,645.36,0.22,11.83,cancelled,12
POL0000111,MEM000112,AGT0076,Zurich,Dental+Vision Bundle,2023-02-01,2024-02-01,71.26,855.12,0.25,17.82,active,12
POL0000112,MEM000113,AGT0069,VSP,Dental Premium,2024-06-01,2025-06-01,56.34,676.08,0.22,12.39,active,12
POL0000113,MEM000114,AGT0059,VSP,Dental+Vision Bundle,2024-08-01,2025-08-01,77.28,927.36,0.25,19.32,cancelled,12
POL0000114,MEM000115,AGT0030,VSP,Dental Basic,2023-10-01,2024-10-01,29.18,350.16,0.18,5.25,active,12
POL0000115,MEM000116,AGT0020,VSP,Dental+Vision Bundle,2024-05-01,2025-05-01,74.02,888.24,0.25,18.5,expired,12
POL0000116,MEM000117,AGT0043,MetLife,Dental+Vision Bundle,2023-06-01,2025-06-01,74.1,889.2,0.25,18.52,expired,24
POL0000117,MEM000118,AGT0059,MetLife,Vision Premium,2024-04-01,2025-04-01,33.37,400.44,0.2,6.67,active,12
POL0000118,MEM000119,AGT0061,VSP,Dental Premium,2024-03-01,2026-03-01,56.71,680.52,0.22,12.48,active,24
POL0000119,MEM000120,AGT0069,VSP,Dental+Vision Bundle,2024-03-01,2025-03-01,75.46,905.52,0.25,18.86,active,12
POL0000120,MEM000121,AGT0005,Zurich,Dental Basic,2024-11-01,2025-11-01,28.89,346.68,0.18,5.2,active,12
POL0000121,MEM000122,AGT0012,VSP,Dental+Vision Bundle,2024-11-01,2025-05-01,73.26,879.12,0.25,18.32,active,6
POL0000122,MEM000123,AGT0022,Zurich,Dental Premium,2024-11-01,2026-11-01,55.42,665.04,0.22,12.19,active,24
POL0000123,MEM000124,AGT0008,VSP,Dental Premium,2023-02-01,2026-02-01,56.93,683.16,0.22,12.52,cancelled,36
POL0000124,MEM000125,AGT0068,VSP,Vision Basic,2024-04-01,2027-04-01,20.6,247.2,0.16,3.3,pending,36
POL0000125,MEM000126,AGT0011,Zurich,Dental+Vision Bundle,2023-08-01,2024-08-01,77.83,933.96,0.25,19.46,expired,12
POL0000126,MEM000127,AGT0075,MetLife,Dental Basic,2024-10-01,2026-10-01,31.09,373.08,0.18,5.6,active,24
POL0000127,MEM000128,AGT0033,Zurich,Dental Basic,2024-11-01,2025-11-01,31.2,374.4,0.18,5.62,expired,12
POL0000128,MEM000129,AGT0021,MetLife,Dental Premium,2024-05-01,2025-05-01,54.04,648.48,0.22,11.89,active,12
POL0000129,MEM000130,AGT0055,Zurich,Dental Premium,2024-01-01,2024-07-01,56.98,683.76,0.22,12.54,active,6
POL0000130,MEM000131,AGT0062,MetLife,Dental Basic,2023-12-01,2024-06-01,29.86,358.32,0.18,5.37,cancelled,6
POL0000131,MEM000132,AGT0038,Zurich,Dental Premium,2024-09-01,2025-09-01,52.27,627.24,0.22,11.5,cancelled,12
POL0000132,MEM000133,AGT0002,Zurich,Dental+Vision Bundle,2024-12-01,2026-12-01,73.79,885.48,0.25,18.45,active,24
POL0000133,MEM000134,AGT0030,Zurich,Dental+Vision Bundle,2023-03-01,2024-03-01,74.66,895.92,0.25,18.66,expired,12
POL0000134,MEM000135,AGT0033,Zurich,Vision Premium,2023-09-01,2026-09-01,35.83,429.96,0.2,7.17,active,36
POL0000135,MEM000136,AGT0006,VSP,Vision Premium,2024-12-01,2025-12-01,34.56,414.72,0.2,6.91,expired,12
POL0000136,MEM000137,AGT0017,MetLife,Dental+Vision Bundle,2023-03-01,2024-03-01,75.66,907.92,0.25,18.91,active,12
POL0000137,MEM000138,AGT0026,MetLife,Vision Premium,2024-01-01,2025-01-01,33.3,399.6,0.2,6.66,cancelled,12
POL0000138,MEM000139,AGT0035,MetLife,Dental Premium,2024-02-01,2025-02-01,56.93,683.16,0.22,12.52,cancelled,12
POL0000139,MEM000140,AGT0015,VSP,Dental+Vision Bundle,2024-06-01,2026-06-01,77.74,932.88,0.25,19.43,active,24
POL0000140,MEM000141,AGT0072,VSP,Dental Basic,2023-06-01,2023-12-01,31.03,372.36,0.18,5.59,cancelled,6
POL0000141,MEM000142,AGT0069,MetLife,Vision Basic,2024-03-01,2027-03-01,19.15,229.8,0.16,3.06,expired,36
POL0000142,MEM000143,AGT0049,Zurich,Dental+Vision Bundle,2024-12-01,2025-12-01,75.17,902.04,0.25,18.79,cancelled,12
POL0000143,MEM000144,AGT0004,Zurich,Dental+Vision Bundle,2023-05-01,2026-05-01,78.23,938.76,0.25,19.56,active,36
POL0000144,MEM000145,AGT0029,Zurich,Dental Basic,2024-08-01,2025-08-01,29.93,359.16,0.18,5.39,active,12
POL0000145,MEM000146,AGT0015,MetLife,Dental Basic,2024-05-01,2025-05-01,29.47,353.64,0.18,5.3,cancelled,12
POL0000146,MEM000147,AGT0015,MetLife,Dental Basic,2023-03-01,2023-09-01,30.67,368.04,0.18,5.52,active,6
POL0000147,MEM000148,AGT0059,VSP,Vision Premium,2024-08-01,2025-02-01,33.58,402.96,0.2,6.72,active,6
POL0000148,MEM000149,AGT0020,VSP,Vision Premium,2024-08-01,2025-08-01,35.21,422.52,0.2,7.04,cancelled,12
POL0000149,MEM000150,AGT0005,Zurich,Dental Premium,2024-06-01,2025-06-01,53.8,645.6,0.22,11.84,active,12
POL0000150,MEM000151,AGT0047,MetLife,Dental+Vision Bundle,2024-04-01,2027-04-01,75.82,909.84,0.25,18.95,cancelled,36
POL0000151,MEM000152,AGT0008,VSP,Dental Premium,2024-02-01,2025-02-01,55.08,660.96,0.22,12.12,active,12
POL0000152,MEM000153,AGT0028,Zurich,Vision Basic,2023-06-01,2026-06-01,20.84,250.08,0.16,3.33,active,36
POL0000153,MEM000154,AGT0032,MetLife,Vision Premium,2023-02-01,2026-02-01,35.5,426.0,0.2,7.1,cancelled,36
POL0000154,MEM000155,AGT0027,Zurich,Dental Basic,2023-08-01,2024-08-01,30.61,367.32,0.18,5.51,cancelled,12
POL0000155,MEM000156,AGT0077,MetLife,Dental Premium,2023-09-01,2024-09-01,54.13,649.56,0.22,11.91,active,12
POL0000156,MEM000157,AGT0033,MetLife,Dental Basic,2023-06-01,2025-06-01,30.74,368.88,0.18,5.53,active,24
POL0000157,MEM000158,AGT0046,MetLife,Vision Basic,2023-02-01,2024-02-01,20.11,241.32,0.16,3.22,active,12
POL0000158,MEM000159,AGT0007,MetLife,Vision Premium,2023-02-01,2025-02-01,35.12,421.44,0.2,7.02,active,24
POL0000159,MEM000160,AGT0061,VSP,Vision Premium,2024-07-01,2025-07-01,34.8,417.6,0.2,6.96,active,12
POL0000160,MEM000161,AGT0058,Zurich,Dental Basic,2024-07-01,2025-01-01,28.88,346.56,0.18,5.2,active,6
POL0000161,MEM000162,AGT0039,VSP,Vision Basic,2024-10-01,2026-10-01,20.71,248.52,0.16,3.31,active,24
POL0000162,MEM000163,AGT0052,VSP,Vision Premium,2023-03-01,2025-03-01,36.74,440.88,0.2,7.35,active,24
POL0000163,MEM000164,AGT0011,VSP,Vision Basic,2024-06-01,2025-06-01,19.74,236.88,0.16,3.16,expired,12
POL0000164,MEM000165,AGT0080,Zurich,Vision Basic,2023-04-01,2024-04-01,20.57,246.84,0.16,3.29,cancelled,12
POL0000165,MEM000166,AGT0068,VSP,Vision Basic,2023-12-01,2025-12-01,19.49,233.88,0.16,3.12,cancelled,24
POL0000166,MEM000167,AGT0015,Zurich,Vision Premium,2024-10-01,2025-10-01,35.9,430.8,0.2,7.18,active,12
POL0000167,MEM000168,AGT0058,MetLife,Dental Premium,2024-08-01,2025-08-01,52.53,630.36,0.22,11.56,active,12
POL0000168,MEM000169,AGT0013,VSP,Dental Premium,2024-05-01,2025-05-01,54.17,650.04,0.22,11.92,active,12
POL0000169,MEM000170,AGT0020,Zurich,Dental+Vision Bundle,2024-12-01,2026-12-01,71.4,856.8,0.25,17.85,active,24
POL0000170,MEM000171,AGT0012,VSP,Dental Basic,2023-04-01,2025-04-01,29.81,357.72,0.18,5.37,active,24
POL0000171,MEM000172,AGT0008,Zurich,Dental+Vision Bundle,2024-02-01,2025-02-01,71.87,862.44,0.25,17.97,cancelled,12
POL0000172,MEM000173,AGT0053,VSP,Dental+Vision Bundle,2024-08-01,2025-08-01,71.25,855.0,0.25,17.81,active,12
POL0000173,MEM000174,AGT0077,VSP,Dental Premium,2024-04-01,2027-04-01,56.97,683.64,0.22,12.53,active,36
POL0000174,MEM000175,AGT0020,Zurich,Vision Basic,2024-09-01,2026-09-01,20.41,244.92,0.16,3.27,active,24
POL0000175,MEM000176,AGT0048,MetLife,Vision Premium,2023-05-01,2024-05-01,35.9,430.8,0.2,7.18,active,12
POL0000176,MEM000177,AGT0072,Zurich,Vision Basic,2024-09-01,2025-09-01,19.65,235.8,0.16,3.14,active,12
POL0000177,MEM000178,AGT0078,Zurich,Dental+Vision Bundle,2024-11-01,2027-11-01,76.84,922.08,0.25,19.21,active,36
POL0000178,MEM000179,AGT0035,Zurich,Vision Premium,2023-11-01,2024-11-01,34.22,410.64,0.2,6.84,cancelled,12
POL0000179,MEM000180,AGT0024,MetLife,Vision Basic,2024-01-01,2025-01-01,20.01,240.12,0.16,3.2,active,12
POL0000180,MEM000181,AGT0004,MetLife,Vision Premium,2024-03-01,2026-03-01,35.76,429.12,0.2,7.15,active,24
POL0000181,MEM000182,AGT0059,VSP,Dental Basic,2023-09-01,2024-09-01,30.51,366.12,0.18,5.49,active,12
POL0000182,MEM000183,AGT0077,MetLife,Dental+Vision Bundle,2023-12-01,2024-12-01,74.54,894.48,0.25,18.64,active,12
POL0000183,MEM000184,AGT0007,Zurich,Dental Basic,2023-07-01,2024-07-01,31.02,372.24,0.18,5.58,expired,12
POL0000184,MEM000185,AGT0078,VSP,Dental Premium,2024-04-01,2025-04-01,53.45,641.4,0.22,11.76,active,12
POL0000185,MEM000186,AGT0045,VSP,Dental Basic,2023-09-01,2024-09-01,29.33,351.96,0.18,5.28,active,12
POL0000186,MEM000187,AGT0068,Zurich,Dental Premium,2024-12-01,2025-12-01,54.59,655.08,0.22,12.01,cancelled,12
POL0000187,MEM000188,AGT0008,MetLife,Dental Basic,2023-09-01,2025-09-01,29.65,355.8,0.18,5.34,expired,24
POL0000188,MEM000189,AGT0038,VSP,Dental Basic,2023-09-01,2024-09-01,29.43,353.16,0.18,5.3,active,12
POL0000189,MEM000190,AGT0017,VSP,Vision Basic,2024-06-01,2025-06-01,20.81,249.72,0.16,3.33,expired,12
POL0000190,MEM000191,AGT0046,MetLife,Dental Premium,2023-09-01,2024-09-01,56.72,680.64,0.22,12.48,active,12
POL0000191,MEM000192,AGT0059,MetLife,Dental+Vision Bundle,2023-03-01,2024-03-01,77.04,924.48,0.25,19.26,active,12
POL0000192,MEM000193,AGT0052,Zurich,Vision Basic,2024-09-01,2025-09-01,19.56,234.72,0.16,3.13,active,12
POL0000193,MEM000194,AGT0003,VSP,Dental Basic,2023-11-01,2024-11-01,30.0,360.0,0.18,5.4,active,12
POL0000194,MEM000195,AGT0012,VSP,Dental+Vision Bundle,2024-10-01,2025-10-01,77.6,931.2,0.25,19.4,active,12
POL0000195,MEM000196,AGT0052,Zurich,Dental Basic,2023-10-01,2024-10-01,29.25,351.0,0.18,5.26,expired,12
POL0000196,MEM000197,AGT0043,MetLife,Dental Basic,2023-12-01,2024-06-01,30.75,369.0,0.18,5.54,active,6
POL0000197,MEM000198,AGT0066,MetLife,Dental+Vision Bundle,2024-11-01,2025-11-01,74.39,892.68,0.25,18.6,active,12
POL0000198,MEM000199,AGT0031,MetLife,Dental Basic,2024-01-01,2024-07-01,31.11,373.32,0.18,5.6,active,6
POL0000199,MEM000200,AGT0020,Zurich,Dental Basic,2023-08-01,2025-08-01,29.75,357.0,0.18,5.35,active,24
POL0000200,MEM000201,AGT0073,Zurich,Dental Premium,2024-11-01,2025-11-01,54.69,656.28,0.22,12.03,active,12
POL0000201,MEM000202,AGT0020,VSP,Dental Basic,2024-09-01,2025-03-01,29.44,353.28,0.18,5.3,active,6
POL0000202,MEM000203,AGT0076,MetLife,Dental Premium,2024-04-01,2025-04-01,56.51,678.12,0.22,12.43,active,12
POL0000203,MEM000204,AGT0058,MetLife,Dental Basic,2023-04-01,2024-04-01,30.86,370.32,0.18,5.55,cancelled,12
POL0000204,MEM000205,AGT0079,Zurich,Vision Basic,2023-11-01,2024-05-01,20.69,248.28,0.16,3.31,cancelled,6
POL0000205,MEM000206,AGT0006,VSP,Dental+Vision Bundle,2024-05-01,2026-05-01,74.03,888.36,0.25,18.51,active,24
POL0000206,MEM000207,AGT0078,VSP,Vision Basic,2024-09-01,2025-09-01,19.47,233.64,0.16,3.12,active,12
POL0000207,MEM000208,AGT0044,Zurich,Dental Basic,2023-04-01,2024-04-01,29.22,350.64,0.18,5.26,pending,12
POL0000208,MEM000209,AGT0032,Zurich,Dental Premium,2024-11-01,2026-11-01,55.84,670.08,0.22,12.28,active,24
POL0000209,MEM000210,AGT0079,MetLife,Dental Premium,2024-04-01,2025-04-01,57.49,689.88,0.22,12.65,expired,12
POL0000210,MEM000211,AGT0044,Zurich,Vision Basic,2023-11-01,2025-11-01,19.25,231.0,0.16,3.08,active,24
POL0000211,MEM000212,AGT0043,MetLife,Vision Basic,2024-11-01,2027-11-01,20.25,243.0,0.16,3.24,expired,36
POL0000212,MEM000213,AGT0078,MetLife,Dental Premium,2024-02-01,2026-02-01,52.31,627.72,0.22,11.51,expired,24
POL0000213,MEM000214,AGT0040,Zurich,Vision Premium,2024-09-01,2025-09-01,33.34,400.08,0.2,6.67,pending,12
POL0000214,MEM000215,AGT0011,VSP,Vision Basic,2024-03-01,2026-03-01,19.13,229.56,0.16,3.06,cancelled,24
POL0000215,MEM000216,AGT0068,MetLife,Vision Basic,2024-11-01,2026-11-01,20.16,241.92,0.16,3.23,cancelled,24
POL0000216,MEM000217,AGT0003,VSP,Dental Premium,2024-04-01,2025-04-01,54.56,654.72,0.22,12.0,active,12
POL0000217,MEM000218,AGT0025,MetLife,Dental+Vision Bundle,2023-09-01,2025-09-01,75.72,908.64,0.25,18.93,active,24
POL0000218,MEM000219,AGT0013,Zurich,Vision Premium,2023-07-01,2025-07-01,36.16,433.92,0.2,7.23,pending,24
POL0000219,MEM000220,AGT0080,MetLife,Vision Basic,2024-07-01,2025-01-01,19.19,230.28,0.16,3.07,expired,6
POL0000220,MEM000221,AGT0080,MetLife,Vision Premium,2023-07-01,2024-07-01,35.86,430.32,0.2,7.17,active,12
POL0000221,MEM000222,AGT0031,VSP,Vision Basic,2023-03-01,2026-03-01,19.79,237.48,0.16,3.17,active,36
POL0000222,MEM000223,AGT0031,VSP,Dental+Vision Bundle,2024-05-01,2026-05-01,74.77,897.24,0.25,18.69,active,24
POL0000223,MEM000224,AGT0074,VSP,Vision Basic,2024-05-01,2024-11-01,20.28,243.36,0.16,3.24,cancelled,6
POL0000224,MEM000225,AGT0068,VSP,Dental+Vision Bundle,2023-11-01,2024-11-01,76.26,915.12,0.25,19.07,active,12
POL0000225,MEM000226,AGT0007,Zurich,Vision Basic,2023-08-01,2024-08-01,20.16,241.92,0.16,3.23,active,12
POL0000226,MEM000227,AGT0067,MetLife,Dental Premium,2024-02-01,2026-02-01,56.54,678.48,0.22,12.44,active,24
POL0000227,MEM000228,AGT0066,MetLife,Dental+Vision Bundle,2023-07-01,2025-07-01,76.55,918.6,0.25,19.14,active,24
POL0000228,MEM000229,AGT0045,MetLife,Dental Premium,2023-05-01,2024-05-01,52.97,635.64,0.22,11.65,active,12
POL0000229,MEM000230,AGT0031,VSP,Dental+Vision Bundle,2024-03-01,2027-03-01,75.64,907.68,0.25,18.91,active,36
POL0000230,MEM000231,AGT0041,MetLife,Dental+Vision Bundle,2024-02-01,2025-02-01,71.75,861.0,0.25,17.94,cancelled,12
POL0000231,MEM000232,AGT0018,MetLife,Dental Premium,2024-11-01,2026-11-01,56.04,672.48,0.22,12.33,active,24
POL0000232,MEM000233,AGT0058,Zurich,Dental Basic,2024-05-01,2025-05-01,30.6,367.2,0.18,5.51,active,12
POL0000233,MEM000234,AGT0028,MetLife,Vision Basic,2023-04-01,2026-04-01,20.7,248.4,0.16,3.31,active,36
POL0000234,MEM000235,AGT0015,VSP,Dental Basic,2024-10-01,2026-10-01,30.53,366.36,0.18,5.5,cancelled,24
POL0000235,MEM000236,AGT0054,Zurich,Vision Premium,2023-06-01,2024-06-01,36.44,437.28,0.2,7.29,active,12
POL0000236,MEM000237,AGT0064,Zurich,Vision Basic,2024-05-01,2024-11-01,19.12,229.44,0.16,3.06,expired,6
POL0000237,MEM000238,AGT0031,Zurich,Dental Basic,2024-11-01,2025-11-01,29.62,355.44,0.18,5.33,active,12
POL0000238,MEM000239,AGT0046,MetLife,Vision Basic,2024-04-01,2025-04-01,20.72,248.64,0.16,3.32,active,12
POL0000239,MEM000240,AGT0047,MetLife,Dental+Vision Bundle,2023-08-01,2024-08-01,71.92,863.04,0.25,17.98,active,12
POL0000240,MEM000241,AGT0071,MetLife,Dental Premium,2024-08-01,2026-08-01,54.11,649.32,0.22,11.9,active,24
POL0000241,MEM000242,AGT0048,VSP,Vision Premium,2024-05-01,2025-05-01,34.3,411.6,0.2,6.86,active,12
POL0000242,MEM000243,AGT0031,Zurich,Vision Premium,2024-02-01,2025-02-01,35.36,424.32,0.2,7.07,active,12
POL0000243,MEM000244,AGT0018,MetLife,Dental Premium,2023-05-01,2023-11-01,57.17,686.04,0.22,12.58,expired,6
POL0000244,MEM000245,AGT0062,Zurich,Dental Basic,2024-01-01,2025-01-01,30.66,367.92,0.18,5.52,cancelled,12
POL0000245,MEM000246,AGT0005,VSP,Dental Basic,2023-06-01,2024-06-01,29.17,350.04,0.18,5.25,active,12
POL0000246,MEM000247,AGT0040,Zurich,Dental Premium,2023-08-01,2024-02-01,57.28,687.36,0.22,12.6,cancelled,6
POL0000247,MEM000248,AGT0005,Zurich,Dental Basic,2024-08-01,2026-08-01,29.71,356.52,0.18,5.35,active,24
POL0000248,MEM000249,AGT0035,MetLife,Vision Premium,2024-02-01,2026-02-01,34.98,419.76,0.2,7.0,active,24
POL0000249,MEM000250,AGT0050,VSP,Dental+Vision Bundle,2024-04-01,2025-04-01,78.51,942.12,0.25,19.63,expired,12
POL0000250,MEM000251,AGT0067,VSP,Dental+Vision Bundle,2024-06-01,2024-12-01,76.3,915.6,0.25,19.07,active,6
POL0000251,MEM000252,AGT0078,MetLife,Vision Basic,2024-04-01,2025-04-01,19.74,236.88,0.16,3.16,active,12
POL0000252,MEM000253,AGT0042,Zurich,Dental Premium,2023-12-01,2026-12-01,54.54,654.48,0.22,12.0,active,36
POL0000253,MEM000254,AGT0057,VSP,Dental Premium,2024-05-01,2026-05-01,54.16,649.92,0.22,11.92,expired,24
POL0000254,MEM000255,AGT0008,MetLife,Vision Premium,2024-01-01,2027-01-01,35.96,431.52,0.2,7.19,active,36
POL0000255,MEM000256,AGT0021,MetLife,Dental Basic,2024-03-01,2025-03-01,28.85,346.2,0.18,5.19,active,12
POL0000256,MEM000257,AGT0017,MetLife,Dental Basic,2024-10-01,2025-10-01,31.12,373.44,0.18,5.6,cancelled,12
POL0000257,MEM000258,AGT0050,Zurich,Dental Basic,2024-11-01,2025-05-01,30.22,362.64,0.18,5.44,active,6
POL0000258,MEM000259,AGT0048,VSP,Vision Premium,2023-07-01,2025-07-01,36.02,432.24,0.2,7.2,active,24
POL0000259,MEM000260,AGT0047,VSP,Dental Premium,2024-09-01,2025-09-01,57.73,692.76,0.22,12.7,pending,12
POL0000260,MEM000261,AGT0004,Zurich,Dental Basic,2023-11-01,2024-11-01,30.91,370.92,0.18,5.56,expired,12
POL0000261,MEM000262,AGT0016,VSP,Vision Premium,2024-07-01,2027-07-01,33.63,403.56,0.2,6.73,active,36
POL0000262,MEM000263,AGT0037,Zurich,Dental+Vision Bundle,2024-05-01,2026-05-01,72.57,870.84,0.25,18.14,active,24
POL0000263,MEM000264,AGT0018,MetLife,Vision Basic,2024-06-01,2027-06-01,19.18,230.16,0.16,3.07,active,36
POL0000264,MEM000265,AGT0045,Zurich,Dental Basic,2024-04-01,2025-04-01,31.35,376.2,0.18,5.64,active,12
POL0000265,MEM000266,AGT0021,Zurich,Vision Premium,2024-08-01,2026-08-01,35.92,431.04,0.2,7.18,cancelled,24
POL0000266,MEM000267,AGT0066,MetLife,Dental Basic,2024-11-01,2027-11-01,31.37,376.44,0.18,5.65,active,36
POL0000267,MEM000268,AGT0064,MetLife,Dental Premium,2023-08-01,2024-08-01,54.36,652.32,0.22,11.96,active,12
POL0000268,MEM000269,AGT0071,MetLife,Vision Basic,2024-09-01,2026-09-01,20.95,251.4,0.16,3.35,active,24
POL0000269,MEM000270,AGT0051,Zurich,Vision Premium,2023-04-01,2026-04-01,33.6,403.2,0.2,6.72,active,36
POL0000270,MEM000271,AGT0074,MetLife,Dental Basic,2024-07-01,2025-07-01,29.88,358.56,0.18,5.38,expired,12
POL0000271,MEM000272,AGT0060,Zurich,Vision Basic,2023-12-01,2026-12-01,20.68,248.16,0.16,3.31,expired,36
POL0000272,MEM000273,AGT0024,MetLife,Dental Premium,2023-06-01,2025-06-01,52.8,633.6,0.22,11.62,active,24
POL0000273,MEM000274,AGT0020,VSP,Dental Basic,2023-03-01,2024-03-01,29.91,358.92,0.18,5.38,active,12
POL0000274,MEM000275,AGT0067,VSP,Dental+Vision Bundle,2023-12-01,2024-06-01,71.89,862.68,0.25,17.97,cancelled,6
POL0000275,MEM000276,AGT0036,MetLife,Vision Basic,2023-10-01,2024-04-01,19.49,233.88,0.16,3.12,active,6
POL0000276,MEM000277,AGT0065,Zurich,Dental Basic,2024-10-01,2025-10-01,29.58,354.96,0.18,5.32,expired,12
POL0000277,MEM000278,AGT0080,Zurich,Dental+Vision Bundle,2024-09-01,2027-09-01,73.65,883.8,0.25,18.41,active,36
POL0000278,MEM000279,AGT0004,MetLife,Dental Basic,2024-01-01,2024-07-01,29.41,352.92,0.18,5.29,active,6
POL0000279,MEM000280,AGT0027,Zurich,Dental Premium,2024-11-01,2025-11-01,52.72,632.64,0.22,11.6,cancelled,12
POL0000280,MEM000281,AGT0070,VSP,Vision Basic,2024-11-01,2026-11-01,20.22,242.64,0.16,3.24,expired,24
POL0000281,MEM000282,AGT0052,VSP,Vision Basic,2023-12-01,2024-12-01,20.22,242.64,0.16,3.24,active,12
POL0000282,MEM000283,AGT0054,VSP,Vision Basic,2023-04-01,2025-04-01,19.63,235.56,0.16,3.14,active,24
POL0000283,MEM000284,AGT0041,Zurich,Dental+Vision Bundle,2024-01-01,2026-01-01,74.48,893.76,0.25,18.62,cancelled,24
POL0000284,MEM000285,AGT0048,Zurich,Vision Basic,2024-01-01,2025-01-01,20.97,251.64,0.16,3.36,active,12
POL0000285,MEM000286,AGT0016,VSP,Dental Premium,2023-12-01,2025-12-01,56.32,675.84,0.22,12.39,active,24
POL0000286,MEM000287,AGT0038,VSP,Dental+Vision Bundle,2023-06-01,2024-06-01,72.3,867.6,0.25,18.07,expired,12
POL0000287,MEM000288,AGT0042,Zurich,Vision Premium,2024-04-01,2026-04-01,35.33,423.96,0.2,7.07,active,24
POL0000288,MEM000289,AGT0066,VSP,Vision Basic,2023-08-01,2024-02-01,19.6,235.2,0.16,3.14,active,6
POL0000289,MEM000290,AGT0012,VSP,Vision Basic,2023-12-01,2024-12-01,20.46,245.52,0.16,3.27,active,12
POL0000290,MEM000291,AGT0046,MetLife,Dental Basic,2023-10-01,2024-10-01,28.8,345.6,0.18,5.18,cancelled,12
POL0000291,MEM000292,AGT0037,Zurich,Dental Basic,2024-06-01,2025-06-01,30.41,364.92,0.18,5.47,cancelled,12
POL0000292,MEM000293,AGT0034,Zurich,Dental Premium,2023-05-01,2023-11-01,52.56,630.72,0.22,11.56,cancelled,6
POL0000293,MEM000294,AGT0052,MetLife,Vision Basic,2024-03-01,2026-03-01,20.39,244.68,0.16,3.26,active,24
POL0000294,MEM000295,AGT0037,MetLife,Dental Premium,2023-08-01,2024-08-01,55.89,670.68,0.22,12.3,active,12
POL0000295,MEM000296,AGT0080,Zurich,Vision Basic,2024-05-01,2026-05-01,19.8,237.6,0.16,3.17,active,24
POL0000296,MEM000297,AGT0048,VSP,Vision Basic,2023-06-01,2025-06-01,20.84,250.08,0.16,3.33,active,24
POL0000297,MEM000298,AGT0078,Zurich,Dental Premium,2024-02-01,2024-08-01,56.7,680.4,0.22,12.47,active,6
POL0000298,MEM000299,AGT0018,Zurich,Dental Premium,2023-03-01,2024-03-01,53.18,638.16,0.22,11.7,cancelled,12
POL0000299,MEM000300,AGT0020,Zurich,Dental+Vision Bundle,2024-05-01,2026-05-01,75.5,906.0,0.25,18.88,active,24
POL0000300,MEM000301,AGT0041,MetLife,Dental Premium,2023-06-01,2024-06-01,55.15,661.8,0.22,12.13,cancelled,12
POL0000301,MEM000302,AGT0044,Zurich,Dental+Vision Bundle,2024-10-01,2025-10-01,77.24,926.88,0.25,19.31,cancelled,12
POL0000302,MEM000303,AGT0039,VSP,Dental+Vision Bundle,2024-07-01,2026-07-01,71.32,855.84,0.25,17.83,active,24
POL0000303,MEM000304,AGT0054,Zurich,Dental Premium,2024-02-01,2025-02-01,56.64,679.68,0.22,12.46,cancelled,12
POL0000304,MEM000305,AGT0061,VSP,Dental+Vision Bundle,2024-11-01,2027-11-01,75.99,911.88,0.25,19.0,active,36
POL0000305,MEM000306,AGT0007,Zurich,Vision Basic,2024-09-01,2026-09-01,20.09,241.08,0.16,3.21,active,24
POL0000306,MEM000307,AGT0032,MetLife,Vision Basic,2024-07-01,2026-07-01,19.31,231.72,0.16,3.09,active,24
POL0000307,MEM000308,AGT0057,VSP,Dental Premium,2023-05-01,2026-05-01,55.88,670.56,0.22,12.29,expired,36
POL0000308,MEM000309,AGT0065,Zurich,Dental+Vision Bundle,2024-03-01,2025-03-01,73.79,885.48,0.25,18.45,active,12
POL0000309,MEM000310,AGT0027,Zurich,Dental Premium,2023-04-01,2024-04-01,56.67,680.04,0.22,12.47,active,12
POL0000310,MEM000311,AGT0049,VSP,Dental+Vision Bundle,2024-12-01,2027-12-01,72.33,867.96,0.25,18.08,active,36
POL0000311,MEM000312,AGT0070,VSP,Vision Premium,2024-05-01,2025-05-01,33.89,406.68,0.2,6.78,cancelled,12
POL0000312,MEM000313,AGT0062,MetLife,Dental+Vision Bundle,2024-12-01,2025-06-01,76.32,915.84,0.25,19.08,active,6
POL0000313,MEM000314,AGT0029,VSP,Vision Premium,2023-11-01,2026-11-01,35.49,425.88,0.2,7.1,cancelled,36
POL0000314,MEM000315,AGT0062,VSP,Vision Basic,2023-09-01,2024-09-01,20.25,243.0,0.16,3.24,active,12
POL0000315,MEM000316,AGT0074,Zurich,Vision Basic,2023-11-01,2024-05-01,19.75,237.0,0.16,3.16,active,6
POL0000316,MEM000317,AGT0038,MetLife,Dental Premium,2024-03-01,2024-09-01,56.59,679.08,0.22,12.45,expired,6
POL0000317,MEM000318,AGT0033,Zurich,Vision Basic,2023-04-01,2024-04-01,19.83,237.96,0.16,3.17,active,12
POL0000318,MEM000319,AGT0072,Zurich,Dental Premium,2023-08-01,2024-08-01,54.86,658.32,0.22,12.07,active,12
POL0000319,MEM000320,AGT0032,MetLife,Vision Premium,2023-05-01,2025-05-01,35.66,427.92,0.2,7.13,active,24
POL0000320,MEM000321,AGT0007,MetLife,Dental Premium,2024-07-01,2025-07-01,56.19,674.28,0.22,12.36,active,12
POL0000321,MEM000322,AGT0001,Zurich,Dental+Vision Bundle,2024-05-01,2026-05-01,76.0,912.0,0.25,19.0,pending,24
POL0000322,MEM000323,AGT0062,Zurich,Dental Basic,2023-07-01,2024-07-01,29.48,353.76,0.18,5.31,active,12
POL0000323,MEM000324,AGT0008,MetLife,Vision Premium,2023-11-01,2025-11-01,33.96,407.52,0.2,6.79,active,24
POL0000324,MEM000325,AGT0023,VSP,Dental+Vision Bundle,2023-09-01,2024-09-01,75.94,911.28,0.25,18.98,active,12
POL0000325,MEM000326,AGT0064,MetLife,Dental+Vision Bundle,2023-07-01,2025-07-01,72.89,874.68,0.25,18.22,active,24
POL0000326,MEM000327,AGT0039,Zurich,Vision Basic,2023-11-01,2024-11-01,20.84,250.08,0.16,3.33,active,12
POL0000327,MEM000328,AGT0070,Zurich,Vision Basic,2024-01-01,2026-01-01,19.69,236.28,0.16,3.15,cancelled,24
POL0000328,MEM000329,AGT0035,MetLife,Dental+Vision Bundle,2023-06-01,2026-06-01,75.84,910.08,0.25,18.96,expired,36
POL0000329,MEM000330,AGT0033,Zurich,Dental Basic,2024-01-01,2024-07-01,29.66,355.92,0.18,5.34,expired,6
POL0000330,MEM000331,AGT0025,MetLife,Vision Basic,2024-01-01,2025-01-01,19.25,231.0,0.16,3.08,expired,12
POL0000331,MEM000332,AGT0066,VSP,Dental Basic,2024-11-01,2026-11-01,28.56,342.72,0.18,5.14,active,24
POL0000332,MEM000333,AGT0018,VSP,Dental Premium,2024-12-01,2025-06-01,56.24,674.88,0.22,12.37,active,6
POL0000333,MEM000334,AGT0050,MetLife,Dental Premium,2023-10-01,2024-10-01,57.31,687.72,0.22,12.61,active,12
POL0000334,MEM000335,AGT0075,Zurich,Vision Basic,2023-11-01,2024-11-01,20.32,243.84,0.16,3.25,active,12
POL0000335,MEM000336,AGT0008,Zurich,Dental Basic,2023-10-01,2025-10-01,30.75,369.0,0.18,5.54,active,24
POL0000336,MEM000337,AGT0065,Zurich,Vision Premium,2023-12-01,2024-12-01,33.3,399.6,0.2,6.66,active,12
POL0000337,MEM000338,AGT0079,MetLife,Dental Basic,2023-06-01,2025-06-01,30.68,368.16,0.18,5.52,expired,24
POL0000338,MEM000339,AGT0059,Zurich,Dental+Vision Bundle,2023-06-01,2024-06-01,77.22,926.64,0.25,19.3,cancelled,12
POL0000339,MEM000340,AGT0061,Zurich,Dental+Vision Bundle,2024-02-01,2026-02-01,75.44,905.28,0.25,18.86,expired,24
POL0000340,MEM000341,AGT0011,Zurich,Dental Premium,2023-09-01,2024-09-01,53.93,647.16,0.22,11.86,active,12
POL0000341,MEM000342,AGT0015,MetLife,Dental+Vision Bundle,2024-02-01,2026-02-01,73.19,878.28,0.25,18.3,cancelled,24
POL0000342,MEM000343,AGT0069,MetLife,Dental Basic,2024-07-01,2026-07-01,31.36,376.32,0.18,5.64,active,24
POL0000343,MEM000344,AGT0027,Zurich,Vision Basic,2024-07-01,2025-07-01,20.11,241.32,0.16,3.22,active,12
POL0000344,MEM000345,AGT0008,VSP,Dental Basic,2023-05-01,2025-05-01,31.36,376.32,0.18,5.64,active,24
POL0000345,MEM000346,AGT0008,Zurich,Vision Basic,2024-04-01,2025-04-01,19.1,229.2,0.16,3.06,active,12
POL0000346,MEM000347,AGT0033,MetLife,Vision Premium,2023-12-01,2025-12-01,33.68,404.16,0.2,6.74,cancelled,24
POL0000347,MEM000348,AGT0055,VSP,Vision Premium,2024-09-01,2025-09-01,36.07,432.84,0.2,7.21,active,12
POL0000348,MEM000349,AGT0061,MetLife,Dental Premium,2024-08-01,2025-08-01,55.08,660.96,0.22,12.12,cancelled,12
POL0000349,MEM000350,AGT0048,VSP,Dental Premium,2023-08-01,2024-08-01,56.48,677.76,0.22,12.43,expired,12
POL0000350,MEM000351,AGT0070,MetLife,Vision Premium,2024-02-01,2025-02-01,35.65,427.8,0.2,7.13,active,12
POL0000351,MEM000352,AGT0069,VSP,Vision Basic,2024-01-01,2026-01-01,19.73,236.76,0.16,3.16,cancelled,24
POL0000352,MEM000353,AGT0039,VSP,Vision Premium,2023-09-01,2025-09-01,35.56,426.72,0.2,7.11,expired,24
POL0000353,MEM000354,AGT0049,MetLife,Dental Basic,2024-08-01,2025-08-01,31.21,374.52,0.18,5.62,cancelled,12
POL0000354,MEM000355,AGT0025,Zurich,Vision Premium,2024-01-01,2027-01-01,35.9,430.8,0.2,7.18,active,36
POL0000355,MEM000356,AGT0003,MetLife,Dental Basic,2023-03-01,2024-03-01,29.23,350.76,0.18,5.26,active,12
POL0000356,MEM000357,AGT0058,Zurich,Vision Premium,2023-05-01,2024-05-01,35.02,420.24,0.2,7.0,active,12
POL0000357,MEM000358,AGT0052,VSP,Dental Basic,2023-03-01,2024-03-01,29.38,352.56,0.18,5.29,expired,12
POL0000358,MEM000359,AGT0065,VSP,Dental Basic,2023-09-01,2024-09-01,31.21,374.52,0.18,5.62,cancelled,12
POL0000359,MEM000360,AGT0077,Zurich,Dental+Vision Bundle,2024-09-01,2025-09-01,75.82,909.84,0.25,18.95,active,12
POL0000360,MEM000361,AGT0067,MetLife,Dental Premium,2023-09-01,2024-09-01,55.27,663.24,0.22,12.16,active,12
POL0000361,MEM000362,AGT0076,Zurich,Dental+Vision Bundle,2023-11-01,2024-11-01,73.35,880.2,0.25,18.34,active,12
POL0000362,MEM000363,AGT0064,MetLife,Dental+Vision Bundle,2024-11-01,2025-11-01,73.75,885.0,0.25,18.44,active,12
POL0000363,MEM000364,AGT0041,Zurich,Dental Premium,2024-11-01,2025-11-01,53.34,640.08,0.22,11.73,expired,12
POL0000364,MEM000365,AGT0024,Zurich,Vision Basic,2023-07-01,2024-07-01,19.68,236.16,0.16,3.15,cancelled,12
POL0000365,MEM000366,AGT0060,MetLife,Vision Basic,2023-09-01,2024-09-01,20.25,243.0,0.16,3.24,expired,12
POL0000366,MEM000367,AGT0018,VSP,Dental Basic,2024-04-01,2026-04-01,29.96,359.52,0.18,5.39,active,24
POL0000367,MEM000368,AGT0058,VSP,Dental Basic,2023-08-01,2024-08-01,29.32,351.84,0.18,5.28,expired,12
POL0000368,MEM000369,AGT0049,Zurich,Vision Basic,2023-08-01,2024-02-01,20.26,243.12,0.16,3.24,pending,6
POL0000369,MEM000370,AGT0076,Zurich,Vision Premium,2023-03-01,2024-03-01,36.35,436.2,0.2,7.27,expired,12
POL0000370,MEM000371,AGT0043,VSP,Dental+Vision Bundle,2023-09-01,2024-09-01,73.66,883.92,0.25,18.41,active,12
POL0000371,MEM000372,AGT0016,Zurich,Dental+Vision Bundle,2023-02-01,2025-02-01,72.12,865.44,0.25,18.03,active,24
POL0000372,MEM000373,AGT0027,VSP,Dental+Vision Bundle,2024-06-01,2025-06-01,73.17,878.04,0.25,18.29,active,12
POL0000373,MEM000374,AGT0049,VSP,Vision Basic,2024-08-01,2025-08-01,19.7,236.4,0.16,3.15,active,12
POL0000374,MEM000375,AGT0047,Zurich,Dental+Vision Bundle,2024-02-01,2026-02-01,77.08,924.96,0.25,19.27,active,24
POL0000375,MEM000376,AGT0041,MetLife,Dental Premium,2024-05-01,2026-05-01,55.6,667.2,0.22,12.23,active,24
POL0000376,MEM000377,AGT0029,Zurich,Dental Basic,2024-03-01,2025-03-01,29.2,350.4,0.18,5.26,cancelled,12
POL0000377,MEM000378,AGT0075,Zurich,Dental Premium,2023-10-01,2026-10-01,52.51,630.12,0.22,11.55,expired,36
POL0000378,MEM000379,AGT0030,VSP,Vision Basic,2023-07-01,2024-07-01,20.0,240.0,0.16,3.2,active,12
POL0000379,MEM000380,AGT0044,VSP,Vision Premium,2023-10-01,2025-10-01,34.63,415.56,0.2,6.93,active,24
POL0000380,MEM000381,AGT0022,Zurich,Vision Premium,2024-06-01,2024-12-01,35.89,430.68,0.2,7.18,active,6
POL0000381,MEM000382,AGT0063,MetLife,Dental+Vision Bundle,2023-07-01,2024-07-01,76.03,912.36,0.25,19.01,active,12
POL0000382,MEM000383,AGT0005,MetLife,Dental+Vision Bundle,2024-08-01,2025-08-01,72.19,866.28,0.25,18.05,active,12
POL0000383,MEM000384,AGT0053,MetLife,Dental+Vision Bundle,2024-12-01,2025-12-01,76.83,921.96,0.25,19.21,active,12
POL0000384,MEM000385,AGT0002,MetLife,Vision Basic,2023-09-01,2025-09-01,19.33,231.96,0.16,3.09,active,24
POL0000385,MEM000386,AGT0079,VSP,Vision Premium,2024-02-01,2025-02-01,35.23,422.76,0.2,7.05,active,12
POL0000386,MEM000387,AGT0071,VSP,Dental Basic,2023-02-01,2024-02-01,30.45,365.4,0.18,5.48,active,12
POL0000387,MEM000388,AGT0037,MetLife,Vision Basic,2024-07-01,2025-01-01,20.26,243.12,0.16,3.24,active,6
POL0000388,MEM000389,AGT0014,MetLife,Vision Basic,2024-12-01,2025-06-01,19.01,228.12,0.16,3.04,active,6
POL0000389,MEM000390,AGT0068,VSP,Dental+Vision Bundle,2023-10-01,2026-10-01,75.39,904.68,0.25,18.85,active,36
POL0000390,MEM000391,AGT0048,VSP,Vision Basic,2023-11-01,2025-11-01,20.73,248.76,0.16,3.32,active,24
POL0000391,MEM000392,AGT0011,Zurich,Dental+Vision Bundle,2023-10-01,2024-10-01,77.2,926.4,0.25,19.3,active,12
POL0000392,MEM000393,AGT0052,VSP,Dental Premium,2024-11-01,2025-11-01,56.35,676.2,0.22,12.4,active,12
POL0000393,MEM000394,AGT0022,MetLife,Vision Basic,2024-06-01,2025-06-01,19.51,234.12,0.16,3.12,active,12
POL0000394,MEM000395,AGT0013,Zurich,Dental+Vision Bundle,2024-04-01,2024-10-01,73.08,876.96,0.25,18.27,active,6
POL0000395,MEM000396,AGT0061,VSP,Dental Basic,2023-09-01,2024-09-01,30.34,364.08,0.18,5.46,active,12
POL0000396,MEM000397,AGT0073,Zurich,Dental Basic,2023-04-01,2025-04-01,31.28,375.36,0.18,5.63,expired,24
POL0000397,MEM000398,AGT0076,MetLife,Vision Premium,2023-12-01,2024-12-01,35.69,428.28,0.2,7.14,active,12
POL0000398,MEM000399,AGT0021,Zurich,Dental Basic,2024-03-01,2024-09-01,29.49,353.88,0.18,5.31,active,6
POL0000399,MEM000400,AGT0050,Zurich,Dental Basic,2024-03-01,2027-03-01,31.05,372.6,0.18,5.59,active,36
POL0000400,MEM000401,AGT0007,MetLife,Dental Premium,2023-04-01,2024-04-01,52.83,633.96,0.22,11.62,cancelled,12
POL0000401,MEM000402,AGT0079,Zurich,Dental Premium,2023-04-01,2025-04-01,56.76,681.12,0.22,12.49,active,24
POL0000402,MEM000403,AGT0058,VSP,Dental Basic,2024-01-01,2025-01-01,30.37,364.44,0.18,5.47,cancelled,12
POL0000403,MEM000404,AGT0024,Zurich,Vision Basic,2024-08-01,2026-08-01,19.72,236.64,0.16,3.16,active,24
POL0000404,MEM000405,AGT0038,MetLife,Vision Premium,2024-02-01,2027-02-01,36.32,435.84,0.2,7.26,expired,36
POL0000405,MEM000406,AGT0049,Zurich,Vision Premium,2023-04-01,2026-04-01,35.77,429.24,0.2,7.15,expired,36
POL0000406,MEM000407,AGT0047,MetLife,Dental Basic,2023-07-01,2024-07-01,30.46,365.52,0.18,5.48,active,12
POL0000407,MEM000408,AGT0035,MetLife,Dental Basic,2023-12-01,2025-12-01,30.51,366.12,0.18,5.49,active,24
POL0000408,MEM000409,AGT0072,Zurich,Vision Basic,2023-08-01,2025-08-01,20.09,241.08,0.16,3.21,active,24
POL0000409,MEM000410,AGT0046,Zurich,Dental Basic,2023-05-01,2024-05-01,29.04,348.48,0.18,5.23,active,12
POL0000410,MEM000411,AGT0002,VSP,Dental Premium,2024-10-01,2027-10-01,54.28,651.36,0.22,11.94,active,36
POL0000411,MEM000412,AGT0074,Zurich,Dental Basic,2023-04-01,2024-04-01,29.36,352.32,0.18,5.28,active,12
POL0000412,MEM000413,AGT0035,VSP,Dental Premium,2024-02-01,2025-02-01,55.59,667.08,0.22,12.23,expired,12
POL0000413,MEM000414,AGT0056,VSP,Dental Premium,2023-06-01,2025-06-01,56.81,681.72,0.22,12.5,active,24
POL0000414,MEM000415,AGT0033,MetLife,Vision Premium,2024-06-01,2026-06-01,35.21,422.52,0.2,7.04,active,24
POL0000415,MEM000416,AGT0026,VSP,Dental Basic,2024-06-01,2025-06-01,30.0,360.0,0.18,5.4,active,12
POL0000416,MEM000417,AGT0043,Zurich,Dental Premium,2023-12-01,2024-12-01,52.62,631.44,0.22,11.58,active,12
POL0000417,MEM000418,AGT0056,Zurich,Dental+Vision Bundle,2024-01-01,2026-01-01,73.48,881.76,0.25,18.37,cancelled,24
POL0000418,MEM000419,AGT0078,Zurich,Dental Basic,2023-06-01,2024-06-01,28.99,347.88,0.18,5.22,active,12
POL0000419,MEM000420,AGT0041,VSP,Vision Premium,2023-12-01,2024-12-01,36.45,437.4,0.2,7.29,active,12
POL0000420,MEM000421,AGT0032,VSP,Dental Premium,2024-11-01,2025-11-01,56.42,677.04,0.22,12.41,cancelled,12
POL0000421,MEM000422,AGT0073,MetLife,Vision Basic,2024-03-01,2025-03-01,20.28,243.36,0.16,3.24,cancelled,12
POL0000422,MEM000423,AGT0004,Zurich,Vision Basic,2024-08-01,2025-08-01,19.87,238.44,0.16,3.18,active,12
POL0000423,MEM000424,AGT0009,VSP,Vision Premium,2023-09-01,2024-09-01,34.36,412.32,0.2,6.87,expired,12
POL0000424,MEM000425,AGT0033,Zurich,Dental Basic,2023-06-01,2024-06-01,29.58,354.96,0.18,5.32,active,12
POL0000425,MEM000426,AGT0058,Zurich,Vision Basic,2024-04-01,2025-04-01,20.29,243.48,0.16,3.25,cancelled,12
POL0000426,MEM000427,AGT0054,Zurich,Dental Basic,2024-03-01,2025-03-01,29.41,352.92,0.18,5.29,pending,12
POL0000427,MEM000428,AGT0011,MetLife,Vision Premium,2024-02-01,2025-02-01,34.89,418.68,0.2,6.98,active,12
POL0000428,MEM000429,AGT0079,MetLife,Vision Basic,2024-12-01,2025-12-01,19.81,237.72,0.16,3.17,active,12
POL0000429,MEM000430,AGT0056,MetLife,Dental Basic,2024-11-01,2027-11-01,30.67,368.04,0.18,5.52,expired,36
POL0000430,MEM000431,AGT0067,Zurich,Vision Basic,2023-10-01,2024-10-01,20.21,242.52,0.16,3.23,expired,12
POL0000431,MEM000432,AGT0048,VSP,Vision Basic,2024-09-01,2025-09-01,20.88,250.56,0.16,3.34,cancelled,12
POL0000432,MEM000433,AGT0020,VSP,Dental+Vision Bundle,2024-12-01,2025-12-01,72.08,864.96,0.25,18.02,active,12
POL0000433,MEM000434,AGT0054,MetLife,Dental Basic,2024-06-01,2025-06-01,29.89,358.68,0.18,5.38,pending,12
POL0000434,MEM000435,AGT0044,VSP,Vision Premium,2023-06-01,2025-06-01,33.62,403.44,0.2,6.72,expired,24
POL0000435,MEM000436,AGT0061,MetLife,Dental Premium,2024-07-01,2025-07-01,54.78,657.36,0.22,12.05,expired,12
POL0000436,MEM000437,AGT0039,MetLife,Dental+Vision Bundle,2024-05-01,2026-05-01,75.85,910.2,0.25,18.96,active,24
POL0000437,MEM000438,AGT0014,Zurich,Dental+Vision Bundle,2023-05-01,2025-05-01,77.38,928.56,0.25,19.34,cancelled,24
POL0000438,MEM000439,AGT0071,MetLife,Dental Premium,2023-10-01,2025-10-01,54.9,658.8,0.22,12.08,active,24
POL0000439,MEM000440,AGT0052,Zurich,Dental Basic,2024-04-01,2027-04-01,29.89,358.68,0.18,5.38,active,36
POL0000440,MEM000441,AGT0004,Zurich,Vision Basic,2024-11-01,2025-11-01,19.2,230.4,0.16,3.07,active,12
POL0000441,MEM000442,AGT0055,VSP,Dental Basic,2023-08-01,2024-08-01,30.68,368.16,0.18,5.52,active,12
POL0000442,MEM000443,AGT0009,Zurich,Dental Basic,2023-09-01,2024-03-01,30.09,361.08,0.18,5.42,expired,6
POL0000443,MEM000444,AGT0042,MetLife,Vision Basic,2024-08-01,2025-08-01,19.42,233.04,0.16,3.11,cancelled,12
POL0000444,MEM000445,AGT0041,Zurich,Dental Premium,2023-10-01,2024-10-01,56.97,683.64,0.22,12.53,active,12
POL0000445,MEM000446,AGT0045,VSP,Dental+Vision Bundle,2024-03-01,2027-03-01,73.86,886.32,0.25,18.46,active,36
POL0000446,MEM000447,AGT0079,Zurich,Dental Basic,2024-10-01,2026-10-01,30.74,368.88,0.18,5.53,cancelled,24
POL0000447,MEM000448,AGT0031,VSP,Dental Basic,2023-06-01,2025-06-01,29.95,359.4,0.18,5.39,active,24
POL0000448,MEM000449,AGT0050,VSP,Vision Basic,2024-02-01,2026-02-01,19.71,236.52,0.16,3.15,active,24
POL0000449,MEM000450,AGT0024,VSP,Vision Basic,2024-09-01,2026-09-01,19.8,237.6,0.16,3.17,active,24
POL0000450,MEM000451,AGT0022,VSP,Dental Premium,2024-11-01,2026-11-01,55.16,661.92,0.22,12.14,expired,24
POL0000451,MEM000452,AGT0080,MetLife,Dental+Vision Bundle,2023-08-01,2024-08-01,72.12,865.44,0.25,18.03,active,12
POL0000452,MEM000453,AGT0025,VSP,Dental+Vision Bundle,2023-02-01,2024-02-01,72.84,874.08,0.25,18.21,cancelled,12
POL0000453,MEM000454,AGT0063,VSP,Vision Premium,2024-07-01,2026-07-01,35.47,425.64,0.2,7.09,active,24
POL0000454,MEM000455,AGT0011,Zurich,Dental Basic,2024-04-01,2025-04-01,29.89,358.68,0.18,5.38,active,12
POL0000455,MEM000456,AGT0036,MetLife,Vision Basic,2023-09-01,2025-09-01,20.98,251.76,0.16,3.36,active,24
POL0000456,MEM000457,AGT0064,Zurich,Vision Basic,2023-07-01,2025-07-01,19.5,234.0,0.16,3.12,pending,24
POL0000457,MEM000458,AGT0070,VSP,Vision Basic,2024-09-01,2026-09-01,19.97,239.64,0.16,3.2,cancelled,24
POL0000458,MEM000459,AGT0028,VSP,Dental Basic,2023-03-01,2025-03-01,29.23,350.76,0.18,5.26,active,24
POL0000459,MEM000460,AGT0005,VSP,Dental Premium,2024-11-01,2025-11-01,56.16,673.92,0.22,12.36,active,12
POL0000460,MEM000461,AGT0031,MetLife,Dental+Vision Bundle,2023-04-01,2026-04-01,75.13,901.56,0.25,18.78,active,36
POL0000461,MEM000462,AGT0055,MetLife,Vision Basic,2024-09-01,2027-09-01,19.74,236.88,0.16,3.16,cancelled,36
POL0000462,MEM000463,AGT0073,VSP,Vision Basic,2023-08-01,2024-02-01,19.91,238.92,0.16,3.19,active,6
POL0000463,MEM000464,AGT0042,Zurich,Dental Premium,2024-10-01,2026-10-01,52.79,633.48,0.22,11.61,active,24
POL0000464,MEM000465,AGT0013,MetLife,Dental+Vision Bundle,2024-09-01,2025-09-01,76.32,915.84,0.25,19.08,cancelled,12
POL0000465,MEM000466,AGT0017,Zurich,Dental+Vision Bundle,2024-03-01,2024-09-01,72.03,864.36,0.25,18.01,cancelled,6
POL0000466,MEM000467,AGT0032,Zurich,Dental Premium,2023-10-01,2026-10-01,54.77,657.24,0.22,12.05,cancelled,36
POL0000467,MEM000468,AGT0054,VSP,Vision Basic,2023-06-01,2024-06-01,19.06,228.72,0.16,3.05,active,12
POL0000468,MEM000469,AGT0066,Zurich,Dental Premium,2024-11-01,2026-11-01,53.22,638.64,0.22,11.71,active,24
POL0000469,MEM000470,AGT0042,Zurich,Dental Basic,2024-02-01,2025-02-01,28.78,345.36,0.18,5.18,expired,12
POL0000470,MEM000471,AGT0009,Zurich,Dental Premium,2023-05-01,2024-05-01,56.36,676.32,0.22,12.4,active,12
POL0000471,MEM000472,AGT0035,VSP,Dental+Vision Bundle,2024-04-01,2026-04-01,73.01,876.12,0.25,18.25,active,24
POL0000472,MEM000473,AGT0017,Zurich,Dental+Vision Bundle,2024-01-01,2026-01-01,75.63,907.56,0.25,18.91,active,24
POL0000473,MEM000474,AGT0013,Zurich,Vision Premium,2024-01-01,2026-01-01,34.48,413.76,0.2,6.9,active,24
POL0000474,MEM000475,AGT0021,VSP,Vision Basic,2024-05-01,2025-05-01,20.99,251.88,0.16,3.36,active,12
POL0000475,MEM000476,AGT0039,MetLife,Dental+Vision Bundle,2024-04-01,2026-04-01,73.91,886.92,0.25,18.48,active,24
POL0000476,MEM000477,AGT0033,MetLife,Dental Premium,2023-11-01,2024-11-01,54.93,659.16,0.22,12.08,active,12
POL0000477,MEM000478,AGT0051,Zurich,Dental Premium,2024-11-01,2025-11-01,55.2,662.4,0.22,12.14,active,12
POL0000478,MEM000479,AGT0013,MetLife,Dental Basic,2023-09-01,2024-03-01,29.13,349.56,0.18,5.24,cancelled,6
POL0000479,MEM000480,AGT0029,Zurich,Vision Premium,2023-04-01,2025-04-01,35.88,430.56,0.2,7.18,active,24
POL0000480,MEM000481,AGT0016,VSP,Vision Premium,2023-02-01,2023-08-01,33.9,406.8,0.2,6.78,active,6
POL0000481,MEM000482,AGT0050,MetLife,Vision Premium,2024-06-01,2027-06-01,34.32,411.84,0.2,6.86,active,36
POL0000482,MEM000483,AGT0048,VSP,Dental Basic,2023-05-01,2024-05-01,30.33,363.96,0.18,5.46,active,12
POL0000483,MEM000484,AGT0068,Zurich,Dental Basic,2023-06-01,2025-06-01,31.26,375.12,0.18,5.63,active,24
POL0000484,MEM000485,AGT0045,Zurich,Dental Basic,2024-11-01,2026-11-01,30.67,368.04,0.18,5.52,active,24
POL0000485,MEM000486,AGT0057,MetLife,Dental Basic,2023-07-01,2025-07-01,31.14,373.68,0.18,5.61,expired,24
POL0000486,MEM000487,AGT0076,Zurich,Dental Premium,2023-05-01,2024-05-01,57.54,690.48,0.22,12.66,active,12
POL0000487,MEM000488,AGT0032,VSP,Vision Basic,2024-04-01,2026-04-01,20.94,251.28,0.16,3.35,cancelled,24
POL0000488,MEM000489,AGT0077,Zurich,Vision Basic,2023-10-01,2025-10-01,20.82,249.84,0.16,3.33,cancelled,24
POL0000489,MEM000490,AGT0067,Zurich,Vision Basic,2023-02-01,2024-02-01,19.72,236.64,0.16,3.16,cancelled,12
POL0000490,MEM000491,AGT0031,VSP,Dental Premium,2024-03-01,2026-03-01,55.32,663.84,0.22,12.17,active,24
POL0000491,MEM000492,AGT0010,Zurich,Dental+Vision Bundle,2023-10-01,2025-10-01,75.09,901.08,0.25,18.77,pending,24
POL0000492,MEM000493,AGT0017,VSP,Dental+Vision Bundle,2023-02-01,2024-02-01,78.35,940.2,0.25,19.59,cancelled,12
POL0000493,MEM000494,AGT0070,Zurich,Dental Basic,2024-09-01,2025-09-01,30.68,368.16,0.18,5.52,cancelled,12
POL0000494,MEM000495,AGT0076,MetLife,Dental Basic,2024-05-01,2027-05-01,30.61,367.32,0.18,5.51,cancelled,36
POL0000495,MEM000496,AGT0051,Zurich,Dental Premium,2023-09-01,2024-09-01,55.03,660.36,0.22,12.11,cancelled,12
POL0000496,MEM000497,AGT0052,MetLife,Vision Basic,2024-06-01,2025-06-01,20.87,250.44,0.16,3.34,active,12
POL0000497,MEM000498,AGT0011,VSP,Dental Basic,2024-08-01,2026-08-01,30.51,366.12,0.18,5.49,expired,24
POL0000498,MEM000499,AGT0042,VSP,Vision Basic,2023-08-01,2025-08-01,19.32,231.84,0.16,3.09,active,24
POL0000499,MEM000500,AGT0056,Zurich,Dental+Vision Bundle,2024-11-01,2026-11-01,73.66,883.92,0.25,18.41,active,24
POL0000500,MEM000501,AGT0012,VSP,Dental Basic,2023-10-01,2024-10-01,31.26,375.12,0.18,5.63,active,12
POL0000501,MEM000502,AGT0023,MetLife,Dental Basic,2024-10-01,2026-10-01,30.13,361.56,0.18,5.42,cancelled,24
POL0000502,MEM000503,AGT0064,VSP,Vision Basic,2023-06-01,2024-06-01,19.66,235.92,0.16,3.15,active,12
POL0000503,MEM000504,AGT0017,Zurich,Vision Premium,2023-10-01,2024-10-01,36.66,439.92,0.2,7.33,cancelled,12
POL0000504,MEM000505,AGT0043,VSP,Dental Premium,2023-11-01,2024-11-01,53.69,644.28,0.22,11.81,cancelled,12
POL0000505,MEM000506,AGT0010,VSP,Vision Basic,2023-04-01,2024-04-01,19.73,236.76,0.16,3.16,active,12
POL0000506,MEM000507,AGT0073,MetLife,Dental Premium,2024-02-01,2025-02-01,56.74,680.88,0.22,12.48,active,12
POL0000507,MEM000508,AGT0015,MetLife,Vision Premium,2023-10-01,2026-10-01,33.62,403.44,0.2,6.72,active,36
POL0000508,MEM000509,AGT0032,MetLife,Vision Basic,2023-02-01,2025-02-01,20.05,240.6,0.16,3.21,expired,24
POL0000509,MEM000510,AGT0005,Zurich,Dental+Vision Bundle,2024-02-01,2027-02-01,73.81,885.72,0.25,18.45,active,36
POL0000510,MEM000511,AGT0042,MetLife,Dental Premium,2024-12-01,2027-12-01,53.27,639.24,0.22,11.72,expired,36
POL0000511,MEM000512,AGT0074,VSP,Dental Basic,2023-12-01,2025-12-01,28.92,347.04,0.18,5.21,active,24
POL0000512,MEM000513,AGT0029,Zurich,Dental+Vision Bundle,2024-12-01,2026-12-01,76.07,912.84,0.25,19.02,active,24
POL0000513,MEM000514,AGT0037,VSP,Dental Premium,2024-03-01,2025-03-01,54.69,656.28,0.22,12.03,expired,12
POL0000514,MEM000515,AGT0048,MetLife,Dental Premium,2024-08-01,2025-08-01,53.9,646.8,0.22,11.86,active,12
POL0000515,MEM000516,AGT0048,Zurich,Dental+Vision Bundle,2023-12-01,2025-12-01,73.34,880.08,0.25,18.34,active,24
POL0000516,MEM000517,AGT0020,MetLife,Dental+Vision Bundle,2023-08-01,2024-02-01,74.11,889.32,0.25,18.53,active,6
POL0000517,MEM000518,AGT0045,Zurich,Dental+Vision Bundle,2023-02-01,2023-08-01,71.8,861.6,0.25,17.95,cancelled,6
POL0000518,MEM000519,AGT0049,Zurich,Vision Premium,2023-02-01,2024-02-01,34.09,409.08,0.2,6.82,active,12
POL0000519,MEM000520,AGT0031,VSP,Vision Basic,2023-05-01,2023-11-01,19.19,230.28,0.16,3.07,active,6
POL0000520,MEM000521,AGT0012,MetLife,Dental+Vision Bundle,2023-04-01,2024-04-01,72.79,873.48,0.25,18.2,active,12
POL0000521,MEM000522,AGT0059,Zurich,Dental Basic,2024-07-01,2025-07-01,30.01,360.12,0.18,5.4,expired,12
POL0000522,MEM000523,AGT0051,MetLife,Vision Basic,2023-05-01,2024-05-01,19.57,234.84,0.16,3.13,expired,12
POL0000523,MEM000524,AGT0031,VSP,Dental Premium,2023-04-01,2023-10-01,55.39,664.68,0.22,12.19,pending,6
POL0000524,MEM000525,AGT0041,VSP,Dental Premium,2023-12-01,2025-12-01,54.9,658.8,0.22,12.08,active,24
POL0000525,MEM000526,AGT0075,MetLife,Dental Basic,2023-04-01,2024-04-01,30.82,369.84,0.18,5.55,active,12
POL0000526,MEM000527,AGT0041,VSP,Dental Basic,2023-07-01,2025-07-01,29.61,355.32,0.18,5.33,active,24
POL0000527,MEM000528,AGT0040,VSP,Dental Premium,2024-02-01,2026-02-01,56.03,672.36,0.22,12.33,active,24
POL0000528,MEM000529,AGT0039,Zurich,Vision Premium,2023-06-01,2024-06-01,36.59,439.08,0.2,7.32,active,12
POL0000529,MEM000530,AGT0019,MetLife,Vision Premium,2023-03-01,2023-09-01,35.15,421.8,0.2,7.03,expired,6
POL0000530,MEM000531,AGT0007,Zurich,Dental Premium,2024-01-01,2025-01-01,52.51,630.12,0.22,11.55,active,12
POL0000531,MEM000532,AGT0058,Zurich,Vision Premium,2023-07-01,2024-07-01,36.09,433.08,0.2,7.22,active,12
POL0000532,MEM000533,AGT0014,MetLife,Dental Basic,2023-10-01,2024-10-01,30.97,371.64,0.18,5.57,active,12
POL0000533,MEM000534,AGT0026,VSP,Dental Premium,2023-04-01,2025-04-01,55.84,670.08,0.22,12.28,cancelled,24
POL0000534,MEM000535,AGT0076,VSP,Dental+Vision Bundle,2024-11-01,2025-11-01,74.46,893.52,0.25,18.61,active,12
POL0000535,MEM000536,AGT0026,Zurich,Dental Premium,2023-04-01,2024-04-01,52.7,632.4,0.22,11.59,active,12
POL0000536,MEM000537,AGT0016,MetLife,Dental+Vision Bundle,2023-06-01,2025-06-01,76.37,916.44,0.25,19.09,active,24
POL0000537,MEM000538,AGT0056,Zurich,Dental Premium,2023-03-01,2025-03-01,54.37,652.44,0.22,11.96,expired,24
POL0000538,MEM000539,AGT0023,VSP,Dental Basic,2023-02-01,2025-02-01,30.2,362.4,0.18,5.44,expired,24
POL0000539,MEM000540,AGT0058,MetLife,Dental Basic,2023-08-01,2025-08-01,30.74,368.88,0.18,5.53,cancelled,24
POL0000540,MEM000541,AGT0064,VSP,Dental+Vision Bundle,2024-10-01,2025-10-01,72.22,866.64,0.25,18.05,cancelled,12
POL0000541,MEM000542,AGT0036,VSP,Dental Basic,2024-06-01,2027-06-01,30.61,367.32,0.18,5.51,active,36
POL0000542,MEM000543,AGT0070,MetLife,Dental+Vision Bundle,2023-08-01,2025-08-01,72.17,866.04,0.25,18.04,active,24
POL0000543,MEM000544,AGT0063,VSP,Dental+Vision Bundle,2024-02-01,2026-02-01,75.43,905.16,0.25,18.86,active,24
POL0000544,MEM000545,AGT0035,MetLife,Dental Basic,2024-06-01,2025-06-01,30.12,361.44,0.18,5.42,active,12
POL0000545,MEM000546,AGT0036,MetLife,Dental+Vision Bundle,2024-10-01,2025-10-01,71.32,855.84,0.25,17.83,active,12
POL0000546,MEM000547,AGT0075,MetLife,Dental+Vision Bundle,2024-05-01,2025-05-01,73.73,884.76,0.25,18.43,active,12
POL0000547,MEM000548,AGT0035,Zurich,Dental+Vision Bundle,2023-05-01,2024-05-01,76.02,912.24,0.25,19.0,active,12
POL0000548,MEM000549,AGT0050,VSP,Dental+Vision Bundle,2023-03-01,2024-03-01,77.8,933.6,0.25,19.45,expired,12
POL0000549,MEM000550,AGT0076,VSP,Dental+Vision Bundle,2023-07-01,2024-07-01,71.27,855.24,0.25,17.82,active,12
POL0000550,MEM000551,AGT0046,Zurich,Vision Basic,2024-02-01,2025-02-01,20.46,245.52,0.16,3.27,cancelled,12
POL0000551,MEM000552,AGT0070,VSP,Dental Basic,2024-08-01,2025-08-01,30.02,360.24,0.18,5.4,active,12
POL0000552,MEM000553,AGT0030,Zurich,Dental Basic,2023-03-01,2024-03-01,28.52,342.24,0.18,5.13,expired,12
POL0000553,MEM000554,AGT0043,Zurich,Dental Basic,2024-07-01,2027-07-01,29.19,350.28,0.18,5.25,cancelled,36
POL0000554,MEM000555,AGT0042,MetLife,Dental Basic,2023-06-01,2024-06-01,29.18,350.16,0.18,5.25,active,12
POL0000555,MEM000556,AGT0068,VSP,Dental+Vision Bundle,2024-09-01,2025-09-01,76.36,916.32,0.25,19.09,cancelled,12
POL0000556,MEM000557,AGT0013,VSP,Dental Premium,2024-02-01,2024-08-01,54.49,653.88,0.22,11.99,active,6
POL0000557,MEM000558,AGT0063,Zurich,Dental Premium,2023-06-01,2025-06-01,54.03,648.36,0.22,11.89,active,24
POL0000558,MEM000559,AGT0076,MetLife,Dental Premium,2024-08-01,2025-08-01,57.29,687.48,0.22,12.6,active,12
POL0000559,MEM000560,AGT0001,Zurich,Dental+Vision Bundle,2023-11-01,2024-11-01,76.42,917.04,0.25,19.11,active,12
POL0000560,MEM000561,AGT0024,Zurich,Dental Premium,2024-03-01,2024-09-01,53.14,637.68,0.22,11.69,active,6
POL0000561,MEM000562,AGT0014,VSP,Dental Basic,2024-10-01,2025-04-01,30.91,370.92,0.18,5.56,active,6
POL0000562,MEM000563,AGT0041,MetLife,Vision Basic,2023-04-01,2026-04-01,19.48,233.76,0.16,3.12,active,36
POL0000563,MEM000564,AGT0002,VSP,Dental Basic,2023-05-01,2024-05-01,30.03,360.36,0.18,5.41,cancelled,12
POL0000564,MEM000565,AGT0014,Zurich,Dental Basic,2023-04-01,2025-04-01,30.19,362.28,0.18,5.43,active,24
POL0000565,MEM000566,AGT0022,VSP,Vision Basic,2024-02-01,2025-02-01,20.61,247.32,0.16,3.3,expired,12
POL0000566,MEM000567,AGT0049,MetLife,Dental+Vision Bundle,2024-02-01,2025-02-01,74.94,899.28,0.25,18.73,active,12
POL0000567,MEM000568,AGT0058,MetLife,Vision Premium,2024-09-01,2026-09-01,35.69,428.28,0.2,7.14,active,24
POL0000568,MEM000569,AGT0041,VSP,Dental+Vision Bundle,2023-03-01,2024-03-01,74.99,899.88,0.25,18.75,expired,12
POL0000569,MEM000570,AGT0049,MetLife,Vision Premium,2023-04-01,2025-04-01,34.3,411.6,0.2,6.86,active,24
POL0000570,MEM000571,AGT0077,Zurich,Dental+Vision Bundle,2024-08-01,2027-08-01,76.48,917.76,0.25,19.12,active,36
POL0000571,MEM000572,AGT0078,VSP,Dental Basic,2023-03-01,2023-09-01,29.67,356.04,0.18,5.34,active,6
POL0000572,MEM000573,AGT0025,VSP,Vision Premium,2023-05-01,2024-05-01,35.46,425.52,0.2,7.09,active,12
POL0000573,MEM000574,AGT0039,MetLife,Dental Basic,2024-08-01,2025-08-01,29.21,350.52,0.18,5.26,active,12
POL0000574,MEM000575,AGT0063,MetLife,Dental Basic,2024-03-01,2025-03-01,30.76,369.12,0.18,5.54,active,12
POL0000575,MEM000576,AGT0038,Zurich,Vision Basic,2023-02-01,2025-02-01,19.91,238.92,0.16,3.19,expired,24
POL0000576,MEM000577,AGT0004,MetLife,Dental Basic,2024-06-01,2025-06-01,28.67,344.04,0.18,5.16,active,12
POL0000577,MEM000578,AGT0015,VSP,Vision Premium,2023-11-01,2024-11-01,34.38,412.56,0.2,6.88,expired,12
POL0000578,MEM000579,AGT0012,Zurich,Vision Basic,2024-05-01,2026-05-01,20.85,250.2,0.16,3.34,cancelled,24
POL0000579,MEM000580,AGT0048,MetLife,Dental Premium,2023-08-01,2024-08-01,55.73,668.76,0.22,12.26,expired,12
POL0000580,MEM000581,AGT0034,MetLife,Dental+Vision Bundle,2023-10-01,2025-10-01,76.03,912.36,0.25,19.01,active,24
POL0000581,MEM000582,AGT0013,MetLife,Vision Premium,2024-08-01,2025-08-01,34.04,408.48,0.2,6.81,active,12
POL0000582,MEM000583,AGT0030,Zurich,Dental Basic,2024-08-01,2025-08-01,29.75,357.0,0.18,5.35,expired,12
POL0000583,MEM000584,AGT0069,Zurich,Dental+Vision Bundle,2024-03-01,2026-03-01,73.74,884.88,0.25,18.43,cancelled,24
POL0000584,MEM000585,AGT0061,VSP,Dental Basic,2024-06-01,2025-06-01,31.43,377.16,0.18,5.66,pending,12
POL0000585,MEM000586,AGT0067,Zurich,Vision Premium,2023-03-01,2024-03-01,35.97,431.64,0.2,7.19,active,12
POL0000586,MEM000587,AGT0058,MetLife,Dental+Vision Bundle,2024-10-01,2025-10-01,75.24,902.88,0.25,18.81,active,12
POL0000587,MEM000588,AGT0017,MetLife,Dental Premium,2023-07-01,2024-07-01,57.04,684.48,0.22,12.55,active,12
POL0000588,MEM000589,AGT0019,Zurich,Dental Premium,2024-12-01,2026-12-01,56.88,682.56,0.22,12.51,active,24
POL0000589,MEM000590,AGT0072,VSP,Vision Basic,2023-04-01,2026-04-01,19.76,237.12,0.16,3.16,expired,36
POL0000590,MEM000591,AGT0002,Zurich,Vision Basic,2023-11-01,2025-11-01,19.31,231.72,0.16,3.09,active,24
POL0000591,MEM000592,AGT0054,MetLife,Dental Basic,2024-07-01,2025-07-01,31.04,372.48,0.18,5.59,expired,12
POL0000592,MEM000593,AGT0014,Zurich,Vision Premium,2024-09-01,2025-09-01,35.27,423.24,0.2,7.05,expired,12
POL0000593,MEM000594,AGT0053,VSP,Dental Premium,2023-11-01,2025-11-01,54.51,654.12,0.22,11.99,active,24
POL0000594,MEM000595,AGT0061,MetLife,Dental Basic,2024-06-01,2025-06-01,29.94,359.28,0.18,5.39,pending,12
POL0000595,MEM000596,AGT0078,Zurich,Vision Premium,2024-03-01,2025-03-01,34.31,411.72,0.2,6.86,active,12
POL0000596,MEM000597,AGT0031,MetLife,Vision Premium,2023-03-01,2024-03-01,35.84,430.08,0.2,7.17,active,12
POL0000597,MEM000598,AGT0044,VSP,Dental Premium,2023-11-01,2024-11-01,55.05,660.6,0.22,12.11,cancelled,12
POL0000598,MEM000599,AGT0018,VSP,Dental+Vision Bundle,2024-06-01,2025-06-01,74.15,889.8,0.25,18.54,active,12
POL0000599,MEM000600,AGT0054,Zurich,Vision Basic,2024-04-01,2025-04-01,19.67,236.04,0.16,3.15,expired,12
POL0000600,MEM000601,AGT0053,Zurich,Vision Basic,2023-08-01,2025-08-01,20.51,246.12,0.16,3.28,active,24
POL0000601,MEM000602,AGT0066,MetLife,Dental Basic,2024-07-01,2025-07-01,29.26,351.12,0.18,5.27,cancelled,12
POL0000602,MEM000603,AGT0068,Zurich,Dental Basic,2024-07-01,2025-07-01,29.54,354.48,0.18,5.32,active,12
POL0000603,MEM000604,AGT0032,MetLife,Vision Basic,2023-08-01,2025-08-01,19.75,237.0,0.16,3.16,active,24
POL0000604,MEM000605,AGT0048,VSP,Vision Basic,2024-02-01,2025-02-01,20.83,249.96,0.16,3.33,expired,12
POL0000605,MEM000606,AGT0031,VSP,Vision Basic,2024-11-01,2026-11-01,19.81,237.72,0.16,3.17,active,24
POL0000606,MEM000607,AGT0076,Zurich,Dental Premium,2024-05-01,2025-05-01,54.49,653.88,0.22,11.99,active,12
POL0000607,MEM000608,AGT0037,MetLife,Dental Premium,2023-07-01,2024-01-01,56.46,677.52,0.22,12.42,active,6
POL0000608,MEM000609,AGT0029,Zurich,Dental Basic,2023-07-01,2024-07-01,29.86,358.32,0.18,5.37,active,12
POL0000609,MEM000610,AGT0066,MetLife,Dental+Vision Bundle,2023-08-01,2024-08-01,76.92,923.04,0.25,19.23,active,12
POL0000610,MEM000611,AGT0017,Zurich,Dental Basic,2024-12-01,2025-12-01,30.97,371.64,0.18,5.57,active,12
POL0000611,MEM000612,AGT0078,VSP,Vision Premium,2023-02-01,2024-02-01,34.88,418.56,0.2,6.98,active,12
POL0000612,MEM000613,AGT0049,VSP,Vision Basic,2024-11-01,2026-11-01,20.51,246.12,0.16,3.28,active,24
POL0000613,MEM000614,AGT0067,Zurich,Dental Premium,2023-09-01,2025-09-01,52.71,632.52,0.22,11.6,expired,24
POL0000614,MEM000615,AGT0048,Zurich,Vision Basic,2023-05-01,2025-05-01,20.97,251.64,0.16,3.36,active,24
POL0000615,MEM000616,AGT0014,VSP,Dental Basic,2024-10-01,2025-10-01,29.75,357.0,0.18,5.35,active,12
POL0000616,MEM000617,AGT0034,Zurich,Vision Premium,2023-11-01,2025-11-01,34.66,415.92,0.2,6.93,expired,24
POL0000617,MEM000618,AGT0020,Zurich,Vision Premium,2024-11-01,2026-11-01,33.83,405.96,0.2,6.77,active,24
POL0000618,MEM000619,AGT0041,Zurich,Dental Basic,2023-03-01,2024-03-01,30.54,366.48,0.18,5.5,cancelled,12
POL0000619,MEM000620,AGT0034,VSP,Dental Premium,2023-02-01,2023-08-01,53.03,636.36,0.22,11.67,active,6
POL0000620,MEM000621,AGT0025,VSP,Vision Premium,2023-03-01,2026-03-01,34.12,409.44,0.2,6.82,active,36
POL0000621,MEM000622,AGT0046,Zurich,Dental Premium,2023-09-01,2025-09-01,56.72,680.64,0.22,12.48,expired,24
POL0000622,MEM000623,AGT0038,MetLife,Vision Basic,2023-07-01,2025-07-01,20.89,250.68,0.16,3.34,active,24
POL0000623,MEM000624,AGT0043,Zurich,Dental Basic,2023-10-01,2026-10-01,29.27,351.24,0.18,5.27,active,36
POL0000624,MEM000625,AGT0054,VSP,Dental Premium,2024-01-01,2027-01-01,54.43,653.16,0.22,11.97,active,36
POL0000625,MEM000626,AGT0016,VSP,Dental Basic,2024-09-01,2025-09-01,29.51,354.12,0.18,5.31,active,12
POL0000626,MEM000627,AGT0080,MetLife,Vision Basic,2024-11-01,2025-11-01,20.55,246.6,0.16,3.29,active,12
POL0000627,MEM000628,AGT0049,Zurich,Dental Premium,2023-08-01,2024-02-01,55.02,660.24,0.22,12.1,active,6
POL0000628,MEM000629,AGT0026,VSP,Dental Premium,2023-03-01,2025-03-01,52.51,630.12,0.22,11.55,cancelled,24
POL0000629,MEM000630,AGT0041,Zurich,Dental Basic,2024-09-01,2026-09-01,29.28,351.36,0.18,5.27,active,24
POL0000630,MEM000631,AGT0023,VSP,Vision Basic,2023-04-01,2025-04-01,19.66,235.92,0.16,3.15,active,24
POL0000631,MEM000632,AGT0027,MetLife,Vision Basic,2023-02-01,2025-02-01,19.67,236.04,0.16,3.15,active,24
POL0000632,MEM000633,AGT0017,Zurich,Dental Premium,2023-07-01,2026-07-01,55.71,668.52,0.22,12.26,cancelled,36
POL0000633,MEM000634,AGT0062,VSP,Dental Basic,2024-04-01,2025-04-01,28.52,342.24,0.18,5.13,active,12
POL0000634,MEM000635,AGT0002,VSP,Vision Premium,2024-07-01,2025-07-01,34.33,411.96,0.2,6.87,active,12
POL0000635,MEM000636,AGT0001,Zurich,Vision Premium,2024-07-01,2026-07-01,34.37,412.44,0.2,6.87,pending,24
POL0000636,MEM000637,AGT0017,MetLife,Dental Premium,2023-09-01,2024-09-01,57.7,692.4,0.22,12.69,pending,12
POL0000637,MEM000638,AGT0009,MetLife,Dental Premium,2024-09-01,2025-09-01,56.64,679.68,0.22,12.46,active,12
POL0000638,MEM000639,AGT0077,Zurich,Dental Premium,2023-11-01,2025-11-01,57.47,689.64,0.22,12.64,active,24
POL0000639,MEM000640,AGT0046,MetLife,Dental Basic,2023-06-01,2024-06-01,29.83,357.96,0.18,5.37,active,12
POL0000640,MEM000641,AGT0029,Zurich,Dental+Vision Bundle,2024-03-01,2026-03-01,71.56,858.72,0.25,17.89,cancelled,24
POL0000641,MEM000642,AGT0065,MetLife,Dental Basic,2023-09-01,2026-09-01,29.0,348.0,0.18,5.22,active,36
POL0000642,MEM000643,AGT0033,Zurich,Vision Basic,2024-11-01,2025-05-01,19.95,239.4,0.16,3.19,expired,6
POL0000643,MEM000644,AGT0003,MetLife,Vision Premium,2024-09-01,2025-03-01,36.63,439.56,0.2,7.33,expired,6
POL0000644,MEM000645,AGT0016,Zurich,Dental Premium,2024-04-01,2025-04-01,57.54,690.48,0.22,12.66,expired,12
POL0000645,MEM000646,AGT0039,VSP,Vision Premium,2023-07-01,2026-07-01,35.95,431.4,0.2,7.19,cancelled,36
POL0000646,MEM000647,AGT0080,Zurich,Vision Premium,2024-12-01,2025-12-01,34.89,418.68,0.2,6.98,active,12
POL0000647,MEM000648,AGT0080,MetLife,Dental Premium,2024-04-01,2025-04-01,57.3,687.6,0.22,12.61,active,12
POL0000648,MEM000649,AGT0078,MetLife,Vision Premium,2023-05-01,2024-05-01,36.03,432.36,0.2,7.21,active,12
POL0000649,MEM000650,AGT0053,VSP,Dental Basic,2024-07-01,2026-07-01,30.91,370.92,0.18,5.56,active,24
POL0000650,MEM000651,AGT0062,VSP,Dental Basic,2024-08-01,2026-08-01,29.01,348.12,0.18,5.22,cancelled,24
POL0000651,MEM000652,AGT0074,Zurich,Vision Basic,2023-02-01,2024-02-01,20.32,243.84,0.16,3.25,active,12
POL0000652,MEM000653,AGT0013,VSP,Vision Basic,2023-05-01,2024-05-01,19.84,238.08,0.16,3.17,active,12
POL0000653,MEM000654,AGT0060,MetLife,Dental Basic,2024-05-01,2026-05-01,30.12,361.44,0.18,5.42,active,24
POL0000654,MEM000655,AGT0047,Zurich,Dental Premium,2023-07-01,2024-07-01,52.35,628.2,0.22,11.52,active,12
POL0000655,MEM000656,AGT0002,MetLife,Vision Premium,2023-05-01,2023-11-01,35.08,420.96,0.2,7.02,active,6
POL0000656,MEM000657,AGT0057,Zurich,Dental Premium,2023-07-01,2025-07-01,53.07,636.84,0.22,11.68,active,24
POL0000657,MEM000658,AGT0024,MetLife,Dental Premium,2023-05-01,2025-05-01,56.26,675.12,0.22,12.38,cancelled,24
POL0000658,MEM000659,AGT0062,VSP,Vision Basic,2024-05-01,2024-11-01,20.44,245.28,0.16,3.27,active,6
POL0000659,MEM000660,AGT0008,MetLife,Dental Basic,2023-07-01,2024-07-01,31.33,375.96,0.18,5.64,active,12
POL0000660,MEM000661,AGT0057,MetLife,Vision Basic,2024-09-01,2025-09-01,19.99,239.88,0.16,3.2,active,12
POL0000661,MEM000662,AGT0062,VSP,Dental Basic,2024-02-01,2026-02-01,28.69,344.28,0.18,5.16,expired,24
POL0000662,MEM000663,AGT0009,VSP,Vision Premium,2024-03-01,2025-03-01,34.69,416.28,0.2,6.94,expired,12
POL0000663,MEM000664,AGT0073,MetLife,Dental+Vision Bundle,2023-02-01,2024-02-01,76.79,921.48,0.25,19.2,cancelled,12
POL0000664,MEM000665,AGT0067,Zurich,Vision Premium,2024-12-01,2025-12-01,34.66,415.92,0.2,6.93,cancelled,12
POL0000665,MEM000666,AGT0062,VSP,Vision Premium,2023-05-01,2024-05-01,34.21,410.52,0.2,6.84,expired,12
POL0000666,MEM000667,AGT0072,Zurich,Dental Basic,2024-11-01,2025-11-01,30.65,367.8,0.18,5.52,active,12
POL0000667,MEM000668,AGT0061,VSP,Dental+Vision Bundle,2024-11-01,2025-11-01,76.99,923.88,0.25,19.25,active,12
POL0000668,MEM000669,AGT0031,VSP,Dental+Vision Bundle,2023-04-01,2024-04-01,78.28,939.36,0.25,19.57,active,12
POL0000669,MEM000670,AGT0071,Zurich,Dental Premium,2023-03-01,2023-09-01,57.56,690.72,0.22,12.66,active,6
POL0000670,MEM000671,AGT0057,Zurich,Dental Premium,2023-09-01,2024-09-01,57.2,686.4,0.22,12.58,cancelled,12
POL0000671,MEM000672,AGT0016,VSP,Vision Premium,2024-06-01,2025-06-01,35.11,421.32,0.2,7.02,cancelled,12
POL0000672,MEM000673,AGT0053,MetLife,Vision Basic,2023-02-01,2024-02-01,20.58,246.96,0.16,3.29,expired,12
POL0000673,MEM000674,AGT0080,Zurich,Dental Premium,2023-02-01,2024-02-01,57.62,691.44,0.22,12.68,active,12
POL0000674,MEM000675,AGT0059,VSP,Dental Premium,2024-07-01,2025-07-01,54.91,658.92,0.22,12.08,active,12
POL0000675,MEM000676,AGT0043,Zurich,Vision Premium,2023-03-01,2025-03-01,34.44,413.28,0.2,6.89,cancelled,24
POL0000676,MEM000677,AGT0058,MetLife,Dental Basic,2024-10-01,2025-10-01,29.87,358.44,0.18,5.38,active,12
POL0000677,MEM000678,AGT0044,VSP,Dental+Vision Bundle,2024-12-01,2025-06-01,72.04,864.48,0.25,18.01,active,6
POL0000678,MEM000679,AGT0048,Zurich,Dental Basic,2023-11-01,2024-11-01,31.03,372.36,0.18,5.59,active,12
POL0000679,MEM000680,AGT0053,MetLife,Dental Premium,2023-07-01,2024-07-01,55.64,667.68,0.22,12.24,active,12
POL0000680,MEM000681,AGT0051,MetLife,Vision Basic,2023-08-01,2024-08-01,19.08,228.96,0.16,3.05,expired,12
POL0000681,MEM000682,AGT0054,MetLife,Dental+Vision Bundle,2023-08-01,2024-08-01,76.67,920.04,0.25,19.17,active,12
POL0000682,MEM000683,AGT0058,VSP,Vision Premium,2024-12-01,2025-12-01,35.71,428.52,0.2,7.14,expired,12
POL0000683,MEM000684,AGT0001,Zurich,Vision Premium,2024-06-01,2025-06-01,33.25,399.0,0.2,6.65,active,12
POL0000684,MEM000685,AGT0062,Zurich,Vision Premium,2024-08-01,2025-08-01,33.93,407.16,0.2,6.79,active,12
POL0000685,MEM000686,AGT0017,MetLife,Dental Premium,2023-08-01,2024-08-01,53.13,637.56,0.22,11.69,expired,12
POL0000686,MEM000687,AGT0050,VSP,Dental+Vision Bundle,2024-10-01,2025-10-01,78.47,941.64,0.25,19.62,cancelled,12
POL0000687,MEM000688,AGT0044,VSP,Vision Basic,2023-10-01,2024-10-01,19.64,235.68,0.16,3.14,active,12
POL0000688,MEM000689,AGT0078,Zurich,Dental+Vision Bundle,2023-06-01,2024-06-01,72.82,873.84,0.25,18.2,active,12
POL0000689,MEM000690,AGT0041,Zurich,Vision Premium,2024-07-01,2025-07-01,34.23,410.76,0.2,6.85,active,12
POL0000690,MEM000691,AGT0027,Zurich,Vision Premium,2024-08-01,2025-02-01,36.0,432.0,0.2,7.2,active,6
POL0000691,MEM000692,AGT0065,Zurich,Vision Premium,2024-01-01,2027-01-01,34.3,411.6,0.2,6.86,expired,36
POL0000692,MEM000693,AGT0072,VSP,Vision Basic,2023-12-01,2026-12-01,20.92,251.04,0.16,3.35,expired,36
POL0000693,MEM000694,AGT0037,VSP,Dental+Vision Bundle,2024-12-01,2025-12-01,77.32,927.84,0.25,19.33,expired,12
POL0000694,MEM000695,AGT0049,MetLife,Dental Basic,2024-07-01,2025-07-01,28.97,347.64,0.18,5.21,active,12
POL0000695,MEM000696,AGT0021,VSP,Vision Premium,2023-03-01,2024-03-01,35.05,420.6,0.2,7.01,active,12
POL0000696,MEM000697,AGT0027,Zurich,Dental Basic,2023-06-01,2025-06-01,29.02,348.24,0.18,5.22,cancelled,24
POL0000697,MEM000698,AGT0072,MetLife,Vision Premium,2024-05-01,2027-05-01,36.63,439.56,0.2,7.33,expired,36
POL0000698,MEM000699,AGT0066,Zurich,Dental Premium,2024-08-01,2026-08-01,53.54,642.48,0.22,11.78,expired,24
POL0000699,MEM000700,AGT0050,VSP,Dental+Vision Bundle,2024-12-01,2025-12-01,77.16,925.92,0.25,19.29,active,12
POL0000700,MEM000701,AGT0002,Zurich,Dental Premium,2023-12-01,2025-12-01,53.66,643.92,0.22,11.81,active,24
POL0000701,MEM000702,AGT0048,Zurich,Vision Basic,2024-10-01,2025-10-01,20.25,243.0,0.16,3.24,active,12
POL0000702,MEM000703,AGT0038,VSP,Dental Basic,2024-10-01,2025-10-01,31.18,374.16,0.18,5.61,active,12
POL0000703,MEM000704,AGT0023,Zurich,Vision Basic,2024-12-01,2025-12-01,20.94,251.28,0.16,3.35,active,12
POL0000704,MEM000705,AGT0036,Zurich,Dental Premium,2024-02-01,2025-02-01,54.1,649.2,0.22,11.9,active,12
POL0000705,MEM000706,AGT0001,VSP,Vision Basic,2023-07-01,2025-07-01,19.6,235.2,0.16,3.14,expired,24
POL0000706,MEM000707,AGT0042,Zurich,Dental Basic,2023-07-01,2025-07-01,30.43,365.16,0.18,5.48,expired,24
POL0000707,MEM000708,AGT0074,Zurich,Dental Premium,2024-11-01,2025-11-01,55.38,664.56,0.22,12.18,cancelled,12
POL0000708,MEM000709,AGT0024,Zurich,Dental Basic,2023-12-01,2024-12-01,31.27,375.24,0.18,5.63,cancelled,12
POL0000709,MEM000710,AGT0070,Zurich,Dental Premium,2024-07-01,2025-07-01,52.93,635.16,0.22,11.64,active,12
POL0000710,MEM000711,AGT0043,VSP,Dental Premium,2024-01-01,2026-01-01,57.53,690.36,0.22,12.66,cancelled,24
POL0000711,MEM000712,AGT0072,Zurich,Dental Basic,2023-09-01,2025-09-01,30.19,362.28,0.18,5.43,active,24
POL0000712,MEM000713,AGT0031,Zurich,Vision Basic,2024-12-01,2025-06-01,20.39,244.68,0.16,3.26,active,6
POL0000713,MEM000714,AGT0042,VSP,Dental+Vision Bundle,2024-10-01,2025-10-01,72.2,866.4,0.25,18.05,expired,12
POL0000714,MEM000715,AGT0070,Zurich,Dental Premium,2023-05-01,2024-05-01,56.06,672.72,0.22,12.33,expired,12
POL0000715,MEM000716,AGT0066,VSP,Vision Basic,2024-07-01,2026-07-01,19.24,230.88,0.16,3.08,active,24
POL0000716,MEM000717,AGT0066,MetLife,Dental+Vision Bundle,2023-11-01,2024-11-01,71.49,857.88,0.25,17.87,active,12
POL0000717,MEM000718,AGT0001,Zurich,Dental Basic,2023-07-01,2024-07-01,28.65,343.8,0.18,5.16,cancelled,12
POL0000718,MEM000719,AGT0014,MetLife,Vision Basic,2024-12-01,2026-12-01,19.53,234.36,0.16,3.12,expired,24
POL0000719,MEM000720,AGT0004,VSP,Vision Premium,2024-04-01,2027-04-01,36.43,437.16,0.2,7.29,cancelled,36
POL0000720,MEM000721,AGT0007,MetLife,Vision Premium,2023-03-01,2024-03-01,34.09,409.08,0.2,6.82,expired,12
POL0000721,MEM000722,AGT0030,VSP,Dental Premium,2024-08-01,2025-08-01,54.77,657.24,0.22,12.05,cancelled,12
POL0000722,MEM000723,AGT0041,MetLife,Dental Premium,2024-05-01,2025-05-01,57.25,687.0,0.22,12.6,active,12
POL0000723,MEM000724,AGT0080,MetLife,Vision Premium,2023-06-01,2026-06-01,34.39,412.68,0.2,6.88,active,36
POL0000724,MEM000725,AGT0046,Zurich,Dental Basic,2024-09-01,2026-09-01,31.13,373.56,0.18,5.6,cancelled,24
POL0000725,MEM000726,AGT0057,VSP,Dental Premium,2023-12-01,2024-12-01,52.93,635.16,0.22,11.64,active,12
POL0000726,MEM000727,AGT0021,Zurich,Dental Basic,2024-12-01,2025-12-01,31.43,377.16,0.18,5.66,active,12
POL0000727,MEM000728,AGT0019,VSP,Vision Premium,2024-03-01,2027-03-01,34.2,410.4,0.2,6.84,cancelled,36
POL0000728,MEM000729,AGT0071,Zurich,Dental Basic,2024-11-01,2025-11-01,30.22,362.64,0.18,5.44,cancelled,12
POL0000729,MEM000730,AGT0077,VSP,Vision Basic,2023-03-01,2025-03-01,20.92,251.04,0.16,3.35,cancelled,24
POL0000730,MEM000731,AGT0045,MetLife,Dental Premium,2023-04-01,2024-04-01,54.53,654.36,0.22,12.0,active,12
POL0000731,MEM000732,AGT0021,MetLife,Dental Basic,2024-11-01,2026-11-01,30.85,370.2,0.18,5.55,cancelled,24
POL0000732,MEM000733,AGT0024,Zurich,Vision Premium,2023-10-01,2024-04-01,34.48,413.76,0.2,6.9,expired,6
POL0000733,MEM000734,AGT0071,MetLife,Dental Premium,2023-03-01,2023-09-01,53.17,638.04,0.22,11.7,active,6
POL0000734,MEM000735,AGT0026,Zurich,Vision Basic,2023-04-01,2026-04-01,20.47,245.64,0.16,3.28,active,36
POL0000735,MEM000736,AGT0031,MetLife,Dental Premium,2024-01-01,2026-01-01,54.45,653.4,0.22,11.98,active,24
POL0000736,MEM000737,AGT0063,VSP,Dental Premium,2023-04-01,2025-04-01,53.03,636.36,0.22,11.67,active,24
POL0000737,MEM000738,AGT0020,Zurich,Vision Basic,2024-12-01,2025-12-01,20.4,244.8,0.16,3.26,cancelled,12
POL0000738,MEM000739,AGT0001,VSP,Dental Basic,2023-12-01,2024-12-01,31.02,372.24,0.18,5.58,active,12
POL0000739,MEM000740,AGT0047,MetLife,Vision Premium,2023-09-01,2025-09-01,35.5,426.0,0.2,7.1,active,24
POL0000740,MEM000741,AGT0058,VSP,Vision Premium,2024-01-01,2025-01-01,34.95,419.4,0.2,6.99,expired,12
POL0000741,MEM000742,AGT0023,Zurich,Vision Basic,2024-06-01,2026-06-01,19.63,235.56,0.16,3.14,cancelled,24
POL0000742,MEM000743,AGT0026,VSP,Vision Premium,2023-11-01,2024-05-01,36.46,437.52,0.2,7.29,active,6
POL0000743,MEM000744,AGT0003,Zurich,Vision Basic,2024-11-01,2025-11-01,19.79,237.48,0.16,3.17,active,12
POL0000744,MEM000745,AGT0076,MetLife,Dental+Vision Bundle,2024-09-01,2025-09-01,76.53,918.36,0.25,19.13,active,12
POL0000745,MEM000746,AGT0070,VSP,Vision Premium,2024-08-01,2025-08-01,36.57,438.84,0.2,7.31,cancelled,12
POL0000746,MEM000747,AGT0029,Zurich,Vision Premium,2023-07-01,2024-07-01,35.24,422.88,0.2,7.05,cancelled,12
POL0000747,MEM000748,AGT0065,Zurich,Dental Basic,2023-11-01,2024-11-01,29.18,350.16,0.18,5.25,active,12
POL0000748,MEM000749,AGT0031,Zurich,Vision Premium,2024-02-01,2025-02-01,34.21,410.52,0.2,6.84,expired,12
POL0000749,MEM000750,AGT0021,MetLife,Vision Basic,2024-07-01,2026-07-01,20.33,243.96,0.16,3.25,expired,24
POL0000750,MEM000751,AGT0046,MetLife,Dental Basic,2024-09-01,2026-09-01,30.56,366.72,0.18,5.5,active,24
POL0000751,MEM000752,AGT0034,VSP,Dental Basic,2024-06-01,2025-06-01,30.57,366.84,0.18,5.5,active,12
POL0000752,MEM000753,AGT0047,VSP,Vision Basic,2024-12-01,2025-12-01,20.64,247.68,0.16,3.3,expired,12
POL0000753,MEM000754,AGT0042,MetLife,Vision Premium,2024-05-01,2024-11-01,34.01,408.12,0.2,6.8,active,6
POL0000754,MEM000755,AGT0075,Zurich,Vision Basic,2024-07-01,2025-07-01,19.54,234.48,0.16,3.13,active,12
POL0000755,MEM000756,AGT0076,Zurich,Dental+Vision Bundle,2024-02-01,2026-02-01,76.33,915.96,0.25,19.08,active,24
POL0000756,MEM000757,AGT0049,MetLife,Vision Basic,2023-04-01,2026-04-01,19.84,238.08,0.16,3.17,active,36
POL0000757,MEM000758,AGT0062,Zurich,Dental Basic,2024-01-01,2025-01-01,29.37,352.44,0.18,5.29,active,12
POL0000758,MEM000759,AGT0030,MetLife,Vision Basic,2023-06-01,2024-06-01,20.26,243.12,0.16,3.24,active,12
POL0000759,MEM000760,AGT0024,MetLife,Dental Premium,2023-11-01,2024-11-01,56.74,680.88,0.22,12.48,active,12
POL0000760,MEM000761,AGT0043,Zurich,Dental Basic,2023-06-01,2024-06-01,29.53,354.36,0.18,5.32,active,12
POL0000761,MEM000762,AGT0027,Zurich,Dental Basic,2024-12-01,2025-06-01,28.64,343.68,0.18,5.16,active,6
POL0000762,MEM000763,AGT0006,MetLife,Vision Basic,2024-03-01,2025-03-01,19.18,230.16,0.16,3.07,active,12
POL0000763,MEM000764,AGT0006,Zurich,Dental Basic,2023-07-01,2025-07-01,29.59,355.08,0.18,5.33,active,24
POL0000764,MEM000765,AGT0067,VSP,Vision Basic,2023-07-01,2024-07-01,19.99,239.88,0.16,3.2,cancelled,12
POL0000765,MEM000766,AGT0011,MetLife,Dental Premium,2024-08-01,2027-08-01,53.71,644.52,0.22,11.82,pending,36
POL0000766,MEM000767,AGT0029,VSP,Vision Basic,2024-05-01,2024-11-01,19.29,231.48,0.16,3.09,expired,6
POL0000767,MEM000768,AGT0066,VSP,Dental Basic,2024-09-01,2026-09-01,30.52,366.24,0.18,5.49,expired,24
POL0000768,MEM000769,AGT0076,MetLife,Dental Basic,2024-01-01,2025-01-01,28.7,344.4,0.18,5.17,active,12
POL0000769,MEM000770,AGT0003,MetLife,Vision Basic,2024-02-01,2025-02-01,20.62,247.44,0.16,3.3,expired,12
POL0000770,MEM000771,AGT0078,MetLife,Dental Basic,2024-06-01,2025-06-01,29.19,350.28,0.18,5.25,cancelled,12
POL0000771,MEM000772,AGT0069,Zurich,Vision Premium,2024-10-01,2025-04-01,34.94,419.28,0.2,6.99,active,6
POL0000772,MEM000773,AGT0078,Zurich,Dental+Vision Bundle,2023-05-01,2024-05-01,77.57,930.84,0.25,19.39,expired,12
POL0000773,MEM000774,AGT0054,VSP,Dental+Vision Bundle,2024-12-01,2026-12-01,77.88,934.56,0.25,19.47,expired,24
POL0000774,MEM000775,AGT0062,VSP,Dental Premium,2024-07-01,2025-07-01,56.33,675.96,0.22,12.39,cancelled,12
POL0000775,MEM000776,AGT0018,VSP,Vision Basic,2024-09-01,2025-09-01,20.91,250.92,0.16,3.35,expired,12
POL0000776,MEM000777,AGT0077,Zurich,Dental Premium,2023-09-01,2026-09-01,55.63,667.56,0.22,12.24,expired,36
POL0000777,MEM000778,AGT0074,Zurich,Dental Basic,2023-08-01,2024-08-01,30.57,366.84,0.18,5.5,expired,12
POL0000778,MEM000779,AGT0041,VSP,Dental Premium,2023-02-01,2024-02-01,54.97,659.64,0.22,12.09,active,12
POL0000779,MEM000780,AGT0033,VSP,Dental+Vision Bundle,2023-07-01,2026-07-01,74.48,893.76,0.25,18.62,active,36
POL0000780,MEM000781,AGT0079,VSP,Dental+Vision Bundle,2024-04-01,2027-04-01,75.98,911.76,0.25,19.0,active,36
POL0000781,MEM000782,AGT0071,Zurich,Vision Basic,2024-03-01,2025-03-01,19.48,233.76,0.16,3.12,expired,12
POL0000782,MEM000783,AGT0062,VSP,Dental+Vision Bundle,2024-02-01,2025-02-01,76.83,921.96,0.25,19.21,active,12
POL0000783,MEM000784,AGT0018,Zurich,Dental Basic,2024-09-01,2026-09-01,30.5,366.0,0.18,5.49,expired,24
POL0000784,MEM000785,AGT0013,MetLife,Vision Basic,2023-09-01,2025-09-01,20.77,249.24,0.16,3.32,cancelled,24
POL0000785,MEM000786,AGT0007,MetLife,Dental Premium,2024-01-01,2025-01-01,52.96,635.52,0.22,11.65,expired,12
POL0000786,MEM000787,AGT0019,VSP,Dental+Vision Bundle,2024-11-01,2025-05-01,74.51,894.12,0.25,18.63,active,6
POL0000787,MEM000788,AGT0034,MetLife,Dental Premium,2024-04-01,2024-10-01,53.09,637.08,0.22,11.68,active,6
POL0000788,MEM000789,AGT0052,Zurich,Vision Premium,2024-10-01,2025-10-01,34.59,415.08,0.2,6.92,cancelled,12
POL0000789,MEM000790,AGT0023,Zurich,Vision Basic,2023-11-01,2025-11-01,19.83,237.96,0.16,3.17,active,24
POL0000790,MEM000791,AGT0037,MetLife,Dental Basic,2023-02-01,2025-02-01,29.41,352.92,0.18,5.29,cancelled,24
POL0000791,MEM000792,AGT0030,Zurich,Dental Basic,2024-10-01,2026-10-01,29.76,357.12,0.18,5.36,expired,24
POL0000792,MEM000793,AGT0001,MetLife,Dental Basic,2023-03-01,2024-03-01,30.73,368.76,0.18,5.53,active,12
POL0000793,MEM000794,AGT0051,VSP,Vision Basic,2023-11-01,2024-11-01,19.15,229.8,0.16,3.06,active,12
POL0000794,MEM000795,AGT0012,Zurich,Dental Premium,2024-07-01,2026-07-01,56.27,675.24,0.22,12.38,expired,24
POL0000795,MEM000796,AGT0045,VSP,Dental Basic,2024-08-01,2026-08-01,30.29,363.48,0.18,5.45,active,24
POL0000796,MEM000797,AGT0074,MetLife,Dental Premium,2023-08-01,2024-08-01,54.99,659.88,0.22,12.1,active,12
POL0000797,MEM000798,AGT0072,MetLife,Vision Basic,2024-03-01,2025-03-01,19.07,228.84,0.16,3.05,cancelled,12
POL0000798,MEM000799,AGT0033,Zurich,Dental+Vision Bundle,2024-01-01,2026-01-01,76.16,913.92,0.25,19.04,active,24
POL0000799,MEM000800,AGT0049,Zurich,Vision Basic,2024-09-01,2025-09-01,20.04,240.48,0.16,3.21,active,12
POL0000800,MEM000801,AGT0059,Zurich,Dental+Vision Bundle,2023-10-01,2024-10-01,76.55,918.6,0.25,19.14,cancelled,12
POL0000801,MEM000802,AGT0009,VSP,Vision Basic,2024-06-01,2024-12-01,20.62,247.44,0.16,3.3,active,6
POL0000802,MEM000803,AGT0053,VSP,Vision Basic,2023-09-01,2024-09-01,20.18,242.16,0.16,3.23,pending,12
POL0000803,MEM000804,AGT0037,MetLife,Dental Premium,2023-02-01,2024-02-01,55.87,670.44,0.22,12.29,active,12
POL0000804,MEM000805,AGT0023,VSP,Dental Premium,2024-01-01,2027-01-01,56.41,676.92,0.22,12.41,active,36
POL0000805,MEM000806,AGT0024,Zurich,Vision Premium,2023-09-01,2024-09-01,34.92,419.04,0.2,6.98,active,12
POL0000806,MEM000807,AGT0031,Zurich,Dental Basic,2023-08-01,2024-02-01,31.34,376.08,0.18,5.64,cancelled,6
POL0000807,MEM000808,AGT0026,MetLife,Dental+Vision Bundle,2023-10-01,2024-10-01,71.25,855.0,0.25,17.81,cancelled,12
POL0000808,MEM000809,AGT0016,MetLife,Vision Premium,2024-01-01,2025-01-01,35.6,427.2,0.2,7.12,expired,12
POL0000809,MEM000810,AGT0001,Zurich,Dental+Vision Bundle,2024-12-01,2025-12-01,72.4,868.8,0.25,18.1,active,12
POL0000810,MEM000811,AGT0041,VSP,Dental+Vision Bundle,2024-06-01,2025-06-01,74.39,892.68,0.25,18.6,active,12
POL0000811,MEM000812,AGT0024,Zurich,Dental Premium,2024-09-01,2025-09-01,56.24,674.88,0.22,12.37,cancelled,12
POL0000812,MEM000813,AGT0007,Zurich,Vision Premium,2023-09-01,2024-03-01,35.11,421.32,0.2,7.02,active,6
POL0000813,MEM000814,AGT0065,VSP,Dental Premium,2024-06-01,2025-06-01,54.68,656.16,0.22,12.03,expired,12
POL0000814,MEM000815,AGT0067,VSP,Dental Premium,2023-07-01,2025-07-01,55.45,665.4,0.22,12.2,pending,24
POL0000815,MEM000816,AGT0049,Zurich,Dental Basic,2023-02-01,2024-02-01,30.41,364.92,0.18,5.47,active,12
POL0000816,MEM000817,AGT0071,VSP,Dental Basic,2024-02-01,2025-02-01,30.14,361.68,0.18,5.43,active,12
POL0000817,MEM000818,AGT0024,VSP,Dental Premium,2024-05-01,2026-05-01,53.67,644.04,0.22,11.81,active,24
POL0000818,MEM000819,AGT0052,VSP,Vision Basic,2024-04-01,2025-04-01,20.88,250.56,0.16,3.34,active,12
POL0000819,MEM000820,AGT0030,MetLife,Vision Premium,2024-09-01,2025-09-01,34.7,416.4,0.2,6.94,active,12
POL0000820,MEM000821,AGT0049,MetLife,Dental Basic,2023-09-01,2025-09-01,29.5,354.0,0.18,5.31,active,24
POL0000821,MEM000822,AGT0023,VSP,Vision Basic,2023-07-01,2024-07-01,19.84,238.08,0.16,3.17,active,12
POL0000822,MEM000823,AGT0041,VSP,Dental Premium,2024-11-01,2025-05-01,55.92,671.04,0.22,12.3,cancelled,6
POL0000823,MEM000824,AGT0051,MetLife,Vision Premium,2024-08-01,2026-08-01,33.97,407.64,0.2,6.79,active,24
POL0000824,MEM000825,AGT0061,Zurich,Dental Basic,2023-04-01,2026-04-01,28.76,345.12,0.18,5.18,active,36
POL0000825,MEM000826,AGT0047,Zurich,Vision Basic,2024-01-01,2025-01-01,19.87,238.44,0.16,3.18,active,12
POL0000826,MEM000827,AGT0053,MetLife,Dental Premium,2023-10-01,2024-10-01,56.2,674.4,0.22,12.36,active,12
POL0000827,MEM000828,AGT0074,Zurich,Vision Basic,2024-12-01,2025-12-01,20.91,250.92,0.16,3.35,active,12
POL0000828,MEM000829,AGT0042,Zurich,Vision Basic,2023-07-01,2025-07-01,19.42,233.04,0.16,3.11,cancelled,24
POL0000829,MEM000830,AGT0079,VSP,Vision Basic,2024-05-01,2026-05-01,19.95,239.4,0.16,3.19,active,24
POL0000830,MEM000831,AGT0054,Zurich,Vision Basic,2023-06-01,2025-06-01,19.19,230.28,0.16,3.07,active,24
POL0000831,MEM000832,AGT0021,VSP,Dental Basic,2024-03-01,2025-03-01,28.82,345.84,0.18,5.19,cancelled,12
POL0000832,MEM000833,AGT0078,Zurich,Dental Premium,2023-12-01,2025-12-01,52.83,633.96,0.22,11.62,active,24
POL0000833,MEM000834,AGT0067,VSP,Dental Premium,2024-04-01,2025-04-01,53.09,637.08,0.22,11.68,expired,12
POL0000834,MEM000835,AGT0031,Zurich,Dental Premium,2023-08-01,2024-08-01,55.9,670.8,0.22,12.3,active,12
POL0000835,MEM000836,AGT0051,MetLife,Dental Basic,2023-04-01,2024-04-01,30.94,371.28,0.18,5.57,active,12
POL0000836,MEM000837,AGT0004,VSP,Vision Basic,2024-05-01,2024-11-01,19.11,229.32,0.16,3.06,active,6
POL0000837,MEM000838,AGT0080,MetLife,Dental Basic,2023-04-01,2024-04-01,28.58,342.96,0.18,5.14,pending,12
POL0000838,MEM000839,AGT0032,Zurich,Dental Premium,2024-03-01,2026-03-01,55.9,670.8,0.22,12.3,active,24
POL0000839,MEM000840,AGT0068,MetLife,Dental Basic,2024-11-01,2025-11-01,29.12,349.44,0.18,5.24,expired,12
POL0000840,MEM000841,AGT0061,VSP,Dental+Vision Bundle,2024-12-01,2025-12-01,74.68,896.16,0.25,18.67,active,12
POL0000841,MEM000842,AGT0057,MetLife,Dental+Vision Bundle,2024-08-01,2025-08-01,73.56,882.72,0.25,18.39,active,12
POL0000842,MEM000843,AGT0077,VSP,Vision Basic,2024-08-01,2025-08-01,19.39,232.68,0.16,3.1,cancelled,12
POL0000843,MEM000844,AGT0068,Zurich,Vision Basic,2024-11-01,2025-11-01,20.04,240.48,0.16,3.21,cancelled,12
POL0000844,MEM000845,AGT0070,MetLife,Dental+Vision Bundle,2023-12-01,2024-06-01,71.46,857.52,0.25,17.86,active,6
POL0000845,MEM000846,AGT0053,VSP,Dental Basic,2024-04-01,2025-04-01,28.96,347.52,0.18,5.21,active,12
POL0000846,MEM000847,AGT0018,VSP,Dental Premium,2023-02-01,2026-02-01,57.66,691.92,0.22,12.69,active,36
POL0000847,MEM000848,AGT0062,VSP,Dental Basic,2024-08-01,2027-08-01,29.32,351.84,0.18,5.28,active,36
POL0000848,MEM000849,AGT0030,MetLife,Vision Basic,2024-04-01,2025-04-01,20.91,250.92,0.16,3.35,active,12
POL0000849,MEM000850,AGT0056,VSP,Dental Basic,2023-08-01,2026-08-01,29.73,356.76,0.18,5.35,active,36
POL0000850,MEM000851,AGT0029,VSP,Dental Basic,2024-11-01,2025-11-01,29.98,359.76,0.18,5.4,active,12
POL0000851,MEM000852,AGT0079,Zurich,Vision Premium,2024-11-01,2025-05-01,35.36,424.32,0.2,7.07,active,6
POL0000852,MEM000853,AGT0053,MetLife,Dental+Vision Bundle,2023-11-01,2024-11-01,72.4,868.8,0.25,18.1,cancelled,12
POL0000853,MEM000854,AGT0015,Zurich,Vision Basic,2023-08-01,2024-08-01,19.1,229.2,0.16,3.06,active,12
POL0000854,MEM000855,AGT0063,MetLife,Dental Premium,2024-05-01,2025-05-01,52.95,635.4,0.22,11.65,expired,12
POL0000855,MEM000856,AGT0003,MetLife,Dental+Vision Bundle,2023-07-01,2024-07-01,74.03,888.36,0.25,18.51,cancelled,12
POL0000856,MEM000857,AGT0057,Zurich,Dental Basic,2023-11-01,2024-11-01,31.03,372.36,0.18,5.59,expired,12
POL0000857,MEM000858,AGT0064,MetLife,Dental Premium,2023-05-01,2024-05-01,52.67,632.04,0.22,11.59,active,12
POL0000858,MEM000859,AGT0060,Zurich,Vision Premium,2023-12-01,2024-12-01,33.39,400.68,0.2,6.68,active,12
POL0000859,MEM000860,AGT0008,VSP,Vision Premium,2024-01-01,2027-01-01,36.22,434.64,0.2,7.24,active,36
POL0000860,MEM000861,AGT0024,MetLife,Dental+Vision Bundle,2023-04-01,2025-04-01,77.86,934.32,0.25,19.46,active,24
POL0000861,MEM000862,AGT0016,Zurich,Dental Basic,2023-10-01,2024-04-01,29.7,356.4,0.18,5.35,active,6
POL0000862,MEM000863,AGT0026,VSP,Vision Premium,2024-04-01,2025-04-01,33.64,403.68,0.2,6.73,active,12
POL0000863,MEM000864,AGT0061,VSP,Vision Premium,2023-05-01,2024-05-01,34.95,419.4,0.2,6.99,active,12
POL0000864,MEM000865,AGT0006,Zurich,Dental+Vision Bundle,2023-12-01,2025-12-01,74.88,898.56,0.25,18.72,active,24
POL0000865,MEM000866,AGT0062,Zurich,Dental Premium,2024-07-01,2025-07-01,54.34,652.08,0.22,11.95,active,12
POL0000866,MEM000867,AGT0015,MetLife,Vision Basic,2024-02-01,2024-08-01,19.27,231.24,0.16,3.08,active,6
POL0000867,MEM000868,AGT0036,Zurich,Dental Basic,2023-12-01,2024-12-01,30.14,361.68,0.18,5.43,cancelled,12
POL0000868,MEM000869,AGT0075,Zurich,Vision Basic,2023-10-01,2025-10-01,19.6,235.2,0.16,3.14,active,24
POL0000869,MEM000870,AGT0012,MetLife,Dental Basic,2024-10-01,2025-10-01,30.89,370.68,0.18,5.56,active,12
POL0000870,MEM000871,AGT0008,VSP,Vision Basic,2023-05-01,2024-05-01,19.49,233.88,0.16,3.12,active,12
POL0000871,MEM000872,AGT0063,MetLife,Dental Premium,2024-08-01,2025-08-01,56.22,674.64,0.22,12.37,active,12
POL0000872,MEM000873,AGT0025,MetLife,Vision Premium,2024-08-01,2025-08-01,34.86,418.32,0.2,6.97,active,12
POL0000873,MEM000874,AGT0006,VSP,Vision Premium,2024-02-01,2024-08-01,36.54,438.48,0.2,7.31,expired,6
POL0000874,MEM000875,AGT0063,MetLife,Vision Basic,2024-08-01,2026-08-01,20.82,249.84,0.16,3.33,active,24
POL0000875,MEM000876,AGT0060,VSP,Dental+Vision Bundle,2024-08-01,2025-08-01,76.33,915.96,0.25,19.08,cancelled,12
POL0000876,MEM000877,AGT0009,Zurich,Dental Basic,2024-10-01,2026-10-01,31.25,375.0,0.18,5.62,cancelled,24
POL0000877,MEM000878,AGT0047,VSP,Dental Basic,2023-11-01,2024-11-01,29.24,350.88,0.18,5.26,active,12
POL0000878,MEM000879,AGT0024,MetLife,Vision Basic,2024-11-01,2025-05-01,19.16,229.92,0.16,3.07,active,6
POL0000879,MEM000880,AGT0009,Zurich,Dental+Vision Bundle,2024-02-01,2027-02-01,77.15,925.8,0.25,19.29,expired,36
POL0000880,MEM000881,AGT0064,Zurich,Dental Basic,2024-03-01,2025-03-01,30.72,368.64,0.18,5.53,expired,12
POL0000881,MEM000882,AGT0042,MetLife,Dental Basic,2023-11-01,2025-11-01,30.9,370.8,0.18,5.56,active,24
POL0000882,MEM000883,AGT0017,MetLife,Dental+Vision Bundle,2024-12-01,2026-12-01,77.59,931.08,0.25,19.4,active,24
POL0000883,MEM000884,AGT0025,MetLife,Dental Basic,2023-08-01,2025-08-01,30.29,363.48,0.18,5.45,expired,24
POL0000884,MEM000885,AGT0068,Zurich,Vision Premium,2024-11-01,2026-11-01,34.67,416.04,0.2,6.93,active,24
POL0000885,MEM000886,AGT0029,Zurich,Vision Premium,2023-10-01,2025-10-01,34.25,411.0,0.2,6.85,expired,24
POL0000886,MEM000887,AGT0011,VSP,Dental+Vision Bundle,2023-02-01,2024-02-01,71.83,861.96,0.25,17.96,active,12
POL0000887,MEM000888,AGT0054,VSP,Vision Premium,2023-04-01,2025-04-01,35.04,420.48,0.2,7.01,active,24
POL0000888,MEM000889,AGT0006,Zurich,Dental Basic,2023-04-01,2025-04-01,31.05,372.6,0.18,5.59,cancelled,24
POL0000889,MEM000890,AGT0067,MetLife,Dental Basic,2023-12-01,2024-12-01,31.34,376.08,0.18,5.64,active,12
POL0000890,MEM000891,AGT0025,MetLife,Vision Basic,2023-09-01,2024-03-01,20.4,244.8,0.16,3.26,active,6
POL0000891,MEM000892,AGT0072,Zurich,Vision Basic,2023-10-01,2024-10-01,19.88,238.56,0.16,3.18,active,12
POL0000892,MEM000893,AGT0059,Zurich,Vision Premium,2023-05-01,2023-11-01,34.33,411.96,0.2,6.87,active,6
POL0000893,MEM000894,AGT0071,VSP,Vision Basic,2023-05-01,2024-05-01,18.99,227.88,0.16,3.04,cancelled,12
POL0000894,MEM000895,AGT0077,VSP,Dental+Vision Bundle,2024-12-01,2026-12-01,77.29,927.48,0.25,19.32,expired,24
POL0000895,MEM000896,AGT0048,VSP,Vision Premium,2023-12-01,2024-12-01,34.28,411.36,0.2,6.86,cancelled,12
POL0000896,MEM000897,AGT0031,Zurich,Vision Basic,2024-04-01,2025-04-01,19.42,233.04,0.16,3.11,active,12
POL0000897,MEM000898,AGT0047,VSP,Dental Premium,2024-02-01,2025-02-01,56.69,680.28,0.22,12.47,active,12
POL0000898,MEM000899,AGT0037,Zurich,Dental Basic,2024-03-01,2027-03-01,29.31,351.72,0.18,5.28,active,36
POL0000899,MEM000900,AGT0039,MetLife,Dental Basic,2023-06-01,2026-06-01,28.95,347.4,0.18,5.21,active,36
POL0000900,MEM000901,AGT0071,Zurich,Vision Basic,2023-12-01,2026-12-01,20.19,242.28,0.16,3.23,cancelled,36
POL0000901,MEM000902,AGT0005,VSP,Dental Premium,2024-09-01,2025-09-01,53.71,644.52,0.22,11.82,active,12
POL0000902,MEM000903,AGT0075,MetLife,Dental Basic,2023-06-01,2025-06-01,31.3,375.6,0.18,5.63,active,24
POL0000903,MEM000904,AGT0052,Zurich,Dental+Vision Bundle,2023-12-01,2024-12-01,75.59,907.08,0.25,18.9,expired,12
POL0000904,MEM000905,AGT0023,VSP,Dental+Vision Bundle,2023-04-01,2024-04-01,71.27,855.24,0.25,17.82,expired,12
POL0000905,MEM000906,AGT0039,MetLife,Vision Premium,2024-09-01,2025-09-01,33.61,403.32,0.2,6.72,active,12
POL0000906,MEM000907,AGT0008,VSP,Dental Premium,2024-09-01,2026-09-01,57.73,692.76,0.22,12.7,active,24
POL0000907,MEM000908,AGT0030,Zurich,Vision Premium,2024-04-01,2025-04-01,35.45,425.4,0.2,7.09,expired,12
POL0000908,MEM000909,AGT0007,VSP,Vision Basic,2024-10-01,2025-04-01,20.66,247.92,0.16,3.31,active,6
POL0000909,MEM000910,AGT0020,VSP,Vision Basic,2023-12-01,2024-12-01,20.51,246.12,0.16,3.28,active,12
POL0000910,MEM000911,AGT0051,VSP,Vision Premium,2023-09-01,2024-09-01,33.47,401.64,0.2,6.69,cancelled,12
POL0000911,MEM000912,AGT0029,VSP,Dental Premium,2024-09-01,2025-03-01,54.93,659.16,0.22,12.08,expired,6
POL0000912,MEM000913,AGT0044,MetLife,Vision Basic,2024-03-01,2025-03-01,20.36,244.32,0.16,3.26,active,12
POL0000913,MEM000914,AGT0034,MetLife,Dental Premium,2023-03-01,2023-09-01,55.18,662.16,0.22,12.14,active,6
POL0000914,MEM000915,AGT0062,Zurich,Dental Basic,2024-04-01,2025-04-01,29.71,356.52,0.18,5.35,active,12
POL0000915,MEM000916,AGT0072,Zurich,Dental+Vision Bundle,2024-03-01,2025-03-01,74.21,890.52,0.25,18.55,active,12
POL0000916,MEM000917,AGT0010,VSP,Vision Premium,2024-07-01,2025-07-01,33.46,401.52,0.2,6.69,active,12
POL0000917,MEM000918,AGT0015,Zurich,Dental Premium,2023-12-01,2026-12-01,54.44,653.28,0.22,11.98,active,36
POL0000918,MEM000919,AGT0042,VSP,Vision Basic,2024-02-01,2026-02-01,19.75,237.0,0.16,3.16,cancelled,24
POL0000919,MEM000920,AGT0045,Zurich,Dental+Vision Bundle,2023-02-01,2024-02-01,75.13,901.56,0.25,18.78,active,12
POL0000920,MEM000921,AGT0006,MetLife,Dental Basic,2024-04-01,2025-04-01,28.7,344.4,0.18,5.17,active,12
POL0000921,MEM000922,AGT0015,Zurich,Dental Basic,2024-02-01,2025-02-01,29.71,356.52,0.18,5.35,active,12
POL0000922,MEM000923,AGT0002,VSP,Vision Premium,2024-10-01,2027-10-01,36.46,437.52,0.2,7.29,active,36
POL0000923,MEM000924,AGT0061,MetLife,Dental Premium,2023-05-01,2024-05-01,56.38,676.56,0.22,12.4,active,12
POL0000924,MEM000925,AGT0070,Zurich,Vision Premium,2024-08-01,2027-08-01,35.92,431.04,0.2,7.18,active,36
POL0000925,MEM000926,AGT0019,Zurich,Vision Premium,2024-08-01,2025-08-01,35.25,423.0,0.2,7.05,active,12
POL0000926,MEM000927,AGT0068,MetLife,Dental Premium,2023-02-01,2024-02-01,53.35,640.2,0.22,11.74,pending,12
POL0000927,MEM000928,AGT0080,VSP,Dental Basic,2023-04-01,2023-10-01,30.07,360.84,0.18,5.41,active,6
POL0000928,MEM000929,AGT0050,Zurich,Dental Premium,2024-12-01,2026-12-01,54.67,656.04,0.22,12.03,active,24
POL0000929,MEM000930,AGT0003,VSP,Dental+Vision Bundle,2024-12-01,2026-12-01,77.48,929.76,0.25,19.37,pending,24
POL0000930,MEM000931,AGT0049,Zurich,Dental+Vision Bundle,2024-11-01,2025-11-01,71.42,857.04,0.25,17.86,expired,12
POL0000931,MEM000932,AGT0077,Zurich,Dental Basic,2023-05-01,2024-05-01,29.37,352.44,0.18,5.29,expired,12
POL0000932,MEM000933,AGT0072,Zurich,Dental Basic,2023-08-01,2025-08-01,29.49,353.88,0.18,5.31,active,24
POL0000933,MEM000934,AGT0043,VSP,Dental Premium,2023-10-01,2024-10-01,53.49,641.88,0.22,11.77,active,12
POL0000934,MEM000935,AGT0046,VSP,Vision Basic,2023-07-01,2025-07-01,19.6,235.2,0.16,3.14,active,24
POL0000935,MEM000936,AGT0008,Zurich,Dental Premium,2023-09-01,2024-09-01,56.1,673.2,0.22,12.34,active,12
POL0000936,MEM000937,AGT0036,MetLife,Dental Basic,2024-03-01,2027-03-01,29.18,350.16,0.18,5.25,pending,36
POL0000937,MEM000938,AGT0049,Zurich,Dental+Vision Bundle,2024-03-01,2025-03-01,76.34,916.08,0.25,19.09,cancelled,12
POL0000938,MEM000939,AGT0031,Zurich,Dental Basic,2024-10-01,2026-10-01,29.57,354.84,0.18,5.32,expired,24
POL0000939,MEM000940,AGT0070,MetLife,Dental Basic,2023-12-01,2025-12-01,30.76,369.12,0.18,5.54,active,24
POL0000940,MEM000941,AGT0026,MetLife,Dental Premium,2023-06-01,2025-06-01,55.46,665.52,0.22,12.2,active,24
POL0000941,MEM000942,AGT0019,Zurich,Dental+Vision Bundle,2024-07-01,2025-07-01,78.59,943.08,0.25,19.65,active,12
POL0000942,MEM000943,AGT0072,Zurich,Dental+Vision Bundle,2023-07-01,2024-07-01,72.08,864.96,0.25,18.02,cancelled,12
POL0000943,MEM000944,AGT0019,Zurich,Dental Basic,2023-06-01,2024-06-01,30.98,371.76,0.18,5.58,active,12
POL0000944,MEM000945,AGT0039,VSP,Vision Premium,2023-12-01,2026-12-01,34.0,408.0,0.2,6.8,active,36
POL0000945,MEM000946,AGT0025,MetLife,Dental Basic,2024-11-01,2025-11-01,29.77,357.24,0.18,5.36,expired,12
POL0000946,MEM000947,AGT0073,Zurich,Dental Basic,2023-02-01,2024-02-01,29.98,359.76,0.18,5.4,cancelled,12
POL0000947,MEM000948,AGT0046,MetLife,Vision Premium,2023-09-01,2026-09-01,33.93,407.16,0.2,6.79,cancelled,36
POL0000948,MEM000949,AGT0078,VSP,Vision Premium,2024-06-01,2025-06-01,34.46,413.52,0.2,6.89,active,12
POL0000949,MEM000950,AGT0063,VSP,Dental Basic,2024-02-01,2026-02-01,31.4,376.8,0.18,5.65,active,24
POL0000950,MEM000951,AGT0053,MetLife,Dental+Vision Bundle,2023-08-01,2024-08-01,77.73,932.76,0.25,19.43,cancelled,12
POL0000951,MEM000952,AGT0027,MetLife,Dental Basic,2024-03-01,2025-03-01,29.85,358.2,0.18,5.37,active,12
POL0000952,MEM000953,AGT0059,MetLife,Dental Premium,2024-04-01,2026-04-01,57.69,692.28,0.22,12.69,expired,24
POL0000953,MEM000954,AGT0051,Zurich,Dental+Vision Bundle,2023-03-01,2024-03-01,72.75,873.0,0.25,18.19,active,12
POL0000954,MEM000955,AGT0068,Zurich,Dental+Vision Bundle,2024-09-01,2026-09-01,78.12,937.44,0.25,19.53,active,24
POL0000955,MEM000956,AGT0058,VSP,Dental+Vision Bundle,2023-03-01,2026-03-01,74.47,893.64,0.25,18.62,active,36
POL0000956,MEM000957,AGT0069,VSP,Dental+Vision Bundle,2023-03-01,2024-03-01,72.0,864.0,0.25,18.0,expired,12
POL0000957,MEM000958,AGT0067,Zurich,Dental+Vision Bundle,2023-03-01,2025-03-01,74.71,896.52,0.25,18.68,active,24
POL0000958,MEM000959,AGT0051,VSP,Vision Premium,2023-08-01,2025-08-01,33.67,404.04,0.2,6.73,active,24
POL0000959,MEM000960,AGT0055,VSP,Vision Basic,2023-11-01,2024-05-01,20.38,244.56,0.16,3.26,active,6
POL0000960,MEM000961,AGT0060,Zurich,Vision Basic,2023-03-01,2024-03-01,20.86,250.32,0.16,3.34,active,12
POL0000961,MEM000962,AGT0075,Zurich,Vision Basic,2024-06-01,2025-06-01,19.59,235.08,0.16,3.13,active,12
POL0000962,MEM000963,AGT0058,MetLife,Dental Basic,2024-03-01,2025-03-01,30.57,366.84,0.18,5.5,active,12
POL0000963,MEM000964,AGT0012,VSP,Dental Premium,2024-09-01,2025-09-01,53.87,646.44,0.22,11.85,pending,12
POL0000964,MEM000965,AGT0012,MetLife,Vision Premium,2024-11-01,2025-11-01,34.5,414.0,0.2,6.9,active,12
POL0000965,MEM000966,AGT0068,Zurich,Dental Premium,2024-11-01,2026-11-01,55.54,666.48,0.22,12.22,active,24
POL0000966,MEM000967,AGT0071,VSP,Dental Basic,2024-07-01,2026-07-01,29.92,359.04,0.18,5.39,expired,24
POL0000967,MEM000968,AGT0020,MetLife,Dental+Vision Bundle,2023-07-01,2024-01-01,75.3,903.6,0.25,18.82,active,6
POL0000968,MEM000969,AGT0040,VSP,Vision Premium,2023-08-01,2026-08-01,35.28,423.36,0.2,7.06,active,36
POL0000969,MEM000970,AGT0016,MetLife,Dental+Vision Bundle,2024-05-01,2025-05-01,75.77,909.24,0.25,18.94,expired,12
POL0000970,MEM000971,AGT0059,VSP,Dental+Vision Bundle,2023-02-01,2023-08-01,71.42,857.04,0.25,17.86,expired,6
POL0000971,MEM000972,AGT0064,MetLife,Dental Basic,2024-08-01,2025-08-01,28.65,343.8,0.18,5.16,active,12
POL0000972,MEM000973,AGT0053,VSP,Dental Basic,2024-12-01,2025-06-01,31.36,376.32,0.18,5.64,cancelled,6
POL0000973,MEM000974,AGT0071,VSP,Vision Basic,2024-10-01,2026-10-01,20.49,245.88,0.16,3.28,active,24
POL0000974,MEM000975,AGT0024,MetLife,Dental Basic,2024-08-01,2025-08-01,28.71,344.52,0.18,5.17,active,12
POL0000975,MEM000976,AGT0005,Zurich,Vision Basic,2024-01-01,2025-01-01,19.38,232.56,0.16,3.1,active,12
POL0000976,MEM000977,AGT0012,MetLife,Dental Basic,2024-10-01,2025-10-01,30.8,369.6,0.18,5.54,cancelled,12
POL0000977,MEM000978,AGT0079,Zurich,Vision Premium,2023-08-01,2024-08-01,33.73,404.76,0.2,6.75,active,12
POL0000978,MEM000979,AGT0023,VSP,Vision Premium,2024-10-01,2025-10-01,33.4,400.8,0.2,6.68,cancelled,12
POL0000979,MEM000980,AGT0039,VSP,Dental Premium,2024-02-01,2025-02-01,55.84,670.08,0.22,12.28,active,12
POL0000980,MEM000981,AGT0071,MetLife,Dental Premium,2024-02-01,2026-02-01,55.9,670.8,0.22,12.3,active,24
POL0000981,MEM000982,AGT0043,Zurich,Dental Premium,2023-06-01,2024-06-01,52.52,630.24,0.22,11.55,cancelled,12
POL0000982,MEM000983,AGT0008,MetLife,Vision Basic,2023-09-01,2026-09-01,20.82,249.84,0.16,3.33,cancelled,36
POL0000983,MEM000984,AGT0062,Zurich,Vision Premium,2024-11-01,2026-11-01,34.91,418.92,0.2,6.98,active,24
POL0000984,MEM000985,AGT0041,VSP,Vision Basic,2023-11-01,2026-11-01,19.14,229.68,0.16,3.06,active,36
POL0000985,MEM000986,AGT0079,Zurich,Vision Basic,2024-10-01,2025-10-01,19.24,230.88,0.16,3.08,cancelled,12
POL0000986,MEM000987,AGT0024,Zurich,Dental Basic,2024-11-01,2027-11-01,29.89,358.68,0.18,5.38,cancelled,36
POL0000987,MEM000988,AGT0016,MetLife,Vision Basic,2023-11-01,2024-11-01,19.82,237.84,0.16,3.17,expired,12
POL0000988,MEM000989,AGT0054,VSP,Dental Basic,2023-06-01,2024-06-01,29.44,353.28,0.18,5.3,active,12
POL0000989,MEM000990,AGT0002,Zurich,Dental Basic,2024-01-01,2025-01-01,28.87,346.44,0.18,5.2,active,12
POL0000990,MEM000991,AGT0040,VSP,Vision Basic,2023-11-01,2026-11-01,20.08,240.96,0.16,3.21,expired,36
POL0000991,MEM000992,AGT0043,VSP,Dental Premium,2023-12-01,2024-06-01,53.41,640.92,0.22,11.75,active,6
POL0000992,MEM000993,AGT0025,VSP,Dental+Vision Bundle,2024-09-01,2026-09-01,74.22,890.64,0.25,18.55,active,24
POL0000993,MEM000994,AGT0005,Zurich,Dental Basic,2024-12-01,2025-12-01,28.68,344.16,0.18,5.16,cancelled,12
POL0000994,MEM000995,AGT0043,VSP,Vision Premium,2023-07-01,2026-07-01,34.02,408.24,0.2,6.8,active,36
POL0000995,MEM000996,AGT0039,Zurich,Vision Premium,2024-03-01,2025-03-01,34.16,409.92,0.2,6.83,active,12
POL0000996,MEM000997,AGT0003,MetLife,Vision Basic,2023-12-01,2024-12-01,20.2,242.4,0.16,3.23,active,12
POL0000997,MEM000998,AGT0020,VSP,Dental+Vision Bundle,2024-01-01,2025-01-01,78.09,937.08,0.25,19.52,active,12
POL0000998,MEM000999,AGT0022,Zurich,Vision Basic,2024-01-01,2024-07-01,20.68,248.16,0.16,3.31,active,6
POL0000999,MEM001000,AGT0040,Zurich,Dental+Vision Bundle,2023-08-01,2024-02-01,73.07,876.84,0.25,18.27,active,6
POL0001000,MEM001001,AGT0012,VSP,Dental+Vision Bundle,2023-03-01,2024-03-01,71.75,861.0,0.25,17.94,active,12
POL0001001,MEM001002,AGT0028,Zurich,Dental Premium,2024-02-01,2025-02-01,53.23,638.76,0.22,11.71,active,12
POL0001002,MEM001003,AGT0026,MetLife,Dental Premium,2023-05-01,2025-05-01,55.18,662.16,0.22,12.14,expired,24
POL0001003,MEM001004,AGT0020,MetLife,Dental Premium,2023-02-01,2024-02-01,54.45,653.4,0.22,11.98,active,12
POL0001004,MEM001005,AGT0042,MetLife,Vision Premium,2024-06-01,2025-06-01,34.57,414.84,0.2,6.91,active,12
POL0001005,MEM001006,AGT0027,Zurich,Dental Basic,2023-05-01,2024-05-01,29.27,351.24,0.18,5.27,expired,12
POL0001006,MEM001007,AGT0001,VSP,Dental+Vision Bundle,2024-03-01,2025-03-01,77.58,930.96,0.25,19.39,active,12
POL0001007,MEM001008,AGT0060,MetLife,Dental Basic,2024-09-01,2025-09-01,29.05,348.6,0.18,5.23,active,12
POL0001008,MEM001009,AGT0074,VSP,Vision Basic,2024-12-01,2026-12-01,19.51,234.12,0.16,3.12,cancelled,24
POL0001009,MEM001010,AGT0025,VSP,Dental Premium,2023-09-01,2024-09-01,57.53,690.36,0.22,12.66,cancelled,12
POL0001010,MEM001011,AGT0035,MetLife,Dental Basic,2023-12-01,2025-12-01,29.78,357.36,0.18,5.36,cancelled,24
POL0001011,MEM001012,AGT0072,Zurich,Dental Basic,2023-05-01,2024-05-01,30.01,360.12,0.18,5.4,expired,12
POL0001012,MEM001013,AGT0041,VSP,Dental Basic,2024-08-01,2026-08-01,28.71,344.52,0.18,5.17,cancelled,24
POL0001013,MEM001014,AGT0022,MetLife,Dental Premium,2023-11-01,2024-11-01,52.5,630.0,0.22,11.55,active,12
POL0001014,MEM001015,AGT0007,MetLife,Dental Basic,2024-01-01,2025-01-01,30.05,360.6,0.18,5.41,active,12
POL0001015,MEM001016,AGT0050,MetLife,Dental Basic,2024-12-01,2025-12-01,28.75,345.0,0.18,5.17,active,12
POL0001016,MEM001017,AGT0076,Zurich,Dental+Vision Bundle,2024-03-01,2026-03-01,75.69,908.28,0.25,18.92,cancelled,24
POL0001017,MEM001018,AGT0043,MetLife,Vision Premium,2024-05-01,2026-05-01,35.94,431.28,0.2,7.19,expired,24
POL0001018,MEM001019,AGT0060,Zurich,Dental Basic,2024-12-01,2026-12-01,28.99,347.88,0.18,5.22,active,24
POL0001019,MEM001020,AGT0040,Zurich,Vision Basic,2024-05-01,2025-05-01,20.21,242.52,0.16,3.23,active,12
POL0001020,MEM001021,AGT0029,MetLife,Dental+Vision Bundle,2024-05-01,2025-05-01,71.98,863.76,0.25,18.0,active,12
POL0001021,MEM001022,AGT0051,MetLife,Vision Premium,2024-10-01,2026-10-01,34.17,410.04,0.2,6.83,active,24
POL0001022,MEM001023,AGT0059,VSP,Dental Basic,2024-12-01,2025-12-01,29.0,348.0,0.18,5.22,active,12
POL0001023,MEM001024,AGT0062,VSP,Dental+Vision Bundle,2024-06-01,2026-06-01,78.49,941.88,0.25,19.62,active,24
POL0001024,MEM001025,AGT0074,MetLife,Vision Basic,2023-11-01,2024-05-01,19.28,231.36,0.16,3.08,active,6
POL0001025,MEM001026,AGT0072,Zurich,Dental Basic,2024-03-01,2025-03-01,30.1,361.2,0.18,5.42,active,12
POL0001026,MEM001027,AGT0052,Zurich,Dental Premium,2023-12-01,2024-12-01,54.14,649.68,0.22,11.91,active,12
POL0001027,MEM001028,AGT0021,VSP,Dental Premium,2024-10-01,2025-10-01,54.93,659.16,0.22,12.08,cancelled,12
POL0001028,MEM001029,AGT0056,VSP,Vision Basic,2024-01-01,2026-01-01,20.93,251.16,0.16,3.35,cancelled,24
POL0001029,MEM001030,AGT0023,Zurich,Vision Premium,2024-01-01,2025-01-01,36.15,433.8,0.2,7.23,pending,12
POL0001030,MEM001031,AGT0076,Zurich,Vision Basic,2024-09-01,2026-09-01,19.62,235.44,0.16,3.14,active,24
POL0001031,MEM001032,AGT0023,VSP,Dental+Vision Bundle,2024-08-01,2025-08-01,76.07,912.84,0.25,19.02,active,12
POL0001032,MEM001033,AGT0077,VSP,Dental Premium,2023-04-01,2025-04-01,53.72,644.64,0.22,11.82,active,24
POL0001033,MEM001034,AGT0028,MetLife,Dental+Vision Bundle,2024-11-01,2025-05-01,76.31,915.72,0.25,19.08,pending,6
POL0001034,MEM001035,AGT0020,VSP,Vision Basic,2024-11-01,2027-11-01,19.9,238.8,0.16,3.18,active,36
POL0001035,MEM001036,AGT0026,MetLife,Vision Premium,2024-03-01,2025-03-01,33.76,405.12,0.2,6.75,active,12
POL0001036,MEM001037,AGT0039,VSP,Vision Premium,2023-12-01,2026-12-01,34.86,418.32,0.2,6.97,active,36
POL0001037,MEM001038,AGT0002,Zurich,Dental+Vision Bundle,2024-01-01,2025-01-01,73.98,887.76,0.25,18.5,active,12
POL0001038,MEM001039,AGT0008,VSP,Dental+Vision Bundle,2024-03-01,2026-03-01,72.44,869.28,0.25,18.11,active,24
POL0001039,MEM001040,AGT0046,MetLife,Dental+Vision Bundle,2023-03-01,2025-03-01,75.31,903.72,0.25,18.83,active,24
POL0001040,MEM001041,AGT0076,VSP,Vision Basic,2023-03-01,2026-03-01,19.05,228.6,0.16,3.05,expired,36
POL0001041,MEM001042,AGT0056,Zurich,Dental Basic,2024-02-01,2026-02-01,30.22,362.64,0.18,5.44,active,24
POL0001042,MEM001043,AGT0025,Zurich,Dental Premium,2023-07-01,2024-07-01,55.75,669.0,0.22,12.27,active,12
POL0001043,MEM001044,AGT0037,Zurich,Dental Basic,2024-02-01,2025-02-01,31.37,376.44,0.18,5.65,expired,12
POL0001044,MEM001045,AGT0019,Zurich,Dental+Vision Bundle,2023-02-01,2024-02-01,72.07,864.84,0.25,18.02,expired,12
POL0001045,MEM001046,AGT0011,MetLife,Vision Basic,2024-12-01,2026-12-01,20.03,240.36,0.16,3.2,active,24
POL0001046,MEM001047,AGT0055,Zurich,Dental Basic,2024-04-01,2025-04-01,29.81,357.72,0.18,5.37,cancelled,12
POL0001047,MEM001048,AGT0058,VSP,Dental Premium,2024-07-01,2027-07-01,56.43,677.16,0.22,12.41,active,36
POL0001048,MEM001049,AGT0001,Zurich,Vision Basic,2023-08-01,2024-08-01,19.36,232.32,0.16,3.1,active,12
POL0001049,MEM001050,AGT0053,Zurich,Vision Basic,2023-09-01,2024-03-01,20.22,242.64,0.16,3.24,expired,6
POL0001050,MEM001051,AGT0062,Zurich,Dental Premium,2023-03-01,2024-03-01,53.0,636.0,0.22,11.66,active,12
POL0001051,MEM001052,AGT0019,Zurich,Vision Premium,2024-09-01,2026-09-01,33.48,401.76,0.2,6.7,cancelled,24
POL0001052,MEM001053,AGT0011,Zurich,Dental+Vision Bundle,2023-11-01,2024-11-01,75.84,910.08,0.25,18.96,active,12
POL0001053,MEM001054,AGT0010,Zurich,Vision Basic,2023-05-01,2025-05-01,20.25,243.0,0.16,3.24,active,24
POL0001054,MEM001055,AGT0007,VSP,Vision Basic,2024-09-01,2025-09-01,20.45,245.4,0.16,3.27,active,12
POL0001055,MEM001056,AGT0066,VSP,Vision Basic,2023-02-01,2024-02-01,20.36,244.32,0.16,3.26,active,12
POL0001056,MEM001057,AGT0038,VSP,Dental Basic,2024-01-01,2027-01-01,31.14,373.68,0.18,5.61,active,36
POL0001057,MEM001058,AGT0034,MetLife,Vision Basic,2024-10-01,2025-10-01,19.6,235.2,0.16,3.14,active,12
POL0001058,MEM001059,AGT0007,Zurich,Dental+Vision Bundle,2024-09-01,2025-09-01,72.21,866.52,0.25,18.05,active,12
POL0001059,MEM001060,AGT0063,MetLife,Dental Basic,2024-11-01,2025-11-01,30.56,366.72,0.18,5.5,active,12
POL0001060,MEM001061,AGT0017,Zurich,Dental Premium,2023-04-01,2024-04-01,57.72,692.64,0.22,12.7,active,12
POL0001061,MEM001062,AGT0078,MetLife,Dental+Vision Bundle,2023-10-01,2024-10-01,71.53,858.36,0.25,17.88,cancelled,12
POL0001062,MEM001063,AGT0023,VSP,Vision Premium,2023-07-01,2024-07-01,33.25,399.0,0.2,6.65,expired,12
POL0001063,MEM001064,AGT0068,MetLife,Dental Premium,2023-09-01,2025-09-01,56.0,672.0,0.22,12.32,expired,24
POL0001064,MEM001065,AGT0020,VSP,Vision Premium,2023-04-01,2024-04-01,33.93,407.16,0.2,6.79,active,12
POL0001065,MEM001066,AGT0057,Zurich,Vision Basic,2024-03-01,2026-03-01,20.14,241.68,0.16,3.22,pending,24
POL0001066,MEM001067,AGT0007,Zurich,Dental Premium,2023-09-01,2025-09-01,53.02,636.24,0.22,11.66,expired,24
POL0001067,MEM001068,AGT0060,VSP,Vision Basic,2023-05-01,2023-11-01,20.2,242.4,0.16,3.23,expired,6
POL0001068,MEM001069,AGT0049,Zurich,Vision Premium,2024-06-01,2026-06-01,34.01,408.12,0.2,6.8,active,24
POL0001069,MEM001070,AGT0068,VSP,Dental Basic,2024-05-01,2026-05-01,29.77,357.24,0.18,5.36,active,24
POL0001070,MEM001071,AGT0068,Zurich,Dental+Vision Bundle,2024-05-01,2025-05-01,76.69,920.28,0.25,19.17,active,12
POL0001071,MEM001072,AGT0056,Zurich,Dental+Vision Bundle,2023-05-01,2024-05-01,77.68,932.16,0.25,19.42,active,12
POL0001072,MEM001073,AGT0035,MetLife,Dental Premium,2023-11-01,2024-11-01,53.63,643.56,0.22,11.8,expired,12
POL0001073,MEM001074,AGT0031,Zurich,Vision Premium,2024-09-01,2025-09-01,34.77,417.24,0.2,6.95,active,12
POL0001074,MEM001075,AGT0024,VSP,Vision Basic,2023-08-01,2024-08-01,19.05,228.6,0.16,3.05,active,12
POL0001075,MEM001076,AGT0002,VSP,Dental Basic,2024-12-01,2025-12-01,30.69,368.28,0.18,5.52,active,12
POL0001076,MEM001077,AGT0029,Zurich,Dental Premium,2023-05-01,2023-11-01,56.25,675.0,0.22,12.38,active,6
POL0001077,MEM001078,AGT0080,MetLife,Dental Basic,2023-08-01,2024-08-01,28.92,347.04,0.18,5.21,expired,12
POL0001078,MEM001079,AGT0016,Zurich,Dental+Vision Bundle,2024-09-01,2026-09-01,72.52,870.24,0.25,18.13,active,24
POL0001079,MEM001080,AGT0073,MetLife,Dental+Vision Bundle,2023-04-01,2024-04-01,71.96,863.52,0.25,17.99,active,12
POL0001080,MEM001081,AGT0060,Zurich,Dental+Vision Bundle,2023-08-01,2024-08-01,71.38,856.56,0.25,17.84,active,12
POL0001081,MEM001082,AGT0055,Zurich,Dental+Vision Bundle,2024-11-01,2026-11-01,75.85,910.2,0.25,18.96,pending,24
POL0001082,MEM001083,AGT0010,VSP,Vision Premium,2023-12-01,2024-12-01,35.8,429.6,0.2,7.16,cancelled,12
POL0001083,MEM001084,AGT0008,VSP,Dental+Vision Bundle,2024-02-01,2025-02-01,77.51,930.12,0.25,19.38,cancelled,12
POL0001084,MEM001085,AGT0009,VSP,Dental+Vision Bundle,2023-10-01,2024-10-01,76.48,917.76,0.25,19.12,cancelled,12
POL0001085,MEM001086,AGT0063,MetLife,Dental Basic,2023-08-01,2024-08-01,30.87,370.44,0.18,5.56,active,12
POL0001086,MEM001087,AGT0014,VSP,Vision Premium,2024-04-01,2024-10-01,35.0,420.0,0.2,7.0,active,6
POL0001087,MEM001088,AGT0010,Zurich,Vision Premium,2023-05-01,2026-05-01,35.51,426.12,0.2,7.1,cancelled,36
POL0001088,MEM001089,AGT0020,Zurich,Vision Basic,2024-05-01,2025-05-01,20.83,249.96,0.16,3.33,cancelled,12
POL0001089,MEM001090,AGT0020,Zurich,Dental Premium,2023-03-01,2026-03-01,56.92,683.04,0.22,12.52,active,36
POL0001090,MEM001091,AGT0066,Zurich,Dental+Vision Bundle,2024-03-01,2027-03-01,72.55,870.6,0.25,18.14,active,36
POL0001091,MEM001092,AGT0052,Zurich,Vision Premium,2024-06-01,2026-06-01,33.93,407.16,0.2,6.79,active,24
POL0001092,MEM001093,AGT0001,VSP,Dental+Vision Bundle,2023-04-01,2025-04-01,71.89,862.68,0.25,17.97,expired,24
POL0001093,MEM001094,AGT0069,VSP,Dental Premium,2024-06-01,2026-06-01,56.73,680.76,0.22,12.48,active,24
POL0001094,MEM001095,AGT0012,VSP,Vision Basic,2023-12-01,2025-12-01,20.66,247.92,0.16,3.31,active,24
POL0001095,MEM001096,AGT0038,Zurich,Dental Basic,2024-01-01,2026-01-01,30.15,361.8,0.18,5.43,active,24
POL0001096,MEM001097,AGT0025,VSP,Vision Premium,2024-08-01,2025-02-01,33.53,402.36,0.2,6.71,active,6
POL0001097,MEM001098,AGT0011,Zurich,Dental Premium,2023-05-01,2024-05-01,52.34,628.08,0.22,11.51,active,12
POL0001098,MEM001099,AGT0025,MetLife,Vision Premium,2023-08-01,2024-08-01,36.61,439.32,0.2,7.32,cancelled,12
POL0001099,MEM001100,AGT0050,MetLife,Vision Premium,2024-09-01,2025-09-01,36.03,432.36,0.2,7.21,active,12
POL0001100,MEM001101,AGT0069,VSP,Dental+Vision Bundle,2024-11-01,2026-11-01,74.77,897.24,0.25,18.69,expired,24
POL0001101,MEM001102,AGT0008,VSP,Vision Premium,2023-02-01,2024-02-01,36.04,432.48,0.2,7.21,expired,12
POL0001102,MEM001103,AGT0028,Zurich,Vision Premium,2023-03-01,2024-03-01,36.39,436.68,0.2,7.28,active,12
POL0001103,MEM001104,AGT0075,MetLife,Dental+Vision Bundle,2024-05-01,2027-05-01,72.89,874.68,0.25,18.22,expired,36
POL0001104,MEM001105,AGT0003,VSP,Dental+Vision Bundle,2023-03-01,2024-03-01,76.43,917.16,0.25,19.11,active,12
POL0001105,MEM001106,AGT0017,MetLife,Dental Basic,2024-10-01,2026-10-01,30.28,363.36,0.18,5.45,active,24
POL0001106,MEM001107,AGT0059,Zurich,Dental Basic,2023-03-01,2024-03-01,30.87,370.44,0.18,5.56,active,12
POL0001107,MEM001108,AGT0015,VSP,Vision Basic,2024-09-01,2025-09-01,19.88,238.56,0.16,3.18,active,12
POL0001108,MEM001109,AGT0026,VSP,Dental Premium,2024-10-01,2027-10-01,52.73,632.76,0.22,11.6,cancelled,36
POL0001109,MEM001110,AGT0016,Zurich,Vision Basic,2024-12-01,2026-12-01,20.97,251.64,0.16,3.36,cancelled,24
POL0001110,MEM001111,AGT0006,Zurich,Dental Basic,2023-06-01,2024-06-01,30.62,367.44,0.18,5.51,cancelled,12
POL0001111,MEM001112,AGT0019,VSP,Dental Basic,2023-04-01,2024-04-01,31.4,376.8,0.18,5.65,active,12
POL0001112,MEM001113,AGT0057,MetLife,Dental+Vision Bundle,2024-02-01,2025-02-01,76.99,923.88,0.25,19.25,cancelled,12
POL0001113,MEM001114,AGT0079,VSP,Vision Premium,2023-03-01,2023-09-01,34.6,415.2,0.2,6.92,active,6
POL0001114,MEM001115,AGT0001,MetLife,Dental Basic,2023-02-01,2026-02-01,31.04,372.48,0.18,5.59,expired,36
POL0001115,MEM001116,AGT0054,Zurich,Dental+Vision Bundle,2023-05-01,2024-05-01,78.08,936.96,0.25,19.52,active,12
POL0001116,MEM001117,AGT0019,Zurich,Dental Premium,2024-06-01,2026-06-01,57.07,684.84,0.22,12.56,cancelled,24
POL0001117,MEM001118,AGT0023,Zurich,Vision Premium,2024-05-01,2027-05-01,33.88,406.56,0.2,6.78,cancelled,36
POL0001118,MEM001119,AGT0079,MetLife,Vision Basic,2024-10-01,2025-10-01,20.41,244.92,0.16,3.27,active,12
POL0001119,MEM001120,AGT0001,Zurich,Dental Basic,2023-12-01,2024-12-01,28.51,342.12,0.18,5.13,active,12
POL0001120,MEM001121,AGT0080,VSP,Dental+Vision Bundle,2023-06-01,2024-06-01,74.48,893.76,0.25,18.62,cancelled,12
POL0001121,MEM001122,AGT0060,Zurich,Vision Premium,2024-08-01,2025-08-01,35.02,420.24,0.2,7.0,active,12
POL0001122,MEM001123,AGT0015,MetLife,Vision Premium,2023-11-01,2024-11-01,35.4,424.8,0.2,7.08,active,12
POL0001123,MEM001124,AGT0021,Zurich,Dental+Vision Bundle,2024-05-01,2026-05-01,78.14,937.68,0.25,19.54,active,24
POL0001124,MEM001125,AGT0027,VSP,Dental Premium,2023-03-01,2026-03-01,56.31,675.72,0.22,12.39,cancelled,36
POL0001125,MEM001126,AGT0014,Zurich,Dental Basic,2024-10-01,2026-10-01,30.21,362.52,0.18,5.44,cancelled,24
POL0001126,MEM001127,AGT0004,VSP,Vision Basic,2024-08-01,2025-08-01,20.76,249.12,0.16,3.32,expired,12
POL0001127,MEM001128,AGT0076,Zurich,Dental Premium,2023-04-01,2024-04-01,52.82,633.84,0.22,11.62,expired,12
POL0001128,MEM001129,AGT0015,VSP,Dental Basic,2023-08-01,2024-08-01,29.67,356.04,0.18,5.34,active,12
POL0001129,MEM001130,AGT0049,MetLife,Dental Basic,2023-09-01,2025-09-01,31.04,372.48,0.18,5.59,active,24
POL0001130,MEM001131,AGT0056,MetLife,Dental Basic,2024-09-01,2026-09-01,30.73,368.76,0.18,5.53,expired,24
POL0001131,MEM001132,AGT0050,VSP,Dental Basic,2024-10-01,2026-10-01,31.14,373.68,0.18,5.61,active,24
POL0001132,MEM001133,AGT0026,VSP,Dental Basic,2023-08-01,2024-08-01,30.42,365.04,0.18,5.48,expired,12
POL0001133,MEM001134,AGT0018,MetLife,Dental+Vision Bundle,2024-09-01,2026-09-01,75.08,900.96,0.25,18.77,active,24
POL0001134,MEM001135,AGT0044,MetLife,Dental+Vision Bundle,2024-05-01,2025-05-01,77.04,924.48,0.25,19.26,active,12
POL0001135,MEM001136,AGT0022,Zurich,Dental+Vision Bundle,2024-10-01,2025-10-01,75.56,906.72,0.25,18.89,active,12
POL0001136,MEM001137,AGT0067,VSP,Dental+Vision Bundle,2023-09-01,2024-09-01,76.58,918.96,0.25,19.14,expired,12
POL0001137,MEM001138,AGT0060,VSP,Dental Basic,2023-09-01,2024-03-01,28.5,342.0,0.18,5.13,active,6
POL0001138,MEM001139,AGT0042,VSP,Vision Basic,2024-04-01,2025-04-01,20.22,242.64,0.16,3.24,pending,12
POL0001139,MEM001140,AGT0001,VSP,Dental+Vision Bundle,2024-09-01,2026-09-01,78.31,939.72,0.25,19.58,cancelled,24
POL0001140,MEM001141,AGT0005,VSP,Vision Basic,2023-03-01,2024-03-01,19.54,234.48,0.16,3.13,active,12
POL0001141,MEM001142,AGT0064,MetLife,Dental Basic,2024-06-01,2027-06-01,30.47,365.64,0.18,5.48,expired,36
POL0001142,MEM001143,AGT0017,VSP,Dental Premium,2023-02-01,2024-02-01,52.85,634.2,0.22,11.63,expired,12
POL0001143,MEM001144,AGT0062,Zurich,Dental Premium,2024-11-01,2025-11-01,55.44,665.28,0.22,12.2,expired,12
POL0001144,MEM001145,AGT0004,VSP,Vision Basic,2024-05-01,2026-05-01,19.26,231.12,0.16,3.08,cancelled,24
POL0001145,MEM001146,AGT0048,Zurich,Vision Basic,2023-06-01,2026-06-01,19.56,234.72,0.16,3.13,active,36
POL0001146,MEM001147,AGT0050,Zurich,Dental Premium,2024-11-01,2026-11-01,56.81,681.72,0.22,12.5,pending,24
POL0001147,MEM001148,AGT0035,Zurich,Dental+Vision Bundle,2023-03-01,2024-03-01,74.17,890.04,0.25,18.54,expired,12
POL0001148,MEM001149,AGT0011,Zurich,Dental+Vision Bundle,2024-08-01,2026-08-01,73.11,877.32,0.25,18.28,active,24
POL0001149,MEM001150,AGT0007,MetLife,Dental Premium,2023-03-01,2026-03-01,53.39,640.68,0.22,11.75,active,36
POL0001150,MEM001151,AGT0047,MetLife,Vision Basic,2024-05-01,2025-05-01,20.24,242.88,0.16,3.24,cancelled,12
POL0001151,MEM001152,AGT0018,VSP,Dental Basic,2023-04-01,2024-04-01,28.65,343.8,0.18,5.16,cancelled,12
POL0001152,MEM001153,AGT0027,Zurich,Vision Premium,2023-05-01,2025-05-01,35.24,422.88,0.2,7.05,active,24
POL0001153,MEM001154,AGT0065,Zurich,Dental Premium,2023-12-01,2024-12-01,53.97,647.64,0.22,11.87,active,12
POL0001154,MEM001155,AGT0045,VSP,Vision Basic,2023-03-01,2024-03-01,20.33,243.96,0.16,3.25,active,12
POL0001155,MEM001156,AGT0069,Zurich,Dental+Vision Bundle,2024-07-01,2026-07-01,77.22,926.64,0.25,19.3,active,24
POL0001156,MEM001157,AGT0048,Zurich,Dental+Vision Bundle,2023-11-01,2024-11-01,73.56,882.72,0.25,18.39,expired,12
POL0001157,MEM001158,AGT0012,MetLife,Dental Premium,2023-04-01,2026-04-01,55.96,671.52,0.22,12.31,active,36
POL0001158,MEM001159,AGT0014,MetLife,Dental Premium,2023-08-01,2026-08-01,53.4,640.8,0.22,11.75,pending,36
POL0001159,MEM001160,AGT0027,Zurich,Dental+Vision Bundle,2023-07-01,2025-07-01,71.97,863.64,0.25,17.99,cancelled,24
POL0001160,MEM001161,AGT0070,MetLife,Vision Basic,2023-02-01,2024-02-01,20.9,250.8,0.16,3.34,active,12
POL0001161,MEM001162,AGT0038,MetLife,Dental Basic,2024-04-01,2027-04-01,30.4,364.8,0.18,5.47,active,36
POL0001162,MEM001163,AGT0053,Zurich,Dental Premium,2023-09-01,2025-09-01,55.77,669.24,0.22,12.27,active,24
POL0001163,MEM001164,AGT0076,Zurich,Vision Premium,2024-11-01,2025-11-01,34.0,408.0,0.2,6.8,active,12
POL0001164,MEM001165,AGT0039,Zurich,Dental Basic,2024-08-01,2025-08-01,29.08,348.96,0.18,5.23,cancelled,12
POL0001165,MEM001166,AGT0030,VSP,Dental Premium,2023-12-01,2024-12-01,52.32,627.84,0.22,11.51,expired,12
POL0001166,MEM001167,AGT0046,VSP,Vision Basic,2023-11-01,2024-11-01,20.17,242.04,0.16,3.23,active,12
POL0001167,MEM001168,AGT0037,MetLife,Dental+Vision Bundle,2023-07-01,2026-07-01,73.74,884.88,0.25,18.43,cancelled,36
POL0001168,MEM001169,AGT0031,MetLife,Dental Basic,2024-12-01,2026-12-01,29.16,349.92,0.18,5.25,cancelled,24
POL0001169,MEM001170,AGT0057,VSP,Dental Premium,2023-12-01,2026-12-01,57.35,688.2,0.22,12.62,cancelled,36
POL0001170,MEM001171,AGT0041,VSP,Dental Basic,2023-08-01,2024-08-01,29.08,348.96,0.18,5.23,active,12
POL0001171,MEM001172,AGT0069,VSP,Dental Basic,2024-05-01,2025-05-01,30.5,366.0,0.18,5.49,active,12
POL0001172,MEM001173,AGT0019,VSP,Dental+Vision Bundle,2023-02-01,2024-02-01,75.91,910.92,0.25,18.98,active,12
POL0001173,MEM001174,AGT0065,VSP,Vision Basic,2023-07-01,2024-07-01,19.1,229.2,0.16,3.06,active,12
POL0001174,MEM001175,AGT0074,Zurich,Dental Basic,2023-11-01,2024-11-01,29.29,351.48,0.18,5.27,active,12
POL0001175,MEM001176,AGT0015,Zurich,Vision Basic,2024-09-01,2025-09-01,20.57,246.84,0.16,3.29,active,12
POL0001176,MEM001177,AGT0015,VSP,Dental Basic,2023-03-01,2023-09-01,29.22,350.64,0.18,5.26,active,6
POL0001177,MEM001178,AGT0046,MetLife,Dental Premium,2024-10-01,2025-10-01,56.06,672.72,0.22,12.33,pending,12
POL0001178,MEM001179,AGT0068,MetLife,Vision Premium,2024-10-01,2025-04-01,36.68,440.16,0.2,7.34,active,6
POL0001179,MEM001180,AGT0011,Zurich,Dental+Vision Bundle,2023-11-01,2024-11-01,74.77,897.24,0.25,18.69,active,12
POL0001180,MEM001181,AGT0051,MetLife,Vision Basic,2024-12-01,2025-12-01,19.61,235.32,0.16,3.14,expired,12
POL0001181,MEM001182,AGT0047,VSP,Dental Basic,2024-10-01,2026-10-01,30.18,362.16,0.18,5.43,cancelled,24
POL0001182,MEM001183,AGT0048,MetLife,Dental Premium,2024-04-01,2026-04-01,52.85,634.2,0.22,11.63,active,24
POL0001183,MEM001184,AGT0072,MetLife,Dental Basic,2024-01-01,2025-01-01,29.24,350.88,0.18,5.26,cancelled,12
POL0001184,MEM001185,AGT0037,MetLife,Dental+Vision Bundle,2024-04-01,2024-10-01,76.0,912.0,0.25,19.0,active,6
POL0001185,MEM001186,AGT0076,Zurich,Dental Basic,2024-04-01,2026-04-01,30.85,370.2,0.18,5.55,expired,24
POL0001186,MEM001187,AGT0068,VSP,Dental Basic,2023-09-01,2024-09-01,29.8,357.6,0.18,5.36,active,12
POL0001187,MEM001188,AGT0001,VSP,Vision Basic,2024-09-01,2027-09-01,19.33,231.96,0.16,3.09,active,36
POL0001188,MEM001189,AGT0072,VSP,Vision Premium,2023-11-01,2026-11-01,35.51,426.12,0.2,7.1,cancelled,36
POL0001189,MEM001190,AGT0049,VSP,Vision Basic,2023-06-01,2024-06-01,19.72,236.64,0.16,3.16,active,12
POL0001190,MEM001191,AGT0039,VSP,Vision Basic,2023-03-01,2024-03-01,20.38,244.56,0.16,3.26,active,12
POL0001191,MEM001192,AGT0001,MetLife,Dental Premium,2024-05-01,2024-11-01,53.65,643.8,0.22,11.8,active,6
POL0001192,MEM001193,AGT0037,VSP,Dental Basic,2024-11-01,2026-11-01,29.51,354.12,0.18,5.31,active,24
POL0001193,MEM001194,AGT0016,VSP,Vision Basic,2024-11-01,2025-11-01,19.81,237.72,0.16,3.17,cancelled,12
POL0001194,MEM001195,AGT0075,VSP,Vision Basic,2023-04-01,2024-04-01,19.99,239.88,0.16,3.2,active,12
POL0001195,MEM001196,AGT0048,Zurich,Vision Premium,2023-10-01,2024-10-01,36.05,432.6,0.2,7.21,active,12
POL0001196,MEM001197,AGT0075,MetLife,Dental Basic,2023-02-01,2025-02-01,29.19,350.28,0.18,5.25,active,24
POL0001197,MEM001198,AGT0021,MetLife,Dental Premium,2024-05-01,2025-05-01,57.66,691.92,0.22,12.69,active,12
POL0001198,MEM001199,AGT0038,VSP,Vision Basic,2024-04-01,2025-04-01,19.52,234.24,0.16,3.12,expired,12
POL0001199,MEM001200,AGT0024,MetLife,Vision Basic,2023-04-01,2023-10-01,20.03,240.36,0.16,3.2,cancelled,6
POL0001200,MEM001201,AGT0041,Zurich,Vision Premium,2023-07-01,2025-07-01,34.64,415.68,0.2,6.93,active,24
POL0001201,MEM001202,AGT0069,Zurich,Dental Premium,2023-11-01,2025-11-01,56.75,681.0,0.22,12.48,active,24
POL0001202,MEM001203,AGT0067,VSP,Dental Premium,2023-06-01,2026-06-01,57.13,685.56,0.22,12.57,active,36
POL0001203,MEM001204,AGT0021,MetLife,Dental Basic,2024-06-01,2025-06-01,30.55,366.6,0.18,5.5,active,12
POL0001204,MEM001205,AGT0072,Zurich,Vision Premium,2024-06-01,2025-06-01,34.55,414.6,0.2,6.91,active,12
POL0001205,MEM001206,AGT0015,VSP,Vision Basic,2024-07-01,2025-01-01,19.2,230.4,0.16,3.07,cancelled,6
POL0001206,MEM001207,AGT0003,VSP,Dental Premium,2023-04-01,2023-10-01,55.78,669.36,0.22,12.27,expired,6
POL0001207,MEM001208,AGT0077,Zurich,Vision Premium,2024-02-01,2024-08-01,35.76,429.12,0.2,7.15,expired,6
POL0001208,MEM001209,AGT0004,Zurich,Dental+Vision Bundle,2024-01-01,2026-01-01,72.54,870.48,0.25,18.14,active,24
POL0001209,MEM001210,AGT0030,VSP,Dental Basic,2023-09-01,2024-09-01,29.12,349.44,0.18,5.24,active,12
POL0001210,MEM001211,AGT0015,MetLife,Dental Basic,2023-06-01,2023-12-01,29.8,357.6,0.18,5.36,active,6
POL0001211,MEM001212,AGT0026,MetLife,Dental Basic,2024-06-01,2025-06-01,28.83,345.96,0.18,5.19,active,12
POL0001212,MEM001213,AGT0008,VSP,Dental Basic,2024-12-01,2025-06-01,30.44,365.28,0.18,5.48,cancelled,6
POL0001213,MEM001214,AGT0039,Zurich,Dental Basic,2023-10-01,2025-10-01,30.94,371.28,0.18,5.57,active,24
POL0001214,MEM001215,AGT0027,Zurich,Dental+Vision Bundle,2023-05-01,2024-05-01,77.53,930.36,0.25,19.38,cancelled,12
POL0001215,MEM001216,AGT0012,MetLife,Dental+Vision Bundle,2023-08-01,2024-08-01,78.14,937.68,0.25,19.54,cancelled,12
POL0001216,MEM001217,AGT0046,MetLife,Dental+Vision Bundle,2023-11-01,2024-11-01,72.08,864.96,0.25,18.02,expired,12
POL0001217,MEM001218,AGT0073,MetLife,Dental Basic,2024-10-01,2025-10-01,29.93,359.16,0.18,5.39,active,12
POL0001218,MEM001219,AGT0028,Zurich,Dental Basic,2024-09-01,2027-09-01,28.62,343.44,0.18,5.15,active,36
POL0001219,MEM001220,AGT0001,Zurich,Dental Basic,2023-11-01,2024-11-01,31.14,373.68,0.18,5.61,active,12
POL0001220,MEM001221,AGT0047,Zurich,Vision Basic,2023-09-01,2025-09-01,19.88,238.56,0.16,3.18,active,24
POL0001221,MEM001222,AGT0046,VSP,Dental Premium,2024-04-01,2025-04-01,52.54,630.48,0.22,11.56,active,12
POL0001222,MEM001223,AGT0015,VSP,Dental Basic,2024-07-01,2025-07-01,29.96,359.52,0.18,5.39,active,12
POL0001223,MEM001224,AGT0064,VSP,Vision Premium,2023-05-01,2025-05-01,36.0,432.0,0.2,7.2,expired,24
POL0001224,MEM001225,AGT0042,VSP,Dental Basic,2024-08-01,2027-08-01,28.68,344.16,0.18,5.16,active,36
POL0001225,MEM001226,AGT0040,Zurich,Dental+Vision Bundle,2023-11-01,2024-11-01,76.19,914.28,0.25,19.05,expired,12
POL0001226,MEM001227,AGT0053,VSP,Dental+Vision Bundle,2024-04-01,2026-04-01,71.43,857.16,0.25,17.86,active,24
POL0001227,MEM001228,AGT0061,Zurich,Dental Premium,2024-04-01,2027-04-01,54.56,654.72,0.22,12.0,active,36
POL0001228,MEM001229,AGT0051,VSP,Vision Basic,2023-02-01,2023-08-01,19.57,234.84,0.16,3.13,active,6
POL0001229,MEM001230,AGT0019,VSP,Dental Premium,2024-12-01,2025-12-01,55.01,660.12,0.22,12.1,active,12
POL0001230,MEM001231,AGT0009,VSP,Dental+Vision Bundle,2024-09-01,2026-09-01,73.27,879.24,0.25,18.32,active,24
POL0001231,MEM001232,AGT0052,MetLife,Dental Basic,2024-01-01,2026-01-01,29.74,356.88,0.18,5.35,cancelled,24
POL0001232,MEM001233,AGT0075,Zurich,Dental Premium,2024-04-01,2024-10-01,54.59,655.08,0.22,12.01,expired,6
POL0001233,MEM001234,AGT0061,Zurich,Vision Basic,2024-11-01,2025-11-01,19.3,231.6,0.16,3.09,cancelled,12
POL0001234,MEM001235,AGT0036,MetLife,Vision Premium,2024-03-01,2027-03-01,36.74,440.88,0.2,7.35,active,36
POL0001235,MEM001236,AGT0063,VSP,Dental Basic,2023-05-01,2024-05-01,29.85,358.2,0.18,5.37,active,12
POL0001236,MEM001237,AGT0007,MetLife,Vision Basic,2023-06-01,2024-06-01,19.98,239.76,0.16,3.2,expired,12
POL0001237,MEM001238,AGT0078,Zurich,Dental Premium,2023-02-01,2024-02-01,54.67,656.04,0.22,12.03,cancelled,12
POL0001238,MEM001239,AGT0067,VSP,Vision Premium,2023-12-01,2025-12-01,34.19,410.28,0.2,6.84,active,24
POL0001239,MEM001240,AGT0063,Zurich,Dental Premium,2023-08-01,2024-08-01,56.5,678.0,0.22,12.43,active,12
POL0001240,MEM001241,AGT0003,MetLife,Dental+Vision Bundle,2024-01-01,2025-01-01,72.31,867.72,0.25,18.08,active,12
POL0001241,MEM001242,AGT0041,VSP,Dental Premium,2023-06-01,2024-06-01,54.74,656.88,0.22,12.04,expired,12
POL0001242,MEM001243,AGT0072,Zurich,Dental+Vision Bundle,2023-03-01,2024-03-01,72.4,868.8,0.25,18.1,active,12
POL0001243,MEM001244,AGT0056,MetLife,Dental Premium,2023-12-01,2025-12-01,52.99,635.88,0.22,11.66,cancelled,24
POL0001244,MEM001245,AGT0073,Zurich,Vision Basic,2024-03-01,2025-03-01,19.79,237.48,0.16,3.17,cancelled,12
POL0001245,MEM001246,AGT0061,VSP,Vision Basic,2024-08-01,2026-08-01,20.5,246.0,0.16,3.28,active,24
POL0001246,MEM001247,AGT0051,VSP,Vision Basic,2023-07-01,2024-07-01,18.99,227.88,0.16,3.04,active,12
POL0001247,MEM001248,AGT0042,MetLife,Dental Basic,2024-02-01,2025-02-01,30.43,365.16,0.18,5.48,expired,12
POL0001248,MEM001249,AGT0045,Zurich,Vision Basic,2023-03-01,2023-09-01,19.76,237.12,0.16,3.16,cancelled,6
POL0001249,MEM001250,AGT0013,VSP,Dental Premium,2024-11-01,2025-11-01,52.3,627.6,0.22,11.51,active,12
POL0001250,MEM001251,AGT0008,Zurich,Dental Basic,2024-02-01,2026-02-01,31.38,376.56,0.18,5.65,active,24
POL0001251,MEM001252,AGT0011,Zurich,Dental Basic,2023-09-01,2024-09-01,29.91,358.92,0.18,5.38,expired,12
POL0001252,MEM001253,AGT0022,MetLife,Vision Basic,2023-12-01,2025-12-01,20.26,243.12,0.16,3.24,active,24
POL0001253,MEM001254,AGT0073,Zurich,Dental+Vision Bundle,2023-03-01,2024-03-01,72.67,872.04,0.25,18.17,active,12
POL0001254,MEM001255,AGT0076,MetLife,Dental+Vision Bundle,2023-11-01,2024-11-01,76.95,923.4,0.25,19.24,active,12
POL0001255,MEM001256,AGT0042,Zurich,Dental Basic,2024-02-01,2025-02-01,29.57,354.84,0.18,5.32,pending,12
POL0001256,MEM001257,AGT0044,VSP,Vision Basic,2024-06-01,2026-06-01,19.53,234.36,0.16,3.12,expired,24
POL0001257,MEM001258,AGT0079,VSP,Dental Premium,2024-12-01,2026-12-01,52.71,632.52,0.22,11.6,active,24
POL0001258,MEM001259,AGT0010,Zurich,Dental Basic,2024-04-01,2027-04-01,30.16,361.92,0.18,5.43,active,36
POL0001259,MEM001260,AGT0074,VSP,Dental+Vision Bundle,2023-10-01,2024-04-01,74.54,894.48,0.25,18.64,expired,6
POL0001260,MEM001261,AGT0013,Zurich,Dental Premium,2024-11-01,2025-11-01,52.25,627.0,0.22,11.49,active,12
POL0001261,MEM001262,AGT0061,VSP,Dental Basic,2023-04-01,2025-04-01,29.69,356.28,0.18,5.34,expired,24
POL0001262,MEM001263,AGT0039,VSP,Vision Premium,2023-04-01,2024-04-01,33.84,406.08,0.2,6.77,active,12
POL0001263,MEM001264,AGT0052,VSP,Vision Basic,2023-12-01,2024-12-01,20.44,245.28,0.16,3.27,active,12
POL0001264,MEM001265,AGT0003,Zurich,Vision Premium,2024-05-01,2026-05-01,33.44,401.28,0.2,6.69,active,24
POL0001265,MEM001266,AGT0028,Zurich,Dental+Vision Bundle,2023-08-01,2024-08-01,75.35,904.2,0.25,18.84,active,12
POL0001266,MEM001267,AGT0079,VSP,Dental+Vision Bundle,2024-05-01,2025-05-01,74.08,888.96,0.25,18.52,cancelled,12
POL0001267,MEM001268,AGT0026,VSP,Vision Basic,2024-11-01,2025-11-01,19.58,234.96,0.16,3.13,active,12
POL0001268,MEM001269,AGT0056,VSP,Dental Premium,2023-10-01,2024-04-01,57.6,691.2,0.22,12.67,active,6
POL0001269,MEM001270,AGT0035,VSP,Vision Basic,2023-04-01,2026-04-01,20.13,241.56,0.16,3.22,active,36
POL0001270,MEM001271,AGT0052,MetLife,Dental Basic,2023-10-01,2025-10-01,28.64,343.68,0.18,5.16,active,24
POL0001271,MEM001272,AGT0040,VSP,Vision Basic,2023-08-01,2024-08-01,19.71,236.52,0.16,3.15,cancelled,12
POL0001272,MEM001273,AGT0026,MetLife,Dental Premium,2024-04-01,2024-10-01,52.5,630.0,0.22,11.55,active,6
POL0001273,MEM001274,AGT0071,MetLife,Vision Basic,2023-02-01,2024-02-01,19.94,239.28,0.16,3.19,cancelled,12
POL0001274,MEM001275,AGT0008,MetLife,Dental Premium,2023-03-01,2026-03-01,53.5,642.0,0.22,11.77,cancelled,36
POL0001275,MEM001276,AGT0047,Zurich,Vision Premium,2023-12-01,2024-12-01,33.53,402.36,0.2,6.71,pending,12
POL0001276,MEM001277,AGT0031,MetLife,Vision Basic,2023-05-01,2024-05-01,20.79,249.48,0.16,3.33,active,12
POL0001277,MEM001278,AGT0075,Zurich,Dental Premium,2024-06-01,2027-06-01,56.59,679.08,0.22,12.45,active,36
POL0001278,MEM001279,AGT0016,VSP,Dental Premium,2023-05-01,2024-05-01,55.95,671.4,0.22,12.31,cancelled,12
POL0001279,MEM001280,AGT0055,MetLife,Dental Basic,2024-09-01,2026-09-01,29.49,353.88,0.18,5.31,active,24
POL0001280,MEM001281,AGT0057,VSP,Dental Premium,2023-07-01,2024-07-01,54.01,648.12,0.22,11.88,expired,12
POL0001281,MEM001282,AGT0069,VSP,Vision Premium,2024-09-01,2027-09-01,35.86,430.32,0.2,7.17,active,36
POL0001282,MEM001283,AGT0055,VSP,Vision Premium,2023-05-01,2025-05-01,34.45,413.4,0.2,6.89,active,24
POL0001283,MEM001284,AGT0061,Zurich,Dental Premium,2023-11-01,2025-11-01,55.63,667.56,0.22,12.24,cancelled,24
POL0001284,MEM001285,AGT0005,Zurich,Vision Premium,2023-12-01,2025-12-01,33.82,405.84,0.2,6.76,active,24
POL0001285,MEM001286,AGT0071,VSP,Dental Premium,2023-03-01,2024-03-01,52.86,634.32,0.22,11.63,cancelled,12
POL0001286,MEM001287,AGT0031,VSP,Dental Premium,2024-02-01,2025-02-01,53.84,646.08,0.22,11.84,expired,12
POL0001287,MEM001288,AGT0012,MetLife,Dental Premium,2024-03-01,2026-03-01,56.92,683.04,0.22,12.52,active,24
POL0001288,MEM001289,AGT0053,MetLife,Dental Premium,2023-07-01,2025-07-01,53.27,639.24,0.22,11.72,active,24
POL0001289,MEM001290,AGT0053,VSP,Vision Premium,2023-04-01,2025-04-01,35.38,424.56,0.2,7.08,active,24
POL0001290,MEM001291,AGT0065,MetLife,Dental Premium,2023-05-01,2024-05-01,54.57,654.84,0.22,12.01,cancelled,12
POL0001291,MEM001292,AGT0059,Zurich,Dental Basic,2024-10-01,2026-10-01,30.8,369.6,0.18,5.54,cancelled,24
POL0001292,MEM001293,AGT0018,MetLife,Dental Premium,2023-03-01,2024-03-01,55.17,662.04,0.22,12.14,cancelled,12
POL0001293,MEM001294,AGT0074,MetLife,Dental Basic,2024-11-01,2027-11-01,30.79,369.48,0.18,5.54,active,36
POL0001294,MEM001295,AGT0077,Zurich,Dental Premium,2023-10-01,2024-10-01,54.13,649.56,0.22,11.91,cancelled,12
POL0001295,MEM001296,AGT0018,VSP,Dental Basic,2023-12-01,2025-12-01,29.86,358.32,0.18,5.37,active,24
POL0001296,MEM001297,AGT0026,MetLife,Dental Premium,2024-09-01,2025-03-01,54.24,650.88,0.22,11.93,active,6
POL0001297,MEM001298,AGT0074,MetLife,Dental Basic,2023-08-01,2025-08-01,30.04,360.48,0.18,5.41,active,24
POL0001298,MEM001299,AGT0030,MetLife,Dental+Vision Bundle,2023-02-01,2024-02-01,75.83,909.96,0.25,18.96,active,12
POL0001299,MEM001300,AGT0007,VSP,Vision Basic,2023-08-01,2024-08-01,20.63,247.56,0.16,3.3,active,12
POL0001300,MEM001301,AGT0012,VSP,Dental Basic,2024-10-01,2025-10-01,29.34,352.08,0.18,5.28,active,12
POL0001301,MEM001302,AGT0068,VSP,Vision Premium,2024-09-01,2025-09-01,34.13,409.56,0.2,6.83,active,12
POL0001302,MEM001303,AGT0029,Zurich,Dental Basic,2024-05-01,2025-05-01,30.22,362.64,0.18,5.44,active,12
POL0001303,MEM001304,AGT0049,MetLife,Dental Premium,2023-10-01,2024-10-01,54.3,651.6,0.22,11.95,active,12
POL0001304,MEM001305,AGT0037,Zurich,Vision Premium,2023-08-01,2024-08-01,34.78,417.36,0.2,6.96,active,12
POL0001305,MEM001306,AGT0019,MetLife,Dental Premium,2024-04-01,2024-10-01,52.88,634.56,0.22,11.63,cancelled,6
POL0001306,MEM001307,AGT0058,MetLife,Dental Premium,2023-10-01,2024-04-01,56.1,673.2,0.22,12.34,active,6
POL0001307,MEM001308,AGT0002,VSP,Dental Basic,2025-01-01,2027-01-01,28.7,344.4,0.18,5.17,active,24
POL0001308,MEM001309,AGT0050,Zurich,Dental Premium,2023-12-01,2024-12-01,54.57,654.84,0.22,12.01,active,12
POL0001309,MEM001310,AGT0013,Zurich,Dental Basic,2024-10-01,2025-10-01,31.48,377.76,0.18,5.67,active,12
POL0001310,MEM001311,AGT0046,Zurich,Dental+Vision Bundle,2024-01-01,2025-01-01,72.48,869.76,0.25,18.12,active,12
POL0001311,MEM001312,AGT0033,Zurich,Vision Basic,2024-10-01,2026-10-01,19.81,237.72,0.16,3.17,active,24
POL0001312,MEM001313,AGT0017,Zurich,Dental Basic,2023-12-01,2024-12-01,30.95,371.4,0.18,5.57,active,12
POL0001313,MEM001314,AGT0065,VSP,Dental+Vision Bundle,2023-08-01,2025-08-01,76.12,913.44,0.25,19.03,cancelled,24
POL0001314,MEM001315,AGT0041,Zurich,Vision Basic,2024-05-01,2026-05-01,19.01,228.12,0.16,3.04,cancelled,24
POL0001315,MEM001316,AGT0041,MetLife,Dental+Vision Bundle,2023-06-01,2025-06-01,72.35,868.2,0.25,18.09,expired,24
POL0001316,MEM001317,AGT0056,VSP,Dental+Vision Bundle,2024-06-01,2025-06-01,73.84,886.08,0.25,18.46,expired,12
POL0001317,MEM001318,AGT0041,VSP,Dental+Vision Bundle,2023-10-01,2024-10-01,78.23,938.76,0.25,19.56,active,12
POL0001318,MEM001319,AGT0072,Zurich,Vision Basic,2023-12-01,2025-12-01,19.58,234.96,0.16,3.13,expired,24
POL0001319,MEM001320,AGT0020,MetLife,Dental Basic,2024-04-01,2026-04-01,30.04,360.48,0.18,5.41,expired,24
POL0001320,MEM001321,AGT0021,Zurich,Vision Basic,2023-03-01,2024-03-01,20.57,246.84,0.16,3.29,expired,12
POL0001321,MEM001322,AGT0057,VSP,Dental+Vision Bundle,2023-05-01,2025-05-01,72.3,867.6,0.25,18.07,active,24
POL0001322,MEM001323,AGT0064,MetLife,Dental+Vision Bundle,2024-08-01,2026-08-01,73.35,880.2,0.25,18.34,pending,24
POL0001323,MEM001324,AGT0012,MetLife,Dental+Vision Bundle,2023-07-01,2024-07-01,76.71,920.52,0.25,19.18,active,12
POL0001324,MEM001325,AGT0035,Zurich,Dental+Vision Bundle,2023-08-01,2024-08-01,71.28,855.36,0.25,17.82,active,12
POL0001325,MEM001326,AGT0001,Zurich,Vision Premium,2024-09-01,2025-09-01,34.83,417.96,0.2,6.97,active,12
POL0001326,MEM001327,AGT0032,VSP,Vision Premium,2023-08-01,2025-08-01,36.46,437.52,0.2,7.29,cancelled,24
POL0001327,MEM001328,AGT0016,VSP,Dental Premium,2024-01-01,2027-01-01,57.08,684.96,0.22,12.56,active,36
POL0001328,MEM001329,AGT0004,MetLife,Vision Basic,2023-05-01,2024-05-01,19.91,238.92,0.16,3.19,active,12
POL0001329,MEM001330,AGT0035,Zurich,Vision Premium,2024-12-01,2025-12-01,36.07,432.84,0.2,7.21,active,12
POL0001330,MEM001331,AGT0058,VSP,Dental+Vision Bundle,2024-01-01,2025-01-01,77.48,929.76,0.25,19.37,active,12
POL0001331,MEM001332,AGT0007,Zurich,Dental Premium,2024-09-01,2025-09-01,57.42,689.04,0.22,12.63,active,12
POL0001332,MEM001333,AGT0078,VSP,Dental Basic,2023-03-01,2026-03-01,30.05,360.6,0.18,5.41,active,36
POL0001333,MEM001334,AGT0052,MetLife,Dental Basic,2023-10-01,2024-10-01,30.12,361.44,0.18,5.42,active,12
POL0001334,MEM001335,AGT0052,VSP,Vision Basic,2023-09-01,2024-09-01,19.58,234.96,0.16,3.13,active,12
POL0001335,MEM001336,AGT0039,VSP,Dental+Vision Bundle,2024-11-01,2025-11-01,74.63,895.56,0.25,18.66,active,12
POL0001336,MEM001337,AGT0013,VSP,Vision Basic,2023-12-01,2024-06-01,19.55,234.6,0.16,3.13,active,6
POL0001337,MEM001338,AGT0061,VSP,Vision Basic,2024-06-01,2025-06-01,20.98,251.76,0.16,3.36,cancelled,12
POL0001338,MEM001339,AGT0048,Zurich,Dental Basic,2024-04-01,2025-04-01,30.57,366.84,0.18,5.5,active,12
POL0001339,MEM001340,AGT0006,Zurich,Dental Premium,2024-11-01,2027-11-01,57.28,687.36,0.22,12.6,cancelled,36
POL0001340,MEM001341,AGT0064,Zurich,Vision Basic,2024-05-01,2027-05-01,19.86,238.32,0.16,3.18,cancelled,36
POL0001341,MEM001342,AGT0060,VSP,Dental Basic,2024-07-01,2025-07-01,31.46,377.52,0.18,5.66,pending,12
POL0001342,MEM001343,AGT0017,Zurich,Dental+Vision Bundle,2024-06-01,2025-06-01,73.12,877.44,0.25,18.28,expired,12
POL0001343,MEM001344,AGT0038,Zurich,Dental Basic,2023-10-01,2024-10-01,28.57,342.84,0.18,5.14,active,12
POL0001344,MEM001345,AGT0014,Zurich,Dental Premium,2023-04-01,2024-04-01,57.62,691.44,0.22,12.68,active,12
POL0001345,MEM001346,AGT0033,VSP,Dental Premium,2023-05-01,2024-05-01,55.56,666.72,0.22,12.22,active,12
POL0001346,MEM001347,AGT0015,Zurich,Vision Premium,2023-04-01,2025-04-01,34.46,413.52,0.2,6.89,active,24
POL0001347,MEM001348,AGT0006,MetLife,Dental Premium,2023-08-01,2025-08-01,57.64,691.68,0.22,12.68,active,24
POL0001348,MEM001349,AGT0059,Zurich,Dental Premium,2023-12-01,2025-12-01,52.99,635.88,0.22,11.66,active,24
POL0001349,MEM001350,AGT0028,MetLife,Dental Basic,2023-10-01,2026-10-01,31.09,373.08,0.18,5.6,active,36
POL0001350,MEM001351,AGT0056,Zurich,Dental Basic,2024-10-01,2027-10-01,29.89,358.68,0.18,5.38,cancelled,36
POL0001351,MEM001352,AGT0022,Zurich,Vision Basic,2024-03-01,2025-03-01,19.49,233.88,0.16,3.12,active,12
POL0001352,MEM001353,AGT0039,Zurich,Dental+Vision Bundle,2024-03-01,2025-03-01,72.98,875.76,0.25,18.25,active,12
POL0001353,MEM001354,AGT0039,MetLife,Dental Basic,2024-10-01,2025-10-01,28.88,346.56,0.18,5.2,cancelled,12
POL0001354,MEM001355,AGT0003,Zurich,Dental+Vision Bundle,2023-02-01,2024-02-01,73.1,877.2,0.25,18.27,active,12
POL0001355,MEM001356,AGT0019,Zurich,Dental Basic,2023-02-01,2024-02-01,30.52,366.24,0.18,5.49,cancelled,12
POL0001356,MEM001357,AGT0012,VSP,Vision Premium,2024-11-01,2027-11-01,35.74,428.88,0.2,7.15,expired,36
POL0001357,MEM001358,AGT0003,MetLife,Dental Basic,2023-07-01,2024-01-01,29.73,356.76,0.18,5.35,cancelled,6
POL0001358,MEM001359,AGT0061,MetLife,Dental+Vision Bundle,2023-07-01,2024-07-01,74.66,895.92,0.25,18.66,expired,12
POL0001359,MEM001360,AGT0038,Zurich,Dental+Vision Bundle,2024-09-01,2025-09-01,77.7,932.4,0.25,19.43,cancelled,12
POL0001360,MEM001361,AGT0002,MetLife,Vision Basic,2024-03-01,2025-03-01,20.24,242.88,0.16,3.24,active,12
POL0001361,MEM001362,AGT0075,Zurich,Vision Premium,2024-04-01,2026-04-01,34.96,419.52,0.2,6.99,expired,24
POL0001362,MEM001363,AGT0052,VSP,Vision Basic,2023-11-01,2024-11-01,19.97,239.64,0.16,3.2,cancelled,12
POL0001363,MEM001364,AGT0008,Zurich,Dental Basic,2024-10-01,2025-04-01,29.68,356.16,0.18,5.34,active,6
POL0001364,MEM001365,AGT0009,VSP,Dental+Vision Bundle,2024-09-01,2026-09-01,73.48,881.76,0.25,18.37,cancelled,24
POL0001365,MEM001366,AGT0064,Zurich,Dental+Vision Bundle,2024-04-01,2025-04-01,75.09,901.08,0.25,18.77,active,12
POL0001366,MEM001367,AGT0003,MetLife,Dental Premium,2024-01-01,2025-01-01,54.03,648.36,0.22,11.89,expired,12
POL0001367,MEM001368,AGT0057,MetLife,Vision Basic,2023-08-01,2024-02-01,20.85,250.2,0.16,3.34,active,6
POL0001368,MEM001369,AGT0060,MetLife,Dental+Vision Bundle,2024-09-01,2026-09-01,76.34,916.08,0.25,19.09,active,24
POL0001369,MEM001370,AGT0061,MetLife,Vision Basic,2024-03-01,2025-03-01,20.87,250.44,0.16,3.34,expired,12
POL0001370,MEM001371,AGT0017,MetLife,Dental Basic,2023-11-01,2024-11-01,30.11,361.32,0.18,5.42,active,12
POL0001371,MEM001372,AGT0054,VSP,Dental Premium,2024-10-01,2025-04-01,57.33,687.96,0.22,12.61,expired,6
POL0001372,MEM001373,AGT0003,VSP,Dental+Vision Bundle,2023-09-01,2024-09-01,74.17,890.04,0.25,18.54,expired,12
POL0001373,MEM001374,AGT0065,MetLife,Dental+Vision Bundle,2024-02-01,2025-02-01,76.95,923.4,0.25,19.24,active,12
POL0001374,MEM001375,AGT0080,MetLife,Dental Basic,2024-01-01,2025-01-01,28.96,347.52,0.18,5.21,cancelled,12
POL0001375,MEM001376,AGT0044,VSP,Vision Premium,2023-09-01,2024-09-01,34.24,410.88,0.2,6.85,expired,12
POL0001376,MEM001377,AGT0066,Zurich,Vision Premium,2024-08-01,2025-08-01,33.4,400.8,0.2,6.68,active,12
POL0001377,MEM001378,AGT0015,MetLife,Vision Premium,2023-03-01,2024-03-01,35.6,427.2,0.2,7.12,cancelled,12
POL0001378,MEM001379,AGT0006,Zurich,Dental Basic,2024-10-01,2025-10-01,31.09,373.08,0.18,5.6,active,12
POL0001379,MEM001380,AGT0047,MetLife,Vision Premium,2024-11-01,2026-11-01,35.88,430.56,0.2,7.18,active,24
POL0001380,MEM001381,AGT0013,MetLife,Vision Basic,2024-04-01,2026-04-01,20.83,249.96,0.16,3.33,active,24
POL0001381,MEM001382,AGT0026,VSP,Dental+Vision Bundle,2024-01-01,2025-01-01,74.1,889.2,0.25,18.52,active,12
POL0001382,MEM001383,AGT0044,VSP,Vision Basic,2023-02-01,2024-02-01,20.57,246.84,0.16,3.29,expired,12
POL0001383,MEM001384,AGT0054,VSP,Vision Basic,2023-04-01,2025-04-01,20.08,240.96,0.16,3.21,active,24
POL0001384,MEM001385,AGT0054,MetLife,Dental Basic,2023-10-01,2026-10-01,30.6,367.2,0.18,5.51,cancelled,36
POL0001385,MEM001386,AGT0059,Zurich,Vision Premium,2024-04-01,2025-04-01,33.74,404.88,0.2,6.75,active,12
POL0001386,MEM001387,AGT0019,MetLife,Vision Premium,2024-02-01,2025-02-01,33.34,400.08,0.2,6.67,active,12
POL0001387,MEM001388,AGT0044,VSP,Dental Premium,2024-07-01,2025-01-01,57.71,692.52,0.22,12.7,active,6
POL0001388,MEM001389,AGT0051,MetLife,Vision Premium,2023-07-01,2024-07-01,36.15,433.8,0.2,7.23,active,12
POL0001389,MEM001390,AGT0008,Zurich,Dental+Vision Bundle,2024-11-01,2025-05-01,76.82,921.84,0.25,19.2,active,6
POL0001390,MEM001391,AGT0054,VSP,Dental+Vision Bundle,2024-12-01,2026-12-01,72.95,875.4,0.25,18.24,active,24
POL0001391,MEM001392,AGT0045,MetLife,Dental+Vision Bundle,2024-08-01,2025-08-01,73.84,886.08,0.25,18.46,expired,12
POL0001392,MEM001393,AGT0058,Zurich,Dental Basic,2024-07-01,2026-07-01,31.36,376.32,0.18,5.64,cancelled,24
POL0001393,MEM001394,AGT0052,MetLife,Dental+Vision Bundle,2024-08-01,2025-08-01,73.81,885.72,0.25,18.45,active,12
POL0001394,MEM001395,AGT0043,VSP,Vision Premium,2023-04-01,2024-04-01,35.52,426.24,0.2,7.1,expired,12
POL0001395,MEM001396,AGT0037,MetLife,Dental Basic,2023-06-01,2025-06-01,29.85,358.2,0.18,5.37,cancelled,24
POL0001396,MEM001397,AGT0044,Zurich,Dental Basic,2024-08-01,2026-08-01,28.66,343.92,0.18,5.16,active,24
POL0001397,MEM001398,AGT0034,MetLife,Dental+Vision Bundle,2023-02-01,2024-02-01,73.91,886.92,0.25,18.48,active,12
POL0001398,MEM001399,AGT0015,Zurich,Dental Basic,2023-12-01,2024-12-01,31.31,375.72,0.18,5.64,cancelled,12
POL0001399,MEM001400,AGT0046,MetLife,Dental Basic,2024-02-01,2025-02-01,30.4,364.8,0.18,5.47,expired,12
POL0001400,MEM001401,AGT0039,Zurich,Vision Premium,2024-11-01,2025-11-01,34.45,413.4,0.2,6.89,expired,12
POL0001401,MEM001402,AGT0075,Zurich,Vision Premium,2024-05-01,2025-05-01,36.43,437.16,0.2,7.29,active,12
POL0001402,MEM001403,AGT0030,VSP,Dental Premium,2024-11-01,2025-11-01,53.64,643.68,0.22,11.8,cancelled,12
POL0001403,MEM001404,AGT0049,Zurich,Vision Premium,2024-12-01,2027-12-01,34.4,412.8,0.2,6.88,active,36
POL0001404,MEM001405,AGT0075,MetLife,Dental+Vision Bundle,2023-05-01,2026-05-01,75.15,901.8,0.25,18.79,cancelled,36
POL0001405,MEM001406,AGT0019,Zurich,Dental Premium,2024-02-01,2026-02-01,53.47,641.64,0.22,11.76,active,24
POL0001406,MEM001407,AGT0008,VSP,Dental+Vision Bundle,2024-03-01,2025-03-01,78.11,937.32,0.25,19.53,active,12
POL0001407,MEM001408,AGT0010,VSP,Vision Premium,2024-06-01,2024-12-01,33.61,403.32,0.2,6.72,active,6
POL0001408,MEM001409,AGT0067,VSP,Dental+Vision Bundle,2024-03-01,2027-03-01,75.27,903.24,0.25,18.82,expired,36
POL0001409,MEM001410,AGT0057,Zurich,Dental+Vision Bundle,2024-09-01,2025-09-01,75.62,907.44,0.25,18.91,cancelled,12
POL0001410,MEM001411,AGT0019,Zurich,Dental Basic,2024-06-01,2026-06-01,29.69,356.28,0.18,5.34,cancelled,24
POL0001411,MEM001412,AGT0068,MetLife,Vision Premium,2024-05-01,2025-05-01,34.61,415.32,0.2,6.92,cancelled,12
POL0001412,MEM001413,AGT0021,Zurich,Dental Premium,2024-05-01,2026-05-01,54.33,651.96,0.22,11.95,active,24
POL0001413,MEM001414,AGT0015,MetLife,Dental Premium,2023-06-01,2026-06-01,53.77,645.24,0.22,11.83,cancelled,36
POL0001414,MEM001415,AGT0020,MetLife,Dental Premium,2023-11-01,2025-11-01,56.34,676.08,0.22,12.39,active,24
POL0001415,MEM001416,AGT0063,MetLife,Vision Premium,2024-02-01,2026-02-01,33.97,407.64,0.2,6.79,cancelled,24
POL0001416,MEM001417,AGT0007,VSP,Dental+Vision Bundle,2023-06-01,2024-06-01,71.77,861.24,0.25,17.94,cancelled,12
POL0001417,MEM001418,AGT0001,MetLife,Vision Basic,2023-09-01,2024-09-01,20.19,242.28,0.16,3.23,active,12
POL0001418,MEM001419,AGT0062,Zurich,Dental Premium,2023-04-01,2024-04-01,56.03,672.36,0.22,12.33,active,12
POL0001419,MEM001420,AGT0061,Zurich,Dental+Vision Bundle,2024-05-01,2026-05-01,74.41,892.92,0.25,18.6,active,24
POL0001420,MEM001421,AGT0059,VSP,Vision Premium,2023-06-01,2025-06-01,34.16,409.92,0.2,6.83,active,24
POL0001421,MEM001422,AGT0080,Zurich,Vision Basic,2023-07-01,2025-07-01,20.34,244.08,0.16,3.25,active,24
POL0001422,MEM001423,AGT0044,Zurich,Dental Basic,2024-03-01,2025-03-01,29.31,351.72,0.18,5.28,active,12
POL0001423,MEM001424,AGT0012,MetLife,Vision Premium,2024-12-01,2025-06-01,35.18,422.16,0.2,7.04,active,6
POL0001424,MEM001425,AGT0016,Zurich,Vision Basic,2024-09-01,2025-03-01,19.25,231.0,0.16,3.08,cancelled,6
POL0001425,MEM001426,AGT0007,Zurich,Vision Basic,2023-08-01,2024-08-01,20.9,250.8,0.16,3.34,active,12
POL0001426,MEM001427,AGT0016,Zurich,Dental+Vision Bundle,2024-06-01,2024-12-01,72.12,865.44,0.25,18.03,cancelled,6
POL0001427,MEM001428,AGT0027,MetLife,Dental+Vision Bundle,2023-08-01,2024-08-01,71.92,863.04,0.25,17.98,cancelled,12
POL0001428,MEM001429,AGT0069,Zurich,Dental Premium,2024-09-01,2025-09-01,53.47,641.64,0.22,11.76,active,12
POL0001429,MEM001430,AGT0003,VSP,Dental Premium,2024-09-01,2025-09-01,52.53,630.36,0.22,11.56,expired,12
POL0001430,MEM001431,AGT0041,VSP,Dental Premium,2024-03-01,2025-03-01,57.73,692.76,0.22,12.7,active,12
POL0001431,MEM001432,AGT0022,VSP,Dental Basic,2023-05-01,2025-05-01,31.33,375.96,0.18,5.64,active,24
POL0001432,MEM001433,AGT0040,VSP,Vision Premium,2023-10-01,2024-10-01,34.84,418.08,0.2,6.97,expired,12
POL0001433,MEM001434,AGT0004,Zurich,Dental Basic,2023-04-01,2024-04-01,29.7,356.4,0.18,5.35,active,12
POL0001434,MEM001435,AGT0019,VSP,Dental+Vision Bundle,2024-03-01,2025-03-01,74.61,895.32,0.25,18.65,active,12
POL0001435,MEM001436,AGT0007,MetLife,Dental Basic,2023-10-01,2025-10-01,28.7,344.4,0.18,5.17,active,24
POL0001436,MEM001437,AGT0064,Zurich,Vision Premium,2024-10-01,2025-10-01,35.37,424.44,0.2,7.07,cancelled,12
POL0001437,MEM001438,AGT0008,VSP,Vision Basic,2024-02-01,2025-02-01,20.38,244.56,0.16,3.26,active,12
POL0001438,MEM001439,AGT0004,VSP,Vision Basic,2024-03-01,2026-03-01,19.7,236.4,0.16,3.15,active,24
POL0001439,MEM001440,AGT0076,Zurich,Dental Basic,2023-02-01,2024-02-01,30.32,363.84,0.18,5.46,active,12
POL0001440,MEM001441,AGT0073,VSP,Dental Premium,2024-08-01,2025-08-01,57.14,685.68,0.22,12.57,active,12
POL0001441,MEM001442,AGT0019,VSP,Vision Basic,2024-11-01,2025-11-01,20.37,244.44,0.16,3.26,active,12
POL0001442,MEM001443,AGT0055,Zurich,Vision Basic,2023-07-01,2024-07-01,20.25,243.0,0.16,3.24,active,12
POL0001443,MEM001444,AGT0038,Zurich,Dental+Vision Bundle,2023-02-01,2024-02-01,73.97,887.64,0.25,18.49,expired,12
POL0001444,MEM001445,AGT0035,Zurich,Dental Premium,2023-02-01,2025-02-01,57.18,686.16,0.22,12.58,active,24
POL0001445,MEM001446,AGT0028,Zurich,Dental+Vision Bundle,2024-12-01,2025-12-01,78.31,939.72,0.25,19.58,cancelled,12
POL0001446,MEM001447,AGT0069,Zurich,Dental Basic,2023-11-01,2024-11-01,31.05,372.6,0.18,5.59,expired,12
POL0001447,MEM001448,AGT0018,Zurich,Vision Basic,2023-05-01,2024-05-01,20.86,250.32,0.16,3.34,expired,12
POL0001448,MEM001449,AGT0079,Zurich,Dental+Vision Bundle,2023-11-01,2025-11-01,77.04,924.48,0.25,19.26,cancelled,24
POL0001449,MEM001450,AGT0058,VSP,Dental Basic,2023-12-01,2024-12-01,30.81,369.72,0.18,5.55,active,12
POL0001450,MEM001451,AGT0059,Zurich,Dental Premium,2023-12-01,2025-12-01,52.77,633.24,0.22,11.61,active,24
POL0001451,MEM001452,AGT0061,MetLife,Dental+Vision Bundle,2023-06-01,2024-06-01,72.63,871.56,0.25,18.16,active,12
POL0001452,MEM001453,AGT0072,Zurich,Vision Premium,2024-12-01,2027-12-01,34.96,419.52,0.2,6.99,cancelled,36
POL0001453,MEM001454,AGT0010,Zurich,Dental Basic,2024-03-01,2025-03-01,28.67,344.04,0.18,5.16,active,12
POL0001454,MEM001455,AGT0046,VSP,Dental+Vision Bundle,2024-12-01,2026-12-01,76.23,914.76,0.25,19.06,active,24
POL0001455,MEM001456,AGT0002,MetLife,Vision Basic,2024-02-01,2025-02-01,20.24,242.88,0.16,3.24,active,12
POL0001456,MEM001457,AGT0029,Zurich,Dental Basic,2023-08-01,2024-08-01,30.03,360.36,0.18,5.41,cancelled,12
POL0001457,MEM001458,AGT0012,Zurich,Vision Basic,2023-11-01,2024-11-01,20.89,250.68,0.16,3.34,active,12
POL0001458,MEM001459,AGT0047,MetLife,Dental Premium,2023-09-01,2025-09-01,56.0,672.0,0.22,12.32,active,24
POL0001459,MEM001460,AGT0026,Zurich,Dental Premium,2024-10-01,2026-10-01,52.74,632.88,0.22,11.6,active,24
POL0001460,MEM001461,AGT0064,MetLife,Vision Basic,2023-11-01,2026-11-01,20.75,249.0,0.16,3.32,active,36
POL0001461,MEM001462,AGT0073,MetLife,Dental Basic,2024-12-01,2026-12-01,29.01,348.12,0.18,5.22,active,24
POL0001462,MEM001463,AGT0034,Zurich,Dental+Vision Bundle,2023-06-01,2025-06-01,72.99,875.88,0.25,18.25,cancelled,24
POL0001463,MEM001464,AGT0003,Zurich,Vision Premium,2024-07-01,2026-07-01,33.32,399.84,0.2,6.66,active,24
POL0001464,MEM001465,AGT0059,MetLife,Dental+Vision Bundle,2024-10-01,2025-10-01,76.61,919.32,0.25,19.15,expired,12
POL0001465,MEM001466,AGT0056,VSP,Dental Premium,2024-11-01,2027-11-01,54.23,650.76,0.22,11.93,expired,36
POL0001466,MEM001467,AGT0064,VSP,Vision Basic,2024-12-01,2025-12-01,19.95,239.4,0.16,3.19,active,12
POL0001467,MEM001468,AGT0036,VSP,Vision Basic,2023-03-01,2024-03-01,20.4,244.8,0.16,3.26,active,12
POL0001468,MEM001469,AGT0025,VSP,Dental Basic,2023-12-01,2025-12-01,30.31,363.72,0.18,5.46,active,24
POL0001469,MEM001470,AGT0055,MetLife,Dental+Vision Bundle,2024-09-01,2025-09-01,78.07,936.84,0.25,19.52,active,12
POL0001470,MEM001471,AGT0040,MetLife,Vision Basic,2023-08-01,2024-08-01,19.6,235.2,0.16,3.14,active,12
POL0001471,MEM001472,AGT0056,MetLife,Vision Basic,2023-05-01,2024-05-01,20.18,242.16,0.16,3.23,expired,12
POL0001472,MEM001473,AGT0032,MetLife,Vision Basic,2024-11-01,2026-11-01,19.4,232.8,0.16,3.1,active,24
POL0001473,MEM001474,AGT0067,MetLife,Dental+Vision Bundle,2024-01-01,2027-01-01,78.57,942.84,0.25,19.64,active,36
POL0001474,MEM001475,AGT0058,Zurich,Dental Basic,2024-10-01,2025-10-01,29.59,355.08,0.18,5.33,active,12
POL0001475,MEM001476,AGT0041,Zurich,Dental Basic,2023-04-01,2024-04-01,30.79,369.48,0.18,5.54,cancelled,12
POL0001476,MEM001477,AGT0008,VSP,Vision Basic,2023-06-01,2025-06-01,20.77,249.24,0.16,3.32,active,24
POL0001477,MEM001478,AGT0008,Zurich,Dental Basic,2024-04-01,2025-04-01,29.05,348.6,0.18,5.23,active,12
POL0001478,MEM001479,AGT0080,VSP,Dental Basic,2024-02-01,2026-02-01,28.84,346.08,0.18,5.19,active,24
POL0001479,MEM001480,AGT0050,VSP,Vision Premium,2024-10-01,2025-04-01,33.82,405.84,0.2,6.76,active,6
POL0001480,MEM001481,AGT0004,VSP,Vision Basic,2024-10-01,2026-10-01,19.4,232.8,0.16,3.1,active,24
POL0001481,MEM001482,AGT0014,MetLife,Vision Basic,2024-09-01,2025-09-01,19.17,230.04,0.16,3.07,active,12
POL0001482,MEM001483,AGT0074,MetLife,Vision Basic,2023-04-01,2024-04-01,19.06,228.72,0.16,3.05,active,12
POL0001483,MEM001484,AGT0062,Zurich,Vision Basic,2023-10-01,2026-10-01,19.09,229.08,0.16,3.05,active,36
POL0001484,MEM001485,AGT0006,MetLife,Dental Basic,2023-08-01,2024-08-01,28.7,344.4,0.18,5.17,active,12
POL0001485,MEM001486,AGT0046,VSP,Vision Basic,2024-09-01,2025-09-01,20.61,247.32,0.16,3.3,active,12
POL0001486,MEM001487,AGT0061,VSP,Vision Basic,2024-08-01,2025-08-01,20.13,241.56,0.16,3.22,cancelled,12
POL0001487,MEM001488,AGT0067,Zurich,Vision Premium,2023-11-01,2025-11-01,33.37,400.44,0.2,6.67,active,24
POL0001488,MEM001489,AGT0065,Zurich,Dental+Vision Bundle,2023-06-01,2025-06-01,72.68,872.16,0.25,18.17,active,24
POL0001489,MEM001490,AGT0026,Zurich,Dental+Vision Bundle,2024-04-01,2025-04-01,77.36,928.32,0.25,19.34,active,12
POL0001490,MEM001491,AGT0061,Zurich,Vision Premium,2023-04-01,2024-04-01,33.77,405.24,0.2,6.75,cancelled,12
POL0001491,MEM001492,AGT0075,Zurich,Dental+Vision Bundle,2024-05-01,2026-05-01,75.94,911.28,0.25,18.98,active,24
POL0001492,MEM001493,AGT0043,MetLife,Dental Basic,2024-10-01,2027-10-01,31.41,376.92,0.18,5.65,cancelled,36
POL0001493,MEM001494,AGT0001,Zurich,Dental Basic,2023-03-01,2025-03-01,28.7,344.4,0.18,5.17,active,24
POL0001494,MEM001495,AGT0028,MetLife,Vision Basic,2023-09-01,2024-03-01,20.3,243.6,0.16,3.25,cancelled,6
POL0001495,MEM001496,AGT0052,MetLife,Dental+Vision Bundle,2024-01-01,2027-01-01,71.93,863.16,0.25,17.98,active,36
POL0001496,MEM001497,AGT0010,VSP,Dental Basic,2023-02-01,2024-02-01,30.78,369.36,0.18,5.54,active,12
POL0001497,MEM001498,AGT0057,MetLife,Vision Basic,2023-05-01,2024-05-01,20.72,248.64,0.16,3.32,active,12
POL0001498,MEM001499,AGT0026,MetLife,Dental Premium,2024-02-01,2026-02-01,56.54,678.48,0.22,12.44,active,24
POL0001499,MEM001500,AGT0044,Zurich,Dental Basic,2023-09-01,2025-09-01,29.24,350.88,0.18,5.26,expired,24
POL0001500,MEM001501,AGT0034,MetLife,Dental Basic,2023-08-01,2024-08-01,29.59,355.08,0.18,5.33,active,12
POL0001501,MEM001502,AGT0015,VSP,Dental+Vision Bundle,2024-12-01,2025-12-01,73.16,877.92,0.25,18.29,active,12
POL0001502,MEM001503,AGT0048,VSP,Vision Premium,2023-12-01,2025-12-01,34.45,413.4,0.2,6.89,expired,24
POL0001503,MEM001504,AGT0016,MetLife,Dental+Vision Bundle,2024-07-01,2025-07-01,73.84,886.08,0.25,18.46,cancelled,12
POL0001504,MEM001505,AGT0069,VSP,Vision Premium,2023-06-01,2024-06-01,36.25,435.0,0.2,7.25,active,12
POL0001505,MEM001506,AGT0032,MetLife,Vision Premium,2023-12-01,2024-12-01,36.13,433.56,0.2,7.23,cancelled,12
POL0001506,MEM001507,AGT0038,MetLife,Dental Premium,2024-09-01,2025-09-01,54.41,652.92,0.22,11.97,expired,12
POL0001507,MEM001508,AGT0066,Zurich,Dental+Vision Bundle,2023-03-01,2025-03-01,78.44,941.28,0.25,19.61,active,24
POL0001508,MEM001509,AGT0079,MetLife,Dental Basic,2023-09-01,2024-03-01,30.45,365.4,0.18,5.48,expired,6
POL0001509,MEM001510,AGT0064,Zurich,Vision Basic,2024-03-01,2026-03-01,20.53,246.36,0.16,3.28,active,24
POL0001510,MEM001511,AGT0062,Zurich,Dental+Vision Bundle,2023-12-01,2025-12-01,76.9,922.8,0.25,19.23,pending,24
POL0001511,MEM001512,AGT0052,Zurich,Dental+Vision Bundle,2024-05-01,2027-05-01,78.4,940.8,0.25,19.6,cancelled,36
POL0001512,MEM001513,AGT0029,MetLife,Vision Basic,2024-09-01,2025-09-01,19.75,237.0,0.16,3.16,cancelled,12
POL0001513,MEM001514,AGT0040,VSP,Dental+Vision Bundle,2023-09-01,2024-03-01,74.23,890.76,0.25,18.56,active,6
POL0001514,MEM001515,AGT0033,Zurich,Dental Basic,2024-09-01,2025-03-01,30.27,363.24,0.18,5.45,active,6
POL0001515,MEM001516,AGT0067,VSP,Dental Basic,2023-04-01,2026-04-01,31.08,372.96,0.18,5.59,expired,36
POL0001516,MEM001517,AGT0080,VSP,Dental Premium,2023-03-01,2024-03-01,55.57,666.84,0.22,12.23,expired,12
POL0001517,MEM001518,AGT0048,VSP,Dental Premium,2024-05-01,2025-05-01,56.45,677.4,0.22,12.42,active,12
POL0001518,MEM001519,AGT0057,MetLife,Dental Premium,2024-02-01,2025-02-01,52.4,628.8,0.22,11.53,active,12
POL0001519,MEM001520,AGT0038,Zurich,Vision Basic,2023-04-01,2025-04-01,20.04,240.48,0.16,3.21,active,24
POL0001520,MEM001521,AGT0030,MetLife,Dental Basic,2024-11-01,2025-05-01,29.98,359.76,0.18,5.4,expired,6
POL0001521,MEM001522,AGT0026,VSP,Dental Basic,2024-02-01,2025-02-01,28.64,343.68,0.18,5.16,active,12
POL0001522,MEM001523,AGT0036,MetLife,Vision Premium,2024-01-01,2025-01-01,34.0,408.0,0.2,6.8,active,12
POL0001523,MEM001524,AGT0002,VSP,Dental Premium,2023-06-01,2023-12-01,56.38,676.56,0.22,12.4,active,6
POL0001524,MEM001525,AGT0075,Zurich,Dental Basic,2024-01-01,2025-01-01,29.96,359.52,0.18,5.39,active,12
POL0001525,MEM001526,AGT0051,MetLife,Dental Basic,2024-11-01,2026-11-01,30.57,366.84,0.18,5.5,active,24
POL0001526,MEM001527,AGT0067,Zurich,Vision Premium,2023-09-01,2024-09-01,35.52,426.24,0.2,7.1,active,12
POL0001527,MEM001528,AGT0011,VSP,Dental+Vision Bundle,2024-05-01,2025-05-01,76.73,920.76,0.25,19.18,expired,12
POL0001528,MEM001529,AGT0057,VSP,Dental+Vision Bundle,2024-04-01,2025-04-01,72.31,867.72,0.25,18.08,expired,12
POL0001529,MEM001530,AGT0074,MetLife,Dental Premium,2023-02-01,2024-02-01,55.22,662.64,0.22,12.15,cancelled,12
POL0001530,MEM001531,AGT0044,MetLife,Dental Premium,2023-02-01,2025-02-01,55.27,663.24,0.22,12.16,active,24
POL0001531,MEM001532,AGT0042,Zurich,Dental Basic,2024-03-01,2025-03-01,29.44,353.28,0.18,5.3,expired,12
POL0001532,MEM001533,AGT0043,Zurich,Vision Basic,2023-03-01,2024-03-01,20.53,246.36,0.16,3.28,expired,12
POL0001533,MEM001534,AGT0049,MetLife,Dental+Vision Bundle,2024-10-01,2027-10-01,77.1,925.2,0.25,19.27,expired,36
POL0001534,MEM001535,AGT0025,VSP,Dental Basic,2023-04-01,2026-04-01,30.05,360.6,0.18,5.41,active,36
POL0001535,MEM001536,AGT0012,MetLife,Dental Basic,2024-09-01,2026-09-01,29.78,357.36,0.18,5.36,active,24
POL0001536,MEM001537,AGT0078,VSP,Dental Basic,2024-08-01,2027-08-01,30.13,361.56,0.18,5.42,active,36
POL0001537,MEM001538,AGT0037,MetLife,Dental Basic,2023-08-01,2024-08-01,30.18,362.16,0.18,5.43,cancelled,12
POL0001538,MEM001539,AGT0059,MetLife,Dental Premium,2024-12-01,2025-12-01,53.56,642.72,0.22,11.78,active,12
POL0001539,MEM001540,AGT0053,VSP,Dental Basic,2023-02-01,2024-02-01,29.2,350.4,0.18,5.26,active,12
POL0001540,MEM001541,AGT0054,VSP,Vision Premium,2023-05-01,2024-05-01,34.33,411.96,0.2,6.87,active,12
POL0001541,MEM001542,AGT0027,VSP,Dental Premium,2024-03-01,2026-03-01,55.08,660.96,0.22,12.12,cancelled,24
POL0001542,MEM001543,AGT0078,Zurich,Dental+Vision Bundle,2024-12-01,2027-12-01,73.23,878.76,0.25,18.31,active,36
POL0001543,MEM001544,AGT0059,VSP,Dental Basic,2024-09-01,2025-09-01,28.76,345.12,0.18,5.18,active,12
POL0001544,MEM001545,AGT0052,Zurich,Dental+Vision Bundle,2023-06-01,2024-06-01,74.67,896.04,0.25,18.67,active,12
POL0001545,MEM001546,AGT0063,VSP,Vision Basic,2024-07-01,2025-07-01,19.87,238.44,0.16,3.18,active,12
POL0001546,MEM001547,AGT0059,VSP,Vision Premium,2023-03-01,2024-03-01,34.49,413.88,0.2,6.9,active,12
POL0001547,MEM001548,AGT0023,VSP,Dental Basic,2023-12-01,2024-12-01,28.82,345.84,0.18,5.19,cancelled,12
POL0001548,MEM001549,AGT0050,Zurich,Dental Basic,2024-10-01,2025-10-01,28.73,344.76,0.18,5.17,active,12
POL0001549,MEM001550,AGT0006,MetLife,Dental+Vision Bundle,2024-09-01,2025-09-01,76.54,918.48,0.25,19.14,cancelled,12
POL0001550,MEM001551,AGT0038,Zurich,Dental+Vision Bundle,2023-07-01,2025-07-01,77.93,935.16,0.25,19.48,active,24
POL0001551,MEM001552,AGT0071,MetLife,Dental+Vision Bundle,2023-09-01,2024-09-01,72.13,865.56,0.25,18.03,active,12
POL0001552,MEM001553,AGT0042,VSP,Vision Basic,2023-04-01,2026-04-01,20.71,248.52,0.16,3.31,expired,36
POL0001553,MEM001554,AGT0006,VSP,Dental Basic,2023-10-01,2024-04-01,30.04,360.48,0.18,5.41,active,6
POL0001554,MEM001555,AGT0044,Zurich,Dental Premium,2024-11-01,2026-11-01,52.36,628.32,0.22,11.52,active,24
POL0001555,MEM001556,AGT0002,VSP,Dental Basic,2023-08-01,2024-08-01,30.38,364.56,0.18,5.47,active,12
POL0001556,MEM001557,AGT0063,VSP,Dental Basic,2023-06-01,2024-06-01,29.26,351.12,0.18,5.27,cancelled,12
POL0001557,MEM001558,AGT0018,VSP,Dental+Vision Bundle,2024-08-01,2025-08-01,73.09,877.08,0.25,18.27,active,12
POL0001558,MEM001559,AGT0078,MetLife,Dental Basic,2023-07-01,2024-07-01,31.04,372.48,0.18,5.59,cancelled,12
POL0001559,MEM001560,AGT0022,MetLife,Vision Premium,2023-06-01,2025-06-01,34.05,408.6,0.2,6.81,active,24
POL0001560,MEM001561,AGT0057,VSP,Dental Basic,2023-02-01,2026-02-01,30.91,370.92,0.18,5.56,active,36
POL0001561,MEM001562,AGT0057,Zurich,Dental Basic,2023-03-01,2025-03-01,30.52,366.24,0.18,5.49,cancelled,24
POL0001562,MEM001563,AGT0050,Zurich,Dental Premium,2024-11-01,2025-11-01,57.69,692.28,0.22,12.69,expired,12
POL0001563,MEM001564,AGT0007,VSP,Vision Premium,2023-03-01,2024-03-01,34.68,416.16,0.2,6.94,active,12
POL0001564,MEM001565,AGT0026,MetLife,Dental Basic,2023-10-01,2024-04-01,31.47,377.64,0.18,5.66,expired,6
POL0001565,MEM001566,AGT0025,Zurich,Vision Premium,2023-02-01,2023-08-01,36.58,438.96,0.2,7.32,cancelled,6
POL0001566,MEM001567,AGT0022,MetLife,Dental Premium,2023-09-01,2024-09-01,54.97,659.64,0.22,12.09,active,12
POL0001567,MEM001568,AGT0072,Zurich,Dental Basic,2023-05-01,2024-05-01,30.06,360.72,0.18,5.41,cancelled,12
POL0001568,MEM001569,AGT0055,MetLife,Dental Basic,2023-09-01,2024-09-01,29.29,351.48,0.18,5.27,active,12
POL0001569,MEM001570,AGT0023,MetLife,Dental Premium,2023-05-01,2023-11-01,56.95,683.4,0.22,12.53,expired,6
POL0001570,MEM001571,AGT0028,VSP,Dental Basic,2023-12-01,2024-12-01,31.11,373.32,0.18,5.6,active,12
POL0001571,MEM001572,AGT0048,MetLife,Dental Basic,2024-12-01,2026-12-01,29.19,350.28,0.18,5.25,active,24
POL0001572,MEM001573,AGT0077,VSP,Dental+Vision Bundle,2023-09-01,2025-09-01,71.66,859.92,0.25,17.91,active,24
POL0001573,MEM001574,AGT0022,VSP,Dental+Vision Bundle,2023-05-01,2025-05-01,75.97,911.64,0.25,18.99,active,24
POL0001574,MEM001575,AGT0018,VSP,Dental Basic,2024-10-01,2026-10-01,29.07,348.84,0.18,5.23,active,24
POL0001575,MEM001576,AGT0043,MetLife,Vision Basic,2023-12-01,2025-12-01,20.14,241.68,0.16,3.22,active,24
POL0001576,MEM001577,AGT0066,Zurich,Vision Premium,2024-09-01,2027-09-01,34.5,414.0,0.2,6.9,active,36
POL0001577,MEM001578,AGT0030,MetLife,Vision Basic,2024-06-01,2024-12-01,19.81,237.72,0.16,3.17,cancelled,6
POL0001578,MEM001579,AGT0055,MetLife,Vision Basic,2023-06-01,2024-06-01,20.77,249.24,0.16,3.32,cancelled,12
POL0001579,MEM001580,AGT0064,VSP,Dental Basic,2023-04-01,2023-10-01,29.32,351.84,0.18,5.28,active,6
POL0001580,MEM001581,AGT0031,Zurich,Vision Basic,2024-02-01,2025-02-01,19.53,234.36,0.16,3.12,expired,12
POL0001581,MEM001582,AGT0036,VSP,Vision Basic,2024-04-01,2027-04-01,20.62,247.44,0.16,3.3,active,36
POL0001582,MEM001583,AGT0037,MetLife,Dental Basic,2023-03-01,2025-03-01,29.01,348.12,0.18,5.22,active,24
POL0001583,MEM001584,AGT0027,Zurich,Dental Basic,2024-01-01,2025-01-01,30.63,367.56,0.18,5.51,active,12
POL0001584,MEM001585,AGT0078,VSP,Vision Basic,2024-12-01,2026-12-01,19.24,230.88,0.16,3.08,cancelled,24
POL0001585,MEM001586,AGT0009,VSP,Dental Basic,2023-08-01,2024-08-01,29.56,354.72,0.18,5.32,active,12
POL0001586,MEM001587,AGT0027,MetLife,Dental Basic,2023-08-01,2025-08-01,29.77,357.24,0.18,5.36,active,24
POL0001587,MEM001588,AGT0031,Zurich,Dental Basic,2024-09-01,2025-09-01,28.74,344.88,0.18,5.17,cancelled,12
POL0001588,MEM001589,AGT0026,MetLife,Dental Premium,2024-05-01,2026-05-01,56.87,682.44,0.22,12.51,cancelled,24
POL0001589,MEM001590,AGT0037,Zurich,Dental Premium,2024-10-01,2025-10-01,54.63,655.56,0.22,12.02,active,12
POL0001590,MEM001591,AGT0062,MetLife,Dental+Vision Bundle,2024-11-01,2025-11-01,71.3,855.6,0.25,17.82,active,12
POL0001591,MEM001592,AGT0022,VSP,Dental Premium,2024-02-01,2025-02-01,57.36,688.32,0.22,12.62,expired,12
POL0001592,MEM001593,AGT0062,MetLife,Vision Premium,2024-07-01,2026-07-01,35.75,429.0,0.2,7.15,active,24
POL0001593,MEM001594,AGT0077,Zurich,Dental Basic,2024-04-01,2027-04-01,29.1,349.2,0.18,5.24,active,36
POL0001594,MEM001595,AGT0060,VSP,Vision Basic,2023-07-01,2024-07-01,20.56,246.72,0.16,3.29,cancelled,12
POL0001595,MEM001596,AGT0062,MetLife,Dental Premium,2024-02-01,2025-02-01,53.25,639.0,0.22,11.71,active,12
POL0001596,MEM001597,AGT0025,MetLife,Dental Basic,2024-05-01,2025-05-01,29.72,356.64,0.18,5.35,active,12
POL0001597,MEM001598,AGT0052,VSP,Dental+Vision Bundle,2024-06-01,2025-06-01,72.46,869.52,0.25,18.11,active,12
POL0001598,MEM001599,AGT0040,Zurich,Dental+Vision Bundle,2024-02-01,2026-02-01,75.79,909.48,0.25,18.95,cancelled,24
POL0001599,MEM001600,AGT0016,VSP,Dental+Vision Bundle,2023-04-01,2025-04-01,76.37,916.44,0.25,19.09,active,24
POL0001600,MEM001601,AGT0033,Zurich,Dental Premium,2023-07-01,2024-01-01,52.31,627.72,0.22,11.51,active,6
POL0001601,MEM001602,AGT0050,VSP,Vision Premium,2024-06-01,2027-06-01,33.68,404.16,0.2,6.74,cancelled,36
POL0001602,MEM001603,AGT0047,Zurich,Vision Premium,2023-10-01,2024-10-01,35.54,426.48,0.2,7.11,active,12
POL0001603,MEM001604,AGT0078,VSP,Dental+Vision Bundle,2023-02-01,2026-02-01,76.77,921.24,0.25,19.19,active,36
POL0001604,MEM001605,AGT0078,Zurich,Dental+Vision Bundle,2023-06-01,2025-06-01,77.79,933.48,0.25,19.45,cancelled,24
POL0001605,MEM001606,AGT0012,Zurich,Vision Premium,2023-07-01,2026-07-01,34.3,411.6,0.2,6.86,active,36
POL0001606,MEM001607,AGT0011,Zurich,Dental+Vision Bundle,2024-02-01,2026-02-01,77.64,931.68,0.25,19.41,active,24
POL0001607,MEM001608,AGT0033,Zurich,Dental Premium,2024-04-01,2026-04-01,55.74,668.88,0.22,12.26,expired,24
POL0001608,MEM001609,AGT0040,Zurich,Dental Premium,2024-07-01,2025-07-01,56.16,673.92,0.22,12.36,cancelled,12
POL0001609,MEM001610,AGT0045,MetLife,Dental Premium,2023-05-01,2025-05-01,57.12,685.44,0.22,12.57,expired,24
POL0001610,MEM001611,AGT0001,MetLife,Dental+Vision Bundle,2023-09-01,2024-09-01,72.84,874.08,0.25,18.21,active,12
POL0001611,MEM001612,AGT0054,Zurich,Dental Premium,2023-02-01,2024-02-01,54.84,658.08,0.22,12.06,active,12
POL0001612,MEM001613,AGT0023,VSP,Dental Basic,2023-11-01,2024-11-01,29.97,359.64,0.18,5.39,pending,12
POL0001613,MEM001614,AGT0024,Zurich,Dental+Vision Bundle,2023-06-01,2024-06-01,72.8,873.6,0.25,18.2,expired,12
POL0001614,MEM001615,AGT0024,MetLife,Dental Basic,2024-05-01,2025-05-01,29.47,353.64,0.18,5.3,active,12
POL0001615,MEM001616,AGT0053,VSP,Vision Basic,2023-08-01,2024-08-01,20.41,244.92,0.16,3.27,active,12
POL0001616,MEM001617,AGT0011,VSP,Dental Basic,2024-11-01,2025-05-01,30.04,360.48,0.18,5.41,active,6
POL0001617,MEM001618,AGT0044,MetLife,Vision Basic,2023-06-01,2025-06-01,20.96,251.52,0.16,3.35,expired,24
POL0001618,MEM001619,AGT0002,MetLife,Dental Premium,2024-06-01,2026-06-01,57.52,690.24,0.22,12.65,expired,24
POL0001619,MEM001620,AGT0013,MetLife,Vision Basic,2023-02-01,2025-02-01,20.03,240.36,0.16,3.2,active,24
POL0001620,MEM001621,AGT0067,VSP,Dental+Vision Bundle,2023-02-01,2023-08-01,76.65,919.8,0.25,19.16,active,6
POL0001621,MEM001622,AGT0055,VSP,Dental Premium,2024-05-01,2026-05-01,52.9,634.8,0.22,11.64,pending,24
POL0001622,MEM001623,AGT0047,Zurich,Dental Premium,2024-01-01,2025-01-01,53.89,646.68,0.22,11.86,active,12
POL0001623,MEM001624,AGT0043,MetLife,Dental Basic,2024-10-01,2025-10-01,30.63,367.56,0.18,5.51,active,12
POL0001624,MEM001625,AGT0078,MetLife,Dental+Vision Bundle,2024-03-01,2025-03-01,75.61,907.32,0.25,18.9,active,12
POL0001625,MEM001626,AGT0058,Zurich,Vision Premium,2023-11-01,2024-05-01,35.26,423.12,0.2,7.05,active,6
POL0001626,MEM001627,AGT0025,MetLife,Dental+Vision Bundle,2024-06-01,2025-06-01,76.73,920.76,0.25,19.18,active,12
POL0001627,MEM001628,AGT0006,Zurich,Dental Premium,2023-12-01,2026-12-01,53.41,640.92,0.22,11.75,cancelled,36
POL0001628,MEM001629,AGT0063,VSP,Vision Premium,2024-04-01,2026-04-01,35.05,420.6,0.2,7.01,active,24
POL0001629,MEM001630,AGT0061,Zurich,Dental+Vision Bundle,2023-04-01,2025-04-01,73.76,885.12,0.25,18.44,cancelled,24
POL0001630,MEM001631,AGT0078,MetLife,Vision Premium,2023-05-01,2024-05-01,36.74,440.88,0.2,7.35,cancelled,12
POL0001631,MEM001632,AGT0005,MetLife,Vision Basic,2024-07-01,2027-07-01,20.11,241.32,0.16,3.22,expired,36
POL0001632,MEM001633,AGT0060,MetLife,Dental+Vision Bundle,2023-04-01,2025-04-01,74.68,896.16,0.25,18.67,active,24
POL0001633,MEM001634,AGT0031,MetLife,Dental Basic,2023-05-01,2024-05-01,31.15,373.8,0.18,5.61,cancelled,12
POL0001634,MEM001635,AGT0056,Zurich,Dental Basic,2024-12-01,2025-12-01,29.01,348.12,0.18,5.22,expired,12
POL0001635,MEM001636,AGT0029,Zurich,Dental Premium,2024-01-01,2025-01-01,56.37,676.44,0.22,12.4,cancelled,12
POL0001636,MEM001637,AGT0069,Zurich,Vision Premium,2024-06-01,2025-06-01,33.35,400.2,0.2,6.67,expired,12
POL0001637,MEM001638,AGT0074,Zurich,Dental Basic,2023-05-01,2025-05-01,29.71,356.52,0.18,5.35,active,24
POL0001638,MEM001639,AGT0072,VSP,Dental+Vision Bundle,2024-01-01,2025-01-01,75.85,910.2,0.25,18.96,cancelled,12
POL0001639,MEM001640,AGT0038,MetLife,Dental Basic,2023-09-01,2024-09-01,28.55,342.6,0.18,5.14,active,12
POL0001640,MEM001641,AGT0015,Zurich,Dental Premium,2024-01-01,2025-01-01,56.19,674.28,0.22,12.36,active,12
POL0001641,MEM001642,AGT0001,VSP,Dental Basic,2023-12-01,2026-12-01,30.98,371.76,0.18,5.58,cancelled,36
POL0001642,MEM001643,AGT0055,VSP,Vision Premium,2024-08-01,2025-08-01,33.46,401.52,0.2,6.69,active,12
POL0001643,MEM001644,AGT0078,Zurich,Dental Basic,2024-12-01,2026-12-01,30.5,366.0,0.18,5.49,active,24
POL0001644,MEM001645,AGT0059,VSP,Dental Basic,2024-03-01,2025-03-01,30.64,367.68,0.18,5.52,expired,12
POL0001645,MEM001646,AGT0059,MetLife,Vision Basic,2023-11-01,2024-11-01,20.98,251.76,0.16,3.36,active,12
POL0001646,MEM001647,AGT0041,VSP,Vision Basic,2023-06-01,2025-06-01,20.49,245.88,0.16,3.28,expired,24
POL0001647,MEM001648,AGT0062,Zurich,Dental+Vision Bundle,2023-06-01,2023-12-01,71.59,859.08,0.25,17.9,active,6
POL0001648,MEM001649,AGT0008,VSP,Dental Basic,2024-06-01,2025-06-01,28.67,344.04,0.18,5.16,cancelled,12
POL0001649,MEM001650,AGT0023,VSP,Vision Premium,2023-09-01,2025-09-01,34.7,416.4,0.2,6.94,cancelled,24
POL0001650,MEM001651,AGT0071,VSP,Dental Premium,2023-12-01,2025-12-01,56.37,676.44,0.22,12.4,expired,24
POL0001651,MEM001652,AGT0051,VSP,Dental Basic,2024-12-01,2025-12-01,28.6,343.2,0.18,5.15,cancelled,12
POL0001652,MEM001653,AGT0071,VSP,Dental Basic,2023-11-01,2025-11-01,30.61,367.32,0.18,5.51,active,24
POL0001653,MEM001654,AGT0039,VSP,Vision Premium,2023-12-01,2025-12-01,35.04,420.48,0.2,7.01,active,24
POL0001654,MEM001655,AGT0062,VSP,Dental+Vision Bundle,2024-09-01,2025-09-01,72.4,868.8,0.25,18.1,cancelled,12
POL0001655,MEM001656,AGT0002,VSP,Vision Premium,2023-09-01,2024-09-01,35.77,429.24,0.2,7.15,active,12
POL0001656,MEM001657,AGT0049,VSP,Vision Premium,2024-09-01,2026-09-01,36.51,438.12,0.2,7.3,active,24
POL0001657,MEM001658,AGT0046,VSP,Dental Basic,2023-07-01,2024-07-01,28.67,344.04,0.18,5.16,active,12
POL0001658,MEM001659,AGT0044,Zurich,Dental Premium,2023-03-01,2024-03-01,56.99,683.88,0.22,12.54,cancelled,12
POL0001659,MEM001660,AGT0005,MetLife,Dental Basic,2023-07-01,2024-07-01,29.81,357.72,0.18,5.37,active,12
POL0001660,MEM001661,AGT0023,Zurich,Vision Premium,2024-06-01,2025-06-01,35.61,427.32,0.2,7.12,active,12
POL0001661,MEM001662,AGT0049,VSP,Vision Basic,2024-12-01,2025-12-01,19.31,231.72,0.16,3.09,active,12
POL0001662,MEM001663,AGT0016,MetLife,Dental Basic,2024-04-01,2027-04-01,29.3,351.6,0.18,5.27,active,36
POL0001663,MEM001664,AGT0003,Zurich,Vision Basic,2024-06-01,2025-06-01,20.71,248.52,0.16,3.31,cancelled,12
POL0001664,MEM001665,AGT0013,Zurich,Dental Basic,2024-09-01,2025-09-01,29.49,353.88,0.18,5.31,active,12
POL0001665,MEM001666,AGT0074,MetLife,Dental Basic,2024-06-01,2025-06-01,29.05,348.6,0.18,5.23,pending,12
POL0001666,MEM001667,AGT0052,Zurich,Dental Basic,2023-04-01,2024-04-01,31.46,377.52,0.18,5.66,active,12
POL0001667,MEM001668,AGT0063,MetLife,Vision Basic,2024-08-01,2025-08-01,20.68,248.16,0.16,3.31,active,12
POL0001668,MEM001669,AGT0027,Zurich,Dental+Vision Bundle,2024-09-01,2027-09-01,73.16,877.92,0.25,18.29,active,36
POL0001669,MEM001670,AGT0001,Zurich,Dental Premium,2023-08-01,2026-08-01,57.48,689.76,0.22,12.65,active,36
POL0001670,MEM001671,AGT0017,Zurich,Dental Basic,2023-12-01,2024-06-01,31.22,374.64,0.18,5.62,cancelled,6
POL0001671,MEM001672,AGT0033,MetLife,Dental Basic,2023-07-01,2026-07-01,29.87,358.44,0.18,5.38,cancelled,36
POL0001672,MEM001673,AGT0047,Zurich,Dental Basic,2023-06-01,2024-06-01,30.77,369.24,0.18,5.54,cancelled,12
POL0001673,MEM001674,AGT0039,MetLife,Dental+Vision Bundle,2024-12-01,2025-12-01,71.89,862.68,0.25,17.97,active,12
POL0001674,MEM001675,AGT0057,MetLife,Vision Basic,2024-07-01,2025-07-01,19.29,231.48,0.16,3.09,active,12
POL0001675,MEM001676,AGT0078,Zurich,Vision Basic,2023-12-01,2025-12-01,19.73,236.76,0.16,3.16,active,24
POL0001676,MEM001677,AGT0005,MetLife,Dental Basic,2023-05-01,2025-05-01,29.09,349.08,0.18,5.24,cancelled,24
POL0001677,MEM001678,AGT0071,MetLife,Vision Basic,2023-09-01,2024-09-01,20.96,251.52,0.16,3.35,active,12
POL0001678,MEM001679,AGT0055,MetLife,Vision Basic,2023-11-01,2025-11-01,20.67,248.04,0.16,3.31,expired,24
POL0001679,MEM001680,AGT0052,VSP,Dental Basic,2023-10-01,2024-10-01,31.26,375.12,0.18,5.63,active,12
POL0001680,MEM001681,AGT0069,MetLife,Dental Basic,2023-10-01,2026-10-01,29.07,348.84,0.18,5.23,active,36
POL0001681,MEM001682,AGT0073,Zurich,Vision Basic,2023-11-01,2024-11-01,20.98,251.76,0.16,3.36,active,12
POL0001682,MEM001683,AGT0020,VSP,Dental+Vision Bundle,2024-07-01,2025-07-01,73.9,886.8,0.25,18.48,active,12
POL0001683,MEM001684,AGT0078,MetLife,Dental Basic,2024-04-01,2026-04-01,30.8,369.6,0.18,5.54,active,24
POL0001684,MEM001685,AGT0071,VSP,Dental Basic,2023-06-01,2024-06-01,30.85,370.2,0.18,5.55,expired,12
POL0001685,MEM001686,AGT0043,VSP,Dental Basic,2024-11-01,2025-11-01,30.51,366.12,0.18,5.49,active,12
POL0001686,MEM001687,AGT0013,VSP,Dental+Vision Bundle,2023-09-01,2025-09-01,72.8,873.6,0.25,18.2,active,24
POL0001687,MEM001688,AGT0016,MetLife,Vision Basic,2023-09-01,2025-09-01,20.42,245.04,0.16,3.27,expired,24
POL0001688,MEM001689,AGT0013,Zurich,Dental Premium,2023-12-01,2025-12-01,56.17,674.04,0.22,12.36,active,24
POL0001689,MEM001690,AGT0035,Zurich,Dental Basic,2024-09-01,2025-09-01,30.24,362.88,0.18,5.44,active,12
POL0001690,MEM001691,AGT0050,MetLife,Dental Premium,2023-03-01,2024-03-01,57.39,688.68,0.22,12.63,active,12
POL0001691,MEM001692,AGT0077,VSP,Vision Basic,2024-12-01,2026-12-01,19.01,228.12,0.16,3.04,active,24
POL0001692,MEM001693,AGT0066,Zurich,Dental Basic,2023-06-01,2024-06-01,30.77,369.24,0.18,5.54,cancelled,12
POL0001693,MEM001694,AGT0073,Zurich,Dental Premium,2023-06-01,2024-06-01,55.2,662.4,0.22,12.14,cancelled,12
POL0001694,MEM001695,AGT0078,VSP,Vision Premium,2024-11-01,2025-11-01,34.22,410.64,0.2,6.84,active,12
POL0001695,MEM001696,AGT0060,Zurich,Dental Premium,2023-08-01,2025-08-01,52.69,632.28,0.22,11.59,active,24
POL0001696,MEM001697,AGT0040,Zurich,Dental+Vision Bundle,2024-04-01,2025-04-01,75.35,904.2,0.25,18.84,expired,12
POL0001697,MEM001698,AGT0012,Zurich,Dental Basic,2023-12-01,2024-12-01,29.15,349.8,0.18,5.25,active,12
POL0001698,MEM001699,AGT0074,MetLife,Dental Basic,2023-10-01,2024-10-01,30.62,367.44,0.18,5.51,cancelled,12
POL0001699,MEM001700,AGT0002,VSP,Vision Premium,2023-11-01,2025-11-01,35.64,427.68,0.2,7.13,active,24
POL0001700,MEM001701,AGT0066,Zurich,Dental+Vision Bundle,2023-06-01,2026-06-01,75.53,906.36,0.25,18.88,active,36
POL0001701,MEM001702,AGT0002,Zurich,Dental Basic,2024-07-01,2025-01-01,31.42,377.04,0.18,5.66,cancelled,6
POL0001702,MEM001703,AGT0045,MetLife,Dental+Vision Bundle,2023-02-01,2024-02-01,77.57,930.84,0.25,19.39,active,12
POL0001703,MEM001704,AGT0006,Zurich,Dental Premium,2024-12-01,2025-12-01,56.82,681.84,0.22,12.5,active,12
POL0001704,MEM001705,AGT0023,MetLife,Dental Premium,2023-07-01,2024-07-01,55.9,670.8,0.22,12.3,active,12
POL0001705,MEM001706,AGT0007,VSP,Vision Basic,2023-06-01,2024-06-01,20.23,242.76,0.16,3.24,active,12
POL0001706,MEM001707,AGT0044,Zurich,Dental Basic,2023-07-01,2024-07-01,29.46,353.52,0.18,5.3,cancelled,12
POL0001707,MEM001708,AGT0039,VSP,Dental Premium,2024-08-01,2025-08-01,54.72,656.64,0.22,12.04,cancelled,12
POL0001708,MEM001709,AGT0051,MetLife,Dental+Vision Bundle,2023-09-01,2026-09-01,75.76,909.12,0.25,18.94,active,36
POL0001709,MEM001710,AGT0060,Zurich,Dental+Vision Bundle,2024-11-01,2025-11-01,72.77,873.24,0.25,18.19,cancelled,12
POL0001710,MEM001711,AGT0079,VSP,Dental Premium,2023-03-01,2024-03-01,57.7,692.4,0.22,12.69,active,12
POL0001711,MEM001712,AGT0045,Zurich,Dental Basic,2024-01-01,2026-01-01,28.6,343.2,0.18,5.15,active,24
POL0001712,MEM001713,AGT0056,VSP,Dental Basic,2024-01-01,2025-01-01,30.31,363.72,0.18,5.46,expired,12
POL0001713,MEM001714,AGT0053,MetLife,Dental+Vision Bundle,2024-07-01,2026-07-01,75.12,901.44,0.25,18.78,active,24
POL0001714,MEM001715,AGT0029,VSP,Dental Premium,2023-02-01,2024-02-01,56.05,672.6,0.22,12.33,active,12
POL0001715,MEM001716,AGT0024,Zurich,Dental+Vision Bundle,2023-12-01,2024-12-01,75.69,908.28,0.25,18.92,active,12
POL0001716,MEM001717,AGT0021,MetLife,Dental Premium,2023-05-01,2024-05-01,55.95,671.4,0.22,12.31,expired,12
POL0001717,MEM001718,AGT0026,MetLife,Dental Basic,2024-04-01,2026-04-01,30.83,369.96,0.18,5.55,cancelled,24
POL0001718,MEM001719,AGT0054,Zurich,Dental Premium,2023-03-01,2025-03-01,52.94,635.28,0.22,11.65,active,24
POL0001719,MEM001720,AGT0062,Zurich,Dental+Vision Bundle,2023-03-01,2024-03-01,77.82,933.84,0.25,19.45,cancelled,12
POL0001720,MEM001721,AGT0071,VSP,Vision Premium,2023-06-01,2024-06-01,35.47,425.64,0.2,7.09,cancelled,12
POL0001721,MEM001722,AGT0065,Zurich,Dental+Vision Bundle,2023-06-01,2024-06-01,74.67,896.04,0.25,18.67,pending,12
POL0001722,MEM001723,AGT0014,MetLife,Dental Basic,2024-03-01,2025-03-01,29.9,358.8,0.18,5.38,expired,12
POL0001723,MEM001724,AGT0031,MetLife,Vision Premium,2024-01-01,2026-01-01,35.26,423.12,0.2,7.05,active,24
POL0001724,MEM001725,AGT0002,VSP,Vision Basic,2024-01-01,2025-01-01,20.11,241.32,0.16,3.22,active,12
POL0001725,MEM001726,AGT0055,MetLife,Vision Basic,2023-11-01,2024-11-01,20.77,249.24,0.16,3.32,active,12
POL0001726,MEM001727,AGT0036,MetLife,Dental+Vision Bundle,2024-07-01,2025-07-01,72.63,871.56,0.25,18.16,active,12
POL0001727,MEM001728,AGT0061,Zurich,Vision Premium,2023-10-01,2024-10-01,33.83,405.96,0.2,6.77,active,12
POL0001728,MEM001729,AGT0024,MetLife,Dental+Vision Bundle,2023-05-01,2024-05-01,76.94,923.28,0.25,19.23,active,12
POL0001729,MEM001730,AGT0016,MetLife,Dental Premium,2024-09-01,2026-09-01,53.86,646.32,0.22,11.85,active,24
POL0001730,MEM001731,AGT0055,MetLife,Vision Basic,2023-11-01,2026-11-01,19.45,233.4,0.16,3.11,active,36
POL0001731,MEM001732,AGT0053,Zurich,Dental Premium,2023-05-01,2024-05-01,57.28,687.36,0.22,12.6,active,12
POL0001732,MEM001733,AGT0044,VSP,Vision Basic,2024-11-01,2025-11-01,20.12,241.44,0.16,3.22,active,12
POL0001733,MEM001734,AGT0039,MetLife,Dental Premium,2024-07-01,2026-07-01,54.52,654.24,0.22,11.99,active,24
POL0001734,MEM001735,AGT0032,VSP,Dental+Vision Bundle,2023-11-01,2025-11-01,74.0,888.0,0.25,18.5,active,24
POL0001735,MEM001736,AGT0007,Zurich,Vision Premium,2023-08-01,2024-02-01,34.96,419.52,0.2,6.99,active,6
POL0001736,MEM001737,AGT0036,Zurich,Dental Basic,2023-09-01,2024-09-01,31.05,372.6,0.18,5.59,active,12
POL0001737,MEM001738,AGT0047,VSP,Dental Premium,2023-08-01,2024-08-01,56.68,680.16,0.22,12.47,active,12
POL0001738,MEM001739,AGT0017,VSP,Dental Premium,2023-05-01,2024-05-01,55.93,671.16,0.22,12.3,active,12
POL0001739,MEM001740,AGT0078,VSP,Dental Basic,2024-02-01,2026-02-01,28.99,347.88,0.18,5.22,cancelled,24
POL0001740,MEM001741,AGT0050,MetLife,Dental+Vision Bundle,2023-11-01,2025-11-01,74.7,896.4,0.25,18.68,cancelled,24
POL0001741,MEM001742,AGT0006,Zurich,Dental+Vision Bundle,2023-06-01,2025-06-01,72.52,870.24,0.25,18.13,cancelled,24
POL0001742,MEM001743,AGT0058,MetLife,Dental Basic,2024-12-01,2025-12-01,30.0,360.0,0.18,5.4,active,12
POL0001743,MEM001744,AGT0061,MetLife,Vision Basic,2024-08-01,2025-08-01,20.95,251.4,0.16,3.35,active,12
POL0001744,MEM001745,AGT0025,VSP,Vision Basic,2023-07-01,2024-07-01,20.58,246.96,0.16,3.29,active,12
POL0001745,MEM001746,AGT0047,VSP,Vision Basic,2023-10-01,2024-04-01,19.01,228.12,0.16,3.04,active,6
POL0001746,MEM001747,AGT0062,VSP,Vision Basic,2023-06-01,2024-06-01,20.43,245.16,0.16,3.27,cancelled,12
POL0001747,MEM001748,AGT0077,VSP,Vision Premium,2024-06-01,2026-06-01,33.97,407.64,0.2,6.79,expired,24
POL0001748,MEM001749,AGT0073,MetLife,Vision Premium,2023-06-01,2024-06-01,34.32,411.84,0.2,6.86,expired,12
POL0001749,MEM001750,AGT0069,Zurich,Dental+Vision Bundle,2023-08-01,2024-08-01,77.01,924.12,0.25,19.25,expired,12
POL0001750,MEM001751,AGT0050,Zurich,Vision Premium,2023-07-01,2024-07-01,33.93,407.16,0.2,6.79,active,12
POL0001751,MEM001752,AGT0024,MetLife,Dental Basic,2024-03-01,2025-03-01,29.58,354.96,0.18,5.32,expired,12
POL0001752,MEM001753,AGT0066,VSP,Vision Basic,2023-09-01,2024-03-01,20.97,251.64,0.16,3.36,cancelled,6
POL0001753,MEM001754,AGT0029,VSP,Vision Premium,2024-07-01,2026-07-01,35.4,424.8,0.2,7.08,active,24
POL0001754,MEM001755,AGT0029,MetLife,Vision Basic,2024-08-01,2025-08-01,19.18,230.16,0.16,3.07,active,12
POL0001755,MEM001756,AGT0036,MetLife,Dental Premium,2023-11-01,2026-11-01,56.48,677.76,0.22,12.43,cancelled,36
POL0001756,MEM001757,AGT0069,MetLife,Dental Basic,2023-03-01,2024-03-01,31.34,376.08,0.18,5.64,active,12
POL0001757,MEM001758,AGT0011,Zurich,Dental+Vision Bundle,2024-01-01,2025-01-01,76.87,922.44,0.25,19.22,cancelled,12
POL0001758,MEM001759,AGT0079,VSP,Dental Premium,2023-10-01,2025-10-01,54.54,654.48,0.22,12.0,expired,24
POL0001759,MEM001760,AGT0029,Zurich,Dental+Vision Bundle,2023-03-01,2025-03-01,73.15,877.8,0.25,18.29,active,24
POL0001760,MEM001761,AGT0069,Zurich,Dental+Vision Bundle,2023-07-01,2024-07-01,78.44,941.28,0.25,19.61,active,12
POL0001761,MEM001762,AGT0033,Zurich,Vision Basic,2024-09-01,2025-09-01,20.09,241.08,0.16,3.21,active,12
POL0001762,MEM001763,AGT0029,VSP,Dental Premium,2024-08-01,2026-08-01,57.14,685.68,0.22,12.57,cancelled,24
POL0001763,MEM001764,AGT0058,MetLife,Vision Premium,2024-09-01,2025-09-01,36.54,438.48,0.2,7.31,active,12
POL0001764,MEM001765,AGT0062,MetLife,Vision Basic,2024-04-01,2025-04-01,19.86,238.32,0.16,3.18,expired,12
POL0001765,MEM001766,AGT0025,Zurich,Vision Basic,2024-05-01,2024-11-01,19.37,232.44,0.16,3.1,active,6
POL0001766,MEM001767,AGT0040,MetLife,Dental+Vision Bundle,2023-08-01,2025-08-01,76.79,921.48,0.25,19.2,active,24
POL0001767,MEM001768,AGT0019,MetLife,Dental Premium,2024-03-01,2025-03-01,57.31,687.72,0.22,12.61,active,12
POL0001768,MEM001769,AGT0068,MetLife,Vision Premium,2024-05-01,2025-05-01,34.8,417.6,0.2,6.96,active,12
POL0001769,MEM001770,AGT0050,MetLife,Dental Basic,2023-02-01,2024-02-01,28.62,343.44,0.18,5.15,cancelled,12
POL0001770,MEM001771,AGT0032,MetLife,Dental Premium,2023-02-01,2024-02-01,55.64,667.68,0.22,12.24,active,12
POL0001771,MEM001772,AGT0002,MetLife,Vision Basic,2024-11-01,2025-11-01,20.48,245.76,0.16,3.28,active,12
POL0001772,MEM001773,AGT0018,VSP,Vision Premium,2024-01-01,2025-01-01,35.03,420.36,0.2,7.01,active,12
POL0001773,MEM001774,AGT0043,VSP,Dental Basic,2024-04-01,2025-04-01,30.51,366.12,0.18,5.49,active,12
POL0001774,MEM001775,AGT0070,MetLife,Dental Basic,2023-03-01,2025-03-01,31.35,376.2,0.18,5.64,active,24
POL0001775,MEM001776,AGT0038,MetLife,Vision Basic,2023-03-01,2026-03-01,19.59,235.08,0.16,3.13,expired,36
POL0001776,MEM001777,AGT0029,MetLife,Dental Basic,2024-04-01,2025-04-01,30.08,360.96,0.18,5.41,active,12
POL0001777,MEM001778,AGT0037,MetLife,Dental+Vision Bundle,2024-02-01,2025-02-01,72.08,864.96,0.25,18.02,expired,12
POL0001778,MEM001779,AGT0063,MetLife,Dental+Vision Bundle,2025-01-01,2027-01-01,74.16,889.92,0.25,18.54,expired,24
POL0001779,MEM001780,AGT0046,MetLife,Vision Basic,2023-09-01,2024-09-01,19.12,229.44,0.16,3.06,active,12
POL0001780,MEM001781,AGT0006,Zurich,Dental Basic,2023-06-01,2023-12-01,29.48,353.76,0.18,5.31,active,6
POL0001781,MEM001782,AGT0077,MetLife,Vision Premium,2024-04-01,2025-04-01,34.58,414.96,0.2,6.92,active,12
POL0001782,MEM001783,AGT0037,VSP,Dental+Vision Bundle,2023-07-01,2024-07-01,77.26,927.12,0.25,19.32,active,12
POL0001783,MEM001784,AGT0034,Zurich,Vision Premium,2023-11-01,2024-11-01,34.78,417.36,0.2,6.96,active,12
POL0001784,MEM001785,AGT0041,MetLife,Dental Premium,2023-02-01,2025-02-01,55.45,665.4,0.22,12.2,cancelled,24
POL0001785,MEM001786,AGT0074,VSP,Dental+Vision Bundle,2024-06-01,2026-06-01,74.44,893.28,0.25,18.61,active,24
POL0001786,MEM001787,AGT0042,MetLife,Dental Basic,2023-11-01,2024-11-01,29.5,354.0,0.18,5.31,pending,12
POL0001787,MEM001788,AGT0064,VSP,Vision Basic,2024-02-01,2025-02-01,20.14,241.68,0.16,3.22,cancelled,12
POL0001788,MEM001789,AGT0018,Zurich,Dental+Vision Bundle,2024-03-01,2026-03-01,78.58,942.96,0.25,19.64,active,24
POL0001789,MEM001790,AGT0064,Zurich,Vision Basic,2024-02-01,2025-02-01,20.0,240.0,0.16,3.2,expired,12
POL0001790,MEM001791,AGT0050,MetLife,Vision Basic,2024-07-01,2025-01-01,20.12,241.44,0.16,3.22,cancelled,6
POL0001791,MEM001792,AGT0029,Zurich,Dental Basic,2024-04-01,2024-10-01,30.98,371.76,0.18,5.58,active,6
POL0001792,MEM001793,AGT0003,VSP,Vision Basic,2024-02-01,2025-02-01,19.43,233.16,0.16,3.11,active,12
POL0001793,MEM001794,AGT0045,VSP,Dental+Vision Bundle,2023-06-01,2024-06-01,75.32,903.84,0.25,18.83,cancelled,12
POL0001794,MEM001795,AGT0019,Zurich,Dental+Vision Bundle,2023-06-01,2025-06-01,71.25,855.0,0.25,17.81,cancelled,24
POL0001795,MEM001796,AGT0029,MetLife,Vision Premium,2024-04-01,2025-04-01,34.34,412.08,0.2,6.87,active,12
POL0001796,MEM001797,AGT0004,Zurich,Dental+Vision Bundle,2023-06-01,2025-06-01,72.5,870.0,0.25,18.12,active,24
POL0001797,MEM001798,AGT0075,MetLife,Vision Basic,2024-02-01,2026-02-01,19.38,232.56,0.16,3.1,active,24
POL0001798,MEM001799,AGT0019,VSP,Dental Basic,2024-09-01,2025-09-01,31.12,373.44,0.18,5.6,active,12
POL0001799,MEM001800,AGT0073,VSP,Dental Basic,2023-10-01,2024-10-01,29.37,352.44,0.18,5.29,active,12
POL0001800,MEM001801,AGT0068,Zurich,Dental+Vision Bundle,2023-08-01,2024-08-01,78.46,941.52,0.25,19.61,active,12
POL0001801,MEM001802,AGT0057,Zurich,Vision Premium,2024-05-01,2025-05-01,33.43,401.16,0.2,6.69,cancelled,12
POL0001802,MEM001803,AGT0008,Zurich,Dental Basic,2023-11-01,2025-11-01,28.76,345.12,0.18,5.18,active,24
POL0001803,MEM001804,AGT0002,VSP,Dental+Vision Bundle,2023-07-01,2024-07-01,75.58,906.96,0.25,18.89,active,12
POL0001804,MEM001805,AGT0034,Zurich,Vision Basic,2024-12-01,2025-12-01,20.56,246.72,0.16,3.29,active,12
POL0001805,MEM001806,AGT0035,MetLife,Vision Basic,2023-09-01,2025-09-01,19.66,235.92,0.16,3.15,active,24
POL0001806,MEM001807,AGT0080,MetLife,Dental Basic,2023-06-01,2025-06-01,30.71,368.52,0.18,5.53,active,24
POL0001807,MEM001808,AGT0010,Zurich,Vision Basic,2023-08-01,2025-08-01,20.14,241.68,0.16,3.22,active,24
POL0001808,MEM001809,AGT0022,MetLife,Dental+Vision Bundle,2023-12-01,2024-06-01,74.49,893.88,0.25,18.62,cancelled,6
POL0001809,MEM001810,AGT0035,MetLife,Dental Basic,2024-11-01,2025-05-01,28.51,342.12,0.18,5.13,active,6
POL0001810,MEM001811,AGT0031,VSP,Dental Basic,2024-02-01,2025-02-01,31.33,375.96,0.18,5.64,active,12
POL0001811,MEM001812,AGT0077,MetLife,Vision Premium,2023-05-01,2024-05-01,33.81,405.72,0.2,6.76,expired,12
POL0001812,MEM001813,AGT0026,Zurich,Dental+Vision Bundle,2023-12-01,2026-12-01,75.43,905.16,0.25,18.86,cancelled,36
POL0001813,MEM001814,AGT0073,Zurich,Dental Basic,2023-10-01,2025-10-01,31.3,375.6,0.18,5.63,active,24
POL0001814,MEM001815,AGT0041,MetLife,Dental+Vision Bundle,2024-06-01,2025-06-01,78.08,936.96,0.25,19.52,active,12
POL0001815,MEM001816,AGT0051,Zurich,Dental Basic,2023-02-01,2024-02-01,28.95,347.4,0.18,5.21,active,12
POL0001816,MEM001817,AGT0013,VSP,Dental Premium,2024-03-01,2025-03-01,53.01,636.12,0.22,11.66,cancelled,12
POL0001817,MEM001818,AGT0020,MetLife,Vision Basic,2024-06-01,2025-06-01,19.7,236.4,0.16,3.15,expired,12
POL0001818,MEM001819,AGT0005,VSP,Dental Basic,2024-02-01,2024-08-01,31.1,373.2,0.18,5.6,expired,6
POL0001819,MEM001820,AGT0012,Zurich,Dental Basic,2024-12-01,2026-12-01,28.61,343.32,0.18,5.15,active,24
POL0001820,MEM001821,AGT0065,Zurich,Dental+Vision Bundle,2023-09-01,2026-09-01,72.84,874.08,0.25,18.21,expired,36
POL0001821,MEM001822,AGT0058,MetLife,Dental Premium,2024-10-01,2025-04-01,57.35,688.2,0.22,12.62,active,6
POL0001822,MEM001823,AGT0050,MetLife,Dental Basic,2024-02-01,2025-02-01,29.54,354.48,0.18,5.32,active,12
POL0001823,MEM001824,AGT0073,Zurich,Dental+Vision Bundle,2024-10-01,2025-10-01,75.3,903.6,0.25,18.82,active,12
POL0001824,MEM001825,AGT0040,Zurich,Dental+Vision Bundle,2023-05-01,2024-05-01,76.42,917.04,0.25,19.11,expired,12
POL0001825,MEM001826,AGT0059,VSP,Dental Basic,2023-04-01,2026-04-01,31.2,374.4,0.18,5.62,cancelled,36
POL0001826,MEM001827,AGT0036,Zurich,Dental Premium,2023-11-01,2025-11-01,56.2,674.4,0.22,12.36,cancelled,24
POL0001827,MEM001828,AGT0059,VSP,Dental+Vision Bundle,2023-05-01,2026-05-01,78.7,944.4,0.25,19.68,active,36
POL0001828,MEM001829,AGT0016,Zurich,Vision Basic,2023-10-01,2025-10-01,20.88,250.56,0.16,3.34,active,24
POL0001829,MEM001830,AGT0053,Zurich,Dental+Vision Bundle,2024-02-01,2025-02-01,71.94,863.28,0.25,17.98,active,12
POL0001830,MEM001831,AGT0066,Zurich,Dental+Vision Bundle,2023-06-01,2024-06-01,71.6,859.2,0.25,17.9,cancelled,12
POL0001831,MEM001832,AGT0065,VSP,Dental Premium,2024-02-01,2025-02-01,57.19,686.28,0.22,12.58,cancelled,12
POL0001832,MEM001833,AGT0008,Zurich,Vision Premium,2024-12-01,2025-12-01,35.58,426.96,0.2,7.12,cancelled,12
POL0001833,MEM001834,AGT0014,VSP,Dental Premium,2024-08-01,2025-08-01,55.98,671.76,0.22,12.32,expired,12
POL0001834,MEM001835,AGT0029,VSP,Dental+Vision Bundle,2024-09-01,2027-09-01,72.71,872.52,0.25,18.18,active,36
POL0001835,MEM001836,AGT0060,VSP,Vision Basic,2024-12-01,2025-12-01,20.74,248.88,0.16,3.32,active,12
POL0001836,MEM001837,AGT0024,Zurich,Dental Basic,2024-05-01,2025-05-01,30.65,367.8,0.18,5.52,active,12
POL0001837,MEM001838,AGT0052,VSP,Dental Basic,2024-03-01,2025-03-01,28.94,347.28,0.18,5.21,active,12
POL0001838,MEM001839,AGT0061,MetLife,Dental Premium,2024-01-01,2025-01-01,55.88,670.56,0.22,12.29,active,12
POL0001839,MEM001840,AGT0061,MetLife,Vision Basic,2023-03-01,2024-03-01,20.36,244.32,0.16,3.26,cancelled,12
POL0001840,MEM001841,AGT0077,VSP,Dental Basic,2023-12-01,2026-12-01,30.94,371.28,0.18,5.57,expired,36
POL0001841,MEM001842,AGT0028,MetLife,Dental Basic,2024-02-01,2026-02-01,30.6,367.2,0.18,5.51,cancelled,24
POL0001842,MEM001843,AGT0033,Zurich,Dental Basic,2023-02-01,2024-02-01,29.7,356.4,0.18,5.35,active,12
POL0001843,MEM001844,AGT0052,MetLife,Dental Premium,2023-06-01,2026-06-01,54.22,650.64,0.22,11.93,active,36
POL0001844,MEM001845,AGT0028,Zurich,Dental+Vision Bundle,2024-05-01,2024-11-01,72.3,867.6,0.25,18.07,active,6
POL0001845,MEM001846,AGT0055,VSP,Dental+Vision Bundle,2023-08-01,2024-08-01,74.41,892.92,0.25,18.6,active,12
POL0001846,MEM001847,AGT0045,VSP,Vision Basic,2023-12-01,2024-12-01,19.54,234.48,0.16,3.13,active,12
POL0001847,MEM001848,AGT0046,Zurich,Vision Basic,2024-08-01,2026-08-01,20.1,241.2,0.16,3.22,active,24
POL0001848,MEM001849,AGT0026,MetLife,Vision Premium,2023-02-01,2024-02-01,36.03,432.36,0.2,7.21,active,12
POL0001849,MEM001850,AGT0041,MetLife,Dental Basic,2024-09-01,2025-03-01,30.11,361.32,0.18,5.42,active,6
POL0001850,MEM001851,AGT0041,MetLife,Vision Premium,2024-05-01,2025-05-01,36.41,436.92,0.2,7.28,active,12
POL0001851,MEM001852,AGT0067,Zurich,Dental Basic,2024-12-01,2026-12-01,30.15,361.8,0.18,5.43,active,24
POL0001852,MEM001853,AGT0075,MetLife,Dental Basic,2024-05-01,2025-05-01,29.47,353.64,0.18,5.3,active,12
POL0001853,MEM001854,AGT0022,Zurich,Dental Premium,2023-08-01,2025-08-01,52.4,628.8,0.22,11.53,active,24
POL0001854,MEM001855,AGT0074,MetLife,Dental Premium,2024-01-01,2025-01-01,56.7,680.4,0.22,12.47,cancelled,12
POL0001855,MEM001856,AGT0040,Zurich,Dental+Vision Bundle,2024-02-01,2026-02-01,78.08,936.96,0.25,19.52,active,24
POL0001856,MEM001857,AGT0053,VSP,Dental Premium,2023-06-01,2025-06-01,56.05,672.6,0.22,12.33,active,24
POL0001857,MEM001858,AGT0043,MetLife,Dental+Vision Bundle,2024-08-01,2025-08-01,74.48,893.76,0.25,18.62,active,12
POL0001858,MEM001859,AGT0023,Zurich,Vision Basic,2024-05-01,2026-05-01,20.27,243.24,0.16,3.24,expired,24
POL0001859,MEM001860,AGT0037,Zurich,Vision Premium,2024-08-01,2025-08-01,35.53,426.36,0.2,7.11,active,12
POL0001860,MEM001861,AGT0013,MetLife,Dental+Vision Bundle,2024-04-01,2025-04-01,78.61,943.32,0.25,19.65,active,12
POL0001861,MEM001862,AGT0079,VSP,Dental Basic,2023-05-01,2024-05-01,30.35,364.2,0.18,5.46,active,12
POL0001862,MEM001863,AGT0057,Zurich,Vision Basic,2024-10-01,2025-10-01,19.9,238.8,0.16,3.18,expired,12
POL0001863,MEM001864,AGT0028,MetLife,Vision Premium,2023-03-01,2025-03-01,36.42,437.04,0.2,7.28,active,24
POL0001864,MEM001865,AGT0026,VSP,Dental+Vision Bundle,2024-08-01,2026-08-01,76.3,915.6,0.25,19.07,cancelled,24
POL0001865,MEM001866,AGT0051,MetLife,Dental+Vision Bundle,2024-01-01,2025-01-01,74.29,891.48,0.25,18.57,active,12
POL0001866,MEM001867,AGT0035,Zurich,Dental Premium,2023-09-01,2024-03-01,55.54,666.48,0.22,12.22,active,6
POL0001867,MEM001868,AGT0054,MetLife,Dental Basic,2024-03-01,2024-09-01,29.66,355.92,0.18,5.34,expired,6
POL0001868,MEM001869,AGT0077,VSP,Dental Premium,2023-07-01,2024-07-01,53.0,636.0,0.22,11.66,pending,12
POL0001869,MEM001870,AGT0072,VSP,Dental Basic,2024-09-01,2025-09-01,29.9,358.8,0.18,5.38,active,12
POL0001870,MEM001871,AGT0074,VSP,Dental Basic,2024-11-01,2026-11-01,31.16,373.92,0.18,5.61,active,24
POL0001871,MEM001872,AGT0052,VSP,Vision Basic,2024-11-01,2027-11-01,19.26,231.12,0.16,3.08,cancelled,36
POL0001872,MEM001873,AGT0017,Zurich,Dental Basic,2024-04-01,2026-04-01,28.88,346.56,0.18,5.2,cancelled,24
POL0001873,MEM001874,AGT0071,MetLife,Dental+Vision Bundle,2024-09-01,2027-09-01,71.88,862.56,0.25,17.97,cancelled,36
POL0001874,MEM001875,AGT0004,VSP,Dental Basic,2023-08-01,2024-08-01,30.8,369.6,0.18,5.54,active,12
POL0001875,MEM001876,AGT0080,Zurich,Vision Basic,2024-09-01,2025-09-01,20.53,246.36,0.16,3.28,active,12
POL0001876,MEM001877,AGT0004,Zurich,Vision Premium,2023-04-01,2024-04-01,34.19,410.28,0.2,6.84,expired,12
POL0001877,MEM001878,AGT0031,Zurich,Dental+Vision Bundle,2024-05-01,2026-05-01,75.7,908.4,0.25,18.93,cancelled,24
POL0001878,MEM001879,AGT0032,Zurich,Vision Premium,2023-12-01,2025-12-01,34.69,416.28,0.2,6.94,cancelled,24
POL0001879,MEM001880,AGT0036,MetLife,Dental+Vision Bundle,2024-02-01,2025-02-01,74.01,888.12,0.25,18.5,active,12
POL0001880,MEM001881,AGT0014,MetLife,Vision Basic,2024-11-01,2025-11-01,19.97,239.64,0.16,3.2,cancelled,12
POL0001881,MEM001882,AGT0019,VSP,Dental Premium,2024-10-01,2025-04-01,52.59,631.08,0.22,11.57,active,6
POL0001882,MEM001883,AGT0064,VSP,Dental+Vision Bundle,2023-08-01,2026-08-01,78.38,940.56,0.25,19.59,active,36
POL0001883,MEM001884,AGT0063,MetLife,Dental Premium,2023-09-01,2025-09-01,53.05,636.6,0.22,11.67,active,24
POL0001884,MEM001885,AGT0054,VSP,Dental+Vision Bundle,2024-06-01,2025-06-01,72.76,873.12,0.25,18.19,active,12
POL0001885,MEM001886,AGT0024,VSP,Dental Basic,2024-11-01,2026-11-01,29.66,355.92,0.18,5.34,active,24
POL0001886,MEM001887,AGT0005,MetLife,Dental+Vision Bundle,2023-08-01,2024-08-01,76.83,921.96,0.25,19.21,active,12
POL0001887,MEM001888,AGT0077,Zurich,Dental Basic,2024-01-01,2025-01-01,30.29,363.48,0.18,5.45,expired,12
POL0001888,MEM001889,AGT0025,Zurich,Dental Basic,2024-07-01,2025-07-01,28.81,345.72,0.18,5.19,expired,12
POL0001889,MEM001890,AGT0020,MetLife,Dental+Vision Bundle,2023-02-01,2023-08-01,77.04,924.48,0.25,19.26,active,6
POL0001890,MEM001891,AGT0042,MetLife,Dental Basic,2023-05-01,2024-05-01,30.69,368.28,0.18,5.52,active,12
POL0001891,MEM001892,AGT0062,MetLife,Dental+Vision Bundle,2023-06-01,2024-06-01,71.9,862.8,0.25,17.98,cancelled,12
POL0001892,MEM001893,AGT0060,Zurich,Dental+Vision Bundle,2024-01-01,2025-01-01,74.03,888.36,0.25,18.51,active,12
POL0001893,MEM001894,AGT0025,VSP,Dental Basic,2024-04-01,2025-04-01,31.37,376.44,0.18,5.65,cancelled,12
POL0001894,MEM001895,AGT0075,Zurich,Dental Premium,2023-11-01,2024-11-01,53.06,636.72,0.22,11.67,active,12
POL0001895,MEM001896,AGT0058,VSP,Vision Basic,2023-08-01,2025-08-01,20.41,244.92,0.16,3.27,active,24
POL0001896,MEM001897,AGT0014,Zurich,Dental Premium,2023-11-01,2024-05-01,53.05,636.6,0.22,11.67,expired,6
POL0001897,MEM001898,AGT0048,Zurich,Dental+Vision Bundle,2023-08-01,2024-08-01,73.18,878.16,0.25,18.3,cancelled,12
POL0001898,MEM001899,AGT0066,VSP,Vision Basic,2024-05-01,2026-05-01,20.58,246.96,0.16,3.29,active,24
POL0001899,MEM001900,AGT0051,MetLife,Dental Basic,2023-11-01,2025-11-01,30.89,370.68,0.18,5.56,active,24
POL0001900,MEM001901,AGT0046,MetLife,Dental Basic,2023-12-01,2024-06-01,31.2,374.4,0.18,5.62,expired,6
POL0001901,MEM001902,AGT0019,VSP,Dental Basic,2024-12-01,2025-12-01,29.16,349.92,0.18,5.25,cancelled,12
POL0001902,MEM001903,AGT0028,VSP,Vision Basic,2023-12-01,2025-12-01,19.38,232.56,0.16,3.1,expired,24
POL0001903,MEM001904,AGT0009,VSP,Dental Premium,2023-12-01,2024-12-01,56.83,681.96,0.22,12.5,active,12
POL0001904,MEM001905,AGT0014,Zurich,Dental Premium,2023-09-01,2024-09-01,56.03,672.36,0.22,12.33,active,12
POL0001905,MEM001906,AGT0054,Zurich,Vision Premium,2024-10-01,2026-10-01,33.58,402.96,0.2,6.72,active,24
POL0001906,MEM001907,AGT0026,MetLife,Dental+Vision Bundle,2023-12-01,2026-12-01,72.34,868.08,0.25,18.09,active,36
POL0001907,MEM001908,AGT0054,MetLife,Dental Basic,2024-06-01,2025-06-01,31.31,375.72,0.18,5.64,expired,12
POL0001908,MEM001909,AGT0076,VSP,Dental Basic,2023-07-01,2026-07-01,30.04,360.48,0.18,5.41,active,36
POL0001909,MEM001910,AGT0074,MetLife,Dental+Vision Bundle,2023-02-01,2025-02-01,78.44,941.28,0.25,19.61,cancelled,24
POL0001910,MEM001911,AGT0005,Zurich,Dental+Vision Bundle,2023-11-01,2024-11-01,72.37,868.44,0.25,18.09,active,12
POL0001911,MEM001912,AGT0009,VSP,Dental Basic,2023-03-01,2026-03-01,29.52,354.24,0.18,5.31,active,36
POL0001912,MEM001913,AGT0041,VSP,Dental Premium,2024-04-01,2026-04-01,56.39,676.68,0.22,12.41,active,24
POL0001913,MEM001914,AGT0079,MetLife,Dental Premium,2024-08-01,2025-08-01,54.07,648.84,0.22,11.9,active,12
POL0001914,MEM001915,AGT0048,Zurich,Dental Basic,2024-05-01,2025-05-01,29.34,352.08,0.18,5.28,expired,12
POL0001915,MEM001916,AGT0018,MetLife,Dental+Vision Bundle,2023-09-01,2024-09-01,72.2,866.4,0.25,18.05,active,12
POL0001916,MEM001917,AGT0012,MetLife,Vision Premium,2024-04-01,2026-04-01,35.0,420.0,0.2,7.0,expired,24
POL0001917,MEM001918,AGT0007,VSP,Dental+Vision Bundle,2024-02-01,2025-02-01,76.86,922.32,0.25,19.21,pending,12
POL0001918,MEM001919,AGT0039,MetLife,Dental Premium,2023-03-01,2025-03-01,53.06,636.72,0.22,11.67,active,24
POL0001919,MEM001920,AGT0022,MetLife,Vision Basic,2024-10-01,2026-10-01,19.25,231.0,0.16,3.08,active,24
POL0001920,MEM001921,AGT0019,Zurich,Dental+Vision Bundle,2023-06-01,2024-06-01,71.75,861.0,0.25,17.94,active,12
POL0001921,MEM001922,AGT0067,Zurich,Dental Basic,2024-03-01,2025-03-01,30.16,361.92,0.18,5.43,active,12
POL0001922,MEM001923,AGT0042,Zurich,Vision Basic,2024-06-01,2024-12-01,19.08,228.96,0.16,3.05,active,6
POL0001923,MEM001924,AGT0011,VSP,Vision Basic,2023-05-01,2024-05-01,19.45,233.4,0.16,3.11,cancelled,12
POL0001924,MEM001925,AGT0010,VSP,Dental Basic,2023-10-01,2024-10-01,31.38,376.56,0.18,5.65,active,12
POL0001925,MEM001926,AGT0050,MetLife,Vision Basic,2023-02-01,2026-02-01,19.87,238.44,0.16,3.18,active,36
POL0001926,MEM001927,AGT0068,Zurich,Dental+Vision Bundle,2024-01-01,2025-01-01,74.08,888.96,0.25,18.52,active,12
POL0001927,MEM001928,AGT0065,MetLife,Dental+Vision Bundle,2023-12-01,2024-12-01,75.33,903.96,0.25,18.83,active,12
POL0001928,MEM001929,AGT0058,Zurich,Vision Basic,2023-09-01,2024-09-01,20.38,244.56,0.16,3.26,active,12
POL0001929,MEM001930,AGT0036,VSP,Dental Basic,2024-03-01,2024-09-01,30.49,365.88,0.18,5.49,active,6
POL0001930,MEM001931,AGT0019,VSP,Dental+Vision Bundle,2023-12-01,2024-12-01,72.8,873.6,0.25,18.2,cancelled,12
POL0001931,MEM001932,AGT0059,MetLife,Dental Premium,2023-05-01,2025-05-01,56.18,674.16,0.22,12.36,active,24
POL0001932,MEM001933,AGT0046,VSP,Dental Basic,2024-06-01,2025-06-01,29.06,348.72,0.18,5.23,active,12
POL0001933,MEM001934,AGT0056,MetLife,Dental Basic,2024-08-01,2026-08-01,28.9,346.8,0.18,5.2,active,24
POL0001934,MEM001935,AGT0043,MetLife,Dental Premium,2024-06-01,2026-06-01,52.43,629.16,0.22,11.53,expired,24
POL0001935,MEM001936,AGT0049,Zurich,Dental+Vision Bundle,2024-02-01,2026-02-01,78.29,939.48,0.25,19.57,active,24
POL0001936,MEM001937,AGT0052,MetLife,Vision Basic,2023-08-01,2026-08-01,19.43,233.16,0.16,3.11,cancelled,36
POL0001937,MEM001938,AGT0056,MetLife,Vision Premium,2024-07-01,2025-07-01,36.06,432.72,0.2,7.21,active,12
POL0001938,MEM001939,AGT0029,MetLife,Dental Basic,2024-11-01,2027-11-01,29.56,354.72,0.18,5.32,active,36
POL0001939,MEM001940,AGT0031,MetLife,Vision Basic,2023-03-01,2025-03-01,19.75,237.0,0.16,3.16,active,24
POL0001940,MEM001941,AGT0052,VSP,Dental Premium,2023-11-01,2025-11-01,53.96,647.52,0.22,11.87,expired,24
POL0001941,MEM001942,AGT0027,MetLife,Vision Premium,2023-09-01,2024-09-01,35.32,423.84,0.2,7.06,active,12
POL0001942,MEM001943,AGT0037,Zurich,Dental Basic,2024-01-01,2025-01-01,30.92,371.04,0.18,5.57,cancelled,12
POL0001943,MEM001944,AGT0062,Zurich,Dental Premium,2023-08-01,2024-08-01,53.49,641.88,0.22,11.77,active,12
POL0001944,MEM001945,AGT0009,MetLife,Dental Basic,2023-10-01,2024-10-01,30.23,362.76,0.18,5.44,active,12
POL0001945,MEM001946,AGT0061,VSP,Dental Premium,2024-05-01,2025-05-01,56.87,682.44,0.22,12.51,active,12
POL0001946,MEM001947,AGT0022,Zurich,Vision Premium,2023-08-01,2024-02-01,35.86,430.32,0.2,7.17,cancelled,6
POL0001947,MEM001948,AGT0061,Zurich,Dental Basic,2023-02-01,2025-02-01,29.4,352.8,0.18,5.29,active,24
POL0001948,MEM001949,AGT0006,MetLife,Vision Basic,2023-10-01,2024-10-01,19.98,239.76,0.16,3.2,cancelled,12
POL0001949,MEM001950,AGT0065,MetLife,Vision Premium,2023-11-01,2024-11-01,34.49,413.88,0.2,6.9,active,12
POL0001950,MEM001951,AGT0043,VSP,Vision Basic,2023-05-01,2024-05-01,19.13,229.56,0.16,3.06,active,12
POL0001951,MEM001952,AGT0063,VSP,Dental Premium,2024-01-01,2025-01-01,56.85,682.2,0.22,12.51,active,12
POL0001952,MEM001953,AGT0043,Zurich,Vision Premium,2023-02-01,2024-02-01,36.56,438.72,0.2,7.31,pending,12
POL0001953,MEM001954,AGT0035,Zurich,Vision Basic,2024-10-01,2026-10-01,19.25,231.0,0.16,3.08,active,24
POL0001954,MEM001955,AGT0053,MetLife,Vision Premium,2024-11-01,2025-11-01,34.99,419.88,0.2,7.0,active,12
POL0001955,MEM001956,AGT0004,MetLife,Vision Basic,2023-06-01,2024-06-01,20.94,251.28,0.16,3.35,active,12
POL0001956,MEM001957,AGT0012,MetLife,Dental+Vision Bundle,2024-04-01,2025-04-01,78.01,936.12,0.25,19.5,active,12
POL0001957,MEM001958,AGT0070,VSP,Dental+Vision Bundle,2024-02-01,2024-08-01,78.14,937.68,0.25,19.54,active,6
POL0001958,MEM001959,AGT0045,VSP,Dental Premium,2024-07-01,2025-07-01,53.26,639.12,0.22,11.72,expired,12
POL0001959,MEM001960,AGT0025,MetLife,Vision Basic,2024-04-01,2025-04-01,20.1,241.2,0.16,3.22,expired,12
POL0001960,MEM001961,AGT0059,Zurich,Dental+Vision Bundle,2024-01-01,2025-01-01,73.41,880.92,0.25,18.35,active,12
POL0001961,MEM001962,AGT0002,VSP,Dental+Vision Bundle,2024-01-01,2025-01-01,73.58,882.96,0.25,18.39,expired,12
POL0001962,MEM001963,AGT0067,VSP,Vision Basic,2023-06-01,2025-06-01,20.8,249.6,0.16,3.33,active,24
POL0001963,MEM001964,AGT0063,VSP,Dental Basic,2024-12-01,2025-12-01,29.88,358.56,0.18,5.38,active,12
POL0001964,MEM001965,AGT0006,MetLife,Dental Premium,2023-11-01,2025-11-01,54.97,659.64,0.22,12.09,active,24
POL0001965,MEM001966,AGT0063,VSP,Dental Basic,2024-09-01,2025-03-01,29.7,356.4,0.18,5.35,active,6
POL0001966,MEM001967,AGT0033,MetLife,Dental Premium,2024-01-01,2027-01-01,56.43,677.16,0.22,12.41,active,36
POL0001967,MEM001968,AGT0020,MetLife,Vision Premium,2023-11-01,2024-05-01,36.62,439.44,0.2,7.32,active,6
POL0001968,MEM001969,AGT0075,MetLife,Dental Premium,2023-06-01,2025-06-01,53.13,637.56,0.22,11.69,pending,24
POL0001969,MEM001970,AGT0032,Zurich,Vision Basic,2023-03-01,2025-03-01,19.23,230.76,0.16,3.08,expired,24
POL0001970,MEM001971,AGT0034,VSP,Vision Basic,2024-04-01,2026-04-01,20.28,243.36,0.16,3.24,active,24
POL0001971,MEM001972,AGT0042,Zurich,Dental Basic,2023-07-01,2024-07-01,31.27,375.24,0.18,5.63,expired,12
POL0001972,MEM001973,AGT0054,Zurich,Dental Basic,2023-08-01,2024-08-01,31.09,373.08,0.18,5.6,active,12
POL0001973,MEM001974,AGT0073,Zurich,Vision Basic,2023-12-01,2024-12-01,20.57,246.84,0.16,3.29,cancelled,12
POL0001974,MEM001975,AGT0013,MetLife,Vision Basic,2023-08-01,2024-08-01,19.51,234.12,0.16,3.12,cancelled,12
POL0001975,MEM001976,AGT0060,VSP,Dental Premium,2023-12-01,2024-12-01,53.33,639.96,0.22,11.73,active,12
POL0001976,MEM001977,AGT0004,Zurich,Dental Basic,2024-04-01,2025-04-01,30.83,369.96,0.18,5.55,cancelled,12
POL0001977,MEM001978,AGT0079,VSP,Vision Premium,2024-04-01,2027-04-01,34.75,417.0,0.2,6.95,active,36
POL0001978,MEM001979,AGT0017,Zurich,Vision Basic,2024-09-01,2026-09-01,20.79,249.48,0.16,3.33,active,24
POL0001979,MEM001980,AGT0051,MetLife,Dental Premium,2024-09-01,2027-09-01,52.42,629.04,0.22,11.53,active,36
POL0001980,MEM001981,AGT0059,MetLife,Dental Basic,2023-02-01,2024-02-01,29.19,350.28,0.18,5.25,active,12
POL0001981,MEM001982,AGT0077,MetLife,Dental+Vision Bundle,2023-11-01,2024-11-01,78.1,937.2,0.25,19.52,active,12
POL0001982,MEM001983,AGT0008,MetLife,Vision Premium,2024-09-01,2025-09-01,36.08,432.96,0.2,7.22,active,12
POL0001983,MEM001984,AGT0027,Zurich,Dental Basic,2024-12-01,2026-12-01,30.18,362.16,0.18,5.43,active,24
POL0001984,MEM001985,AGT0020,VSP,Vision Basic,2024-06-01,2025-06-01,19.61,235.32,0.16,3.14,expired,12
POL0001985,MEM001986,AGT0026,MetLife,Dental Basic,2023-02-01,2024-02-01,28.78,345.36,0.18,5.18,expired,12
POL0001986,MEM001987,AGT0013,MetLife,Dental Basic,2023-07-01,2024-07-01,28.58,342.96,0.18,5.14,active,12
POL0001987,MEM001988,AGT0057,VSP,Dental Basic,2024-05-01,2025-05-01,30.16,361.92,0.18,5.43,active,12
POL0001988,MEM001989,AGT0062,MetLife,Dental+Vision Bundle,2023-06-01,2025-06-01,71.38,856.56,0.25,17.84,active,24
POL0001989,MEM001990,AGT0057,Zurich,Vision Basic,2024-08-01,2026-08-01,19.44,233.28,0.16,3.11,active,24
POL0001990,MEM001991,AGT0024,MetLife,Dental+Vision Bundle,2024-04-01,2025-04-01,75.21,902.52,0.25,18.8,active,12
POL0001991,MEM001992,AGT0066,Zurich,Vision Premium,2024-12-01,2025-12-01,34.42,413.04,0.2,6.88,active,12
POL0001992,MEM001993,AGT0038,VSP,Vision Premium,2023-08-01,2024-08-01,36.69,440.28,0.2,7.34,active,12
POL0001993,MEM001994,AGT0036,VSP,Dental Premium,2024-09-01,2025-09-01,54.29,651.48,0.22,11.94,expired,12
POL0001994,MEM001995,AGT0055,MetLife,Dental Basic,2023-05-01,2024-05-01,30.36,364.32,0.18,5.46,active,12
POL0001995,MEM001996,AGT0050,MetLife,Vision Basic,2024-05-01,2026-05-01,20.83,249.96,0.16,3.33,active,24
POL0001996,MEM001997,AGT0046,MetLife,Vision Basic,2023-03-01,2025-03-01,19.38,232.56,0.16,3.1,cancelled,24
POL0001997,MEM001998,AGT0021,VSP,Vision Basic,2024-05-01,2025-05-01,19.98,239.76,0.16,3.2,active,12
POL0001998,MEM001999,AGT0068,VSP,Vision Basic,2024-06-01,2025-06-01,20.03,240.36,0.16,3.2,active,12
POL0001999,MEM002000,AGT0073,VSP,Vision Basic,2023-07-01,2024-07-01,19.41,232.92,0.16,3.11,cancelled,12
POL0002000,MEM002001,AGT0051,MetLife,Dental+Vision Bundle,2023-06-01,2024-06-01,72.8,873.6,0.25,18.2,cancelled,12
POL0002001,MEM002002,AGT0061,Zurich,Vision Premium,2024-11-01,2025-05-01,34.14,409.68,0.2,6.83,active,6
POL0002002,MEM002003,AGT0034,MetLife,Vision Premium,2024-09-01,2025-09-01,34.01,408.12,0.2,6.8,cancelled,12
POL0002003,MEM002004,AGT0075,Zurich,Dental+Vision Bundle,2024-09-01,2025-09-01,78.44,941.28,0.25,19.61,cancelled,12
POL0002004,MEM002005,AGT0021,MetLife,Dental Basic,2023-04-01,2025-04-01,29.03,348.36,0.18,5.23,cancelled,24
POL0002005,MEM002006,AGT0042,MetLife,Dental+Vision Bundle,2023-05-01,2025-05-01,72.68,872.16,0.25,18.17,active,24
POL0002006,MEM002007,AGT0050,VSP,Dental+Vision Bundle,2023-09-01,2024-03-01,77.33,927.96,0.25,19.33,expired,6
POL0002007,MEM002008,AGT0005,Zurich,Dental Basic,2023-04-01,2024-04-01,31.09,373.08,0.18,5.6,active,12
POL0002008,MEM002009,AGT0042,MetLife,Vision Premium,2024-02-01,2024-08-01,34.02,408.24,0.2,6.8,active,6
POL0002009,MEM002010,AGT0072,MetLife,Dental Basic,2024-02-01,2025-02-01,31.39,376.68,0.18,5.65,active,12
POL0002010,MEM002011,AGT0029,MetLife,Vision Premium,2024-06-01,2025-06-01,33.94,407.28,0.2,6.79,pending,12
POL0002011,MEM002012,AGT0012,Zurich,Dental Basic,2024-04-01,2025-04-01,28.96,347.52,0.18,5.21,active,12
POL0002012,MEM002013,AGT0005,MetLife,Dental+Vision Bundle,2024-12-01,2027-12-01,75.77,909.24,0.25,18.94,active,36
POL0002013,MEM002014,AGT0070,MetLife,Dental Premium,2024-02-01,2026-02-01,55.13,661.56,0.22,12.13,active,24
POL0002014,MEM002015,AGT0025,MetLife,Vision Basic,2024-12-01,2026-12-01,19.76,237.12,0.16,3.16,cancelled,24
POL0002015,MEM002016,AGT0046,Zurich,Dental+Vision Bundle,2024-05-01,2026-05-01,77.43,929.16,0.25,19.36,cancelled,24
POL0002016,MEM002017,AGT0055,Zurich,Dental Premium,2023-06-01,2023-12-01,56.86,682.32,0.22,12.51,pending,6
POL0002017,MEM002018,AGT0017,Zurich,Dental Premium,2023-04-01,2025-04-01,55.38,664.56,0.22,12.18,active,24
POL0002018,MEM002019,AGT0007,Zurich,Vision Basic,2023-06-01,2026-06-01,19.95,239.4,0.16,3.19,active,36
POL0002019,MEM002020,AGT0033,VSP,Vision Premium,2023-02-01,2026-02-01,34.58,414.96,0.2,6.92,active,36
POL0002020,MEM002021,AGT0010,Zurich,Vision Basic,2023-04-01,2024-04-01,19.91,238.92,0.16,3.19,active,12
POL0002021,MEM002022,AGT0052,Zurich,Dental Basic,2024-07-01,2025-07-01,31.42,377.04,0.18,5.66,active,12
POL0002022,MEM002023,AGT0034,Zurich,Dental Basic,2023-05-01,2024-05-01,28.63,343.56,0.18,5.15,active,12
POL0002023,MEM002024,AGT0026,VSP,Dental+Vision Bundle,2024-01-01,2025-01-01,72.6,871.2,0.25,18.15,active,12
POL0002024,MEM002025,AGT0071,Zurich,Dental Premium,2023-04-01,2025-04-01,52.55,630.6,0.22,11.56,active,24
POL0002025,MEM002026,AGT0064,MetLife,Dental+Vision Bundle,2024-12-01,2025-12-01,75.48,905.76,0.25,18.87,pending,12
POL0002026,MEM002027,AGT0010,VSP,Vision Basic,2024-08-01,2026-08-01,20.81,249.72,0.16,3.33,cancelled,24
POL0002027,MEM002028,AGT0062,MetLife,Dental Premium,2024-10-01,2025-10-01,55.89,670.68,0.22,12.3,cancelled,12
POL0002028,MEM002029,AGT0064,Zurich,Dental Basic,2023-03-01,2024-03-01,31.23,374.76,0.18,5.62,active,12
POL0002029,MEM002030,AGT0039,MetLife,Dental Basic,2024-01-01,2025-01-01,30.79,369.48,0.18,5.54,active,12
POL0002030,MEM002031,AGT0069,Zurich,Dental+Vision Bundle,2023-03-01,2023-09-01,72.11,865.32,0.25,18.03,active,6
POL0002031,MEM002032,AGT0062,MetLife,Dental Premium,2024-12-01,2026-12-01,52.77,633.24,0.22,11.61,expired,24
POL0002032,MEM002033,AGT0055,Zurich,Dental Basic,2024-02-01,2026-02-01,29.11,349.32,0.18,5.24,cancelled,24
POL0002033,MEM002034,AGT0048,VSP,Dental Basic,2024-04-01,2026-04-01,31.04,372.48,0.18,5.59,active,24
POL0002034,MEM002035,AGT0030,MetLife,Vision Basic,2024-04-01,2027-04-01,19.84,238.08,0.16,3.17,active,36
POL0002035,MEM002036,AGT0073,MetLife,Dental+Vision Bundle,2023-09-01,2024-09-01,76.4,916.8,0.25,19.1,expired,12
POL0002036,MEM002037,AGT0010,MetLife,Dental Basic,2023-02-01,2025-02-01,29.75,357.0,0.18,5.35,active,24
POL0002037,MEM002038,AGT0041,VSP,Vision Basic,2023-08-01,2026-08-01,20.04,240.48,0.16,3.21,cancelled,36
POL0002038,MEM002039,AGT0078,VSP,Vision Basic,2023-10-01,2024-10-01,20.87,250.44,0.16,3.34,active,12
POL0002039,MEM002040,AGT0033,Zurich,Dental Basic,2023-06-01,2026-06-01,29.93,359.16,0.18,5.39,expired,36
POL0002040,MEM002041,AGT0039,VSP,Vision Premium,2024-02-01,2027-02-01,35.31,423.72,0.2,7.06,expired,36
POL0002041,MEM002042,AGT0035,VSP,Vision Premium,2023-11-01,2026-11-01,36.44,437.28,0.2,7.29,pending,36
POL0002042,MEM002043,AGT0045,VSP,Vision Premium,2024-06-01,2025-06-01,34.19,410.28,0.2,6.84,active,12
POL0002043,MEM002044,AGT0011,MetLife,Dental+Vision Bundle,2024-10-01,2025-10-01,72.75,873.0,0.25,18.19,active,12
POL0002044,MEM002045,AGT0071,MetLife,Dental Basic,2024-07-01,2026-07-01,30.46,365.52,0.18,5.48,expired,24
POL0002045,MEM002046,AGT0057,Zurich,Vision Premium,2023-06-01,2025-06-01,34.47,413.64,0.2,6.89,active,24
POL0002046,MEM002047,AGT0005,VSP,Dental Premium,2023-05-01,2025-05-01,53.69,644.28,0.22,11.81,active,24
POL0002047,MEM002048,AGT0008,VSP,Dental+Vision Bundle,2024-02-01,2025-02-01,76.8,921.6,0.25,19.2,active,12
POL0002048,MEM002049,AGT0049,VSP,Dental Premium,2024-02-01,2025-02-01,55.45,665.4,0.22,12.2,active,12
POL0002049,MEM002050,AGT0024,Zurich,Dental Premium,2023-09-01,2024-09-01,52.67,632.04,0.22,11.59,active,12
POL0002050,MEM002051,AGT0070,VSP,Dental+Vision Bundle,2023-03-01,2024-03-01,76.78,921.36,0.25,19.2,active,12
POL0002051,MEM002052,AGT0076,MetLife,Vision Premium,2024-10-01,2025-10-01,34.12,409.44,0.2,6.82,active,12
POL0002052,MEM002053,AGT0008,MetLife,Vision Basic,2024-01-01,2024-07-01,20.27,243.24,0.16,3.24,active,6
POL0002053,MEM002054,AGT0060,VSP,Vision Basic,2024-12-01,2026-12-01,19.47,233.64,0.16,3.12,active,24
POL0002054,MEM002055,AGT0021,VSP,Vision Basic,2024-09-01,2025-09-01,19.0,228.0,0.16,3.04,cancelled,12
POL0002055,MEM002056,AGT0036,Zurich,Dental+Vision Bundle,2023-10-01,2025-10-01,76.85,922.2,0.25,19.21,active,24
POL0002056,MEM002057,AGT0038,VSP,Vision Basic,2023-04-01,2024-04-01,19.44,233.28,0.16,3.11,cancelled,12
POL0002057,MEM002058,AGT0035,Zurich,Dental Premium,2023-03-01,2024-03-01,52.39,628.68,0.22,11.53,active,12
POL0002058,MEM002059,AGT0040,Zurich,Vision Premium,2024-11-01,2026-11-01,34.22,410.64,0.2,6.84,expired,24
POL0002059,MEM002060,AGT0060,MetLife,Dental Premium,2023-10-01,2024-04-01,57.56,690.72,0.22,12.66,active,6
POL0002060,MEM002061,AGT0062,Zurich,Dental+Vision Bundle,2024-05-01,2025-05-01,75.23,902.76,0.25,18.81,active,12
POL0002061,MEM002062,AGT0075,MetLife,Dental Premium,2023-09-01,2024-09-01,57.33,687.96,0.22,12.61,active,12
POL0002062,MEM002063,AGT0009,VSP,Dental Basic,2024-10-01,2025-10-01,30.31,363.72,0.18,5.46,active,12
POL0002063,MEM002064,AGT0017,MetLife,Vision Basic,2023-11-01,2024-11-01,19.6,235.2,0.16,3.14,cancelled,12
POL0002064,MEM002065,AGT0015,Zurich,Dental Basic,2023-06-01,2023-12-01,31.25,375.0,0.18,5.62,cancelled,6
POL0002065,MEM002066,AGT0075,VSP,Dental Basic,2025-01-01,2025-07-01,29.15,349.8,0.18,5.25,active,6
POL0002066,MEM002067,AGT0033,MetLife,Vision Premium,2023-09-01,2026-09-01,36.3,435.6,0.2,7.26,active,36
POL0002067,MEM002068,AGT0077,MetLife,Dental Premium,2024-01-01,2024-07-01,57.08,684.96,0.22,12.56,active,6
POL0002068,MEM002069,AGT0015,Zurich,Dental Basic,2023-04-01,2025-04-01,30.61,367.32,0.18,5.51,expired,24
POL0002069,MEM002070,AGT0048,Zurich,Dental Premium,2023-08-01,2024-08-01,52.49,629.88,0.22,11.55,cancelled,12
POL0002070,MEM002071,AGT0019,MetLife,Dental Premium,2024-11-01,2025-11-01,54.23,650.76,0.22,11.93,active,12
POL0002071,MEM002072,AGT0048,VSP,Dental+Vision Bundle,2024-02-01,2025-02-01,75.98,911.76,0.25,19.0,active,12
POL0002072,MEM002073,AGT0048,MetLife,Dental Premium,2023-11-01,2024-11-01,53.84,646.08,0.22,11.84,active,12
POL0002073,MEM002074,AGT0014,Zurich,Dental Basic,2023-07-01,2024-07-01,29.77,357.24,0.18,5.36,cancelled,12
POL0002074,MEM002075,AGT0075,Zurich,Dental Premium,2023-12-01,2026-12-01,57.49,689.88,0.22,12.65,active,36
POL0002075,MEM002076,AGT0005,Zurich,Vision Premium,2023-09-01,2024-09-01,33.37,400.44,0.2,6.67,active,12
POL0002076,MEM002077,AGT0029,Zurich,Vision Basic,2024-02-01,2026-02-01,19.26,231.12,0.16,3.08,active,24
POL0002077,MEM002078,AGT0069,Zurich,Dental Basic,2024-09-01,2026-09-01,30.2,362.4,0.18,5.44,active,24
POL0002078,MEM002079,AGT0061,Zurich,Vision Basic,2024-07-01,2025-07-01,20.18,242.16,0.16,3.23,cancelled,12
POL0002079,MEM002080,AGT0025,Zurich,Dental Premium,2024-04-01,2026-04-01,56.41,676.92,0.22,12.41,active,24
POL0002080,MEM002081,AGT0047,MetLife,Vision Basic,2023-10-01,2025-10-01,19.1,229.2,0.16,3.06,active,24
POL0002081,MEM002082,AGT0053,VSP,Dental Basic,2023-05-01,2024-05-01,29.96,359.52,0.18,5.39,active,12
POL0002082,MEM002083,AGT0047,Zurich,Vision Basic,2024-08-01,2026-08-01,19.21,230.52,0.16,3.07,expired,24
POL0002083,MEM002084,AGT0030,Zurich,Dental+Vision Bundle,2023-09-01,2024-09-01,74.18,890.16,0.25,18.55,pending,12
POL0002084,MEM002085,AGT0053,Zurich,Vision Basic,2023-06-01,2024-06-01,20.75,249.0,0.16,3.32,active,12
POL0002085,MEM002086,AGT0044,VSP,Dental Basic,2023-06-01,2024-06-01,29.1,349.2,0.18,5.24,active,12
POL0002086,MEM002087,AGT0019,Zurich,Vision Basic,2024-03-01,2025-03-01,20.66,247.92,0.16,3.31,active,12
POL0002087,MEM002088,AGT0002,MetLife,Dental Basic,2023-08-01,2024-08-01,29.14,349.68,0.18,5.25,active,12
POL0002088,MEM002089,AGT0013,MetLife,Dental+Vision Bundle,2023-10-01,2025-10-01,74.02,888.24,0.25,18.5,cancelled,24
POL0002089,MEM002090,AGT0010,MetLife,Vision Basic,2024-04-01,2025-04-01,20.17,242.04,0.16,3.23,expired,12
POL0002090,MEM002091,AGT0046,MetLife,Dental Premium,2024-07-01,2025-01-01,56.69,680.28,0.22,12.47,active,6
POL0002091,MEM002092,AGT0016,VSP,Dental+Vision Bundle,2024-08-01,2026-08-01,76.05,912.6,0.25,19.01,active,24
POL0002092,MEM002093,AGT0079,MetLife,Dental+Vision Bundle,2024-01-01,2024-07-01,76.94,923.28,0.25,19.23,active,6
POL0002093,MEM002094,AGT0058,VSP,Vision Basic,2023-03-01,2024-03-01,20.05,240.6,0.16,3.21,active,12
POL0002094,MEM002095,AGT0018,Zurich,Dental Basic,2024-04-01,2026-04-01,28.67,344.04,0.18,5.16,active,24
POL0002095,MEM002096,AGT0020,MetLife,Vision Basic,2024-09-01,2026-09-01,20.39,244.68,0.16,3.26,cancelled,24
POL0002096,MEM002097,AGT0042,VSP,Dental Basic,2024-02-01,2025-02-01,28.97,347.64,0.18,5.21,active,12
POL0002097,MEM002098,AGT0030,VSP,Vision Basic,2024-09-01,2026-09-01,19.79,237.48,0.16,3.17,active,24
POL0002098,MEM002099,AGT0068,Zurich,Vision Basic,2023-03-01,2024-03-01,19.21,230.52,0.16,3.07,active,12
POL0002099,MEM002100,AGT0050,VSP,Vision Premium,2024-04-01,2025-04-01,34.51,414.12,0.2,6.9,cancelled,12
POL0002100,MEM002101,AGT0056,Zurich,Dental Premium,2023-06-01,2024-06-01,53.88,646.56,0.22,11.85,cancelled,12
POL0002101,MEM002102,AGT0045,VSP,Dental Basic,2024-10-01,2026-10-01,31.39,376.68,0.18,5.65,expired,24
POL0002102,MEM002103,AGT0057,MetLife,Dental+Vision Bundle,2023-11-01,2024-11-01,74.32,891.84,0.25,18.58,active,12
POL0002103,MEM002104,AGT0014,MetLife,Vision Premium,2023-11-01,2024-05-01,36.45,437.4,0.2,7.29,active,6
POL0002104,MEM002105,AGT0071,Zurich,Vision Premium,2023-06-01,2026-06-01,34.95,419.4,0.2,6.99,active,36
POL0002105,MEM002106,AGT0070,Zurich,Vision Premium,2023-02-01,2023-08-01,36.05,432.6,0.2,7.21,active,6
POL0002106,MEM002107,AGT0048,MetLife,Dental Premium,2023-02-01,2024-02-01,52.9,634.8,0.22,11.64,active,12
POL0002107,MEM002108,AGT0067,MetLife,Dental+Vision Bundle,2024-09-01,2025-09-01,71.55,858.6,0.25,17.89,active,12
POL0002108,MEM002109,AGT0057,VSP,Vision Basic,2023-11-01,2024-11-01,19.4,232.8,0.16,3.1,active,12
POL0002109,MEM002110,AGT0015,VSP,Dental+Vision Bundle,2023-04-01,2024-04-01,74.55,894.6,0.25,18.64,cancelled,12
POL0002110,MEM002111,AGT0021,Zurich,Dental Premium,2023-09-01,2024-09-01,53.32,639.84,0.22,11.73,active,12
POL0002111,MEM002112,AGT0041,MetLife,Dental Premium,2024-05-01,2025-05-01,56.87,682.44,0.22,12.51,active,12
POL0002112,MEM002113,AGT0072,Zurich,Dental+Vision Bundle,2024-07-01,2025-07-01,78.21,938.52,0.25,19.55,active,12
POL0002113,MEM002114,AGT0032,MetLife,Vision Basic,2024-11-01,2025-11-01,20.35,244.2,0.16,3.26,expired,12
POL0002114,MEM002115,AGT0061,MetLife,Vision Basic,2023-09-01,2025-09-01,20.23,242.76,0.16,3.24,active,24
POL0002115,MEM002116,AGT0017,MetLife,Vision Basic,2023-08-01,2024-08-01,20.22,242.64,0.16,3.24,active,12
POL0002116,MEM002117,AGT0001,VSP,Dental Basic,2023-05-01,2025-05-01,30.15,361.8,0.18,5.43,cancelled,24
POL0002117,MEM002118,AGT0005,VSP,Vision Premium,2024-08-01,2025-08-01,35.56,426.72,0.2,7.11,active,12
POL0002118,MEM002119,AGT0031,Zurich,Dental Premium,2024-10-01,2027-10-01,53.59,643.08,0.22,11.79,expired,36
POL0002119,MEM002120,AGT0030,VSP,Vision Premium,2024-07-01,2025-07-01,35.84,430.08,0.2,7.17,active,12
POL0002120,MEM002121,AGT0046,Zurich,Vision Basic,2024-06-01,2025-06-01,20.65,247.8,0.16,3.3,expired,12
POL0002121,MEM002122,AGT0037,VSP,Dental+Vision Bundle,2023-05-01,2026-05-01,77.91,934.92,0.25,19.48,active,36
POL0002122,MEM002123,AGT0015,MetLife,Vision Basic,2023-12-01,2025-12-01,20.79,249.48,0.16,3.33,pending,24
POL0002123,MEM002124,AGT0051,Zurich,Dental Basic,2023-12-01,2024-12-01,28.56,342.72,0.18,5.14,pending,12
POL0002124,MEM002125,AGT0053,Zurich,Dental Basic,2024-06-01,2027-06-01,28.59,343.08,0.18,5.15,cancelled,36
POL0002125,MEM002126,AGT0028,VSP,Dental Basic,2023-11-01,2024-11-01,28.51,342.12,0.18,5.13,cancelled,12
POL0002126,MEM002127,AGT0053,VSP,Dental+Vision Bundle,2023-12-01,2024-12-01,74.42,893.04,0.25,18.61,cancelled,12
POL0002127,MEM002128,AGT0007,VSP,Vision Basic,2024-04-01,2024-10-01,20.48,245.76,0.16,3.28,active,6
POL0002128,MEM002129,AGT0040,VSP,Dental Premium,2023-09-01,2025-09-01,55.81,669.72,0.22,12.28,expired,24
POL0002129,MEM002130,AGT0027,Zurich,Dental Basic,2024-09-01,2025-09-01,30.28,363.36,0.18,5.45,cancelled,12
POL0002130,MEM002131,AGT0078,Zurich,Dental Basic,2024-10-01,2025-10-01,29.15,349.8,0.18,5.25,expired,12
POL0002131,MEM002132,AGT0043,VSP,Vision Premium,2023-02-01,2025-02-01,33.82,405.84,0.2,6.76,active,24
POL0002132,MEM002133,AGT0067,MetLife,Dental Premium,2024-08-01,2026-08-01,54.44,653.28,0.22,11.98,active,24
POL0002133,MEM002134,AGT0051,Zurich,Dental Basic,2023-08-01,2024-02-01,29.22,350.64,0.18,5.26,active,6
POL0002134,MEM002135,AGT0053,MetLife,Vision Basic,2023-07-01,2024-07-01,19.23,230.76,0.16,3.08,active,12
POL0002135,MEM002136,AGT0003,Zurich,Dental Basic,2023-10-01,2025-10-01,31.01,372.12,0.18,5.58,cancelled,24
POL0002136,MEM002137,AGT0021,VSP,Dental Premium,2024-03-01,2026-03-01,53.39,640.68,0.22,11.75,active,24
POL0002137,MEM002138,AGT0035,Zurich,Dental Basic,2023-09-01,2024-09-01,31.09,373.08,0.18,5.6,cancelled,12
POL0002138,MEM002139,AGT0035,MetLife,Dental Basic,2024-02-01,2025-02-01,28.77,345.24,0.18,5.18,pending,12
POL0002139,MEM002140,AGT0002,Zurich,Dental+Vision Bundle,2024-06-01,2025-06-01,71.41,856.92,0.25,17.85,active,12
POL0002140,MEM002141,AGT0076,VSP,Dental Basic,2024-10-01,2025-04-01,31.33,375.96,0.18,5.64,active,6
POL0002141,MEM002142,AGT0055,Zurich,Vision Premium,2024-10-01,2025-04-01,36.73,440.76,0.2,7.35,expired,6
POL0002142,MEM002143,AGT0026,MetLife,Dental Premium,2023-12-01,2026-12-01,52.94,635.28,0.22,11.65,expired,36
POL0002143,MEM002144,AGT0049,VSP,Dental Premium,2024-12-01,2025-12-01,57.05,684.6,0.22,12.55,cancelled,12
POL0002144,MEM002145,AGT0036,VSP,Dental Premium,2023-09-01,2024-03-01,53.55,642.6,0.22,11.78,expired,6
POL0002145,MEM002146,AGT0049,MetLife,Dental+Vision Bundle,2024-07-01,2027-07-01,73.84,886.08,0.25,18.46,active,36
POL0002146,MEM002147,AGT0014,VSP,Dental Basic,2024-03-01,2026-03-01,29.14,349.68,0.18,5.25,active,24
POL0002147,MEM002148,AGT0058,VSP,Vision Basic,2023-02-01,2024-02-01,20.64,247.68,0.16,3.3,active,12
POL0002148,MEM002149,AGT0019,Zurich,Dental+Vision Bundle,2023-05-01,2025-05-01,75.64,907.68,0.25,18.91,active,24
POL0002149,MEM002150,AGT0027,VSP,Vision Basic,2023-05-01,2025-05-01,19.53,234.36,0.16,3.12,cancelled,24
POL0002150,MEM002151,AGT0079,VSP,Vision Basic,2023-04-01,2024-04-01,19.65,235.8,0.16,3.14,active,12
POL0002151,MEM002152,AGT0064,VSP,Dental Premium,2024-09-01,2025-09-01,56.96,683.52,0.22,12.53,active,12
POL0002152,MEM002153,AGT0042,Zurich,Vision Basic,2024-01-01,2025-01-01,20.71,248.52,0.16,3.31,active,12
POL0002153,MEM002154,AGT0027,Zurich,Vision Premium,2024-03-01,2025-03-01,33.72,404.64,0.2,6.74,expired,12
POL0002154,MEM002155,AGT0031,VSP,Vision Basic,2024-08-01,2026-08-01,20.16,241.92,0.16,3.23,expired,24
POL0002155,MEM002156,AGT0011,MetLife,Dental Premium,2024-06-01,2024-12-01,54.13,649.56,0.22,11.91,expired,6
POL0002156,MEM002157,AGT0002,MetLife,Vision Basic,2023-04-01,2024-04-01,19.92,239.04,0.16,3.19,active,12
POL0002157,MEM002158,AGT0057,MetLife,Dental Basic,2023-06-01,2024-06-01,30.07,360.84,0.18,5.41,cancelled,12
POL0002158,MEM002159,AGT0068,VSP,Dental Basic,2024-04-01,2025-04-01,29.51,354.12,0.18,5.31,active,12
POL0002159,MEM002160,AGT0002,VSP,Dental Basic,2024-08-01,2025-02-01,30.03,360.36,0.18,5.41,active,6
POL0002160,MEM002161,AGT0042,Zurich,Dental+Vision Bundle,2023-11-01,2025-11-01,77.63,931.56,0.25,19.41,cancelled,24
POL0002161,MEM002162,AGT0038,Zurich,Vision Premium,2024-08-01,2026-08-01,34.16,409.92,0.2,6.83,active,24
POL0002162,MEM002163,AGT0078,VSP,Vision Basic,2024-10-01,2025-10-01,20.34,244.08,0.16,3.25,active,12
POL0002163,MEM002164,AGT0022,Zurich,Vision Premium,2023-09-01,2025-09-01,35.91,430.92,0.2,7.18,active,24
POL0002164,MEM002165,AGT0054,MetLife,Dental Basic,2024-05-01,2025-05-01,30.71,368.52,0.18,5.53,expired,12
POL0002165,MEM002166,AGT0025,MetLife,Vision Premium,2023-04-01,2025-04-01,35.82,429.84,0.2,7.16,active,24
POL0002166,MEM002167,AGT0013,MetLife,Vision Basic,2024-08-01,2025-08-01,19.5,234.0,0.16,3.12,active,12
POL0002167,MEM002168,AGT0045,Zurich,Vision Basic,2024-09-01,2025-09-01,19.46,233.52,0.16,3.11,active,12
POL0002168,MEM002169,AGT0025,VSP,Dental Premium,2023-09-01,2024-09-01,56.92,683.04,0.22,12.52,active,12
POL0002169,MEM002170,AGT0048,Zurich,Vision Premium,2024-04-01,2025-04-01,35.98,431.76,0.2,7.2,active,12
POL0002170,MEM002171,AGT0026,MetLife,Vision Basic,2023-10-01,2025-10-01,20.86,250.32,0.16,3.34,active,24
POL0002171,MEM002172,AGT0023,VSP,Vision Basic,2023-05-01,2024-05-01,20.01,240.12,0.16,3.2,expired,12
POL0002172,MEM002173,AGT0050,VSP,Vision Basic,2023-06-01,2024-06-01,20.41,244.92,0.16,3.27,cancelled,12
POL0002173,MEM002174,AGT0061,MetLife,Dental Basic,2024-09-01,2025-09-01,30.82,369.84,0.18,5.55,active,12
POL0002174,MEM002175,AGT0079,MetLife,Dental Basic,2023-09-01,2025-09-01,29.85,358.2,0.18,5.37,active,24
POL0002175,MEM002176,AGT0010,MetLife,Dental Basic,2024-06-01,2025-06-01,29.61,355.32,0.18,5.33,expired,12
POL0002176,MEM002177,AGT0042,VSP,Vision Basic,2024-04-01,2025-04-01,20.75,249.0,0.16,3.32,active,12
POL0002177,MEM002178,AGT0051,VSP,Vision Premium,2023-06-01,2024-06-01,34.81,417.72,0.2,6.96,expired,12
POL0002178,MEM002179,AGT0067,VSP,Vision Basic,2024-05-01,2026-05-01,20.61,247.32,0.16,3.3,active,24
POL0002179,MEM002180,AGT0036,Zurich,Dental Basic,2024-10-01,2025-10-01,30.34,364.08,0.18,5.46,active,12
POL0002180,MEM002181,AGT0063,Zurich,Vision Premium,2024-04-01,2024-10-01,34.24,410.88,0.2,6.85,active,6
POL0002181,MEM002182,AGT0045,MetLife,Dental Basic,2023-06-01,2024-06-01,31.44,377.28,0.18,5.66,active,12
POL0002182,MEM002183,AGT0055,MetLife,Vision Basic,2024-02-01,2025-02-01,20.37,244.44,0.16,3.26,active,12
POL0002183,MEM002184,AGT0023,Zurich,Dental+Vision Bundle,2023-08-01,2025-08-01,78.15,937.8,0.25,19.54,expired,24
POL0002184,MEM002185,AGT0068,MetLife,Dental Basic,2023-08-01,2024-08-01,29.77,357.24,0.18,5.36,active,12
POL0002185,MEM002186,AGT0048,VSP,Vision Basic,2023-12-01,2024-12-01,20.57,246.84,0.16,3.29,cancelled,12
POL0002186,MEM002187,AGT0036,Zurich,Vision Basic,2023-02-01,2024-02-01,19.3,231.6,0.16,3.09,active,12
POL0002187,MEM002188,AGT0008,Zurich,Dental+Vision Bundle,2023-03-01,2024-03-01,78.0,936.0,0.25,19.5,expired,12
POL0002188,MEM002189,AGT0023,VSP,Vision Premium,2024-05-01,2026-05-01,34.75,417.0,0.2,6.95,active,24
POL0002189,MEM002190,AGT0005,VSP,Dental Basic,2024-11-01,2026-11-01,28.55,342.6,0.18,5.14,active,24
POL0002190,MEM002191,AGT0011,VSP,Dental+Vision Bundle,2023-07-01,2025-07-01,78.07,936.84,0.25,19.52,pending,24
POL0002191,MEM002192,AGT0008,VSP,Dental Basic,2023-06-01,2024-06-01,30.53,366.36,0.18,5.5,active,12
POL0002192,MEM002193,AGT0079,Zurich,Dental Basic,2024-08-01,2025-08-01,28.68,344.16,0.18,5.16,active,12
POL0002193,MEM002194,AGT0076,Zurich,Dental+Vision Bundle,2024-12-01,2025-12-01,72.09,865.08,0.25,18.02,cancelled,12
POL0002194,MEM002195,AGT0054,Zurich,Vision Premium,2024-07-01,2025-07-01,34.98,419.76,0.2,7.0,expired,12
POL0002195,MEM002196,AGT0019,Zurich,Dental Premium,2023-04-01,2025-04-01,52.55,630.6,0.22,11.56,active,24
POL0002196,MEM002197,AGT0036,Zurich,Dental Basic,2023-07-01,2024-07-01,30.16,361.92,0.18,5.43,cancelled,12
POL0002197,MEM002198,AGT0001,VSP,Dental Premium,2024-07-01,2025-07-01,55.66,667.92,0.22,12.25,active,12
POL0002198,MEM002199,AGT0060,Zurich,Dental+Vision Bundle,2024-01-01,2026-01-01,78.17,938.04,0.25,19.54,cancelled,24
POL0002199,MEM002200,AGT0012,MetLife,Dental+Vision Bundle,2023-04-01,2026-04-01,74.42,893.04,0.25,18.61,active,36
POL0002200,MEM002201,AGT0041,Zurich,Vision Basic,2023-08-01,2026-08-01,19.42,233.04,0.16,3.11,active,36
POL0002201,MEM002202,AGT0028,Zurich,Dental Premium,2023-02-01,2026-02-01,55.86,670.32,0.22,12.29,cancelled,36
POL0002202,MEM002203,AGT0025,Zurich,Vision Premium,2023-04-01,2025-04-01,34.69,416.28,0.2,6.94,active,24
POL0002203,MEM002204,AGT0049,Zurich,Dental Premium,2023-06-01,2024-06-01,56.54,678.48,0.22,12.44,active,12
POL0002204,MEM002205,AGT0041,VSP,Dental Basic,2023-11-01,2024-05-01,31.46,377.52,0.18,5.66,cancelled,6
POL0002205,MEM002206,AGT0023,VSP,Dental Premium,2023-08-01,2024-02-01,55.01,660.12,0.22,12.1,cancelled,6
POL0002206,MEM002207,AGT0063,VSP,Vision Basic,2024-04-01,2024-10-01,19.39,232.68,0.16,3.1,active,6
POL0002207,MEM002208,AGT0022,MetLife,Dental+Vision Bundle,2024-01-01,2025-01-01,73.71,884.52,0.25,18.43,active,12
POL0002208,MEM002209,AGT0069,Zurich,Dental Basic,2024-09-01,2025-09-01,28.97,347.64,0.18,5.21,cancelled,12
POL0002209,MEM002210,AGT0027,VSP,Vision Premium,2024-04-01,2025-04-01,35.28,423.36,0.2,7.06,active,12
POL0002210,MEM002211,AGT0012,Zurich,Vision Premium,2024-06-01,2025-06-01,36.34,436.08,0.2,7.27,cancelled,12
POL0002211,MEM002212,AGT0034,MetLife,Dental+Vision Bundle,2023-10-01,2024-10-01,78.48,941.76,0.25,19.62,expired,12
POL0002212,MEM002213,AGT0018,VSP,Vision Basic,2024-07-01,2026-07-01,19.83,237.96,0.16,3.17,active,24
POL0002213,MEM002214,AGT0076,MetLife,Dental Premium,2024-02-01,2027-02-01,57.1,685.2,0.22,12.56,pending,36
POL0002214,MEM002215,AGT0021,VSP,Vision Basic,2023-05-01,2024-05-01,20.28,243.36,0.16,3.24,active,12
POL0002215,MEM002216,AGT0046,VSP,Dental Basic,2024-01-01,2024-07-01,29.6,355.2,0.18,5.33,cancelled,6
POL0002216,MEM002217,AGT0057,Zurich,Vision Basic,2024-08-01,2025-08-01,20.18,242.16,0.16,3.23,active,12
POL0002217,MEM002218,AGT0061,MetLife,Dental Premium,2024-09-01,2025-09-01,53.37,640.44,0.22,11.74,active,12
POL0002218,MEM002219,AGT0062,Zurich,Dental Premium,2024-02-01,2025-02-01,52.51,630.12,0.22,11.55,active,12
POL0002219,MEM002220,AGT0014,VSP,Dental Premium,2023-03-01,2024-03-01,55.97,671.64,0.22,12.31,active,12
POL0002220,MEM002221,AGT0076,MetLife,Dental Basic,2023-11-01,2024-11-01,30.2,362.4,0.18,5.44,active,12
POL0002221,MEM002222,AGT0068,MetLife,Dental+Vision Bundle,2023-07-01,2024-07-01,72.63,871.56,0.25,18.16,active,12
POL0002222,MEM002223,AGT0043,MetLife,Dental+Vision Bundle,2024-09-01,2026-09-01,73.01,876.12,0.25,18.25,active,24
POL0002223,MEM002224,AGT0059,VSP,Dental Basic,2023-12-01,2024-12-01,29.0,348.0,0.18,5.22,cancelled,12
POL0002224,MEM002225,AGT0023,VSP,Dental Premium,2023-02-01,2026-02-01,55.32,663.84,0.22,12.17,active,36
POL0002225,MEM002226,AGT0056,MetLife,Vision Premium,2023-08-01,2024-08-01,34.23,410.76,0.2,6.85,expired,12
POL0002226,MEM002227,AGT0001,VSP,Dental Basic,2023-07-01,2024-07-01,30.75,369.0,0.18,5.54,active,12
POL0002227,MEM002228,AGT0051,Zurich,Dental Basic,2023-05-01,2024-05-01,29.7,356.4,0.18,5.35,cancelled,12
POL0002228,MEM002229,AGT0032,MetLife,Dental Premium,2024-05-01,2025-05-01,56.88,682.56,0.22,12.51,active,12
POL0002229,MEM002230,AGT0042,VSP,Dental+Vision Bundle,2023-12-01,2024-06-01,72.98,875.76,0.25,18.25,active,6
POL0002230,MEM002231,AGT0069,MetLife,Dental Premium,2024-04-01,2024-10-01,53.86,646.32,0.22,11.85,cancelled,6
POL0002231,MEM002232,AGT0029,Zurich,Dental Basic,2024-12-01,2025-12-01,29.37,352.44,0.18,5.29,active,12
POL0002232,MEM002233,AGT0044,Zurich,Dental+Vision Bundle,2023-09-01,2025-09-01,74.34,892.08,0.25,18.59,active,24
POL0002233,MEM002234,AGT0010,Zurich,Dental Basic,2024-10-01,2025-04-01,29.88,358.56,0.18,5.38,active,6
POL0002234,MEM002235,AGT0028,VSP,Dental Premium,2024-06-01,2026-06-01,56.45,677.4,0.22,12.42,cancelled,24
POL0002235,MEM002236,AGT0055,MetLife,Dental Premium,2024-01-01,2025-01-01,54.63,655.56,0.22,12.02,active,12
POL0002236,MEM002237,AGT0034,VSP,Dental Basic,2024-03-01,2025-03-01,30.44,365.28,0.18,5.48,active,12
POL0002237,MEM002238,AGT0060,MetLife,Dental Premium,2024-03-01,2026-03-01,55.26,663.12,0.22,12.16,active,24
POL0002238,MEM002239,AGT0021,VSP,Dental Basic,2023-05-01,2025-05-01,29.31,351.72,0.18,5.28,active,24
POL0002239,MEM002240,AGT0002,VSP,Vision Premium,2024-07-01,2025-07-01,35.08,420.96,0.2,7.02,cancelled,12
POL0002240,MEM002241,AGT0007,VSP,Dental Premium,2024-12-01,2025-12-01,57.46,689.52,0.22,12.64,active,12
POL0002241,MEM002242,AGT0058,Zurich,Dental Premium,2024-11-01,2025-11-01,57.64,691.68,0.22,12.68,active,12
POL0002242,MEM002243,AGT0047,MetLife,Vision Premium,2024-05-01,2026-05-01,34.11,409.32,0.2,6.82,cancelled,24
POL0002243,MEM002244,AGT0011,MetLife,Dental Basic,2024-04-01,2025-04-01,29.8,357.6,0.18,5.36,active,12
POL0002244,MEM002245,AGT0066,Zurich,Vision Premium,2024-09-01,2025-09-01,35.39,424.68,0.2,7.08,active,12
POL0002245,MEM002246,AGT0060,VSP,Dental Basic,2024-05-01,2025-05-01,29.63,355.56,0.18,5.33,cancelled,12
POL0002246,MEM002247,AGT0007,Zurich,Vision Premium,2024-06-01,2026-06-01,36.2,434.4,0.2,7.24,expired,24
POL0002247,MEM002248,AGT0038,MetLife,Vision Basic,2023-10-01,2025-10-01,19.53,234.36,0.16,3.12,expired,24
POL0002248,MEM002249,AGT0054,MetLife,Dental Premium,2023-08-01,2024-08-01,54.54,654.48,0.22,12.0,pending,12
POL0002249,MEM002250,AGT0015,VSP,Vision Premium,2023-12-01,2024-12-01,36.6,439.2,0.2,7.32,active,12
POL0002250,MEM002251,AGT0023,MetLife,Vision Basic,2024-07-01,2027-07-01,19.35,232.2,0.16,3.1,active,36
POL0002251,MEM002252,AGT0056,VSP,Dental Premium,2023-06-01,2025-06-01,53.04,636.48,0.22,11.67,cancelled,24
POL0002252,MEM002253,AGT0073,VSP,Dental Basic,2024-05-01,2025-05-01,31.41,376.92,0.18,5.65,cancelled,12
POL0002253,MEM002254,AGT0019,Zurich,Dental+Vision Bundle,2024-01-01,2025-01-01,75.44,905.28,0.25,18.86,active,12
POL0002254,MEM002255,AGT0066,Zurich,Dental Basic,2024-11-01,2027-11-01,29.17,350.04,0.18,5.25,active,36
POL0002255,MEM002256,AGT0052,MetLife,Dental Basic,2024-11-01,2025-11-01,30.16,361.92,0.18,5.43,active,12
POL0002256,MEM002257,AGT0015,MetLife,Vision Basic,2023-10-01,2026-10-01,20.34,244.08,0.16,3.25,active,36
POL0002257,MEM002258,AGT0032,Zurich,Vision Premium,2023-12-01,2024-12-01,34.96,419.52,0.2,6.99,active,12
POL0002258,MEM002259,AGT0028,VSP,Dental Premium,2024-02-01,2026-02-01,55.1,661.2,0.22,12.12,active,24
POL0002259,MEM002260,AGT0006,Zurich,Dental Premium,2023-08-01,2024-08-01,52.52,630.24,0.22,11.55,active,12
POL0002260,MEM002261,AGT0001,VSP,Dental Basic,2023-08-01,2024-08-01,30.24,362.88,0.18,5.44,cancelled,12
POL0002261,MEM002262,AGT0035,VSP,Vision Basic,2024-03-01,2027-03-01,19.64,235.68,0.16,3.14,cancelled,36
POL0002262,MEM002263,AGT0029,MetLife,Dental Basic,2024-11-01,2026-11-01,30.45,365.4,0.18,5.48,cancelled,24
POL0002263,MEM002264,AGT0079,VSP,Vision Premium,2023-12-01,2025-12-01,34.54,414.48,0.2,6.91,cancelled,24
POL0002264,MEM002265,AGT0054,Zurich,Vision Basic,2024-10-01,2025-10-01,20.11,241.32,0.16,3.22,active,12
POL0002265,MEM002266,AGT0072,MetLife,Dental Premium,2024-08-01,2026-08-01,54.1,649.2,0.22,11.9,expired,24
POL0002266,MEM002267,AGT0020,VSP,Dental+Vision Bundle,2023-12-01,2024-12-01,74.21,890.52,0.25,18.55,cancelled,12
POL0002267,MEM002268,AGT0022,Zurich,Dental Premium,2024-06-01,2026-06-01,53.68,644.16,0.22,11.81,active,24
POL0002268,MEM002269,AGT0011,Zurich,Vision Basic,2024-03-01,2025-03-01,19.42,233.04,0.16,3.11,active,12
POL0002269,MEM002270,AGT0068,VSP,Dental Premium,2024-01-01,2025-01-01,54.81,657.72,0.22,12.06,active,12
POL0002270,MEM002271,AGT0004,MetLife,Vision Basic,2023-12-01,2024-12-01,20.91,250.92,0.16,3.35,active,12
POL0002271,MEM002272,AGT0056,VSP,Dental+Vision Bundle,2023-07-01,2025-07-01,77.24,926.88,0.25,19.31,active,24
POL0002272,MEM002273,AGT0063,MetLife,Dental Premium,2023-02-01,2023-08-01,53.07,636.84,0.22,11.68,pending,6
POL0002273,MEM002274,AGT0078,MetLife,Dental Basic,2024-08-01,2025-08-01,29.82,357.84,0.18,5.37,active,12
POL0002274,MEM002275,AGT0074,VSP,Dental Basic,2023-09-01,2024-03-01,29.6,355.2,0.18,5.33,active,6
POL0002275,MEM002276,AGT0053,VSP,Vision Premium,2023-07-01,2024-07-01,35.45,425.4,0.2,7.09,active,12
POL0002276,MEM002277,AGT0041,VSP,Vision Basic,2024-04-01,2027-04-01,19.69,236.28,0.16,3.15,expired,36
POL0002277,MEM002278,AGT0069,Zurich,Dental Premium,2024-12-01,2025-06-01,54.11,649.32,0.22,11.9,active,6
POL0002278,MEM002279,AGT0037,VSP,Dental Basic,2024-03-01,2025-03-01,29.16,349.92,0.18,5.25,expired,12
POL0002279,MEM002280,AGT0001,Zurich,Dental+Vision Bundle,2023-08-01,2024-08-01,71.61,859.32,0.25,17.9,active,12
POL0002280,MEM002281,AGT0050,Zurich,Vision Premium,2024-05-01,2025-05-01,33.9,406.8,0.2,6.78,active,12
POL0002281,MEM002282,AGT0004,Zurich,Dental Basic,2024-04-01,2025-04-01,30.18,362.16,0.18,5.43,expired,12
POL0002282,MEM002283,AGT0077,Zurich,Vision Premium,2024-10-01,2025-10-01,34.72,416.64,0.2,6.94,cancelled,12
POL0002283,MEM002284,AGT0032,MetLife,Vision Basic,2023-02-01,2024-02-01,20.7,248.4,0.16,3.31,cancelled,12
POL0002284,MEM002285,AGT0003,Zurich,Vision Basic,2024-05-01,2026-05-01,19.09,229.08,0.16,3.05,active,24
POL0002285,MEM002286,AGT0066,MetLife,Dental+Vision Bundle,2024-11-01,2025-11-01,75.35,904.2,0.25,18.84,active,12
POL0002286,MEM002287,AGT0031,MetLife,Vision Basic,2023-07-01,2024-01-01,20.95,251.4,0.16,3.35,cancelled,6
POL0002287,MEM002288,AGT0038,MetLife,Dental+Vision Bundle,2023-08-01,2024-08-01,71.82,861.84,0.25,17.95,expired,12
POL0002288,MEM002289,AGT0059,MetLife,Vision Premium,2023-08-01,2024-02-01,34.51,414.12,0.2,6.9,active,6
POL0002289,MEM002290,AGT0060,Zurich,Vision Basic,2024-04-01,2024-10-01,19.52,234.24,0.16,3.12,active,6
POL0002290,MEM002291,AGT0032,VSP,Vision Premium,2024-10-01,2026-10-01,35.96,431.52,0.2,7.19,expired,24
POL0002291,MEM002292,AGT0053,Zurich,Dental+Vision Bundle,2023-04-01,2024-04-01,76.99,923.88,0.25,19.25,active,12
POL0002292,MEM002293,AGT0034,Zurich,Vision Basic,2024-02-01,2025-02-01,19.66,235.92,0.16,3.15,active,12
POL0002293,MEM002294,AGT0057,VSP,Dental+Vision Bundle,2024-10-01,2025-04-01,72.59,871.08,0.25,18.15,active,6
POL0002294,MEM002295,AGT0006,VSP,Dental Premium,2023-04-01,2024-04-01,57.51,690.12,0.22,12.65,cancelled,12
POL0002295,MEM002296,AGT0016,MetLife,Dental Basic,2024-07-01,2025-07-01,31.2,374.4,0.18,5.62,active,12
POL0002296,MEM002297,AGT0022,VSP,Dental Premium,2023-10-01,2024-10-01,53.96,647.52,0.22,11.87,expired,12
POL0002297,MEM002298,AGT0062,MetLife,Dental Premium,2024-01-01,2025-01-01,54.88,658.56,0.22,12.07,expired,12
POL0002298,MEM002299,AGT0063,MetLife,Vision Premium,2024-01-01,2026-01-01,33.67,404.04,0.2,6.73,active,24
POL0002299,MEM002300,AGT0043,VSP,Vision Premium,2024-01-01,2024-07-01,35.32,423.84,0.2,7.06,active,6
POL0002300,MEM002301,AGT0005,MetLife,Dental Basic,2024-09-01,2026-09-01,28.91,346.92,0.18,5.2,active,24
POL0002301,MEM002302,AGT0048,Zurich,Dental Premium,2023-11-01,2024-11-01,53.82,645.84,0.22,11.84,cancelled,12
POL0002302,MEM002303,AGT0073,Zurich,Dental Premium,2023-11-01,2024-11-01,54.77,657.24,0.22,12.05,active,12
POL0002303,MEM002304,AGT0017,MetLife,Vision Basic,2024-04-01,2025-04-01,20.92,251.04,0.16,3.35,active,12
POL0002304,MEM002305,AGT0004,MetLife,Vision Basic,2024-02-01,2025-02-01,19.16,229.92,0.16,3.07,active,12
POL0002305,MEM002306,AGT0034,VSP,Vision Premium,2023-07-01,2024-07-01,36.04,432.48,0.2,7.21,active,12
POL0002306,MEM002307,AGT0080,MetLife,Dental+Vision Bundle,2024-07-01,2025-07-01,73.88,886.56,0.25,18.47,expired,12
POL0002307,MEM002308,AGT0065,VSP,Vision Basic,2024-11-01,2025-11-01,19.39,232.68,0.16,3.1,active,12
POL0002308,MEM002309,AGT0068,VSP,Dental Basic,2024-02-01,2025-02-01,29.56,354.72,0.18,5.32,active,12
POL0002309,MEM002310,AGT0044,MetLife,Dental Premium,2024-02-01,2025-02-01,53.04,636.48,0.22,11.67,active,12
POL0002310,MEM002311,AGT0078,Zurich,Vision Premium,2023-09-01,2024-09-01,33.76,405.12,0.2,6.75,active,12
POL0002311,MEM002312,AGT0064,VSP,Vision Basic,2024-11-01,2025-11-01,19.1,229.2,0.16,3.06,active,12
POL0002312,MEM002313,AGT0030,Zurich,Dental Basic,2024-11-01,2025-11-01,29.91,358.92,0.18,5.38,active,12
POL0002313,MEM002314,AGT0013,VSP,Vision Basic,2024-12-01,2025-12-01,19.62,235.44,0.16,3.14,active,12
POL0002314,MEM002315,AGT0069,MetLife,Dental+Vision Bundle,2023-11-01,2025-11-01,73.91,886.92,0.25,18.48,cancelled,24
POL0002315,MEM002316,AGT0067,MetLife,Dental Basic,2023-03-01,2025-03-01,30.55,366.6,0.18,5.5,active,24
POL0002316,MEM002317,AGT0059,MetLife,Dental Basic,2023-08-01,2024-08-01,29.77,357.24,0.18,5.36,active,12
POL0002317,MEM002318,AGT0036,MetLife,Vision Premium,2024-10-01,2025-10-01,33.51,402.12,0.2,6.7,active,12
POL0002318,MEM002319,AGT0039,MetLife,Dental Basic,2023-04-01,2024-04-01,30.58,366.96,0.18,5.5,active,12
POL0002319,MEM002320,AGT0062,VSP,Dental Basic,2023-10-01,2024-10-01,31.1,373.2,0.18,5.6,active,12
POL0002320,MEM002321,AGT0026,VSP,Dental Basic,2023-03-01,2025-03-01,31.41,376.92,0.18,5.65,active,24
POL0002321,MEM002322,AGT0013,Zurich,Vision Basic,2023-04-01,2025-04-01,20.14,241.68,0.16,3.22,active,24
POL0002322,MEM002323,AGT0073,MetLife,Vision Basic,2024-10-01,2026-10-01,19.45,233.4,0.16,3.11,cancelled,24
POL0002323,MEM002324,AGT0076,Zurich,Vision Basic,2023-05-01,2024-05-01,20.05,240.6,0.16,3.21,cancelled,12
POL0002324,MEM002325,AGT0053,Zurich,Dental Premium,2024-05-01,2026-05-01,57.57,690.84,0.22,12.67,expired,24
POL0002325,MEM002326,AGT0065,VSP,Vision Basic,2024-11-01,2025-11-01,19.94,239.28,0.16,3.19,active,12
POL0002326,MEM002327,AGT0069,MetLife,Dental Premium,2024-11-01,2025-11-01,53.87,646.44,0.22,11.85,active,12
POL0002327,MEM002328,AGT0040,Zurich,Dental Premium,2024-12-01,2025-12-01,55.14,661.68,0.22,12.13,active,12
POL0002328,MEM002329,AGT0041,Zurich,Vision Basic,2023-08-01,2024-08-01,19.78,237.36,0.16,3.16,active,12
POL0002329,MEM002330,AGT0056,Zurich,Dental Premium,2023-07-01,2025-07-01,56.55,678.6,0.22,12.44,cancelled,24
POL0002330,MEM002331,AGT0024,MetLife,Vision Premium,2024-04-01,2026-04-01,35.83,429.96,0.2,7.17,active,24
POL0002331,MEM002332,AGT0065,VSP,Dental Premium,2023-09-01,2024-09-01,52.43,629.16,0.22,11.53,active,12
POL0002332,MEM002333,AGT0039,Zurich,Dental Basic,2024-07-01,2026-07-01,31.21,374.52,0.18,5.62,active,24
POL0002333,MEM002334,AGT0021,MetLife,Vision Premium,2024-12-01,2025-12-01,35.01,420.12,0.2,7.0,cancelled,12
POL0002334,MEM002335,AGT0021,VSP,Dental+Vision Bundle,2023-07-01,2024-01-01,75.79,909.48,0.25,18.95,active,6
POL0002335,MEM002336,AGT0035,MetLife,Dental+Vision Bundle,2024-05-01,2025-05-01,73.98,887.76,0.25,18.5,active,12
POL0002336,MEM002337,AGT0019,VSP,Dental Premium,2024-05-01,2027-05-01,53.36,640.32,0.22,11.74,active,36
POL0002337,MEM002338,AGT0040,VSP,Vision Basic,2024-01-01,2025-01-01,20.41,244.92,0.16,3.27,active,12
POL0002338,MEM002339,AGT0008,VSP,Dental Premium,2024-04-01,2025-04-01,54.8,657.6,0.22,12.06,expired,12
POL0002339,MEM002340,AGT0003,Zurich,Dental Basic,2023-06-01,2023-12-01,30.95,371.4,0.18,5.57,expired,6
POL0002340,MEM002341,AGT0048,MetLife,Dental Premium,2024-12-01,2025-12-01,56.48,677.76,0.22,12.43,active,12
POL0002341,MEM002342,AGT0072,Zurich,Dental Basic,2024-02-01,2025-02-01,29.84,358.08,0.18,5.37,cancelled,12
POL0002342,MEM002343,AGT0036,MetLife,Dental Basic,2023-09-01,2024-09-01,30.85,370.2,0.18,5.55,active,12
POL0002343,MEM002344,AGT0076,VSP,Dental+Vision Bundle,2023-07-01,2026-07-01,73.26,879.12,0.25,18.32,active,36
POL0002344,MEM002345,AGT0032,VSP,Dental+Vision Bundle,2023-03-01,2025-03-01,73.8,885.6,0.25,18.45,cancelled,24
POL0002345,MEM002346,AGT0013,MetLife,Vision Basic,2024-09-01,2025-09-01,20.09,241.08,0.16,3.21,cancelled,12
POL0002346,MEM002347,AGT0057,VSP,Dental Basic,2023-11-01,2025-11-01,31.08,372.96,0.18,5.59,expired,24
POL0002347,MEM002348,AGT0053,MetLife,Dental+Vision Bundle,2023-06-01,2024-06-01,75.48,905.76,0.25,18.87,active,12
POL0002348,MEM002349,AGT0026,Zurich,Dental Basic,2024-09-01,2025-09-01,31.01,372.12,0.18,5.58,active,12
POL0002349,MEM002350,AGT0070,Zurich,Dental Premium,2023-10-01,2024-10-01,52.84,634.08,0.22,11.62,active,12
POL0002350,MEM002351,AGT0018,MetLife,Dental+Vision Bundle,2024-07-01,2025-07-01,71.52,858.24,0.25,17.88,active,12
POL0002351,MEM002352,AGT0028,MetLife,Dental Premium,2023-12-01,2024-12-01,56.31,675.72,0.22,12.39,expired,12
POL0002352,MEM002353,AGT0043,MetLife,Vision Premium,2023-09-01,2025-09-01,34.08,408.96,0.2,6.82,cancelled,24
POL0002353,MEM002354,AGT0003,MetLife,Dental Basic,2023-10-01,2024-04-01,28.66,343.92,0.18,5.16,active,6
POL0002354,MEM002355,AGT0063,MetLife,Dental+Vision Bundle,2024-03-01,2025-03-01,77.43,929.16,0.25,19.36,active,12
POL0002355,MEM002356,AGT0003,Zurich,Dental Premium,2023-04-01,2024-04-01,56.47,677.64,0.22,12.42,active,12
POL0002356,MEM002357,AGT0069,VSP,Dental Premium,2023-03-01,2025-03-01,52.65,631.8,0.22,11.58,active,24
POL0002357,MEM002358,AGT0073,MetLife,Dental+Vision Bundle,2024-01-01,2027-01-01,74.06,888.72,0.25,18.52,cancelled,36
POL0002358,MEM002359,AGT0066,MetLife,Vision Basic,2023-05-01,2023-11-01,20.19,242.28,0.16,3.23,cancelled,6
POL0002359,MEM002360,AGT0056,VSP,Vision Basic,2024-05-01,2026-05-01,19.08,228.96,0.16,3.05,active,24
POL0002360,MEM002361,AGT0024,Zurich,Vision Basic,2023-07-01,2025-07-01,20.25,243.0,0.16,3.24,expired,24
POL0002361,MEM002362,AGT0003,VSP,Vision Basic,2024-05-01,2026-05-01,20.65,247.8,0.16,3.3,pending,24
POL0002362,MEM002363,AGT0002,MetLife,Dental Premium,2023-02-01,2024-02-01,53.35,640.2,0.22,11.74,expired,12
POL0002363,MEM002364,AGT0075,Zurich,Vision Premium,2023-07-01,2024-07-01,35.56,426.72,0.2,7.11,expired,12
POL0002364,MEM002365,AGT0074,VSP,Dental+Vision Bundle,2024-07-01,2027-07-01,77.73,932.76,0.25,19.43,active,36
POL0002365,MEM002366,AGT0019,MetLife,Dental Premium,2024-09-01,2025-09-01,53.23,638.76,0.22,11.71,active,12
POL0002366,MEM002367,AGT0078,MetLife,Vision Premium,2023-05-01,2024-05-01,35.51,426.12,0.2,7.1,active,12
POL0002367,MEM002368,AGT0042,VSP,Dental+Vision Bundle,2024-08-01,2026-08-01,76.65,919.8,0.25,19.16,active,24
POL0002368,MEM002369,AGT0039,MetLife,Dental Premium,2024-12-01,2025-12-01,56.74,680.88,0.22,12.48,active,12
POL0002369,MEM002370,AGT0046,MetLife,Dental Basic,2023-11-01,2025-11-01,31.42,377.04,0.18,5.66,expired,24
POL0002370,MEM002371,AGT0004,VSP,Dental+Vision Bundle,2024-04-01,2026-04-01,77.15,925.8,0.25,19.29,cancelled,24
POL0002371,MEM002372,AGT0058,VSP,Dental Premium,2023-09-01,2024-03-01,55.33,663.96,0.22,12.17,active,6
POL0002372,MEM002373,AGT0016,MetLife,Dental+Vision Bundle,2023-08-01,2025-08-01,76.79,921.48,0.25,19.2,active,24
POL0002373,MEM002374,AGT0016,MetLife,Vision Premium,2024-07-01,2025-07-01,36.53,438.36,0.2,7.31,active,12
POL0002374,MEM002375,AGT0046,Zurich,Dental+Vision Bundle,2023-06-01,2025-06-01,75.65,907.8,0.25,18.91,active,24
POL0002375,MEM002376,AGT0012,Zurich,Dental Premium,2024-04-01,2025-04-01,55.38,664.56,0.22,12.18,cancelled,12
POL0002376,MEM002377,AGT0059,MetLife,Dental Basic,2023-10-01,2024-04-01,29.89,358.68,0.18,5.38,active,6
POL0002377,MEM002378,AGT0046,VSP,Dental+Vision Bundle,2024-04-01,2025-04-01,72.26,867.12,0.25,18.07,cancelled,12
POL0002378,MEM002379,AGT0030,Zurich,Dental Basic,2023-04-01,2025-04-01,30.07,360.84,0.18,5.41,active,24
POL0002379,MEM002380,AGT0003,VSP,Vision Premium,2024-11-01,2026-11-01,35.58,426.96,0.2,7.12,cancelled,24
POL0002380,MEM002381,AGT0032,MetLife,Vision Basic,2023-12-01,2024-12-01,20.64,247.68,0.16,3.3,expired,12
POL0002381,MEM002382,AGT0018,Zurich,Vision Basic,2023-06-01,2025-06-01,19.16,229.92,0.16,3.07,cancelled,24
POL0002382,MEM002383,AGT0027,Zurich,Vision Premium,2023-03-01,2024-03-01,35.68,428.16,0.2,7.14,active,12
POL0002383,MEM002384,AGT0054,MetLife,Dental Basic,2024-02-01,2026-02-01,28.79,345.48,0.18,5.18,active,24
POL0002384,MEM002385,AGT0047,MetLife,Vision Premium,2024-07-01,2025-07-01,35.54,426.48,0.2,7.11,cancelled,12
POL0002385,MEM002386,AGT0040,VSP,Vision Basic,2023-02-01,2026-02-01,19.6,235.2,0.16,3.14,active,36
POL0002386,MEM002387,AGT0004,VSP,Dental Basic,2023-10-01,2024-10-01,29.1,349.2,0.18,5.24,active,12
POL0002387,MEM002388,AGT0053,MetLife,Vision Basic,2024-05-01,2025-05-01,19.77,237.24,0.16,3.16,cancelled,12
POL0002388,MEM002389,AGT0021,MetLife,Dental Basic,2024-10-01,2026-10-01,31.46,377.52,0.18,5.66,cancelled,24
POL0002389,MEM002390,AGT0009,MetLife,Dental+Vision Bundle,2023-09-01,2024-09-01,73.9,886.8,0.25,18.48,cancelled,12
POL0002390,MEM002391,AGT0057,MetLife,Dental+Vision Bundle,2024-05-01,2026-05-01,78.52,942.24,0.25,19.63,active,24
POL0002391,MEM002392,AGT0061,VSP,Dental+Vision Bundle,2024-11-01,2025-11-01,78.2,938.4,0.25,19.55,expired,12
POL0002392,MEM002393,AGT0070,VSP,Dental+Vision Bundle,2023-10-01,2026-10-01,76.21,914.52,0.25,19.05,cancelled,36
POL0002393,MEM002394,AGT0064,Zurich,Dental+Vision Bundle,2024-12-01,2026-12-01,77.11,925.32,0.25,19.28,active,24
POL0002394,MEM002395,AGT0029,Zurich,Dental Basic,2024-09-01,2025-09-01,28.64,343.68,0.18,5.16,active,12
POL0002395,MEM002396,AGT0013,Zurich,Dental Premium,2023-06-01,2024-06-01,56.35,676.2,0.22,12.4,expired,12
POL0002396,MEM002397,AGT0029,VSP,Dental Basic,2024-10-01,2026-10-01,29.74,356.88,0.18,5.35,active,24
POL0002397,MEM002398,AGT0060,Zurich,Vision Basic,2024-12-01,2025-12-01,19.23,230.76,0.16,3.08,active,12
POL0002398,MEM002399,AGT0017,VSP,Dental Premium,2024-07-01,2025-07-01,56.24,674.88,0.22,12.37,active,12
POL0002399,MEM002400,AGT0005,Zurich,Dental+Vision Bundle,2024-12-01,2025-12-01,78.59,943.08,0.25,19.65,active,12
POL0002400,MEM002401,AGT0024,MetLife,Dental Basic,2024-02-01,2025-02-01,29.61,355.32,0.18,5.33,pending,12
POL0002401,MEM002402,AGT0051,VSP,Dental Basic,2023-03-01,2026-03-01,30.49,365.88,0.18,5.49,expired,36
POL0002402,MEM002403,AGT0025,Zurich,Dental+Vision Bundle,2024-06-01,2026-06-01,73.54,882.48,0.25,18.39,active,24
POL0002403,MEM002404,AGT0028,VSP,Vision Basic,2024-09-01,2025-09-01,20.2,242.4,0.16,3.23,active,12
POL0002404,MEM002405,AGT0036,Zurich,Vision Premium,2024-08-01,2026-08-01,33.86,406.32,0.2,6.77,active,24
POL0002405,MEM002406,AGT0033,VSP,Dental+Vision Bundle,2024-01-01,2024-07-01,71.84,862.08,0.25,17.96,active,6
POL0002406,MEM002407,AGT0013,Zurich,Dental+Vision Bundle,2024-06-01,2026-06-01,77.93,935.16,0.25,19.48,active,24
POL0002407,MEM002408,AGT0047,VSP,Vision Basic,2024-07-01,2025-07-01,19.29,231.48,0.16,3.09,cancelled,12
POL0002408,MEM002409,AGT0030,VSP,Dental+Vision Bundle,2024-08-01,2025-08-01,71.91,862.92,0.25,17.98,active,12
POL0002409,MEM002410,AGT0017,VSP,Dental Premium,2023-06-01,2024-06-01,53.28,639.36,0.22,11.72,active,12
POL0002410,MEM002411,AGT0065,MetLife,Dental Premium,2024-04-01,2026-04-01,53.41,640.92,0.22,11.75,active,24
POL0002411,MEM002412,AGT0029,MetLife,Dental Basic,2024-07-01,2026-07-01,29.93,359.16,0.18,5.39,active,24
POL0002412,MEM002413,AGT0020,Zurich,Dental+Vision Bundle,2024-01-01,2025-01-01,74.19,890.28,0.25,18.55,active,12
POL0002413,MEM002414,AGT0047,Zurich,Dental Basic,2024-07-01,2026-07-01,30.66,367.92,0.18,5.52,active,24
POL0002414,MEM002415,AGT0021,MetLife,Vision Premium,2024-07-01,2025-07-01,34.39,412.68,0.2,6.88,active,12
POL0002415,MEM002416,AGT0070,Zurich,Dental Premium,2024-11-01,2025-11-01,53.18,638.16,0.22,11.7,active,12
POL0002416,MEM002417,AGT0052,VSP,Dental Premium,2023-08-01,2025-08-01,56.51,678.12,0.22,12.43,expired,24
POL0002417,MEM002418,AGT0060,VSP,Dental Basic,2024-07-01,2025-07-01,30.0,360.0,0.18,5.4,active,12
POL0002418,MEM002419,AGT0033,Zurich,Vision Basic,2023-12-01,2024-12-01,19.8,237.6,0.16,3.17,expired,12
POL0002419,MEM002420,AGT0077,MetLife,Dental Basic,2023-12-01,2024-12-01,29.36,352.32,0.18,5.28,active,12
POL0002420,MEM002421,AGT0062,MetLife,Vision Premium,2024-03-01,2025-03-01,35.24,422.88,0.2,7.05,active,12
POL0002421,MEM002422,AGT0054,VSP,Vision Basic,2023-10-01,2024-10-01,20.15,241.8,0.16,3.22,active,12
POL0002422,MEM002423,AGT0029,VSP,Dental Basic,2023-10-01,2024-10-01,30.02,360.24,0.18,5.4,active,12
POL0002423,MEM002424,AGT0020,MetLife,Dental Premium,2024-03-01,2027-03-01,56.6,679.2,0.22,12.45,active,36
POL0002424,MEM002425,AGT0002,Zurich,Dental Basic,2024-12-01,2025-12-01,30.65,367.8,0.18,5.52,expired,12
POL0002425,MEM002426,AGT0077,VSP,Dental Basic,2023-12-01,2024-12-01,30.76,369.12,0.18,5.54,cancelled,12
POL0002426,MEM002427,AGT0070,Zurich,Vision Basic,2024-04-01,2025-04-01,20.92,251.04,0.16,3.35,cancelled,12
POL0002427,MEM002428,AGT0035,MetLife,Dental Premium,2023-07-01,2024-07-01,54.89,658.68,0.22,12.08,expired,12
POL0002428,MEM002429,AGT0055,Zurich,Dental Basic,2023-10-01,2024-04-01,29.39,352.68,0.18,5.29,active,6
POL0002429,MEM002430,AGT0067,MetLife,Dental Basic,2024-06-01,2025-06-01,29.39,352.68,0.18,5.29,active,12
POL0002430,MEM002431,AGT0031,Zurich,Vision Basic,2024-10-01,2025-10-01,19.69,236.28,0.16,3.15,active,12
POL0002431,MEM002432,AGT0014,VSP,Dental+Vision Bundle,2024-04-01,2026-04-01,71.76,861.12,0.25,17.94,active,24
POL0002432,MEM002433,AGT0043,VSP,Vision Premium,2023-11-01,2024-11-01,36.24,434.88,0.2,7.25,active,12
POL0002433,MEM002434,AGT0002,MetLife,Vision Premium,2023-10-01,2026-10-01,33.79,405.48,0.2,6.76,active,36
POL0002434,MEM002435,AGT0064,MetLife,Vision Basic,2024-06-01,2025-06-01,20.46,245.52,0.16,3.27,active,12
POL0002435,MEM002436,AGT0063,Zurich,Vision Basic,2024-12-01,2025-12-01,20.7,248.4,0.16,3.31,active,12
POL0002436,MEM002437,AGT0067,Zurich,Dental Premium,2024-09-01,2025-09-01,54.54,654.48,0.22,12.0,expired,12
POL0002437,MEM002438,AGT0013,Zurich,Dental Basic,2024-10-01,2025-10-01,29.09,349.08,0.18,5.24,active,12
POL0002438,MEM002439,AGT0078,VSP,Dental+Vision Bundle,2023-10-01,2024-10-01,77.91,934.92,0.25,19.48,cancelled,12
POL0002439,MEM002440,AGT0059,Zurich,Dental+Vision Bundle,2023-03-01,2026-03-01,77.29,927.48,0.25,19.32,active,36
POL0002440,MEM002441,AGT0004,MetLife,Vision Basic,2023-03-01,2024-03-01,19.79,237.48,0.16,3.17,cancelled,12
POL0002441,MEM002442,AGT0038,VSP,Dental+Vision Bundle,2023-02-01,2024-02-01,78.16,937.92,0.25,19.54,cancelled,12
POL0002442,MEM002443,AGT0045,VSP,Dental+Vision Bundle,2024-05-01,2025-05-01,77.25,927.0,0.25,19.31,active,12
POL0002443,MEM002444,AGT0007,VSP,Vision Basic,2023-10-01,2025-10-01,19.02,228.24,0.16,3.04,active,24
POL0002444,MEM002445,AGT0027,Zurich,Vision Premium,2024-11-01,2025-11-01,35.86,430.32,0.2,7.17,active,12
POL0002445,MEM002446,AGT0045,MetLife,Dental+Vision Bundle,2024-08-01,2025-08-01,73.86,886.32,0.25,18.46,expired,12
POL0002446,MEM002447,AGT0079,Zurich,Vision Premium,2023-05-01,2024-05-01,36.46,437.52,0.2,7.29,active,12
POL0002447,MEM002448,AGT0013,Zurich,Dental Basic,2023-09-01,2025-09-01,30.89,370.68,0.18,5.56,active,24
POL0002448,MEM002449,AGT0064,Zurich,Dental Basic,2024-03-01,2026-03-01,30.33,363.96,0.18,5.46,active,24
POL0002449,MEM002450,AGT0063,VSP,Dental Premium,2024-02-01,2027-02-01,55.77,669.24,0.22,12.27,active,36
POL0002450,MEM002451,AGT0022,VSP,Dental Basic,2024-04-01,2025-04-01,31.03,372.36,0.18,5.59,cancelled,12
POL0002451,MEM002452,AGT0065,Zurich,Vision Basic,2023-08-01,2024-08-01,19.89,238.68,0.16,3.18,expired,12
POL0002452,MEM002453,AGT0023,VSP,Vision Basic,2023-11-01,2024-11-01,19.6,235.2,0.16,3.14,active,12
POL0002453,MEM002454,AGT0012,Zurich,Vision Basic,2023-04-01,2024-04-01,19.19,230.28,0.16,3.07,active,12
POL0002454,MEM002455,AGT0019,Zurich,Dental Premium,2024-12-01,2025-12-01,56.94,683.28,0.22,12.53,active,12
POL0002455,MEM002456,AGT0050,MetLife,Dental+Vision Bundle,2024-01-01,2025-01-01,71.64,859.68,0.25,17.91,active,12
POL0002456,MEM002457,AGT0042,MetLife,Dental Premium,2023-11-01,2026-11-01,54.51,654.12,0.22,11.99,expired,36
POL0002457,MEM002458,AGT0020,Zurich,Dental+Vision Bundle,2023-03-01,2025-03-01,72.45,869.4,0.25,18.11,active,24
POL0002458,MEM002459,AGT0029,MetLife,Dental+Vision Bundle,2023-02-01,2025-02-01,73.75,885.0,0.25,18.44,active,24
POL0002459,MEM002460,AGT0002,VSP,Dental Basic,2024-04-01,2025-04-01,28.98,347.76,0.18,5.22,expired,12
POL0002460,MEM002461,AGT0054,Zurich,Vision Basic,2023-02-01,2026-02-01,20.65,247.8,0.16,3.3,active,36
POL0002461,MEM002462,AGT0024,Zurich,Vision Basic,2024-09-01,2025-09-01,19.77,237.24,0.16,3.16,cancelled,12
POL0002462,MEM002463,AGT0034,Zurich,Vision Premium,2024-11-01,2025-11-01,35.56,426.72,0.2,7.11,active,12
POL0002463,MEM002464,AGT0048,VSP,Dental+Vision Bundle,2024-02-01,2024-08-01,77.51,930.12,0.25,19.38,active,6
POL0002464,MEM002465,AGT0046,MetLife,Dental+Vision Bundle,2023-09-01,2024-09-01,76.24,914.88,0.25,19.06,active,12
POL0002465,MEM002466,AGT0069,Zurich,Dental Basic,2023-06-01,2024-06-01,31.23,374.76,0.18,5.62,expired,12
POL0002466,MEM002467,AGT0041,MetLife,Dental+Vision Bundle,2024-07-01,2026-07-01,78.18,938.16,0.25,19.55,expired,24
POL0002467,MEM002468,AGT0071,MetLife,Vision Basic,2024-10-01,2025-10-01,20.36,244.32,0.16,3.26,cancelled,12
POL0002468,MEM002469,AGT0080,VSP,Vision Basic,2024-09-01,2025-03-01,19.09,229.08,0.16,3.05,cancelled,6
POL0002469,MEM002470,AGT0003,Zurich,Dental Premium,2024-04-01,2027-04-01,55.13,661.56,0.22,12.13,pending,36
POL0002470,MEM002471,AGT0062,Zurich,Dental Basic,2024-11-01,2025-05-01,30.22,362.64,0.18,5.44,cancelled,6
POL0002471,MEM002472,AGT0036,Zurich,Dental Premium,2024-12-01,2025-12-01,53.28,639.36,0.22,11.72,active,12
POL0002472,MEM002473,AGT0056,Zurich,Vision Premium,2023-02-01,2024-02-01,35.91,430.92,0.2,7.18,active,12
POL0002473,MEM002474,AGT0058,VSP,Vision Basic,2023-06-01,2024-06-01,20.81,249.72,0.16,3.33,active,12
POL0002474,MEM002475,AGT0030,Zurich,Vision Premium,2024-12-01,2025-12-01,34.95,419.4,0.2,6.99,active,12
POL0002475,MEM002476,AGT0070,Zurich,Vision Basic,2024-07-01,2025-07-01,19.07,228.84,0.16,3.05,active,12
POL0002476,MEM002477,AGT0076,MetLife,Vision Premium,2023-02-01,2024-02-01,35.57,426.84,0.2,7.11,active,12
POL0002477,MEM002478,AGT0053,Zurich,Dental Basic,2023-04-01,2025-04-01,31.21,374.52,0.18,5.62,active,24
POL0002478,MEM002479,AGT0023,MetLife,Dental Basic,2023-08-01,2024-08-01,30.51,366.12,0.18,5.49,active,12
POL0002479,MEM002480,AGT0012,MetLife,Dental+Vision Bundle,2024-06-01,2025-06-01,77.27,927.24,0.25,19.32,active,12
POL0002480,MEM002481,AGT0049,Zurich,Vision Basic,2024-09-01,2025-09-01,20.87,250.44,0.16,3.34,cancelled,12
POL0002481,MEM002482,AGT0040,VSP,Dental Basic,2024-01-01,2024-07-01,31.2,374.4,0.18,5.62,cancelled,6
POL0002482,MEM002483,AGT0012,MetLife,Dental Premium,2024-04-01,2026-04-01,55.28,663.36,0.22,12.16,active,24
POL0002483,MEM002484,AGT0011,VSP,Vision Basic,2023-08-01,2024-08-01,20.32,243.84,0.16,3.25,cancelled,12
POL0002484,MEM002485,AGT0003,Zurich,Dental Basic,2023-05-01,2024-05-01,30.19,362.28,0.18,5.43,cancelled,12
POL0002485,MEM002486,AGT0013,MetLife,Dental Basic,2024-08-01,2025-08-01,30.9,370.8,0.18,5.56,active,12
POL0002486,MEM002487,AGT0042,VSP,Dental Premium,2024-07-01,2025-07-01,56.72,680.64,0.22,12.48,expired,12
POL0002487,MEM002488,AGT0009,MetLife,Dental Basic,2024-09-01,2025-09-01,28.8,345.6,0.18,5.18,active,12
POL0002488,MEM002489,AGT0069,MetLife,Dental+Vision Bundle,2024-10-01,2025-10-01,78.07,936.84,0.25,19.52,active,12
POL0002489,MEM002490,AGT0048,Zurich,Dental Basic,2023-05-01,2024-05-01,28.82,345.84,0.18,5.19,active,12
POL0002490,MEM002491,AGT0020,VSP,Dental Basic,2024-04-01,2024-10-01,30.94,371.28,0.18,5.57,expired,6
POL0002491,MEM002492,AGT0040,VSP,Dental Basic,2023-03-01,2025-03-01,29.68,356.16,0.18,5.34,active,24
POL0002492,MEM002493,AGT0067,MetLife,Dental+Vision Bundle,2024-12-01,2025-12-01,72.15,865.8,0.25,18.04,expired,12
POL0002493,MEM002494,AGT0020,Zurich,Dental+Vision Bundle,2024-06-01,2025-06-01,72.39,868.68,0.25,18.1,expired,12
POL0002494,MEM002495,AGT0058,MetLife,Vision Premium,2024-05-01,2026-05-01,36.11,433.32,0.2,7.22,active,24
POL0002495,MEM002496,AGT0047,MetLife,Dental Basic,2023-04-01,2024-04-01,31.16,373.92,0.18,5.61,active,12
POL0002496,MEM002497,AGT0006,VSP,Dental Basic,2024-06-01,2025-06-01,30.01,360.12,0.18,5.4,active,12
POL0002497,MEM002498,AGT0067,MetLife,Vision Premium,2024-06-01,2025-06-01,35.4,424.8,0.2,7.08,active,12
POL0002498,MEM002499,AGT0074,Zurich,Vision Basic,2023-12-01,2026-12-01,19.77,237.24,0.16,3.16,active,36
POL0002499,MEM002500,AGT0037,VSP,Dental Basic,2024-03-01,2025-03-01,28.71,344.52,0.18,5.17,active,12
POL0002500,MEM002501,AGT0052,VSP,Dental Premium,2023-08-01,2024-08-01,57.41,688.92,0.22,12.63,active,12
POL0002501,MEM002502,AGT0014,VSP,Vision Basic,2024-06-01,2025-06-01,19.76,237.12,0.16,3.16,expired,12
POL0002502,MEM002503,AGT0064,VSP,Vision Premium,2024-10-01,2025-10-01,35.36,424.32,0.2,7.07,active,12
POL0002503,MEM002504,AGT0025,MetLife,Dental Premium,2023-03-01,2024-03-01,57.5,690.0,0.22,12.65,cancelled,12
POL0002504,MEM002505,AGT0023,Zurich,Dental Premium,2024-09-01,2025-09-01,57.72,692.64,0.22,12.7,expired,12
POL0002505,MEM002506,AGT0007,VSP,Dental Premium,2023-03-01,2024-03-01,53.06,636.72,0.22,11.67,active,12
POL0002506,MEM002507,AGT0056,Zurich,Vision Basic,2024-01-01,2026-01-01,20.77,249.24,0.16,3.32,active,24
POL0002507,MEM002508,AGT0006,MetLife,Dental Basic,2023-08-01,2024-02-01,29.43,353.16,0.18,5.3,active,6
POL0002508,MEM002509,AGT0010,Zurich,Dental Basic,2023-08-01,2024-08-01,29.7,356.4,0.18,5.35,expired,12
POL0002509,MEM002510,AGT0002,MetLife,Dental+Vision Bundle,2023-08-01,2025-08-01,77.89,934.68,0.25,19.47,active,24
POL0002510,MEM002511,AGT0001,MetLife,Vision Premium,2023-08-01,2024-08-01,34.12,409.44,0.2,6.82,cancelled,12
POL0002511,MEM002512,AGT0030,VSP,Dental+Vision Bundle,2024-01-01,2024-07-01,72.18,866.16,0.25,18.05,expired,6
POL0002512,MEM002513,AGT0019,Zurich,Dental Basic,2024-03-01,2026-03-01,31.25,375.0,0.18,5.62,active,24
POL0002513,MEM002514,AGT0074,Zurich,Dental+Vision Bundle,2024-12-01,2027-12-01,74.81,897.72,0.25,18.7,active,36
POL0002514,MEM002515,AGT0035,VSP,Vision Premium,2024-11-01,2025-11-01,35.97,431.64,0.2,7.19,active,12
POL0002515,MEM002516,AGT0036,MetLife,Dental+Vision Bundle,2024-04-01,2025-04-01,73.09,877.08,0.25,18.27,expired,12
POL0002516,MEM002517,AGT0002,Zurich,Vision Premium,2024-06-01,2026-06-01,34.13,409.56,0.2,6.83,active,24
POL0002517,MEM002518,AGT0029,MetLife,Vision Basic,2023-03-01,2024-03-01,20.59,247.08,0.16,3.29,cancelled,12
POL0002518,MEM002519,AGT0009,MetLife,Vision Basic,2023-05-01,2024-05-01,19.05,228.6,0.16,3.05,cancelled,12
POL0002519,MEM002520,AGT0037,Zurich,Dental Premium,2023-07-01,2024-07-01,56.26,675.12,0.22,12.38,cancelled,12
POL0002520,MEM002521,AGT0016,VSP,Dental+Vision Bundle,2024-09-01,2025-09-01,76.2,914.4,0.25,19.05,active,12
POL0002521,MEM002522,AGT0064,MetLife,Dental Basic,2023-08-01,2024-08-01,30.41,364.92,0.18,5.47,expired,12
POL0002522,MEM002523,AGT0014,MetLife,Dental Basic,2023-03-01,2024-03-01,29.68,356.16,0.18,5.34,active,12
POL0002523,MEM002524,AGT0009,MetLife,Dental Premium,2024-03-01,2024-09-01,55.2,662.4,0.22,12.14,expired,6
POL0002524,MEM002525,AGT0057,Zurich,Vision Premium,2024-02-01,2026-02-01,34.94,419.28,0.2,6.99,active,24
POL0002525,MEM002526,AGT0027,Zurich,Dental Premium,2024-12-01,2025-06-01,55.82,669.84,0.22,12.28,active,6
POL0002526,MEM002527,AGT0044,VSP,Dental+Vision Bundle,2024-09-01,2025-09-01,76.4,916.8,0.25,19.1,active,12
POL0002527,MEM002528,AGT0008,VSP,Dental Premium,2024-01-01,2026-01-01,56.08,672.96,0.22,12.34,expired,24
POL0002528,MEM002529,AGT0029,MetLife,Vision Basic,2023-11-01,2024-11-01,19.14,229.68,0.16,3.06,cancelled,12
POL0002529,MEM002530,AGT0057,MetLife,Dental+Vision Bundle,2024-01-01,2026-01-01,76.9,922.8,0.25,19.23,cancelled,24
POL0002530,MEM002531,AGT0072,MetLife,Dental Basic,2024-10-01,2025-10-01,31.24,374.88,0.18,5.62,active,12
POL0002531,MEM002532,AGT0009,VSP,Vision Basic,2023-12-01,2024-12-01,20.94,251.28,0.16,3.35,active,12
POL0002532,MEM002533,AGT0048,MetLife,Dental Basic,2023-02-01,2024-02-01,29.53,354.36,0.18,5.32,expired,12
POL0002533,MEM002534,AGT0049,MetLife,Vision Basic,2023-05-01,2024-05-01,20.61,247.32,0.16,3.3,pending,12
POL0002534,MEM002535,AGT0029,Zurich,Dental Basic,2024-03-01,2025-03-01,29.11,349.32,0.18,5.24,active,12
POL0002535,MEM002536,AGT0061,Zurich,Vision Basic,2024-08-01,2027-08-01,19.86,238.32,0.16,3.18,cancelled,36
POL0002536,MEM002537,AGT0031,Zurich,Vision Basic,2023-11-01,2025-11-01,20.42,245.04,0.16,3.27,active,24
POL0002537,MEM002538,AGT0062,MetLife,Vision Basic,2023-10-01,2024-10-01,19.36,232.32,0.16,3.1,active,12
POL0002538,MEM002539,AGT0037,Zurich,Vision Premium,2024-02-01,2025-02-01,35.17,422.04,0.2,7.03,cancelled,12
POL0002539,MEM002540,AGT0048,Zurich,Dental Basic,2024-03-01,2025-03-01,29.06,348.72,0.18,5.23,active,12
POL0002540,MEM002541,AGT0059,VSP,Vision Premium,2023-12-01,2024-12-01,35.59,427.08,0.2,7.12,active,12
POL0002541,MEM002542,AGT0017,Zurich,Dental Premium,2024-08-01,2026-08-01,55.26,663.12,0.22,12.16,active,24
POL0002542,MEM002543,AGT0059,Zurich,Vision Basic,2024-03-01,2024-09-01,20.76,249.12,0.16,3.32,cancelled,6
POL0002543,MEM002544,AGT0044,VSP,Vision Premium,2024-03-01,2024-09-01,33.87,406.44,0.2,6.77,expired,6
POL0002544,MEM002545,AGT0032,MetLife,Vision Premium,2023-06-01,2024-06-01,36.44,437.28,0.2,7.29,cancelled,12
POL0002545,MEM002546,AGT0047,VSP,Vision Basic,2024-09-01,2025-09-01,20.03,240.36,0.16,3.2,active,12
POL0002546,MEM002547,AGT0028,VSP,Dental Basic,2024-03-01,2025-03-01,28.7,344.4,0.18,5.17,active,12
POL0002547,MEM002548,AGT0039,Zurich,Dental Premium,2023-05-01,2024-05-01,55.42,665.04,0.22,12.19,active,12
POL0002548,MEM002549,AGT0071,MetLife,Vision Premium,2023-08-01,2024-02-01,33.91,406.92,0.2,6.78,active,6
POL0002549,MEM002550,AGT0057,MetLife,Vision Premium,2024-07-01,2026-07-01,35.76,429.12,0.2,7.15,active,24
POL0002550,MEM002551,AGT0035,Zurich,Vision Premium,2024-02-01,2026-02-01,36.68,440.16,0.2,7.34,pending,24
POL0002551,MEM002552,AGT0026,MetLife,Dental Premium,2023-07-01,2024-01-01,54.88,658.56,0.22,12.07,active,6
POL0002552,MEM002553,AGT0063,VSP,Vision Basic,2024-05-01,2025-05-01,20.83,249.96,0.16,3.33,expired,12
POL0002553,MEM002554,AGT0013,MetLife,Dental Basic,2024-10-01,2025-10-01,30.47,365.64,0.18,5.48,active,12
POL0002554,MEM002555,AGT0012,VSP,Dental+Vision Bundle,2023-02-01,2025-02-01,74.24,890.88,0.25,18.56,cancelled,24
POL0002555,MEM002556,AGT0028,VSP,Dental+Vision Bundle,2024-02-01,2025-02-01,75.02,900.24,0.25,18.75,cancelled,12
POL0002556,MEM002557,AGT0058,VSP,Dental Premium,2024-02-01,2025-02-01,56.47,677.64,0.22,12.42,active,12
POL0002557,MEM002558,AGT0013,Zurich,Dental Basic,2023-07-01,2026-07-01,30.93,371.16,0.18,5.57,expired,36
POL0002558,MEM002559,AGT0016,Zurich,Dental+Vision Bundle,2023-07-01,2024-07-01,75.82,909.84,0.25,18.95,expired,12
POL0002559,MEM002560,AGT0071,Zurich,Vision Basic,2024-03-01,2025-03-01,20.47,245.64,0.16,3.28,active,12
POL0002560,MEM002561,AGT0019,VSP,Dental Basic,2023-11-01,2024-11-01,31.19,374.28,0.18,5.61,active,12
POL0002561,MEM002562,AGT0061,VSP,Vision Basic,2023-03-01,2024-03-01,19.38,232.56,0.16,3.1,expired,12
POL0002562,MEM002563,AGT0057,Zurich,Vision Basic,2023-02-01,2024-02-01,19.06,228.72,0.16,3.05,active,12
POL0002563,MEM002564,AGT0073,VSP,Dental+Vision Bundle,2024-05-01,2024-11-01,73.45,881.4,0.25,18.36,active,6
POL0002564,MEM002565,AGT0023,MetLife,Vision Basic,2023-04-01,2024-04-01,20.37,244.44,0.16,3.26,active,12
POL0002565,MEM002566,AGT0015,Zurich,Dental Basic,2024-12-01,2026-12-01,31.26,375.12,0.18,5.63,active,24
POL0002566,MEM002567,AGT0011,VSP,Vision Basic,2024-11-01,2025-11-01,19.99,239.88,0.16,3.2,active,12
POL0002567,MEM002568,AGT0076,VSP,Dental+Vision Bundle,2024-06-01,2026-06-01,78.57,942.84,0.25,19.64,cancelled,24
POL0002568,MEM002569,AGT0066,VSP,Dental+Vision Bundle,2024-02-01,2025-02-01,74.25,891.0,0.25,18.56,active,12
POL0002569,MEM002570,AGT0022,MetLife,Vision Basic,2023-02-01,2024-02-01,20.88,250.56,0.16,3.34,active,12
POL0002570,MEM002571,AGT0056,VSP,Dental Basic,2023-12-01,2024-06-01,28.69,344.28,0.18,5.16,active,6
POL0002571,MEM002572,AGT0043,Zurich,Dental Basic,2024-12-01,2026-12-01,31.21,374.52,0.18,5.62,active,24
POL0002572,MEM002573,AGT0003,VSP,Dental Premium,2024-11-01,2025-11-01,54.55,654.6,0.22,12.0,cancelled,12
POL0002573,MEM002574,AGT0005,Zurich,Vision Premium,2024-05-01,2026-05-01,35.99,431.88,0.2,7.2,active,24
POL0002574,MEM002575,AGT0066,VSP,Dental Premium,2024-02-01,2027-02-01,52.46,629.52,0.22,11.54,cancelled,36
POL0002575,MEM002576,AGT0034,Zurich,Dental Basic,2024-01-01,2026-01-01,30.97,371.64,0.18,5.57,active,24
POL0002576,MEM002577,AGT0058,Zurich,Dental Basic,2023-11-01,2024-11-01,30.12,361.44,0.18,5.42,active,12
POL0002577,MEM002578,AGT0015,MetLife,Dental+Vision Bundle,2024-12-01,2025-06-01,71.71,860.52,0.25,17.93,cancelled,6
POL0002578,MEM002579,AGT0023,VSP,Dental Basic,2023-05-01,2024-05-01,30.36,364.32,0.18,5.46,cancelled,12
POL0002579,MEM002580,AGT0010,MetLife,Vision Premium,2024-09-01,2026-09-01,34.48,413.76,0.2,6.9,expired,24
POL0002580,MEM002581,AGT0075,Zurich,Dental+Vision Bundle,2024-01-01,2026-01-01,76.8,921.6,0.25,19.2,expired,24
POL0002581,MEM002582,AGT0079,MetLife,Dental Basic,2024-05-01,2025-05-01,28.91,346.92,0.18,5.2,expired,12
POL0002582,MEM002583,AGT0024,MetLife,Vision Premium,2023-06-01,2023-12-01,33.8,405.6,0.2,6.76,cancelled,6
POL0002583,MEM002584,AGT0030,MetLife,Dental Basic,2023-05-01,2026-05-01,29.76,357.12,0.18,5.36,cancelled,36
POL0002584,MEM002585,AGT0068,MetLife,Vision Basic,2023-04-01,2024-04-01,20.62,247.44,0.16,3.3,active,12
POL0002585,MEM002586,AGT0024,VSP,Dental Premium,2023-08-01,2024-08-01,56.87,682.44,0.22,12.51,active,12
POL0002586,MEM002587,AGT0057,MetLife,Vision Basic,2024-12-01,2027-12-01,19.2,230.4,0.16,3.07,active,36
POL0002587,MEM002588,AGT0034,MetLife,Dental+Vision Bundle,2023-04-01,2024-04-01,74.26,891.12,0.25,18.57,pending,12
POL0002588,MEM002589,AGT0010,MetLife,Dental Basic,2024-09-01,2025-03-01,29.79,357.48,0.18,5.36,cancelled,6
POL0002589,MEM002590,AGT0051,Zurich,Dental+Vision Bundle,2023-12-01,2025-12-01,75.6,907.2,0.25,18.9,active,24
POL0002590,MEM002591,AGT0065,Zurich,Dental Premium,2023-11-01,2025-11-01,52.39,628.68,0.22,11.53,cancelled,24
POL0002591,MEM002592,AGT0031,Zurich,Dental Basic,2024-04-01,2025-04-01,30.02,360.24,0.18,5.4,active,12
POL0002592,MEM002593,AGT0021,MetLife,Dental Basic,2024-12-01,2026-12-01,29.38,352.56,0.18,5.29,expired,24
POL0002593,MEM002594,AGT0080,VSP,Dental Basic,2024-06-01,2026-06-01,30.52,366.24,0.18,5.49,expired,24
POL0002594,MEM002595,AGT0041,Zurich,Vision Premium,2024-05-01,2025-05-01,34.99,419.88,0.2,7.0,active,12
POL0002595,MEM002596,AGT0034,Zurich,Dental+Vision Bundle,2024-02-01,2026-02-01,71.42,857.04,0.25,17.86,active,24
POL0002596,MEM002597,AGT0048,VSP,Dental Premium,2024-05-01,2024-11-01,55.09,661.08,0.22,12.12,pending,6
POL0002597,MEM002598,AGT0025,MetLife,Vision Basic,2024-06-01,2024-12-01,20.26,243.12,0.16,3.24,active,6
POL0002598,MEM002599,AGT0060,VSP,Dental Premium,2023-03-01,2024-03-01,56.6,679.2,0.22,12.45,active,12
POL0002599,MEM002600,AGT0058,MetLife,Dental Basic,2024-03-01,2026-03-01,29.33,351.96,0.18,5.28,active,24
POL0002600,MEM002601,AGT0018,VSP,Dental Premium,2024-02-01,2025-02-01,57.27,687.24,0.22,12.6,active,12
POL0002601,MEM002602,AGT0047,MetLife,Dental Premium,2024-11-01,2026-11-01,57.53,690.36,0.22,12.66,active,24
POL0002602,MEM002603,AGT0076,MetLife,Dental Basic,2024-12-01,2025-12-01,30.48,365.76,0.18,5.49,active,12
POL0002603,MEM002604,AGT0020,VSP,Dental Premium,2023-02-01,2025-02-01,53.93,647.16,0.22,11.86,active,24
POL0002604,MEM002605,AGT0021,VSP,Dental+Vision Bundle,2023-02-01,2023-08-01,73.95,887.4,0.25,18.49,expired,6
POL0002605,MEM002606,AGT0025,VSP,Vision Basic,2024-08-01,2026-08-01,19.58,234.96,0.16,3.13,active,24
POL0002606,MEM002607,AGT0021,VSP,Dental+Vision Bundle,2024-06-01,2024-12-01,75.96,911.52,0.25,18.99,active,6
POL0002607,MEM002608,AGT0009,VSP,Vision Premium,2023-04-01,2024-04-01,34.42,413.04,0.2,6.88,active,12
POL0002608,MEM002609,AGT0031,Zurich,Dental+Vision Bundle,2024-10-01,2026-10-01,75.52,906.24,0.25,18.88,active,24
POL0002609,MEM002610,AGT0002,VSP,Vision Basic,2023-09-01,2025-09-01,20.51,246.12,0.16,3.28,pending,24
POL0002610,MEM002611,AGT0055,Zurich,Dental Basic,2024-01-01,2026-01-01,28.87,346.44,0.18,5.2,active,24
POL0002611,MEM002612,AGT0044,Zurich,Dental Premium,2023-06-01,2026-06-01,54.57,654.84,0.22,12.01,expired,36
POL0002612,MEM002613,AGT0061,MetLife,Dental Basic,2023-06-01,2025-06-01,28.88,346.56,0.18,5.2,active,24
POL0002613,MEM002614,AGT0027,VSP,Vision Premium,2024-02-01,2025-02-01,35.97,431.64,0.2,7.19,cancelled,12
POL0002614,MEM002615,AGT0072,VSP,Vision Basic,2023-12-01,2025-12-01,20.19,242.28,0.16,3.23,cancelled,24
POL0002615,MEM002616,AGT0042,Zurich,Vision Basic,2024-01-01,2027-01-01,20.1,241.2,0.16,3.22,cancelled,36
POL0002616,MEM002617,AGT0031,MetLife,Vision Basic,2023-09-01,2026-09-01,20.64,247.68,0.16,3.3,active,36
POL0002617,MEM002618,AGT0066,MetLife,Dental Premium,2024-05-01,2025-05-01,54.65,655.8,0.22,12.02,active,12
POL0002618,MEM002619,AGT0068,VSP,Vision Basic,2023-07-01,2024-01-01,19.99,239.88,0.16,3.2,active,6
POL0002619,MEM002620,AGT0050,MetLife,Vision Premium,2023-10-01,2024-04-01,36.0,432.0,0.2,7.2,active,6
POL0002620,MEM002621,AGT0008,VSP,Dental Basic,2023-11-01,2024-05-01,31.4,376.8,0.18,5.65,active,6
POL0002621,MEM002622,AGT0046,Zurich,Vision Basic,2024-11-01,2025-11-01,20.26,243.12,0.16,3.24,active,12
POL0002622,MEM002623,AGT0063,VSP,Vision Basic,2023-06-01,2024-06-01,19.94,239.28,0.16,3.19,active,12
POL0002623,MEM002624,AGT0077,Zurich,Dental Basic,2024-08-01,2025-08-01,30.25,363.0,0.18,5.44,active,12
POL0002624,MEM002625,AGT0065,VSP,Dental Basic,2023-04-01,2025-04-01,29.72,356.64,0.18,5.35,active,24
POL0002625,MEM002626,AGT0039,VSP,Dental Basic,2024-02-01,2026-02-01,30.43,365.16,0.18,5.48,cancelled,24
POL0002626,MEM002627,AGT0054,MetLife,Dental Premium,2023-11-01,2025-11-01,53.47,641.64,0.22,11.76,active,24
POL0002627,MEM002628,AGT0072,MetLife,Vision Basic,2023-07-01,2024-07-01,20.36,244.32,0.16,3.26,active,12
POL0002628,MEM002629,AGT0059,VSP,Dental Basic,2023-12-01,2026-12-01,30.46,365.52,0.18,5.48,cancelled,36
POL0002629,MEM002630,AGT0021,Zurich,Dental Basic,2024-10-01,2026-10-01,28.61,343.32,0.18,5.15,cancelled,24
POL0002630,MEM002631,AGT0042,Zurich,Vision Basic,2023-02-01,2025-02-01,19.69,236.28,0.16,3.15,active,24
POL0002631,MEM002632,AGT0071,MetLife,Vision Basic,2023-06-01,2024-06-01,19.65,235.8,0.16,3.14,active,12
POL0002632,MEM002633,AGT0023,VSP,Vision Basic,2024-11-01,2025-11-01,20.52,246.24,0.16,3.28,active,12
POL0002633,MEM002634,AGT0073,Zurich,Dental Basic,2023-03-01,2024-03-01,30.47,365.64,0.18,5.48,cancelled,12
POL0002634,MEM002635,AGT0064,MetLife,Dental+Vision Bundle,2024-07-01,2025-01-01,77.99,935.88,0.25,19.5,expired,6
POL0002635,MEM002636,AGT0067,MetLife,Dental+Vision Bundle,2023-06-01,2024-06-01,76.99,923.88,0.25,19.25,active,12
POL0002636,MEM002637,AGT0046,VSP,Dental Basic,2023-09-01,2024-09-01,30.51,366.12,0.18,5.49,active,12
POL0002637,MEM002638,AGT0052,Zurich,Dental Basic,2024-01-01,2024-07-01,29.72,356.64,0.18,5.35,active,6
POL0002638,MEM002639,AGT0071,MetLife,Dental+Vision Bundle,2024-04-01,2026-04-01,77.96,935.52,0.25,19.49,active,24
POL0002639,MEM002640,AGT0034,MetLife,Dental Basic,2024-05-01,2027-05-01,30.71,368.52,0.18,5.53,expired,36
POL0002640,MEM002641,AGT0007,Zurich,Dental+Vision Bundle,2024-11-01,2025-05-01,73.9,886.8,0.25,18.48,active,6
POL0002641,MEM002642,AGT0006,MetLife,Vision Premium,2023-09-01,2025-09-01,33.89,406.68,0.2,6.78,cancelled,24
POL0002642,MEM002643,AGT0041,VSP,Dental Premium,2023-07-01,2024-07-01,55.99,671.88,0.22,12.32,active,12
POL0002643,MEM002644,AGT0066,VSP,Vision Basic,2024-11-01,2025-11-01,19.43,233.16,0.16,3.11,active,12
POL0002644,MEM002645,AGT0009,MetLife,Dental Basic,2024-12-01,2025-12-01,30.77,369.24,0.18,5.54,active,12
POL0002645,MEM002646,AGT0075,VSP,Dental Basic,2023-03-01,2025-03-01,31.24,374.88,0.18,5.62,cancelled,24
POL0002646,MEM002647,AGT0066,MetLife,Dental Premium,2023-04-01,2025-04-01,54.75,657.0,0.22,12.04,cancelled,24
POL0002647,MEM002648,AGT0080,VSP,Dental Premium,2023-07-01,2024-07-01,55.13,661.56,0.22,12.13,pending,12
POL0002648,MEM002649,AGT0021,MetLife,Vision Premium,2024-02-01,2025-02-01,36.31,435.72,0.2,7.26,cancelled,12
POL0002649,MEM002650,AGT0042,VSP,Dental Premium,2023-10-01,2025-10-01,52.99,635.88,0.22,11.66,pending,24
POL0002650,MEM002651,AGT0004,VSP,Vision Basic,2024-11-01,2025-11-01,20.84,250.08,0.16,3.33,cancelled,12
POL0002651,MEM002652,AGT0027,MetLife,Dental Basic,2024-11-01,2025-11-01,28.91,346.92,0.18,5.2,cancelled,12
POL0002652,MEM002653,AGT0026,Zurich,Vision Premium,2024-03-01,2027-03-01,33.32,399.84,0.2,6.66,cancelled,36
POL0002653,MEM002654,AGT0039,VSP,Vision Basic,2023-12-01,2024-12-01,20.51,246.12,0.16,3.28,active,12
POL0002654,MEM002655,AGT0033,MetLife,Vision Basic,2024-11-01,2025-11-01,19.34,232.08,0.16,3.09,active,12
POL0002655,MEM002656,AGT0024,VSP,Dental Basic,2023-12-01,2025-12-01,29.59,355.08,0.18,5.33,active,24
POL0002656,MEM002657,AGT0051,Zurich,Vision Premium,2024-03-01,2026-03-01,36.36,436.32,0.2,7.27,active,24
POL0002657,MEM002658,AGT0077,VSP,Vision Premium,2024-06-01,2027-06-01,33.32,399.84,0.2,6.66,cancelled,36
POL0002658,MEM002659,AGT0079,MetLife,Dental+Vision Bundle,2024-12-01,2025-12-01,74.45,893.4,0.25,18.61,active,12
POL0002659,MEM002660,AGT0036,MetLife,Dental Premium,2023-03-01,2024-03-01,53.65,643.8,0.22,11.8,active,12
POL0002660,MEM002661,AGT0013,MetLife,Dental Premium,2024-02-01,2027-02-01,52.93,635.16,0.22,11.64,active,36
POL0002661,MEM002662,AGT0048,MetLife,Dental Premium,2024-11-01,2026-11-01,57.53,690.36,0.22,12.66,active,24
POL0002662,MEM002663,AGT0005,MetLife,Dental Premium,2024-11-01,2025-11-01,55.26,663.12,0.22,12.16,active,12
POL0002663,MEM002664,AGT0016,Zurich,Vision Premium,2023-10-01,2024-10-01,33.3,399.6,0.2,6.66,active,12
POL0002664,MEM002665,AGT0023,MetLife,Dental Basic,2024-12-01,2025-12-01,30.83,369.96,0.18,5.55,active,12
POL0002665,MEM002666,AGT0072,VSP,Dental Premium,2023-09-01,2024-09-01,54.79,657.48,0.22,12.05,active,12
POL0002666,MEM002667,AGT0020,MetLife,Dental Basic,2024-08-01,2025-08-01,29.37,352.44,0.18,5.29,cancelled,12
POL0002667,MEM002668,AGT0005,VSP,Dental Premium,2024-12-01,2025-06-01,53.58,642.96,0.22,11.79,active,6
POL0002668,MEM002669,AGT0002,Zurich,Dental+Vision Bundle,2024-05-01,2025-05-01,74.41,892.92,0.25,18.6,active,12
POL0002669,MEM002670,AGT0037,Zurich,Vision Basic,2024-12-01,2027-12-01,20.74,248.88,0.16,3.32,cancelled,36
POL0002670,MEM002671,AGT0025,MetLife,Vision Premium,2023-11-01,2024-11-01,36.08,432.96,0.2,7.22,cancelled,12
POL0002671,MEM002672,AGT0056,Zurich,Dental+Vision Bundle,2023-02-01,2025-02-01,76.03,912.36,0.25,19.01,active,24
POL0002672,MEM002673,AGT0037,VSP,Dental Basic,2024-06-01,2026-06-01,29.17,350.04,0.18,5.25,pending,24
POL0002673,MEM002674,AGT0070,MetLife,Dental Premium,2024-02-01,2026-02-01,54.67,656.04,0.22,12.03,active,24
POL0002674,MEM002675,AGT0019,VSP,Vision Premium,2024-02-01,2026-02-01,36.51,438.12,0.2,7.3,active,24
POL0002675,MEM002676,AGT0075,VSP,Dental Premium,2024-01-01,2025-01-01,56.87,682.44,0.22,12.51,active,12
POL0002676,MEM002677,AGT0064,Zurich,Vision Basic,2024-01-01,2025-01-01,19.56,234.72,0.16,3.13,active,12
POL0002677,MEM002678,AGT0078,VSP,Dental+Vision Bundle,2024-02-01,2025-02-01,78.25,939.0,0.25,19.56,active,12
POL0002678,MEM002679,AGT0058,Zurich,Dental+Vision Bundle,2024-01-01,2024-07-01,74.44,893.28,0.25,18.61,pending,6
POL0002679,MEM002680,AGT0065,Zurich,Dental Basic,2023-07-01,2024-07-01,29.23,350.76,0.18,5.26,cancelled,12
POL0002680,MEM002681,AGT0074,MetLife,Dental+Vision Bundle,2024-01-01,2027-01-01,76.41,916.92,0.25,19.1,cancelled,36
POL0002681,MEM002682,AGT0054,MetLife,Dental+Vision Bundle,2023-08-01,2024-02-01,77.14,925.68,0.25,19.29,active,6
POL0002682,MEM002683,AGT0014,Zurich,Dental Basic,2024-08-01,2025-08-01,28.73,344.76,0.18,5.17,cancelled,12
POL0002683,MEM002684,AGT0043,VSP,Dental Basic,2024-08-01,2025-02-01,29.23,350.76,0.18,5.26,active,6
POL0002684,MEM002685,AGT0067,Zurich,Dental+Vision Bundle,2024-02-01,2026-02-01,73.27,879.24,0.25,18.32,cancelled,24
POL0002685,MEM002686,AGT0053,Zurich,Vision Premium,2023-09-01,2024-09-01,36.35,436.2,0.2,7.27,cancelled,12
POL0002686,MEM002687,AGT0020,Zurich,Dental+Vision Bundle,2023-05-01,2024-05-01,71.45,857.4,0.25,17.86,cancelled,12
POL0002687,MEM002688,AGT0014,VSP,Dental Basic,2023-08-01,2026-08-01,30.56,366.72,0.18,5.5,active,36
POL0002688,MEM002689,AGT0052,VSP,Dental+Vision Bundle,2023-04-01,2024-04-01,71.93,863.16,0.25,17.98,cancelled,12
POL0002689,MEM002690,AGT0004,MetLife,Dental Basic,2024-08-01,2025-08-01,28.86,346.32,0.18,5.19,expired,12
POL0002690,MEM002691,AGT0010,MetLife,Dental Premium,2023-06-01,2024-06-01,55.74,668.88,0.22,12.26,active,12
POL0002691,MEM002692,AGT0052,MetLife,Vision Premium,2023-06-01,2025-06-01,36.39,436.68,0.2,7.28,cancelled,24
POL0002692,MEM002693,AGT0048,MetLife,Dental Premium,2023-12-01,2024-06-01,52.3,627.6,0.22,11.51,active,6
POL0002693,MEM002694,AGT0079,Zurich,Dental Basic,2024-10-01,2026-10-01,30.44,365.28,0.18,5.48,active,24
POL0002694,MEM002695,AGT0041,VSP,Dental Basic,2024-06-01,2026-06-01,29.57,354.84,0.18,5.32,active,24
POL0002695,MEM002696,AGT0013,VSP,Vision Premium,2024-05-01,2024-11-01,35.6,427.2,0.2,7.12,active,6
POL0002696,MEM002697,AGT0004,VSP,Dental Basic,2024-10-01,2025-10-01,29.76,357.12,0.18,5.36,expired,12
POL0002697,MEM002698,AGT0033,Zurich,Dental Basic,2024-06-01,2026-06-01,31.33,375.96,0.18,5.64,cancelled,24
POL0002698,MEM002699,AGT0049,Zurich,Dental Premium,2023-10-01,2024-10-01,53.34,640.08,0.22,11.73,active,12
POL0002699,MEM002700,AGT0042,VSP,Vision Basic,2024-10-01,2025-10-01,20.54,246.48,0.16,3.29,active,12
POL0002700,MEM002701,AGT0053,MetLife,Dental Basic,2024-05-01,2026-05-01,28.82,345.84,0.18,5.19,cancelled,24
POL0002701,MEM002702,AGT0065,VSP,Dental Basic,2023-06-01,2025-06-01,30.35,364.2,0.18,5.46,cancelled,24
POL0002702,MEM002703,AGT0073,VSP,Dental+Vision Bundle,2023-08-01,2024-08-01,76.75,921.0,0.25,19.19,active,12
POL0002703,MEM002704,AGT0075,MetLife,Vision Premium,2024-08-01,2026-08-01,35.11,421.32,0.2,7.02,expired,24
POL0002704,MEM002705,AGT0038,MetLife,Dental Basic,2024-06-01,2025-06-01,29.12,349.44,0.18,5.24,cancelled,12
POL0002705,MEM002706,AGT0015,Zurich,Dental Basic,2024-10-01,2027-10-01,29.44,353.28,0.18,5.3,pending,36
POL0002706,MEM002707,AGT0063,MetLife,Dental Basic,2023-04-01,2024-04-01,28.87,346.44,0.18,5.2,cancelled,12
POL0002707,MEM002708,AGT0006,VSP,Dental Basic,2024-11-01,2025-11-01,30.09,361.08,0.18,5.42,active,12
POL0002708,MEM002709,AGT0030,Zurich,Dental Premium,2024-01-01,2025-01-01,56.73,680.76,0.22,12.48,cancelled,12
POL0002709,MEM002710,AGT0018,MetLife,Vision Premium,2023-05-01,2026-05-01,33.88,406.56,0.2,6.78,active,36
POL0002710,MEM002711,AGT0057,VSP,Dental Premium,2024-10-01,2025-10-01,55.29,663.48,0.22,12.16,active,12
POL0002711,MEM002712,AGT0048,Zurich,Vision Basic,2024-04-01,2026-04-01,20.01,240.12,0.16,3.2,cancelled,24
POL0002712,MEM002713,AGT0036,VSP,Vision Basic,2024-04-01,2027-04-01,20.46,245.52,0.16,3.27,cancelled,36
POL0002713,MEM002714,AGT0012,VSP,Dental+Vision Bundle,2024-04-01,2026-04-01,72.53,870.36,0.25,18.13,active,24
POL0002714,MEM002715,AGT0052,Zurich,Dental+Vision Bundle,2024-12-01,2025-12-01,78.19,938.28,0.25,19.55,active,12
POL0002715,MEM002716,AGT0021,MetLife,Vision Basic,2023-06-01,2023-12-01,19.98,239.76,0.16,3.2,cancelled,6
POL0002716,MEM002717,AGT0070,VSP,Vision Basic,2024-12-01,2025-06-01,20.36,244.32,0.16,3.26,expired,6
POL0002717,MEM002718,AGT0075,VSP,Dental Basic,2024-06-01,2026-06-01,30.91,370.92,0.18,5.56,active,24
POL0002718,MEM002719,AGT0019,VSP,Dental Basic,2023-03-01,2025-03-01,30.96,371.52,0.18,5.57,expired,24
POL0002719,MEM002720,AGT0008,Zurich,Vision Premium,2024-03-01,2025-03-01,34.22,410.64,0.2,6.84,cancelled,12
POL0002720,MEM002721,AGT0075,Zurich,Dental Basic,2023-05-01,2024-05-01,29.94,359.28,0.18,5.39,active,12
POL0002721,MEM002722,AGT0062,MetLife,Dental Basic,2023-06-01,2026-06-01,30.19,362.28,0.18,5.43,active,36
POL0002722,MEM002723,AGT0028,MetLife,Dental Basic,2024-06-01,2025-06-01,28.59,343.08,0.18,5.15,active,12
POL0002723,MEM002724,AGT0019,Zurich,Dental Basic,2024-08-01,2026-08-01,28.64,343.68,0.18,5.16,active,24
POL0002724,MEM002725,AGT0062,Zurich,Dental+Vision Bundle,2024-07-01,2025-07-01,77.79,933.48,0.25,19.45,expired,12
POL0002725,MEM002726,AGT0032,Zurich,Vision Premium,2023-04-01,2024-04-01,35.15,421.8,0.2,7.03,active,12
POL0002726,MEM002727,AGT0034,VSP,Dental Basic,2024-11-01,2026-11-01,29.86,358.32,0.18,5.37,cancelled,24
POL0002727,MEM002728,AGT0051,MetLife,Dental Basic,2024-04-01,2026-04-01,29.98,359.76,0.18,5.4,active,24
POL0002728,MEM002729,AGT0078,MetLife,Vision Premium,2024-02-01,2026-02-01,36.09,433.08,0.2,7.22,active,24
POL0002729,MEM002730,AGT0066,VSP,Vision Basic,2023-06-01,2026-06-01,20.72,248.64,0.16,3.32,cancelled,36
POL0002730,MEM002731,AGT0077,Zurich,Dental Premium,2024-11-01,2025-11-01,55.45,665.4,0.22,12.2,active,12
POL0002731,MEM002732,AGT0004,VSP,Dental Basic,2023-04-01,2023-10-01,31.03,372.36,0.18,5.59,active,6
POL0002732,MEM002733,AGT0048,VSP,Dental Premium,2023-04-01,2024-04-01,54.22,650.64,0.22,11.93,cancelled,12
POL0002733,MEM002734,AGT0069,Zurich,Dental Premium,2024-05-01,2025-05-01,53.33,639.96,0.22,11.73,active,12
POL0002734,MEM002735,AGT0063,VSP,Vision Premium,2023-12-01,2024-06-01,34.76,417.12,0.2,6.95,active,6
POL0002735,MEM002736,AGT0077,Zurich,Vision Premium,2024-09-01,2027-09-01,36.23,434.76,0.2,7.25,cancelled,36
POL0002736,MEM002737,AGT0012,Zurich,Vision Basic,2023-06-01,2024-06-01,20.25,243.0,0.16,3.24,active,12
POL0002737,MEM002738,AGT0079,Zurich,Dental Basic,2024-01-01,2024-07-01,30.18,362.16,0.18,5.43,active,6
POL0002738,MEM002739,AGT0037,Zurich,Vision Basic,2024-11-01,2025-11-01,20.33,243.96,0.16,3.25,expired,12
POL0002739,MEM002740,AGT0073,MetLife,Dental Premium,2023-12-01,2024-12-01,54.86,658.32,0.22,12.07,active,12
POL0002740,MEM002741,AGT0067,Zurich,Dental Premium,2023-12-01,2025-12-01,56.5,678.0,0.22,12.43,active,24
POL0002741,MEM002742,AGT0025,Zurich,Dental+Vision Bundle,2023-10-01,2024-10-01,76.11,913.32,0.25,19.03,active,12
POL0002742,MEM002743,AGT0047,Zurich,Vision Basic,2023-06-01,2025-06-01,20.37,244.44,0.16,3.26,active,24
POL0002743,MEM002744,AGT0075,Zurich,Dental Basic,2023-12-01,2024-12-01,30.39,364.68,0.18,5.47,active,12
POL0002744,MEM002745,AGT0077,Zurich,Dental+Vision Bundle,2023-11-01,2024-11-01,78.35,940.2,0.25,19.59,expired,12
POL0002745,MEM002746,AGT0032,VSP,Vision Basic,2023-08-01,2024-08-01,20.14,241.68,0.16,3.22,active,12
POL0002746,MEM002747,AGT0069,VSP,Dental Basic,2023-11-01,2026-11-01,29.77,357.24,0.18,5.36,cancelled,36
POL0002747,MEM002748,AGT0016,VSP,Dental+Vision Bundle,2024-10-01,2025-10-01,78.07,936.84,0.25,19.52,active,12
POL0002748,MEM002749,AGT0025,VSP,Dental+Vision Bundle,2024-03-01,2026-03-01,73.76,885.12,0.25,18.44,cancelled,24
POL0002749,MEM002750,AGT0036,Zurich,Vision Basic,2024-05-01,2025-05-01,20.49,245.88,0.16,3.28,active,12
POL0002750,MEM002751,AGT0055,Zurich,Dental+Vision Bundle,2023-08-01,2024-08-01,77.56,930.72,0.25,19.39,cancelled,12
POL0002751,MEM002752,AGT0056,VSP,Dental Premium,2024-10-01,2026-10-01,53.19,638.28,0.22,11.7,cancelled,24
POL0002752,MEM002753,AGT0047,MetLife,Dental Basic,2023-06-01,2025-06-01,29.97,359.64,0.18,5.39,expired,24
POL0002753,MEM002754,AGT0071,Zurich,Dental Premium,2023-04-01,2025-04-01,56.99,683.88,0.22,12.54,cancelled,24
POL0002754,MEM002755,AGT0006,Zurich,Vision Basic,2023-05-01,2024-05-01,19.2,230.4,0.16,3.07,active,12
POL0002755,MEM002756,AGT0080,Zurich,Dental Premium,2023-02-01,2025-02-01,57.36,688.32,0.22,12.62,active,24
POL0002756,MEM002757,AGT0029,Zurich,Vision Basic,2024-04-01,2024-10-01,19.42,233.04,0.16,3.11,expired,6
POL0002757,MEM002758,AGT0031,MetLife,Dental Basic,2023-11-01,2024-11-01,30.49,365.88,0.18,5.49,active,12
POL0002758,MEM002759,AGT0022,VSP,Dental Basic,2024-09-01,2025-09-01,29.88,358.56,0.18,5.38,expired,12
POL0002759,MEM002760,AGT0012,Zurich,Vision Premium,2024-10-01,2025-10-01,33.35,400.2,0.2,6.67,cancelled,12
POL0002760,MEM002761,AGT0013,MetLife,Dental+Vision Bundle,2023-11-01,2026-11-01,73.33,879.96,0.25,18.33,expired,36
POL0002761,MEM002762,AGT0079,MetLife,Dental+Vision Bundle,2023-09-01,2024-09-01,73.99,887.88,0.25,18.5,active,12
POL0002762,MEM002763,AGT0001,MetLife,Vision Premium,2023-09-01,2024-09-01,34.05,408.6,0.2,6.81,active,12
POL0002763,MEM002764,AGT0050,VSP,Dental Basic,2024-04-01,2025-04-01,28.54,342.48,0.18,5.14,active,12
POL0002764,MEM002765,AGT0057,VSP,Dental Basic,2023-05-01,2024-05-01,31.1,373.2,0.18,5.6,active,12
POL0002765,MEM002766,AGT0070,VSP,Dental Basic,2024-02-01,2026-02-01,28.98,347.76,0.18,5.22,active,24
POL0002766,MEM002767,AGT0068,VSP,Dental Premium,2024-12-01,2025-12-01,55.98,671.76,0.22,12.32,active,12
POL0002767,MEM002768,AGT0050,VSP,Vision Basic,2024-06-01,2025-06-01,20.58,246.96,0.16,3.29,expired,12
POL0002768,MEM002769,AGT0077,Zurich,Vision Premium,2024-02-01,2027-02-01,36.56,438.72,0.2,7.31,active,36
POL0002769,MEM002770,AGT0028,VSP,Dental Premium,2023-07-01,2026-07-01,54.55,654.6,0.22,12.0,active,36
POL0002770,MEM002771,AGT0030,VSP,Vision Basic,2023-11-01,2024-11-01,19.4,232.8,0.16,3.1,active,12
POL0002771,MEM002772,AGT0032,Zurich,Vision Premium,2024-05-01,2026-05-01,34.0,408.0,0.2,6.8,cancelled,24
POL0002772,MEM002773,AGT0074,VSP,Dental Premium,2024-05-01,2026-05-01,57.71,692.52,0.22,12.7,active,24
POL0002773,MEM002774,AGT0058,VSP,Dental Basic,2023-02-01,2025-02-01,28.89,346.68,0.18,5.2,active,24
POL0002774,MEM002775,AGT0035,VSP,Dental+Vision Bundle,2023-10-01,2026-10-01,75.8,909.6,0.25,18.95,cancelled,36
POL0002775,MEM002776,AGT0022,MetLife,Dental+Vision Bundle,2023-10-01,2024-10-01,71.84,862.08,0.25,17.96,expired,12
POL0002776,MEM002777,AGT0068,MetLife,Dental+Vision Bundle,2024-11-01,2025-11-01,71.33,855.96,0.25,17.83,active,12
POL0002777,MEM002778,AGT0030,MetLife,Vision Premium,2024-02-01,2025-02-01,35.89,430.68,0.2,7.18,active,12
POL0002778,MEM002779,AGT0071,MetLife,Dental Premium,2023-07-01,2024-07-01,55.69,668.28,0.22,12.25,active,12
POL0002779,MEM002780,AGT0020,VSP,Dental Basic,2024-07-01,2027-07-01,30.06,360.72,0.18,5.41,expired,36
POL0002780,MEM002781,AGT0030,VSP,Dental Premium,2024-04-01,2025-04-01,56.57,678.84,0.22,12.45,pending,12
POL0002781,MEM002782,AGT0012,Zurich,Dental Basic,2024-07-01,2027-07-01,29.52,354.24,0.18,5.31,expired,36
POL0002782,MEM002783,AGT0071,VSP,Dental+Vision Bundle,2024-12-01,2025-06-01,78.01,936.12,0.25,19.5,active,6
POL0002783,MEM002784,AGT0026,Zurich,Vision Premium,2023-07-01,2024-07-01,33.33,399.96,0.2,6.67,active,12
POL0002784,MEM002785,AGT0023,Zurich,Dental Basic,2023-04-01,2024-04-01,30.17,362.04,0.18,5.43,active,12
POL0002785,MEM002786,AGT0023,MetLife,Vision Basic,2024-05-01,2025-05-01,19.05,228.6,0.16,3.05,cancelled,12
POL0002786,MEM002787,AGT0042,MetLife,Vision Premium,2023-08-01,2026-08-01,33.42,401.04,0.2,6.68,cancelled,36
POL0002787,MEM002788,AGT0065,MetLife,Dental Premium,2024-07-01,2026-07-01,54.81,657.72,0.22,12.06,expired,24
POL0002788,MEM002789,AGT0020,MetLife,Dental Basic,2023-07-01,2026-07-01,28.81,345.72,0.18,5.19,active,36
POL0002789,MEM002790,AGT0036,VSP,Dental Basic,2024-10-01,2025-10-01,29.07,348.84,0.18,5.23,expired,12
POL0002790,MEM002791,AGT0021,Zurich,Vision Basic,2023-07-01,2026-07-01,20.47,245.64,0.16,3.28,active,36
POL0002791,MEM002792,AGT0018,MetLife,Dental Premium,2023-03-01,2023-09-01,57.62,691.44,0.22,12.68,active,6
POL0002792,MEM002793,AGT0071,Zurich,Vision Premium,2024-07-01,2026-07-01,35.58,426.96,0.2,7.12,pending,24
POL0002793,MEM002794,AGT0046,Zurich,Vision Basic,2024-07-01,2025-07-01,20.65,247.8,0.16,3.3,cancelled,12
POL0002794,MEM002795,AGT0053,MetLife,Vision Basic,2024-03-01,2025-03-01,19.81,237.72,0.16,3.17,cancelled,12
POL0002795,MEM002796,AGT0027,MetLife,Vision Basic,2024-06-01,2024-12-01,19.11,229.32,0.16,3.06,active,6
POL0002796,MEM002797,AGT0078,VSP,Dental Premium,2024-02-01,2024-08-01,55.84,670.08,0.22,12.28,active,6
POL0002797,MEM002798,AGT0041,VSP,Dental Basic,2023-12-01,2025-12-01,31.32,375.84,0.18,5.64,active,24
POL0002798,MEM002799,AGT0019,VSP,Dental+Vision Bundle,2023-02-01,2024-02-01,76.88,922.56,0.25,19.22,active,12
POL0002799,MEM002800,AGT0032,MetLife,Dental Basic,2023-06-01,2024-06-01,30.28,363.36,0.18,5.45,cancelled,12
POL0002800,MEM002801,AGT0063,VSP,Vision Basic,2023-09-01,2024-09-01,19.82,237.84,0.16,3.17,active,12
POL0002801,MEM002802,AGT0060,MetLife,Dental Premium,2024-05-01,2025-05-01,52.66,631.92,0.22,11.59,active,12
POL0002802,MEM002803,AGT0013,VSP,Dental Premium,2023-03-01,2024-03-01,56.53,678.36,0.22,12.44,cancelled,12
POL0002803,MEM002804,AGT0056,MetLife,Vision Basic,2024-01-01,2026-01-01,20.88,250.56,0.16,3.34,active,24
POL0002804,MEM002805,AGT0062,MetLife,Dental+Vision Bundle,2024-01-01,2025-01-01,77.16,925.92,0.25,19.29,active,12
POL0002805,MEM002806,AGT0043,MetLife,Dental Premium,2024-06-01,2025-06-01,52.32,627.84,0.22,11.51,expired,12
POL0002806,MEM002807,AGT0013,MetLife,Vision Premium,2024-07-01,2025-07-01,33.44,401.28,0.2,6.69,active,12
POL0002807,MEM002808,AGT0004,Zurich,Dental Basic,2024-08-01,2025-02-01,30.3,363.6,0.18,5.45,expired,6
POL0002808,MEM002809,AGT0058,VSP,Dental Premium,2024-07-01,2025-07-01,52.31,627.72,0.22,11.51,expired,12
POL0002809,MEM002810,AGT0080,VSP,Dental Premium,2024-10-01,2026-10-01,52.91,634.92,0.22,11.64,active,24
POL0002810,MEM002811,AGT0016,VSP,Vision Premium,2023-03-01,2023-09-01,34.79,417.48,0.2,6.96,cancelled,6
POL0002811,MEM002812,AGT0071,Zurich,Vision Premium,2024-04-01,2025-04-01,35.51,426.12,0.2,7.1,active,12
POL0002812,MEM002813,AGT0049,VSP,Vision Premium,2024-07-01,2026-07-01,34.38,412.56,0.2,6.88,cancelled,24
POL0002813,MEM002814,AGT0019,MetLife,Dental Basic,2024-04-01,2025-04-01,31.46,377.52,0.18,5.66,active,12
POL0002814,MEM002815,AGT0029,MetLife,Dental Basic,2024-02-01,2025-02-01,28.78,345.36,0.18,5.18,active,12
POL0002815,MEM002816,AGT0054,Zurich,Dental Basic,2023-02-01,2024-02-01,30.98,371.76,0.18,5.58,active,12
POL0002816,MEM002817,AGT0073,VSP,Dental+Vision Bundle,2023-07-01,2026-07-01,74.17,890.04,0.25,18.54,cancelled,36
POL0002817,MEM002818,AGT0021,MetLife,Dental Premium,2023-09-01,2025-09-01,52.94,635.28,0.22,11.65,active,24
POL0002818,MEM002819,AGT0060,MetLife,Dental+Vision Bundle,2024-06-01,2025-06-01,73.78,885.36,0.25,18.45,active,12
POL0002819,MEM002820,AGT0059,VSP,Vision Basic,2024-06-01,2025-06-01,20.52,246.24,0.16,3.28,active,12
POL0002820,MEM002821,AGT0074,Zurich,Vision Basic,2024-02-01,2025-02-01,20.92,251.04,0.16,3.35,active,12
POL0002821,MEM002822,AGT0020,Zurich,Vision Premium,2024-01-01,2025-01-01,35.92,431.04,0.2,7.18,active,12
POL0002822,MEM002823,AGT0077,MetLife,Dental Basic,2024-09-01,2025-03-01,31.35,376.2,0.18,5.64,active,6
POL0002823,MEM002824,AGT0035,VSP,Dental+Vision Bundle,2023-02-01,2024-02-01,72.04,864.48,0.25,18.01,expired,12
POL0002824,MEM002825,AGT0007,Zurich,Dental Premium,2023-12-01,2024-12-01,53.3,639.6,0.22,11.73,active,12
POL0002825,MEM002826,AGT0072,MetLife,Dental+Vision Bundle,2023-10-01,2025-10-01,77.68,932.16,0.25,19.42,expired,24
POL0002826,MEM002827,AGT0020,MetLife,Vision Premium,2023-09-01,2024-09-01,35.98,431.76,0.2,7.2,expired,12
POL0002827,MEM002828,AGT0052,VSP,Vision Basic,2024-07-01,2026-07-01,20.76,249.12,0.16,3.32,active,24
POL0002828,MEM002829,AGT0021,Zurich,Vision Basic,2023-12-01,2026-12-01,19.87,238.44,0.16,3.18,expired,36
POL0002829,MEM002830,AGT0008,VSP,Dental Premium,2024-12-01,2025-12-01,57.06,684.72,0.22,12.55,active,12
POL0002830,MEM002831,AGT0061,MetLife,Dental Premium,2024-04-01,2025-04-01,56.83,681.96,0.22,12.5,expired,12
POL0002831,MEM002832,AGT0031,VSP,Dental+Vision Bundle,2024-02-01,2026-02-01,78.34,940.08,0.25,19.59,active,24
POL0002832,MEM002833,AGT0028,VSP,Dental Premium,2024-06-01,2025-06-01,55.65,667.8,0.22,12.24,expired,12
POL0002833,MEM002834,AGT0079,MetLife,Dental Premium,2023-09-01,2024-03-01,54.41,652.92,0.22,11.97,cancelled,6
POL0002834,MEM002835,AGT0049,MetLife,Dental Basic,2024-10-01,2025-10-01,30.41,364.92,0.18,5.47,pending,12
POL0002835,MEM002836,AGT0070,VSP,Vision Basic,2023-04-01,2024-04-01,19.17,230.04,0.16,3.07,active,12
POL0002836,MEM002837,AGT0001,VSP,Dental Basic,2023-05-01,2024-05-01,30.23,362.76,0.18,5.44,active,12
POL0002837,MEM002838,AGT0046,Zurich,Vision Basic,2023-06-01,2025-06-01,19.42,233.04,0.16,3.11,active,24
POL0002838,MEM002839,AGT0043,MetLife,Dental Basic,2023-03-01,2023-09-01,28.97,347.64,0.18,5.21,active,6
POL0002839,MEM002840,AGT0079,MetLife,Dental+Vision Bundle,2024-09-01,2026-09-01,72.06,864.72,0.25,18.02,cancelled,24
POL0002840,MEM002841,AGT0063,MetLife,Dental Premium,2023-08-01,2024-08-01,55.92,671.04,0.22,12.3,active,12
POL0002841,MEM002842,AGT0079,VSP,Dental Basic,2023-11-01,2024-11-01,31.17,374.04,0.18,5.61,pending,12
POL0002842,MEM002843,AGT0066,MetLife,Vision Basic,2024-05-01,2027-05-01,19.87,238.44,0.16,3.18,active,36
POL0002843,MEM002844,AGT0051,VSP,Vision Premium,2023-09-01,2024-09-01,34.26,411.12,0.2,6.85,active,12
POL0002844,MEM002845,AGT0066,VSP,Dental Premium,2024-05-01,2025-05-01,54.38,652.56,0.22,11.96,active,12
POL0002845,MEM002846,AGT0040,Zurich,Dental Premium,2024-03-01,2025-03-01,54.7,656.4,0.22,12.03,active,12
POL0002846,MEM002847,AGT0020,MetLife,Dental Basic,2023-10-01,2024-10-01,31.45,377.4,0.18,5.66,expired,12
POL0002847,MEM002848,AGT0014,VSP,Dental Basic,2024-09-01,2027-09-01,28.91,346.92,0.18,5.2,active,36
POL0002848,MEM002849,AGT0041,Zurich,Dental Basic,2023-04-01,2026-04-01,30.82,369.84,0.18,5.55,expired,36
POL0002849,MEM002850,AGT0016,Zurich,Vision Premium,2024-06-01,2026-06-01,36.56,438.72,0.2,7.31,active,24
POL0002850,MEM002851,AGT0039,Zurich,Dental Basic,2024-12-01,2027-12-01,31.38,376.56,0.18,5.65,cancelled,36
POL0002851,MEM002852,AGT0021,VSP,Dental Basic,2024-05-01,2025-05-01,29.58,354.96,0.18,5.32,expired,12
POL0002852,MEM002853,AGT0033,VSP,Dental Basic,2023-04-01,2026-04-01,31.46,377.52,0.18,5.66,active,36
POL0002853,MEM002854,AGT0042,VSP,Dental Basic,2024-06-01,2025-06-01,28.57,342.84,0.18,5.14,cancelled,12
POL0002854,MEM002855,AGT0073,Zurich,Dental Basic,2024-01-01,2025-01-01,30.01,360.12,0.18,5.4,active,12
POL0002855,MEM002856,AGT0012,VSP,Dental+Vision Bundle,2023-07-01,2025-07-01,72.1,865.2,0.25,18.02,active,24
POL0002856,MEM002857,AGT0018,MetLife,Vision Basic,2024-01-01,2026-01-01,19.35,232.2,0.16,3.1,cancelled,24
POL0002857,MEM002858,AGT0024,VSP,Dental Basic,2024-06-01,2025-06-01,28.51,342.12,0.18,5.13,active,12
POL0002858,MEM002859,AGT0079,VSP,Dental Premium,2023-02-01,2025-02-01,52.25,627.0,0.22,11.49,expired,24
POL0002859,MEM002860,AGT0026,MetLife,Dental Basic,2023-05-01,2026-05-01,30.92,371.04,0.18,5.57,active,36
POL0002860,MEM002861,AGT0068,VSP,Dental+Vision Bundle,2024-12-01,2026-12-01,71.59,859.08,0.25,17.9,expired,24
POL0002861,MEM002862,AGT0006,VSP,Dental+Vision Bundle,2024-09-01,2025-03-01,78.0,936.0,0.25,19.5,active,6
POL0002862,MEM002863,AGT0069,VSP,Dental Basic,2024-09-01,2026-09-01,31.42,377.04,0.18,5.66,expired,24
POL0002863,MEM002864,AGT0076,Zurich,Dental+Vision Bundle,2024-01-01,2025-01-01,76.15,913.8,0.25,19.04,active,12
POL0002864,MEM002865,AGT0060,Zurich,Vision Basic,2023-04-01,2024-04-01,19.86,238.32,0.16,3.18,expired,12
POL0002865,MEM002866,AGT0058,VSP,Dental Premium,2023-12-01,2024-12-01,57.13,685.56,0.22,12.57,active,12
POL0002866,MEM002867,AGT0075,VSP,Dental Premium,2024-11-01,2026-11-01,57.0,684.0,0.22,12.54,cancelled,24
POL0002867,MEM002868,AGT0006,MetLife,Dental+Vision Bundle,2023-02-01,2025-02-01,71.45,857.4,0.25,17.86,active,24
POL0002868,MEM002869,AGT0001,VSP,Dental Basic,2024-05-01,2024-11-01,28.62,343.44,0.18,5.15,active,6
POL0002869,MEM002870,AGT0070,VSP,Dental Basic,2023-04-01,2026-04-01,28.79,345.48,0.18,5.18,active,36
POL0002870,MEM002871,AGT0007,VSP,Dental+Vision Bundle,2024-11-01,2025-11-01,77.78,933.36,0.25,19.45,active,12
POL0002871,MEM002872,AGT0037,MetLife,Dental+Vision Bundle,2023-09-01,2024-03-01,73.32,879.84,0.25,18.33,active,6
POL0002872,MEM002873,AGT0023,Zurich,Vision Premium,2024-03-01,2026-03-01,35.55,426.6,0.2,7.11,pending,24
POL0002873,MEM002874,AGT0043,Zurich,Dental Basic,2023-02-01,2025-02-01,29.34,352.08,0.18,5.28,active,24
POL0002874,MEM002875,AGT0017,Zurich,Vision Premium,2024-06-01,2025-06-01,35.55,426.6,0.2,7.11,cancelled,12
POL0002875,MEM002876,AGT0054,MetLife,Dental+Vision Bundle,2023-07-01,2025-07-01,74.1,889.2,0.25,18.52,active,24
POL0002876,MEM002877,AGT0013,VSP,Dental Premium,2023-08-01,2025-08-01,54.64,655.68,0.22,12.02,expired,24
POL0002877,MEM002878,AGT0010,MetLife,Dental+Vision Bundle,2024-08-01,2027-08-01,77.93,935.16,0.25,19.48,cancelled,36
POL0002878,MEM002879,AGT0035,MetLife,Dental Basic,2023-02-01,2025-02-01,30.99,371.88,0.18,5.58,cancelled,24
POL0002879,MEM002880,AGT0065,Zurich,Vision Basic,2024-05-01,2025-05-01,19.74,236.88,0.16,3.16,active,12
POL0002880,MEM002881,AGT0036,MetLife,Dental Premium,2023-06-01,2024-06-01,55.12,661.44,0.22,12.13,active,12
POL0002881,MEM002882,AGT0050,MetLife,Vision Basic,2023-05-01,2024-05-01,19.99,239.88,0.16,3.2,active,12
POL0002882,MEM002883,AGT0012,MetLife,Dental Basic,2023-10-01,2024-10-01,30.01,360.12,0.18,5.4,expired,12
POL0002883,MEM002884,AGT0069,MetLife,Vision Basic,2024-01-01,2025-01-01,19.49,233.88,0.16,3.12,cancelled,12
POL0002884,MEM002885,AGT0044,VSP,Vision Premium,2024-11-01,2025-11-01,34.99,419.88,0.2,7.0,active,12
POL0002885,MEM002886,AGT0052,MetLife,Dental Basic,2024-04-01,2025-04-01,29.26,351.12,0.18,5.27,active,12
POL0002886,MEM002887,AGT0009,Zurich,Dental Basic,2024-10-01,2025-04-01,28.97,347.64,0.18,5.21,active,6
POL0002887,MEM002888,AGT0059,VSP,Dental Premium,2024-12-01,2025-12-01,57.02,684.24,0.22,12.54,expired,12
POL0002888,MEM002889,AGT0005,VSP,Dental Basic,2024-02-01,2025-02-01,31.01,372.12,0.18,5.58,expired,12
POL0002889,MEM002890,AGT0048,Zurich,Dental Premium,2024-09-01,2025-09-01,55.34,664.08,0.22,12.17,active,12
POL0002890,MEM002891,AGT0011,MetLife,Dental+Vision Bundle,2023-02-01,2024-02-01,77.41,928.92,0.25,19.35,active,12
POL0002891,MEM002892,AGT0015,Zurich,Dental Basic,2024-09-01,2027-09-01,30.48,365.76,0.18,5.49,active,36
POL0002892,MEM002893,AGT0044,MetLife,Vision Basic,2024-06-01,2026-06-01,20.89,250.68,0.16,3.34,active,24
POL0002893,MEM002894,AGT0040,Zurich,Dental+Vision Bundle,2023-03-01,2025-03-01,74.39,892.68,0.25,18.6,expired,24
POL0002894,MEM002895,AGT0008,VSP,Vision Premium,2023-11-01,2024-11-01,34.51,414.12,0.2,6.9,expired,12
POL0002895,MEM002896,AGT0020,VSP,Dental Premium,2023-06-01,2024-06-01,56.28,675.36,0.22,12.38,active,12
POL0002896,MEM002897,AGT0047,MetLife,Vision Basic,2024-03-01,2026-03-01,19.77,237.24,0.16,3.16,active,24
POL0002897,MEM002898,AGT0004,VSP,Dental Premium,2023-12-01,2024-12-01,55.48,665.76,0.22,12.21,active,12
POL0002898,MEM002899,AGT0078,Zurich,Dental+Vision Bundle,2023-05-01,2023-11-01,71.98,863.76,0.25,18.0,cancelled,6
POL0002899,MEM002900,AGT0034,VSP,Dental Premium,2024-02-01,2026-02-01,54.28,651.36,0.22,11.94,cancelled,24
POL0002900,MEM002901,AGT0028,Zurich,Dental+Vision Bundle,2023-06-01,2024-06-01,77.14,925.68,0.25,19.29,cancelled,12
POL0002901,MEM002902,AGT0040,Zurich,Vision Premium,2023-09-01,2024-09-01,36.09,433.08,0.2,7.22,expired,12
POL0002902,MEM002903,AGT0070,VSP,Dental+Vision Bundle,2023-04-01,2025-04-01,76.64,919.68,0.25,19.16,active,24
POL0002903,MEM002904,AGT0052,MetLife,Dental Premium,2024-12-01,2026-12-01,54.88,658.56,0.22,12.07,active,24
POL0002904,MEM002905,AGT0035,Zurich,Dental Basic,2024-04-01,2025-04-01,28.87,346.44,0.18,5.2,active,12
POL0002905,MEM002906,AGT0001,MetLife,Dental+Vision Bundle,2023-04-01,2025-04-01,73.81,885.72,0.25,18.45,cancelled,24
POL0002906,MEM002907,AGT0052,Zurich,Dental Basic,2023-03-01,2024-03-01,29.42,353.04,0.18,5.3,expired,12
POL0002907,MEM002908,AGT0032,MetLife,Dental Premium,2023-07-01,2026-07-01,52.63,631.56,0.22,11.58,active,36
POL0002908,MEM002909,AGT0003,VSP,Dental Basic,2023-08-01,2024-08-01,30.36,364.32,0.18,5.46,active,12
POL0002909,MEM002910,AGT0031,VSP,Dental Basic,2023-06-01,2024-06-01,30.27,363.24,0.18,5.45,active,12
POL0002910,MEM002911,AGT0025,VSP,Vision Basic,2024-07-01,2027-07-01,19.93,239.16,0.16,3.19,active,36
POL0002911,MEM002912,AGT0079,Zurich,Dental Premium,2023-04-01,2024-04-01,53.16,637.92,0.22,11.7,active,12
POL0002912,MEM002913,AGT0018,VSP,Dental+Vision Bundle,2024-07-01,2026-07-01,75.4,904.8,0.25,18.85,cancelled,24
POL0002913,MEM002914,AGT0035,MetLife,Vision Basic,2024-03-01,2025-03-01,20.2,242.4,0.16,3.23,active,12
POL0002914,MEM002915,AGT0078,VSP,Dental Basic,2023-06-01,2024-06-01,30.84,370.08,0.18,5.55,active,12
POL0002915,MEM002916,AGT0025,Zurich,Dental Premium,2023-05-01,2024-05-01,56.56,678.72,0.22,12.44,active,12
POL0002916,MEM002917,AGT0075,MetLife,Dental+Vision Bundle,2023-06-01,2023-12-01,77.24,926.88,0.25,19.31,active,6
POL0002917,MEM002918,AGT0030,MetLife,Vision Premium,2023-10-01,2024-10-01,36.6,439.2,0.2,7.32,active,12
POL0002918,MEM002919,AGT0028,VSP,Dental+Vision Bundle,2023-04-01,2023-10-01,72.46,869.52,0.25,18.11,expired,6
POL0002919,MEM002920,AGT0015,Zurich,Dental Basic,2024-09-01,2025-09-01,28.66,343.92,0.18,5.16,active,12
POL0002920,MEM002921,AGT0058,MetLife,Dental Basic,2023-05-01,2025-05-01,31.49,377.88,0.18,5.67,expired,24
POL0002921,MEM002922,AGT0042,VSP,Dental Premium,2024-11-01,2025-11-01,56.75,681.0,0.22,12.48,expired,12
POL0002922,MEM002923,AGT0026,Zurich,Dental Basic,2024-07-01,2025-07-01,28.83,345.96,0.18,5.19,expired,12
POL0002923,MEM002924,AGT0032,VSP,Vision Basic,2024-03-01,2025-03-01,19.03,228.36,0.16,3.04,active,12
POL0002924,MEM002925,AGT0033,MetLife,Dental Premium,2023-11-01,2024-11-01,54.02,648.24,0.22,11.88,active,12
POL0002925,MEM002926,AGT0059,Zurich,Dental Premium,2023-07-01,2024-07-01,52.97,635.64,0.22,11.65,active,12
POL0002926,MEM002927,AGT0019,VSP,Dental Premium,2024-03-01,2025-03-01,54.4,652.8,0.22,11.97,active,12
POL0002927,MEM002928,AGT0068,MetLife,Vision Basic,2024-04-01,2025-04-01,19.81,237.72,0.16,3.17,active,12
POL0002928,MEM002929,AGT0058,MetLife,Vision Premium,2024-01-01,2025-01-01,34.83,417.96,0.2,6.97,expired,12
POL0002929,MEM002930,AGT0035,MetLife,Vision Basic,2023-11-01,2024-11-01,19.14,229.68,0.16,3.06,active,12
POL0002930,MEM002931,AGT0031,Zurich,Vision Basic,2024-04-01,2025-04-01,20.08,240.96,0.16,3.21,cancelled,12
POL0002931,MEM002932,AGT0019,MetLife,Dental Premium,2023-09-01,2024-09-01,57.33,687.96,0.22,12.61,cancelled,12
POL0002932,MEM002933,AGT0013,VSP,Dental+Vision Bundle,2024-02-01,2025-02-01,78.51,942.12,0.25,19.63,expired,12
POL0002933,MEM002934,AGT0003,MetLife,Vision Basic,2024-07-01,2027-07-01,19.85,238.2,0.16,3.18,expired,36
POL0002934,MEM002935,AGT0033,MetLife,Vision Premium,2023-05-01,2025-05-01,33.95,407.4,0.2,6.79,expired,24
POL0002935,MEM002936,AGT0074,Zurich,Dental+Vision Bundle,2024-12-01,2026-12-01,75.55,906.6,0.25,18.89,cancelled,24
POL0002936,MEM002937,AGT0001,MetLife,Dental+Vision Bundle,2024-11-01,2026-11-01,74.52,894.24,0.25,18.63,active,24
POL0002937,MEM002938,AGT0073,VSP,Dental Basic,2024-01-01,2025-01-01,30.09,361.08,0.18,5.42,active,12
POL0002938,MEM002939,AGT0040,Zurich,Vision Premium,2023-08-01,2026-08-01,34.59,415.08,0.2,6.92,active,36
POL0002939,MEM002940,AGT0026,Zurich,Dental Premium,2023-10-01,2024-10-01,55.62,667.44,0.22,12.24,active,12
POL0002940,MEM002941,AGT0046,MetLife,Dental Premium,2024-10-01,2025-10-01,56.76,681.12,0.22,12.49,cancelled,12
POL0002941,MEM002942,AGT0042,MetLife,Dental+Vision Bundle,2024-11-01,2025-11-01,77.69,932.28,0.25,19.42,expired,12
POL0002942,MEM002943,AGT0069,VSP,Vision Basic,2024-02-01,2025-02-01,19.93,239.16,0.16,3.19,cancelled,12
POL0002943,MEM002944,AGT0010,MetLife,Vision Basic,2024-04-01,2025-04-01,19.38,232.56,0.16,3.1,cancelled,12
POL0002944,MEM002945,AGT0006,MetLife,Vision Basic,2023-06-01,2025-06-01,20.06,240.72,0.16,3.21,active,24
POL0002945,MEM002946,AGT0071,VSP,Vision Premium,2024-08-01,2025-08-01,34.51,414.12,0.2,6.9,active,12
POL0002946,MEM002947,AGT0048,MetLife,Dental Basic,2023-09-01,2026-09-01,29.86,358.32,0.18,5.37,active,36
POL0002947,MEM002948,AGT0016,VSP,Vision Basic,2023-02-01,2024-02-01,20.67,248.04,0.16,3.31,expired,12
POL0002948,MEM002949,AGT0044,MetLife,Vision Basic,2024-05-01,2024-11-01,20.61,247.32,0.16,3.3,active,6
POL0002949,MEM002950,AGT0069,Zurich,Vision Basic,2023-05-01,2025-05-01,20.85,250.2,0.16,3.34,expired,24
POL0002950,MEM002951,AGT0036,Zurich,Dental Basic,2023-10-01,2025-10-01,30.31,363.72,0.18,5.46,active,24
POL0002951,MEM002952,AGT0053,VSP,Dental Basic,2023-02-01,2025-02-01,30.35,364.2,0.18,5.46,expired,24
POL0002952,MEM002953,AGT0074,VSP,Dental Basic,2024-06-01,2026-06-01,31.08,372.96,0.18,5.59,expired,24
POL0002953,MEM002954,AGT0072,Zurich,Dental Basic,2024-01-01,2025-01-01,31.35,376.2,0.18,5.64,active,12
POL0002954,MEM002955,AGT0036,MetLife,Dental Basic,2023-05-01,2024-05-01,28.88,346.56,0.18,5.2,cancelled,12
POL0002955,MEM002956,AGT0023,MetLife,Dental+Vision Bundle,2023-07-01,2025-07-01,76.02,912.24,0.25,19.0,active,24
POL0002956,MEM002957,AGT0059,MetLife,Vision Premium,2023-08-01,2024-08-01,36.39,436.68,0.2,7.28,cancelled,12
POL0002957,MEM002958,AGT0016,Zurich,Dental+Vision Bundle,2023-09-01,2024-09-01,77.44,929.28,0.25,19.36,cancelled,12
POL0002958,MEM002959,AGT0056,MetLife,Vision Premium,2023-08-01,2025-08-01,34.7,416.4,0.2,6.94,active,24
POL0002959,MEM002960,AGT0001,MetLife,Dental Premium,2023-07-01,2024-01-01,54.39,652.68,0.22,11.97,active,6
POL0002960,MEM002961,AGT0014,MetLife,Vision Premium,2024-07-01,2025-07-01,36.01,432.12,0.2,7.2,active,12
POL0002961,MEM002962,AGT0054,MetLife,Dental Premium,2023-09-01,2026-09-01,54.18,650.16,0.22,11.92,active,36
POL0002962,MEM002963,AGT0072,Zurich,Vision Basic,2023-07-01,2024-07-01,20.45,245.4,0.16,3.27,active,12
POL0002963,MEM002964,AGT0058,MetLife,Dental+Vision Bundle,2024-09-01,2025-09-01,76.29,915.48,0.25,19.07,active,12
POL0002964,MEM002965,AGT0028,VSP,Dental Premium,2024-09-01,2025-09-01,53.53,642.36,0.22,11.78,cancelled,12
POL0002965,MEM002966,AGT0041,VSP,Vision Basic,2024-10-01,2025-10-01,20.88,250.56,0.16,3.34,active,12
POL0002966,MEM002967,AGT0038,VSP,Vision Premium,2023-02-01,2024-02-01,34.23,410.76,0.2,6.85,cancelled,12
POL0002967,MEM002968,AGT0015,Zurich,Dental Basic,2024-05-01,2026-05-01,28.67,344.04,0.18,5.16,expired,24
POL0002968,MEM002969,AGT0015,Zurich,Vision Basic,2023-03-01,2024-03-01,19.37,232.44,0.16,3.1,expired,12
POL0002969,MEM002970,AGT0007,Zurich,Dental Basic,2024-11-01,2025-05-01,29.33,351.96,0.18,5.28,active,6
POL0002970,MEM002971,AGT0007,Zurich,Dental+Vision Bundle,2023-09-01,2026-09-01,75.74,908.88,0.25,18.93,cancelled,36
POL0002971,MEM002972,AGT0069,Zurich,Dental Basic,2024-08-01,2025-08-01,29.04,348.48,0.18,5.23,active,12
POL0002972,MEM002973,AGT0034,VSP,Dental Premium,2024-07-01,2025-07-01,57.41,688.92,0.22,12.63,active,12
POL0002973,MEM002974,AGT0055,VSP,Dental+Vision Bundle,2023-06-01,2025-06-01,71.42,857.04,0.25,17.86,active,24
POL0002974,MEM002975,AGT0012,Zurich,Dental Basic,2023-08-01,2024-02-01,31.27,375.24,0.18,5.63,active,6
POL0002975,MEM002976,AGT0070,MetLife,Vision Premium,2024-04-01,2024-10-01,35.41,424.92,0.2,7.08,active,6
POL0002976,MEM002977,AGT0036,VSP,Dental Basic,2023-12-01,2024-06-01,30.16,361.92,0.18,5.43,active,6
POL0002977,MEM002978,AGT0004,MetLife,Dental Premium,2023-02-01,2024-02-01,56.03,672.36,0.22,12.33,expired,12
POL0002978,MEM002979,AGT0011,Zurich,Dental Basic,2024-11-01,2025-11-01,31.1,373.2,0.18,5.6,active,12
POL0002979,MEM002980,AGT0048,MetLife,Vision Premium,2023-05-01,2024-05-01,34.95,419.4,0.2,6.99,active,12
POL0002980,MEM002981,AGT0046,VSP,Dental Premium,2024-10-01,2025-10-01,54.43,653.16,0.22,11.97,active,12
POL0002981,MEM002982,AGT0038,VSP,Dental Basic,2023-05-01,2024-05-01,29.92,359.04,0.18,5.39,active,12
POL0002982,MEM002983,AGT0074,Zurich,Vision Basic,2024-08-01,2025-08-01,20.1,241.2,0.16,3.22,active,12
POL0002983,MEM002984,AGT0020,MetLife,Dental+Vision Bundle,2024-06-01,2025-06-01,71.97,863.64,0.25,17.99,expired,12
POL0002984,MEM002985,AGT0006,VSP,Dental Premium,2023-11-01,2024-11-01,52.82,633.84,0.22,11.62,expired,12
POL0002985,MEM002986,AGT0060,MetLife,Dental Basic,2023-03-01,2024-03-01,29.14,349.68,0.18,5.25,cancelled,12
POL0002986,MEM002987,AGT0032,VSP,Dental Premium,2023-03-01,2025-03-01,52.94,635.28,0.22,11.65,active,24
POL0002987,MEM002988,AGT0067,VSP,Vision Basic,2024-01-01,2025-01-01,19.09,229.08,0.16,3.05,active,12
POL0002988,MEM002989,AGT0016,MetLife,Dental Premium,2024-03-01,2024-09-01,52.56,630.72,0.22,11.56,cancelled,6
POL0002989,MEM002990,AGT0042,VSP,Vision Premium,2023-11-01,2024-11-01,34.13,409.56,0.2,6.83,expired,12
POL0002990,MEM002991,AGT0074,VSP,Vision Premium,2024-02-01,2025-02-01,35.23,422.76,0.2,7.05,active,12
POL0002991,MEM002992,AGT0007,VSP,Dental Basic,2024-08-01,2025-08-01,31.05,372.6,0.18,5.59,active,12
POL0002992,MEM002993,AGT0080,VSP,Vision Premium,2024-03-01,2025-03-01,36.34,436.08,0.2,7.27,active,12
POL0002993,MEM002994,AGT0017,MetLife,Dental Basic,2023-02-01,2025-02-01,30.93,371.16,0.18,5.57,active,24
POL0002994,MEM002995,AGT0033,Zurich,Dental Basic,2023-03-01,2024-03-01,31.14,373.68,0.18,5.61,active,12
POL0002995,MEM002996,AGT0034,Zurich,Vision Premium,2024-08-01,2026-08-01,35.35,424.2,0.2,7.07,active,24
POL0002996,MEM002997,AGT0061,VSP,Dental+Vision Bundle,2024-11-01,2025-05-01,74.61,895.32,0.25,18.65,active,6
POL0002997,MEM002998,AGT0049,Zurich,Vision Premium,2023-10-01,2024-10-01,33.76,405.12,0.2,6.75,active,12
POL0002998,MEM002999,AGT0035,MetLife,Dental Basic,2024-07-01,2025-07-01,30.19,362.28,0.18,5.43,cancelled,12
POL0002999,MEM003000,AGT0080,Zurich,Dental Premium,2023-04-01,2024-04-01,55.91,670.92,0.22,12.3,active,12
POL0003000,MEM003001,AGT0040,VSP,Dental Premium,2023-07-01,2024-07-01,53.23,638.76,0.22,11.71,cancelled,12
POL0003001,MEM003002,AGT0017,VSP,Vision Premium,2023-02-01,2023-08-01,36.53,438.36,0.2,7.31,active,6
POL0003002,MEM003003,AGT0014,VSP,Dental+Vision Bundle,2024-07-01,2025-07-01,77.49,929.88,0.25,19.37,cancelled,12
POL0003003,MEM003004,AGT0006,VSP,Dental Premium,2023-10-01,2025-10-01,56.21,674.52,0.22,12.37,active,24
POL0003004,MEM003005,AGT0046,VSP,Vision Premium,2024-11-01,2025-05-01,33.25,399.0,0.2,6.65,active,6
POL0003005,MEM003006,AGT0030,Zurich,Vision Premium,2023-03-01,2024-03-01,34.62,415.44,0.2,6.92,expired,12
POL0003006,MEM003007,AGT0038,MetLife,Dental+Vision Bundle,2024-01-01,2025-01-01,73.42,881.04,0.25,18.36,active,12
POL0003007,MEM003008,AGT0049,VSP,Dental Premium,2023-02-01,2024-02-01,56.52,678.24,0.22,12.43,cancelled,12
POL0003008,MEM003009,AGT0074,Zurich,Vision Basic,2023-11-01,2024-11-01,19.18,230.16,0.16,3.07,active,12
POL0003009,MEM003010,AGT0048,MetLife,Vision Basic,2023-02-01,2025-02-01,20.95,251.4,0.16,3.35,cancelled,24
POL0003010,MEM003011,AGT0036,VSP,Vision Premium,2024-06-01,2025-06-01,34.86,418.32,0.2,6.97,active,12
POL0003011,MEM003012,AGT0008,Zurich,Vision Premium,2023-06-01,2026-06-01,36.59,439.08,0.2,7.32,active,36
POL0003012,MEM003013,AGT0038,MetLife,Dental Basic,2023-03-01,2024-03-01,29.45,353.4,0.18,5.3,active,12
POL0003013,MEM003014,AGT0025,Zurich,Dental Premium,2023-09-01,2024-03-01,55.69,668.28,0.22,12.25,expired,6
POL0003014,MEM003015,AGT0029,MetLife,Dental+Vision Bundle,2023-12-01,2026-12-01,78.15,937.8,0.25,19.54,active,36
POL0003015,MEM003016,AGT0059,Zurich,Vision Basic,2023-05-01,2024-05-01,19.1,229.2,0.16,3.06,expired,12
POL0003016,MEM003017,AGT0078,MetLife,Dental Basic,2023-06-01,2024-06-01,30.74,368.88,0.18,5.53,active,12
POL0003017,MEM003018,AGT0028,MetLife,Dental Premium,2023-05-01,2023-11-01,55.47,665.64,0.22,12.2,expired,6
POL0003018,MEM003019,AGT0053,MetLife,Vision Premium,2023-12-01,2025-12-01,33.98,407.76,0.2,6.8,pending,24
POL0003019,MEM003020,AGT0042,VSP,Dental Basic,2023-04-01,2024-04-01,30.68,368.16,0.18,5.52,active,12
POL0003020,MEM003021,AGT0068,MetLife,Dental Basic,2024-06-01,2027-06-01,31.29,375.48,0.18,5.63,expired,36
POL0003021,MEM003022,AGT0004,Zurich,Dental Basic,2023-08-01,2024-08-01,29.6,355.2,0.18,5.33,active,12
POL0003022,MEM003023,AGT0017,Zurich,Vision Basic,2024-03-01,2025-03-01,20.1,241.2,0.16,3.22,active,12
POL0003023,MEM003024,AGT0043,VSP,Vision Basic,2023-02-01,2024-02-01,19.05,228.6,0.16,3.05,active,12
POL0003024,MEM003025,AGT0077,MetLife,Dental+Vision Bundle,2024-06-01,2026-06-01,76.02,912.24,0.25,19.0,active,24
POL0003025,MEM003026,AGT0028,VSP,Dental Premium,2024-04-01,2026-04-01,56.75,681.0,0.22,12.48,active,24
POL0003026,MEM003027,AGT0010,VSP,Vision Basic,2024-01-01,2026-01-01,20.51,246.12,0.16,3.28,active,24
POL0003027,MEM003028,AGT0037,MetLife,Vision Basic,2023-06-01,2025-06-01,19.56,234.72,0.16,3.13,expired,24
POL0003028,MEM003029,AGT0068,VSP,Dental Premium,2023-09-01,2024-03-01,53.87,646.44,0.22,11.85,active,6
POL0003029,MEM003030,AGT0053,MetLife,Dental Basic,2023-02-01,2024-02-01,28.85,346.2,0.18,5.19,active,12
POL0003030,MEM003031,AGT0078,Zurich,Dental Basic,2023-07-01,2024-07-01,31.41,376.92,0.18,5.65,cancelled,12
POL0003031,MEM003032,AGT0043,VSP,Dental Premium,2023-10-01,2025-10-01,55.07,660.84,0.22,12.12,active,24
POL0003032,MEM003033,AGT0038,MetLife,Vision Basic,2023-05-01,2025-05-01,20.97,251.64,0.16,3.36,active,24
POL0003033,MEM003034,AGT0003,VSP,Dental Basic,2024-03-01,2026-03-01,29.57,354.84,0.18,5.32,cancelled,24
POL0003034,MEM003035,AGT0006,Zurich,Vision Premium,2024-03-01,2025-03-01,35.27,423.24,0.2,7.05,active,12
POL0003035,MEM003036,AGT0003,MetLife,Dental+Vision Bundle,2023-05-01,2024-05-01,71.55,858.6,0.25,17.89,expired,12
POL0003036,MEM003037,AGT0047,VSP,Dental Premium,2023-03-01,2026-03-01,57.29,687.48,0.22,12.6,active,36
POL0003037,MEM003038,AGT0050,MetLife,Vision Premium,2024-10-01,2025-10-01,35.84,430.08,0.2,7.17,active,12
POL0003038,MEM003039,AGT0013,MetLife,Vision Premium,2023-04-01,2024-04-01,34.62,415.44,0.2,6.92,active,12
POL0003039,MEM003040,AGT0007,VSP,Vision Basic,2023-10-01,2024-10-01,19.27,231.24,0.16,3.08,active,12
POL0003040,MEM003041,AGT0014,VSP,Vision Basic,2023-08-01,2024-08-01,20.93,251.16,0.16,3.35,active,12
POL0003041,MEM003042,AGT0019,Zurich,Dental Basic,2024-06-01,2024-12-01,29.29,351.48,0.18,5.27,active,6
POL0003042,MEM003043,AGT0006,MetLife,Dental Basic,2024-07-01,2027-07-01,30.39,364.68,0.18,5.47,expired,36
POL0003043,MEM003044,AGT0058,MetLife,Dental Premium,2024-08-01,2025-08-01,55.77,669.24,0.22,12.27,active,12
POL0003044,MEM003045,AGT0068,MetLife,Dental Premium,2023-10-01,2024-10-01,52.49,629.88,0.22,11.55,active,12
POL0003045,MEM003046,AGT0079,Zurich,Dental Basic,2023-09-01,2024-09-01,29.78,357.36,0.18,5.36,active,12
POL0003046,MEM003047,AGT0003,Zurich,Dental+Vision Bundle,2023-05-01,2024-05-01,77.59,931.08,0.25,19.4,active,12
POL0003047,MEM003048,AGT0075,Zurich,Dental Basic,2024-07-01,2025-01-01,30.86,370.32,0.18,5.55,active,6
POL0003048,MEM003049,AGT0024,MetLife,Vision Premium,2023-11-01,2024-11-01,33.74,404.88,0.2,6.75,active,12
POL0003049,MEM003050,AGT0022,VSP,Vision Premium,2024-05-01,2026-05-01,34.51,414.12,0.2,6.9,cancelled,24
POL0003050,MEM003051,AGT0074,VSP,Dental+Vision Bundle,2024-09-01,2025-09-01,78.58,942.96,0.25,19.64,active,12
POL0003051,MEM003052,AGT0078,Zurich,Vision Premium,2024-12-01,2025-12-01,35.37,424.44,0.2,7.07,active,12
POL0003052,MEM003053,AGT0067,VSP,Dental Basic,2024-12-01,2025-06-01,31.46,377.52,0.18,5.66,cancelled,6
POL0003053,MEM003054,AGT0073,MetLife,Dental Basic,2024-02-01,2027-02-01,30.19,362.28,0.18,5.43,expired,36
POL0003054,MEM003055,AGT0003,Zurich,Dental+Vision Bundle,2024-09-01,2025-09-01,71.43,857.16,0.25,17.86,cancelled,12
POL0003055,MEM003056,AGT0025,MetLife,Dental Basic,2024-09-01,2026-09-01,30.49,365.88,0.18,5.49,cancelled,24
POL0003056,MEM003057,AGT0056,VSP,Vision Basic,2023-09-01,2024-09-01,19.1,229.2,0.16,3.06,active,12
POL0003057,MEM003058,AGT0003,Zurich,Vision Basic,2023-03-01,2024-03-01,19.42,233.04,0.16,3.11,pending,12
POL0003058,MEM003059,AGT0054,MetLife,Vision Basic,2024-03-01,2025-03-01,19.99,239.88,0.16,3.2,active,12
POL0003059,MEM003060,AGT0072,Zurich,Dental Basic,2023-07-01,2024-07-01,28.64,343.68,0.18,5.16,pending,12
POL0003060,MEM003061,AGT0078,VSP,Vision Premium,2024-10-01,2025-10-01,34.33,411.96,0.2,6.87,active,12
POL0003061,MEM003062,AGT0003,VSP,Dental+Vision Bundle,2024-07-01,2027-07-01,74.07,888.84,0.25,18.52,active,36
POL0003062,MEM003063,AGT0019,Zurich,Vision Basic,2024-01-01,2025-01-01,19.85,238.2,0.16,3.18,cancelled,12
POL0003063,MEM003064,AGT0071,MetLife,Dental Premium,2024-04-01,2024-10-01,57.56,690.72,0.22,12.66,cancelled,6
POL0003064,MEM003065,AGT0056,Zurich,Dental Premium,2024-02-01,2025-02-01,54.49,653.88,0.22,11.99,active,12
POL0003065,MEM003066,AGT0049,VSP,Dental Premium,2024-08-01,2026-08-01,54.2,650.4,0.22,11.92,cancelled,24
POL0003066,MEM003067,AGT0072,VSP,Dental+Vision Bundle,2023-04-01,2024-04-01,73.76,885.12,0.25,18.44,active,12
POL0003067,MEM003068,AGT0068,VSP,Vision Basic,2023-05-01,2025-05-01,19.84,238.08,0.16,3.17,active,24
POL0003068,MEM003069,AGT0035,VSP,Vision Basic,2023-06-01,2025-06-01,19.74,236.88,0.16,3.16,active,24
POL0003069,MEM003070,AGT0066,VSP,Vision Basic,2023-10-01,2025-10-01,19.41,232.92,0.16,3.11,expired,24
POL0003070,MEM003071,AGT0062,MetLife,Dental Basic,2023-03-01,2024-03-01,29.83,357.96,0.18,5.37,cancelled,12
POL0003071,MEM003072,AGT0077,VSP,Dental+Vision Bundle,2024-12-01,2025-12-01,75.98,911.76,0.25,19.0,active,12
POL0003072,MEM003073,AGT0015,VSP,Vision Basic,2024-03-01,2026-03-01,19.82,237.84,0.16,3.17,active,24
POL0003073,MEM003074,AGT0079,VSP,Dental+Vision Bundle,2023-04-01,2025-04-01,76.58,918.96,0.25,19.14,active,24
POL0003074,MEM003075,AGT0049,Zurich,Dental Basic,2023-02-01,2023-08-01,30.54,366.48,0.18,5.5,active,6
POL0003075,MEM003076,AGT0038,Zurich,Vision Basic,2024-11-01,2025-11-01,20.33,243.96,0.16,3.25,active,12
POL0003076,MEM003077,AGT0053,MetLife,Dental+Vision Bundle,2023-12-01,2024-12-01,77.8,933.6,0.25,19.45,pending,12
POL0003077,MEM003078,AGT0057,Zurich,Dental Premium,2024-07-01,2025-07-01,52.82,633.84,0.22,11.62,active,12
POL0003078,MEM003079,AGT0029,Zurich,Dental Premium,2023-06-01,2026-06-01,53.88,646.56,0.22,11.85,cancelled,36
POL0003079,MEM003080,AGT0057,Zurich,Dental Premium,2023-02-01,2024-02-01,55.25,663.0,0.22,12.15,pending,12
POL0003080,MEM003081,AGT0018,Zurich,Dental Premium,2023-07-01,2025-07-01,54.42,653.04,0.22,11.97,active,24
POL0003081,MEM003082,AGT0018,VSP,Dental Basic,2024-03-01,2025-03-01,30.76,369.12,0.18,5.54,cancelled,12
POL0003082,MEM003083,AGT0050,MetLife,Dental+Vision Bundle,2023-05-01,2025-05-01,78.41,940.92,0.25,19.6,expired,24
POL0003083,MEM003084,AGT0034,MetLife,Dental Premium,2024-09-01,2025-09-01,53.17,638.04,0.22,11.7,pending,12
POL0003084,MEM003085,AGT0009,MetLife,Dental Basic,2024-07-01,2025-07-01,31.44,377.28,0.18,5.66,expired,12
POL0003085,MEM003086,AGT0017,VSP,Dental Premium,2024-05-01,2026-05-01,55.98,671.76,0.22,12.32,cancelled,24
POL0003086,MEM003087,AGT0052,MetLife,Vision Basic,2023-07-01,2025-07-01,20.81,249.72,0.16,3.33,active,24
POL0003087,MEM003088,AGT0027,MetLife,Vision Premium,2023-04-01,2024-04-01,34.74,416.88,0.2,6.95,cancelled,12
POL0003088,MEM003089,AGT0049,MetLife,Dental Basic,2023-04-01,2024-04-01,28.75,345.0,0.18,5.17,cancelled,12
POL0003089,MEM003090,AGT0041,MetLife,Vision Basic,2024-04-01,2025-04-01,20.69,248.28,0.16,3.31,pending,12
POL0003090,MEM003091,AGT0049,MetLife,Dental Basic,2024-08-01,2025-08-01,30.46,365.52,0.18,5.48,expired,12
POL0003091,MEM003092,AGT0038,VSP,Dental Premium,2024-05-01,2025-05-01,55.23,662.76,0.22,12.15,active,12
POL0003092,MEM003093,AGT0042,MetLife,Dental Basic,2023-03-01,2024-03-01,29.06,348.72,0.18,5.23,active,12
POL0003093,MEM003094,AGT0006,MetLife,Dental Premium,2024-03-01,2025-03-01,56.66,679.92,0.22,12.47,cancelled,12
POL0003094,MEM003095,AGT0058,MetLife,Vision Premium,2023-11-01,2025-11-01,33.95,407.4,0.2,6.79,expired,24
POL0003095,MEM003096,AGT0069,MetLife,Dental+Vision Bundle,2023-05-01,2024-05-01,77.13,925.56,0.25,19.28,cancelled,12
POL0003096,MEM003097,AGT0022,MetLife,Dental Basic,2024-05-01,2025-05-01,30.91,370.92,0.18,5.56,active,12
POL0003097,MEM003098,AGT0076,Zurich,Dental+Vision Bundle,2023-07-01,2025-07-01,72.42,869.04,0.25,18.11,expired,24
POL0003098,MEM003099,AGT0067,VSP,Dental Basic,2023-05-01,2023-11-01,29.65,355.8,0.18,5.34,active,6
POL0003099,MEM003100,AGT0078,VSP,Dental Basic,2024-08-01,2026-08-01,29.03,348.36,0.18,5.23,active,24
POL0003100,MEM003101,AGT0032,MetLife,Dental+Vision Bundle,2024-04-01,2025-04-01,75.59,907.08,0.25,18.9,active,12
POL0003101,MEM003102,AGT0053,MetLife,Dental Premium,2023-08-01,2024-08-01,57.34,688.08,0.22,12.61,active,12
POL0003102,MEM003103,AGT0064,Zurich,Vision Basic,2024-09-01,2026-09-01,20.26,243.12,0.16,3.24,cancelled,24
POL0003103,MEM003104,AGT0016,VSP,Vision Basic,2024-11-01,2026-11-01,19.57,234.84,0.16,3.13,active,24
POL0003104,MEM003105,AGT0031,VSP,Vision Basic,2023-04-01,2024-04-01,19.15,229.8,0.16,3.06,active,12
POL0003105,MEM003106,AGT0001,VSP,Vision Basic,2023-06-01,2024-06-01,19.23,230.76,0.16,3.08,active,12
POL0003106,MEM003107,AGT0029,Zurich,Dental Premium,2023-04-01,2024-04-01,53.27,639.24,0.22,11.72,expired,12
POL0003107,MEM003108,AGT0051,Zurich,Dental+Vision Bundle,2024-12-01,2025-12-01,73.85,886.2,0.25,18.46,active,12
POL0003108,MEM003109,AGT0070,VSP,Dental+Vision Bundle,2024-02-01,2026-02-01,73.08,876.96,0.25,18.27,cancelled,24
POL0003109,MEM003110,AGT0020,Zurich,Dental Basic,2023-10-01,2024-10-01,30.4,364.8,0.18,5.47,active,12
POL0003110,MEM003111,AGT0074,MetLife,Dental Premium,2024-11-01,2025-11-01,56.03,672.36,0.22,12.33,active,12
POL0003111,MEM003112,AGT0006,Zurich,Vision Basic,2024-03-01,2024-09-01,19.2,230.4,0.16,3.07,active,6
POL0003112,MEM003113,AGT0056,Zurich,Vision Basic,2024-12-01,2027-12-01,20.49,245.88,0.16,3.28,expired,36
POL0003113,MEM003114,AGT0021,MetLife,Dental+Vision Bundle,2023-11-01,2024-11-01,73.81,885.72,0.25,18.45,expired,12
POL0003114,MEM003115,AGT0078,Zurich,Vision Premium,2023-03-01,2024-03-01,35.89,430.68,0.2,7.18,expired,12
POL0003115,MEM003116,AGT0077,Zurich,Vision Premium,2024-12-01,2026-12-01,35.09,421.08,0.2,7.02,active,24
POL0003116,MEM003117,AGT0039,Zurich,Dental Premium,2024-07-01,2025-07-01,56.99,683.88,0.22,12.54,expired,12
POL0003117,MEM003118,AGT0009,Zurich,Dental Basic,2024-10-01,2025-10-01,29.61,355.32,0.18,5.33,active,12
POL0003118,MEM003119,AGT0065,VSP,Dental+Vision Bundle,2024-01-01,2025-01-01,74.94,899.28,0.25,18.73,active,12
POL0003119,MEM003120,AGT0046,MetLife,Dental Basic,2023-03-01,2024-03-01,29.89,358.68,0.18,5.38,cancelled,12
POL0003120,MEM003121,AGT0050,VSP,Dental Basic,2024-08-01,2026-08-01,30.56,366.72,0.18,5.5,active,24
POL0003121,MEM003122,AGT0079,VSP,Dental Premium,2024-12-01,2025-12-01,53.01,636.12,0.22,11.66,expired,12
POL0003122,MEM003123,AGT0064,Zurich,Vision Basic,2023-04-01,2026-04-01,20.68,248.16,0.16,3.31,active,36
POL0003123,MEM003124,AGT0080,Zurich,Dental+Vision Bundle,2024-02-01,2025-02-01,76.17,914.04,0.25,19.04,cancelled,12
POL0003124,MEM003125,AGT0017,VSP,Vision Basic,2024-07-01,2025-07-01,20.71,248.52,0.16,3.31,active,12
POL0003125,MEM003126,AGT0069,VSP,Vision Premium,2023-08-01,2025-08-01,34.23,410.76,0.2,6.85,cancelled,24
POL0003126,MEM003127,AGT0031,VSP,Dental Basic,2023-02-01,2024-02-01,29.03,348.36,0.18,5.23,active,12
POL0003127,MEM003128,AGT0050,VSP,Vision Premium,2023-11-01,2024-11-01,35.57,426.84,0.2,7.11,active,12
POL0003128,MEM003129,AGT0005,MetLife,Vision Premium,2024-01-01,2025-01-01,35.34,424.08,0.2,7.07,cancelled,12
POL0003129,MEM003130,AGT0023,Zurich,Dental Premium,2023-07-01,2024-07-01,56.08,672.96,0.22,12.34,active,12
POL0003130,MEM003131,AGT0024,Zurich,Dental Premium,2024-02-01,2025-02-01,56.29,675.48,0.22,12.38,active,12
POL0003131,MEM003132,AGT0018,VSP,Dental+Vision Bundle,2024-09-01,2026-09-01,74.12,889.44,0.25,18.53,active,24
POL0003132,MEM003133,AGT0032,Zurich,Dental+Vision Bundle,2024-10-01,2026-10-01,71.56,858.72,0.25,17.89,active,24
POL0003133,MEM003134,AGT0035,VSP,Dental+Vision Bundle,2024-12-01,2025-12-01,71.98,863.76,0.25,18.0,active,12
POL0003134,MEM003135,AGT0074,MetLife,Dental Premium,2023-09-01,2024-09-01,53.84,646.08,0.22,11.84,active,12
POL0003135,MEM003136,AGT0042,MetLife,Vision Basic,2023-07-01,2026-07-01,19.42,233.04,0.16,3.11,expired,36
POL0003136,MEM003137,AGT0044,VSP,Dental Basic,2024-01-01,2025-01-01,28.57,342.84,0.18,5.14,cancelled,12
POL0003137,MEM003138,AGT0076,MetLife,Dental+Vision Bundle,2024-09-01,2025-03-01,74.58,894.96,0.25,18.64,active,6
POL0003138,MEM003139,AGT0078,Zurich,Dental Premium,2023-09-01,2025-09-01,57.67,692.04,0.22,12.69,active,24
POL0003139,MEM003140,AGT0072,Zurich,Dental Premium,2023-09-01,2025-09-01,55.19,662.28,0.22,12.14,cancelled,24
POL0003140,MEM003141,AGT0067,VSP,Dental+Vision Bundle,2024-02-01,2027-02-01,71.29,855.48,0.25,17.82,active,36
POL0003141,MEM003142,AGT0079,VSP,Vision Premium,2024-08-01,2025-08-01,35.02,420.24,0.2,7.0,expired,12
POL0003142,MEM003143,AGT0029,MetLife,Dental Basic,2024-12-01,2026-12-01,29.79,357.48,0.18,5.36,active,24
POL0003143,MEM003144,AGT0074,MetLife,Dental+Vision Bundle,2024-11-01,2025-05-01,72.52,870.24,0.25,18.13,active,6
POL0003144,MEM003145,AGT0062,MetLife,Dental Basic,2023-05-01,2024-05-01,29.94,359.28,0.18,5.39,cancelled,12
POL0003145,MEM003146,AGT0031,VSP,Vision Premium,2024-07-01,2027-07-01,33.97,407.64,0.2,6.79,expired,36
POL0003146,MEM003147,AGT0051,VSP,Dental Basic,2023-04-01,2024-04-01,30.51,366.12,0.18,5.49,active,12
POL0003147,MEM003148,AGT0042,VSP,Dental Basic,2023-11-01,2024-11-01,30.31,363.72,0.18,5.46,active,12
POL0003148,MEM003149,AGT0080,MetLife,Dental+Vision Bundle,2023-09-01,2024-03-01,76.23,914.76,0.25,19.06,active,6
POL0003149,MEM003150,AGT0031,VSP,Dental Premium,2024-06-01,2025-06-01,54.0,648.0,0.22,11.88,active,12
POL0003150,MEM003151,AGT0080,VSP,Dental+Vision Bundle,2023-12-01,2024-12-01,72.47,869.64,0.25,18.12,active,12
POL0003151,MEM003152,AGT0012,MetLife,Vision Premium,2023-07-01,2026-07-01,34.8,417.6,0.2,6.96,active,36
POL0003152,MEM003153,AGT0079,Zurich,Dental+Vision Bundle,2023-08-01,2024-08-01,73.12,877.44,0.25,18.28,active,12
POL0003153,MEM003154,AGT0061,Zurich,Dental Basic,2023-06-01,2024-06-01,30.69,368.28,0.18,5.52,active,12
POL0003154,MEM003155,AGT0035,VSP,Dental Basic,2023-06-01,2025-06-01,31.48,377.76,0.18,5.67,cancelled,24
POL0003155,MEM003156,AGT0045,VSP,Dental Basic,2024-07-01,2025-07-01,30.47,365.64,0.18,5.48,expired,12
POL0003156,MEM003157,AGT0055,VSP,Dental Basic,2023-06-01,2024-06-01,30.02,360.24,0.18,5.4,active,12
POL0003157,MEM003158,AGT0054,VSP,Vision Basic,2023-12-01,2025-12-01,19.01,228.12,0.16,3.04,active,24
POL0003158,MEM003159,AGT0018,VSP,Vision Premium,2023-11-01,2024-11-01,33.82,405.84,0.2,6.76,cancelled,12
POL0003159,MEM003160,AGT0070,Zurich,Dental Premium,2024-07-01,2027-07-01,53.57,642.84,0.22,11.79,cancelled,36
POL0003160,MEM003161,AGT0041,Zurich,Dental+Vision Bundle,2024-09-01,2025-09-01,75.48,905.76,0.25,18.87,active,12
POL0003161,MEM003162,AGT0017,VSP,Dental+Vision Bundle,2023-11-01,2025-11-01,78.05,936.6,0.25,19.51,active,24
POL0003162,MEM003163,AGT0043,MetLife,Dental Basic,2023-06-01,2024-06-01,28.76,345.12,0.18,5.18,active,12
POL0003163,MEM003164,AGT0020,VSP,Dental Premium,2023-02-01,2025-02-01,53.65,643.8,0.22,11.8,active,24
POL0003164,MEM003165,AGT0010,MetLife,Dental Basic,2023-09-01,2024-09-01,29.64,355.68,0.18,5.34,active,12
POL0003165,MEM003166,AGT0009,MetLife,Dental Basic,2023-05-01,2025-05-01,30.28,363.36,0.18,5.45,active,24
POL0003166,MEM003167,AGT0067,MetLife,Vision Basic,2024-01-01,2025-01-01,19.07,228.84,0.16,3.05,active,12
POL0003167,MEM003168,AGT0013,VSP,Dental Premium,2024-04-01,2024-10-01,54.82,657.84,0.22,12.06,cancelled,6
POL0003168,MEM003169,AGT0050,VSP,Vision Basic,2024-07-01,2025-07-01,20.89,250.68,0.16,3.34,cancelled,12
POL0003169,MEM003170,AGT0029,VSP,Dental Premium,2024-06-01,2026-06-01,54.77,657.24,0.22,12.05,cancelled,24
POL0003170,MEM003171,AGT0053,MetLife,Vision Premium,2024-11-01,2025-11-01,34.47,413.64,0.2,6.89,cancelled,12
POL0003171,MEM003172,AGT0022,VSP,Dental Premium,2023-06-01,2024-06-01,54.64,655.68,0.22,12.02,active,12
POL0003172,MEM003173,AGT0023,Zurich,Vision Basic,2023-04-01,2024-04-01,19.38,232.56,0.16,3.1,cancelled,12
POL0003173,MEM003174,AGT0009,MetLife,Dental Basic,2023-05-01,2024-05-01,31.36,376.32,0.18,5.64,cancelled,12
POL0003174,MEM003175,AGT0080,MetLife,Dental Basic,2023-06-01,2025-06-01,29.83,357.96,0.18,5.37,cancelled,24
POL0003175,MEM003176,AGT0032,VSP,Dental Premium,2023-02-01,2023-08-01,55.73,668.76,0.22,12.26,active,6
POL0003176,MEM003177,AGT0060,VSP,Dental Basic,2023-07-01,2024-01-01,29.23,350.76,0.18,5.26,pending,6
POL0003177,MEM003178,AGT0067,Zurich,Dental Basic,2023-07-01,2024-07-01,30.22,362.64,0.18,5.44,expired,12
POL0003178,MEM003179,AGT0045,VSP,Vision Basic,2024-05-01,2024-11-01,20.5,246.0,0.16,3.28,expired,6
POL0003179,MEM003180,AGT0035,VSP,Dental Basic,2023-10-01,2025-10-01,29.5,354.0,0.18,5.31,active,24
POL0003180,MEM003181,AGT0042,MetLife,Vision Basic,2023-07-01,2025-07-01,19.79,237.48,0.16,3.17,active,24
POL0003181,MEM003182,AGT0071,MetLife,Vision Premium,2024-07-01,2027-07-01,35.29,423.48,0.2,7.06,active,36
POL0003182,MEM003183,AGT0024,Zurich,Dental Premium,2024-03-01,2025-03-01,54.44,653.28,0.22,11.98,active,12
POL0003183,MEM003184,AGT0009,VSP,Vision Premium,2023-06-01,2024-06-01,35.23,422.76,0.2,7.05,cancelled,12
POL0003184,MEM003185,AGT0073,Zurich,Vision Basic,2023-08-01,2024-08-01,19.6,235.2,0.16,3.14,active,12
POL0003185,MEM003186,AGT0024,MetLife,Dental Basic,2023-08-01,2025-08-01,31.1,373.2,0.18,5.6,active,24
POL0003186,MEM003187,AGT0022,MetLife,Vision Premium,2024-09-01,2026-09-01,33.69,404.28,0.2,6.74,active,24
POL0003187,MEM003188,AGT0039,MetLife,Vision Basic,2024-01-01,2025-01-01,19.0,228.0,0.16,3.04,cancelled,12
POL0003188,MEM003189,AGT0042,Zurich,Dental Premium,2023-06-01,2024-06-01,53.51,642.12,0.22,11.77,active,12
POL0003189,MEM003190,AGT0027,VSP,Vision Basic,2023-10-01,2025-10-01,19.87,238.44,0.16,3.18,cancelled,24
POL0003190,MEM003191,AGT0016,VSP,Vision Premium,2023-12-01,2024-12-01,33.9,406.8,0.2,6.78,active,12
POL0003191,MEM003192,AGT0021,VSP,Dental Premium,2024-05-01,2025-05-01,54.18,650.16,0.22,11.92,active,12
POL0003192,MEM003193,AGT0034,VSP,Vision Basic,2023-02-01,2025-02-01,20.05,240.6,0.16,3.21,active,24
POL0003193,MEM003194,AGT0058,Zurich,Dental+Vision Bundle,2024-06-01,2025-06-01,77.12,925.44,0.25,19.28,active,12
POL0003194,MEM003195,AGT0024,Zurich,Dental Basic,2024-09-01,2025-09-01,29.01,348.12,0.18,5.22,active,12
POL0003195,MEM003196,AGT0043,MetLife,Vision Premium,2023-04-01,2024-04-01,35.37,424.44,0.2,7.07,expired,12
POL0003196,MEM003197,AGT0064,Zurich,Dental Basic,2024-10-01,2025-10-01,30.66,367.92,0.18,5.52,cancelled,12
POL0003197,MEM003198,AGT0075,Zurich,Dental+Vision Bundle,2024-06-01,2026-06-01,75.94,911.28,0.25,18.98,active,24
POL0003198,MEM003199,AGT0020,MetLife,Dental+Vision Bundle,2024-07-01,2027-07-01,71.47,857.64,0.25,17.87,cancelled,36
POL0003199,MEM003200,AGT0051,Zurich,Vision Premium,2023-05-01,2024-05-01,35.0,420.0,0.2,7.0,cancelled,12
POL0003200,MEM003201,AGT0023,MetLife,Dental+Vision Bundle,2023-03-01,2024-03-01,75.79,909.48,0.25,18.95,active,12
POL0003201,MEM003202,AGT0078,Zurich,Dental+Vision Bundle,2023-10-01,2025-10-01,73.39,880.68,0.25,18.35,active,24
POL0003202,MEM003203,AGT0073,VSP,Dental Premium,2024-07-01,2025-07-01,54.74,656.88,0.22,12.04,active,12
POL0003203,MEM003204,AGT0046,MetLife,Dental Basic,2023-09-01,2024-09-01,30.66,367.92,0.18,5.52,active,12
POL0003204,MEM003205,AGT0006,MetLife,Dental Basic,2024-08-01,2026-08-01,28.88,346.56,0.18,5.2,active,24
POL0003205,MEM003206,AGT0011,Zurich,Dental+Vision Bundle,2023-12-01,2024-06-01,76.74,920.88,0.25,19.18,active,6
POL0003206,MEM003207,AGT0059,MetLife,Dental Premium,2024-09-01,2025-09-01,53.15,637.8,0.22,11.69,pending,12
POL0003207,MEM003208,AGT0012,MetLife,Vision Premium,2023-07-01,2024-07-01,34.41,412.92,0.2,6.88,pending,12
POL0003208,MEM003209,AGT0076,Zurich,Dental Premium,2024-11-01,2025-11-01,53.53,642.36,0.22,11.78,active,12
POL0003209,MEM003210,AGT0026,VSP,Dental Premium,2023-02-01,2023-08-01,54.39,652.68,0.22,11.97,active,6
POL0003210,MEM003211,AGT0079,MetLife,Dental+Vision Bundle,2024-07-01,2026-07-01,74.32,891.84,0.25,18.58,active,24
POL0003211,MEM003212,AGT0011,MetLife,Vision Premium,2024-09-01,2025-09-01,33.45,401.4,0.2,6.69,active,12
POL0003212,MEM003213,AGT0015,MetLife,Dental Premium,2024-06-01,2026-06-01,52.75,633.0,0.22,11.61,active,24
POL0003213,MEM003214,AGT0015,MetLife,Dental Basic,2024-11-01,2025-11-01,31.14,373.68,0.18,5.61,pending,12
POL0003214,MEM003215,AGT0018,MetLife,Dental Basic,2024-05-01,2025-05-01,31.11,373.32,0.18,5.6,active,12
POL0003215,MEM003216,AGT0015,VSP,Dental Premium,2024-12-01,2025-12-01,57.02,684.24,0.22,12.54,active,12
POL0003216,MEM003217,AGT0016,Zurich,Vision Premium,2023-06-01,2024-06-01,34.0,408.0,0.2,6.8,active,12
POL0003217,MEM003218,AGT0068,VSP,Dental+Vision Bundle,2024-05-01,2024-11-01,73.31,879.72,0.25,18.33,active,6
POL0003218,MEM003219,AGT0038,Zurich,Dental Basic,2023-08-01,2025-08-01,28.84,346.08,0.18,5.19,expired,24
POL0003219,MEM003220,AGT0069,MetLife,Vision Premium,2024-02-01,2026-02-01,34.31,411.72,0.2,6.86,active,24
POL0003220,MEM003221,AGT0014,MetLife,Vision Premium,2024-05-01,2025-05-01,33.76,405.12,0.2,6.75,active,12
POL0003221,MEM003222,AGT0012,VSP,Dental Basic,2023-11-01,2024-11-01,29.29,351.48,0.18,5.27,active,12
POL0003222,MEM003223,AGT0018,VSP,Dental+Vision Bundle,2024-08-01,2025-08-01,75.5,906.0,0.25,18.88,active,12
POL0003223,MEM003224,AGT0020,Zurich,Dental Premium,2024-09-01,2025-09-01,56.45,677.4,0.22,12.42,active,12
POL0003224,MEM003225,AGT0025,Zurich,Dental+Vision Bundle,2023-06-01,2024-06-01,76.63,919.56,0.25,19.16,active,12
POL0003225,MEM003226,AGT0001,MetLife,Vision Premium,2024-01-01,2025-01-01,34.29,411.48,0.2,6.86,active,12
POL0003226,MEM003227,AGT0017,Zurich,Vision Basic,2024-09-01,2025-09-01,19.72,236.64,0.16,3.16,active,12
POL0003227,MEM003228,AGT0059,MetLife,Dental Basic,2023-02-01,2024-02-01,31.43,377.16,0.18,5.66,active,12
POL0003228,MEM003229,AGT0071,VSP,Vision Basic,2023-08-01,2025-08-01,20.27,243.24,0.16,3.24,active,24
POL0003229,MEM003230,AGT0028,MetLife,Dental Premium,2024-03-01,2025-03-01,54.37,652.44,0.22,11.96,active,12
POL0003230,MEM003231,AGT0019,VSP,Dental+Vision Bundle,2023-04-01,2024-04-01,75.0,900.0,0.25,18.75,active,12
POL0003231,MEM003232,AGT0079,MetLife,Vision Basic,2024-04-01,2025-04-01,20.45,245.4,0.16,3.27,active,12
POL0003232,MEM003233,AGT0008,MetLife,Vision Basic,2024-08-01,2026-08-01,20.23,242.76,0.16,3.24,active,24
POL0003233,MEM003234,AGT0056,VSP,Dental+Vision Bundle,2023-04-01,2024-04-01,76.97,923.64,0.25,19.24,active,12
POL0003234,MEM003235,AGT0017,MetLife,Dental+Vision Bundle,2023-02-01,2024-02-01,73.04,876.48,0.25,18.26,active,12
POL0003235,MEM003236,AGT0041,VSP,Dental+Vision Bundle,2024-07-01,2025-07-01,77.31,927.72,0.25,19.33,active,12
POL0003236,MEM003237,AGT0037,MetLife,Dental Basic,2023-07-01,2026-07-01,30.44,365.28,0.18,5.48,cancelled,36
POL0003237,MEM003238,AGT0047,VSP,Dental+Vision Bundle,2023-06-01,2024-06-01,73.32,879.84,0.25,18.33,expired,12
POL0003238,MEM003239,AGT0055,VSP,Vision Basic,2024-08-01,2025-08-01,20.36,244.32,0.16,3.26,active,12
POL0003239,MEM003240,AGT0045,VSP,Dental Premium,2024-02-01,2025-02-01,54.8,657.6,0.22,12.06,expired,12
POL0003240,MEM003241,AGT0062,MetLife,Dental Basic,2023-07-01,2024-07-01,29.46,353.52,0.18,5.3,active,12
POL0003241,MEM003242,AGT0001,MetLife,Dental Basic,2023-10-01,2024-04-01,30.66,367.92,0.18,5.52,active,6
POL0003242,MEM003243,AGT0016,MetLife,Dental Basic,2023-04-01,2024-04-01,31.43,377.16,0.18,5.66,expired,12
POL0003243,MEM003244,AGT0013,VSP,Dental Premium,2024-03-01,2025-03-01,54.87,658.44,0.22,12.07,cancelled,12
POL0003244,MEM003245,AGT0055,Zurich,Dental Basic,2023-05-01,2025-05-01,29.64,355.68,0.18,5.34,active,24
POL0003245,MEM003246,AGT0047,VSP,Dental Basic,2023-02-01,2024-02-01,28.63,343.56,0.18,5.15,cancelled,12
POL0003246,MEM003247,AGT0044,Zurich,Dental Basic,2024-09-01,2025-03-01,29.3,351.6,0.18,5.27,active,6
POL0003247,MEM003248,AGT0006,VSP,Vision Basic,2023-04-01,2024-04-01,20.46,245.52,0.16,3.27,active,12
POL0003248,MEM003249,AGT0030,VSP,Dental Basic,2023-10-01,2024-10-01,28.57,342.84,0.18,5.14,cancelled,12
POL0003249,MEM003250,AGT0068,VSP,Vision Basic,2023-03-01,2024-03-01,19.82,237.84,0.16,3.17,cancelled,12
POL0003250,MEM003251,AGT0015,Zurich,Dental Basic,2023-08-01,2026-08-01,30.31,363.72,0.18,5.46,expired,36
POL0003251,MEM003252,AGT0024,VSP,Vision Basic,2023-02-01,2024-02-01,20.71,248.52,0.16,3.31,active,12
POL0003252,MEM003253,AGT0055,Zurich,Dental Premium,2024-07-01,2027-07-01,55.53,666.36,0.22,12.22,cancelled,36
POL0003253,MEM003254,AGT0027,MetLife,Vision Basic,2023-10-01,2024-04-01,19.67,236.04,0.16,3.15,active,6
POL0003254,MEM003255,AGT0078,VSP,Dental Basic,2024-01-01,2026-01-01,29.29,351.48,0.18,5.27,active,24
POL0003255,MEM003256,AGT0051,VSP,Dental+Vision Bundle,2024-04-01,2025-04-01,72.01,864.12,0.25,18.0,expired,12
POL0003256,MEM003257,AGT0009,Zurich,Dental Basic,2023-04-01,2024-04-01,28.91,346.92,0.18,5.2,pending,12
POL0003257,MEM003258,AGT0005,MetLife,Dental+Vision Bundle,2023-06-01,2023-12-01,71.57,858.84,0.25,17.89,expired,6
POL0003258,MEM003259,AGT0013,VSP,Dental+Vision Bundle,2024-03-01,2026-03-01,72.64,871.68,0.25,18.16,pending,24
POL0003259,MEM003260,AGT0009,MetLife,Dental Basic,2024-11-01,2025-11-01,31.27,375.24,0.18,5.63,cancelled,12
POL0003260,MEM003261,AGT0016,VSP,Dental Basic,2024-09-01,2025-09-01,31.47,377.64,0.18,5.66,expired,12
POL0003261,MEM003262,AGT0031,Zurich,Vision Premium,2024-12-01,2027-12-01,35.48,425.76,0.2,7.1,active,36
POL0003262,MEM003263,AGT0035,Zurich,Dental Basic,2024-08-01,2025-08-01,30.15,361.8,0.18,5.43,expired,12
POL0003263,MEM003264,AGT0023,MetLife,Dental Premium,2023-10-01,2024-10-01,56.1,673.2,0.22,12.34,active,12
POL0003264,MEM003265,AGT0076,VSP,Vision Basic,2024-10-01,2025-10-01,19.06,228.72,0.16,3.05,active,12
POL0003265,MEM003266,AGT0078,Zurich,Dental+Vision Bundle,2024-10-01,2025-10-01,74.1,889.2,0.25,18.52,active,12
POL0003266,MEM003267,AGT0026,VSP,Vision Basic,2024-11-01,2025-11-01,20.92,251.04,0.16,3.35,active,12
POL0003267,MEM003268,AGT0078,Zurich,Vision Premium,2023-06-01,2024-06-01,33.35,400.2,0.2,6.67,active,12
POL0003268,MEM003269,AGT0013,MetLife,Dental Basic,2023-05-01,2023-11-01,28.74,344.88,0.18,5.17,expired,6
POL0003269,MEM003270,AGT0062,Zurich,Dental Premium,2023-11-01,2024-11-01,54.4,652.8,0.22,11.97,cancelled,12
POL0003270,MEM003271,AGT0056,MetLife,Dental Basic,2023-09-01,2024-09-01,29.96,359.52,0.18,5.39,active,12
POL0003271,MEM003272,AGT0038,Zurich,Vision Basic,2024-07-01,2026-07-01,20.82,249.84,0.16,3.33,active,24
POL0003272,MEM003273,AGT0009,Zurich,Dental+Vision Bundle,2023-05-01,2026-05-01,75.58,906.96,0.25,18.89,active,36
POL0003273,MEM003274,AGT0018,MetLife,Dental Basic,2023-10-01,2025-10-01,31.02,372.24,0.18,5.58,cancelled,24
POL0003274,MEM003275,AGT0070,MetLife,Dental Basic,2023-03-01,2025-03-01,30.29,363.48,0.18,5.45,active,24
POL0003275,MEM003276,AGT0004,Zurich,Dental+Vision Bundle,2024-03-01,2025-03-01,74.77,897.24,0.25,18.69,active,12
POL0003276,MEM003277,AGT0070,MetLife,Dental Basic,2024-11-01,2026-11-01,31.18,374.16,0.18,5.61,cancelled,24
POL0003277,MEM003278,AGT0077,Zurich,Dental+Vision Bundle,2025-01-01,2026-01-01,72.52,870.24,0.25,18.13,active,12
POL0003278,MEM003279,AGT0015,MetLife,Dental+Vision Bundle,2024-09-01,2025-09-01,74.98,899.76,0.25,18.75,active,12
POL0003279,MEM003280,AGT0076,VSP,Dental+Vision Bundle,2023-02-01,2025-02-01,75.75,909.0,0.25,18.94,active,24
POL0003280,MEM003281,AGT0070,VSP,Dental+Vision Bundle,2024-07-01,2026-07-01,74.16,889.92,0.25,18.54,active,24
POL0003281,MEM003282,AGT0021,MetLife,Vision Basic,2023-12-01,2024-12-01,20.43,245.16,0.16,3.27,active,12
POL0003282,MEM003283,AGT0030,Zurich,Dental+Vision Bundle,2024-01-01,2025-01-01,72.88,874.56,0.25,18.22,active,12
POL0003283,MEM003284,AGT0002,Zurich,Dental Basic,2024-07-01,2026-07-01,28.8,345.6,0.18,5.18,active,24
POL0003284,MEM003285,AGT0006,VSP,Vision Basic,2023-02-01,2024-02-01,20.68,248.16,0.16,3.31,active,12
POL0003285,MEM003286,AGT0025,VSP,Vision Basic,2024-05-01,2027-05-01,19.67,236.04,0.16,3.15,cancelled,36
POL0003286,MEM003287,AGT0012,Zurich,Vision Premium,2023-12-01,2025-12-01,36.3,435.6,0.2,7.26,active,24
POL0003287,MEM003288,AGT0076,VSP,Vision Premium,2023-07-01,2025-07-01,35.45,425.4,0.2,7.09,active,24
POL0003288,MEM003289,AGT0065,MetLife,Vision Basic,2024-10-01,2027-10-01,19.84,238.08,0.16,3.17,active,36
POL0003289,MEM003290,AGT0007,VSP,Dental Basic,2024-03-01,2025-03-01,29.12,349.44,0.18,5.24,active,12
POL0003290,MEM003291,AGT0034,MetLife,Vision Premium,2024-01-01,2025-01-01,36.45,437.4,0.2,7.29,active,12
POL0003291,MEM003292,AGT0055,MetLife,Vision Basic,2024-04-01,2025-04-01,20.68,248.16,0.16,3.31,cancelled,12
POL0003292,MEM003293,AGT0063,VSP,Vision Premium,2024-08-01,2025-02-01,33.55,402.6,0.2,6.71,active,6
POL0003293,MEM003294,AGT0043,Zurich,Dental Premium,2024-08-01,2025-08-01,55.89,670.68,0.22,12.3,active,12
POL0003294,MEM003295,AGT0051,MetLife,Dental Premium,2023-05-01,2025-05-01,53.81,645.72,0.22,11.84,active,24
POL0003295,MEM003296,AGT0079,VSP,Dental Premium,2023-03-01,2023-09-01,56.56,678.72,0.22,12.44,expired,6
POL0003296,MEM003297,AGT0055,MetLife,Dental Premium,2023-10-01,2024-10-01,53.85,646.2,0.22,11.85,active,12
POL0003297,MEM003298,AGT0009,VSP,Dental Basic,2024-07-01,2027-07-01,30.31,363.72,0.18,5.46,active,36
POL0003298,MEM003299,AGT0050,MetLife,Dental Basic,2024-08-01,2025-08-01,29.21,350.52,0.18,5.26,active,12
POL0003299,MEM003300,AGT0053,VSP,Vision Basic,2024-01-01,2025-01-01,19.48,233.76,0.16,3.12,cancelled,12
POL0003300,MEM003301,AGT0074,MetLife,Dental Premium,2023-06-01,2025-06-01,57.44,689.28,0.22,12.64,active,24
POL0003301,MEM003302,AGT0030,Zurich,Dental Basic,2024-03-01,2026-03-01,30.66,367.92,0.18,5.52,active,24
POL0003302,MEM003303,AGT0051,VSP,Dental Basic,2024-04-01,2026-04-01,29.58,354.96,0.18,5.32,cancelled,24
POL0003303,MEM003304,AGT0074,MetLife,Dental Premium,2024-07-01,2025-07-01,53.47,641.64,0.22,11.76,expired,12
POL0003304,MEM003305,AGT0039,MetLife,Dental Basic,2024-10-01,2025-10-01,30.93,371.16,0.18,5.57,cancelled,12
POL0003305,MEM003306,AGT0046,Zurich,Vision Premium,2023-05-01,2024-05-01,36.46,437.52,0.2,7.29,active,12
POL0003306,MEM003307,AGT0053,MetLife,Dental Basic,2024-10-01,2025-04-01,29.0,348.0,0.18,5.22,active,6
POL0003307,MEM003308,AGT0044,MetLife,Dental+Vision Bundle,2024-06-01,2026-06-01,75.37,904.44,0.25,18.84,active,24
POL0003308,MEM003309,AGT0072,Zurich,Dental Basic,2023-03-01,2024-03-01,30.27,363.24,0.18,5.45,cancelled,12
POL0003309,MEM003310,AGT0047,VSP,Vision Premium,2024-01-01,2024-07-01,34.96,419.52,0.2,6.99,active,6
POL0003310,MEM003311,AGT0016,Zurich,Dental Basic,2024-06-01,2025-06-01,28.96,347.52,0.18,5.21,active,12
POL0003311,MEM003312,AGT0038,VSP,Dental Basic,2023-12-01,2025-12-01,31.21,374.52,0.18,5.62,cancelled,24
POL0003312,MEM003313,AGT0009,VSP,Vision Premium,2024-09-01,2025-09-01,35.9,430.8,0.2,7.18,pending,12
POL0003313,MEM003314,AGT0017,Zurich,Dental Premium,2024-06-01,2025-06-01,53.13,637.56,0.22,11.69,cancelled,12
POL0003314,MEM003315,AGT0006,Zurich,Vision Basic,2024-08-01,2025-08-01,19.5,234.0,0.16,3.12,expired,12
POL0003315,MEM003316,AGT0071,MetLife,Dental Basic,2023-02-01,2026-02-01,30.18,362.16,0.18,5.43,active,36
POL0003316,MEM003317,AGT0053,Zurich,Dental+Vision Bundle,2023-04-01,2023-10-01,72.92,875.04,0.25,18.23,active,6
POL0003317,MEM003318,AGT0080,MetLife,Dental+Vision Bundle,2023-05-01,2024-05-01,74.52,894.24,0.25,18.63,active,12
POL0003318,MEM003319,AGT0070,VSP,Vision Basic,2024-11-01,2025-11-01,19.17,230.04,0.16,3.07,active,12
POL0003319,MEM003320,AGT0051,Zurich,Vision Basic,2024-08-01,2025-02-01,19.25,231.0,0.16,3.08,active,6
POL0003320,MEM003321,AGT0049,Zurich,Dental Premium,2024-04-01,2025-04-01,54.0,648.0,0.22,11.88,expired,12
POL0003321,MEM003322,AGT0076,VSP,Dental+Vision Bundle,2023-05-01,2024-05-01,76.45,917.4,0.25,19.11,active,12
POL0003322,MEM003323,AGT0016,Zurich,Dental Basic,2024-12-01,2026-12-01,29.1,349.2,0.18,5.24,expired,24
POL0003323,MEM003324,AGT0062,VSP,Dental Basic,2024-10-01,2026-10-01,29.62,355.44,0.18,5.33,active,24
POL0003324,MEM003325,AGT0015,MetLife,Vision Basic,2024-02-01,2025-02-01,19.56,234.72,0.16,3.13,active,12
POL0003325,MEM003326,AGT0077,Zurich,Vision Premium,2024-04-01,2025-04-01,34.76,417.12,0.2,6.95,active,12
POL0003326,MEM003327,AGT0054,VSP,Dental Basic,2024-08-01,2025-08-01,30.02,360.24,0.18,5.4,active,12
POL0003327,MEM003328,AGT0066,Zurich,Dental Premium,2024-11-01,2025-11-01,53.59,643.08,0.22,11.79,active,12
POL0003328,MEM003329,AGT0049,VSP,Dental Basic,2024-02-01,2025-02-01,28.7,344.4,0.18,5.17,active,12
POL0003329,MEM003330,AGT0039,MetLife,Dental Premium,2023-02-01,2024-02-01,53.28,639.36,0.22,11.72,active,12
POL0003330,MEM003331,AGT0007,VSP,Dental+Vision Bundle,2024-09-01,2025-09-01,74.11,889.32,0.25,18.53,active,12
POL0003331,MEM003332,AGT0079,VSP,Dental Premium,2024-02-01,2025-02-01,56.81,681.72,0.22,12.5,cancelled,12
POL0003332,MEM003333,AGT0056,VSP,Dental Basic,2024-03-01,2026-03-01,28.61,343.32,0.18,5.15,active,24
POL0003333,MEM003334,AGT0047,VSP,Vision Premium,2023-12-01,2026-12-01,33.47,401.64,0.2,6.69,active,36
POL0003334,MEM003335,AGT0074,VSP,Vision Premium,2024-01-01,2026-01-01,34.59,415.08,0.2,6.92,pending,24
POL0003335,MEM003336,AGT0025,Zurich,Dental+Vision Bundle,2023-12-01,2024-12-01,77.45,929.4,0.25,19.36,cancelled,12
POL0003336,MEM003337,AGT0032,VSP,Dental Premium,2023-02-01,2024-02-01,55.02,660.24,0.22,12.1,active,12
POL0003337,MEM003338,AGT0024,VSP,Dental Premium,2024-03-01,2025-03-01,55.15,661.8,0.22,12.13,active,12
POL0003338,MEM003339,AGT0051,Zurich,Dental Premium,2023-11-01,2024-11-01,56.66,679.92,0.22,12.47,active,12
POL0003339,MEM003340,AGT0007,MetLife,Vision Premium,2024-10-01,2026-10-01,35.61,427.32,0.2,7.12,cancelled,24
POL0003340,MEM003341,AGT0024,MetLife,Dental Basic,2024-12-01,2027-12-01,28.75,345.0,0.18,5.17,active,36
POL0003341,MEM003342,AGT0055,VSP,Vision Premium,2023-11-01,2024-11-01,33.41,400.92,0.2,6.68,active,12
POL0003342,MEM003343,AGT0018,VSP,Vision Basic,2024-05-01,2027-05-01,19.05,228.6,0.16,3.05,active,36
POL0003343,MEM003344,AGT0011,MetLife,Dental Premium,2024-03-01,2025-03-01,56.23,674.76,0.22,12.37,cancelled,12
POL0003344,MEM003345,AGT0065,VSP,Vision Basic,2023-05-01,2024-05-01,20.87,250.44,0.16,3.34,cancelled,12
POL0003345,MEM003346,AGT0001,Zurich,Dental Basic,2024-07-01,2025-07-01,31.05,372.6,0.18,5.59,active,12
POL0003346,MEM003347,AGT0051,VSP,Vision Premium,2024-05-01,2027-05-01,34.56,414.72,0.2,6.91,active,36
POL0003347,MEM003348,AGT0011,MetLife,Vision Basic,2024-08-01,2025-08-01,20.22,242.64,0.16,3.24,active,12
POL0003348,MEM003349,AGT0035,VSP,Dental Basic,2024-02-01,2025-02-01,31.38,376.56,0.18,5.65,active,12
POL0003349,MEM003350,AGT0055,MetLife,Dental Basic,2024-03-01,2025-03-01,31.07,372.84,0.18,5.59,active,12
POL0003350,MEM003351,AGT0027,Zurich,Dental Premium,2023-05-01,2024-05-01,56.3,675.6,0.22,12.39,active,12
POL0003351,MEM003352,AGT0056,VSP,Vision Premium,2024-06-01,2027-06-01,33.73,404.76,0.2,6.75,cancelled,36
POL0003352,MEM003353,AGT0060,Zurich,Dental Premium,2024-02-01,2025-02-01,54.28,651.36,0.22,11.94,active,12
POL0003353,MEM003354,AGT0034,Zurich,Dental Basic,2024-11-01,2025-05-01,30.34,364.08,0.18,5.46,cancelled,6
POL0003354,MEM003355,AGT0030,Zurich,Dental Premium,2023-06-01,2024-06-01,53.61,643.32,0.22,11.79,cancelled,12
POL0003355,MEM003356,AGT0007,MetLife,Vision Premium,2023-10-01,2025-10-01,33.96,407.52,0.2,6.79,cancelled,24
POL0003356,MEM003357,AGT0048,VSP,Vision Premium,2024-04-01,2027-04-01,34.33,411.96,0.2,6.87,cancelled,36
POL0003357,MEM003358,AGT0010,MetLife,Dental Basic,2024-01-01,2025-01-01,30.73,368.76,0.18,5.53,active,12
POL0003358,MEM003359,AGT0037,Zurich,Vision Basic,2023-08-01,2024-02-01,19.74,236.88,0.16,3.16,active,6
POL0003359,MEM003360,AGT0057,VSP,Vision Premium,2024-06-01,2025-06-01,36.02,432.24,0.2,7.2,active,12
POL0003360,MEM003361,AGT0063,MetLife,Dental Basic,2023-10-01,2024-10-01,30.64,367.68,0.18,5.52,active,12
POL0003361,MEM003362,AGT0022,MetLife,Dental+Vision Bundle,2024-08-01,2027-08-01,76.84,922.08,0.25,19.21,active,36
POL0003362,MEM003363,AGT0008,MetLife,Vision Basic,2024-01-01,2026-01-01,19.95,239.4,0.16,3.19,active,24
POL0003363,MEM003364,AGT0033,VSP,Vision Premium,2024-03-01,2027-03-01,36.41,436.92,0.2,7.28,active,36
POL0003364,MEM003365,AGT0078,MetLife,Dental Premium,2023-08-01,2024-08-01,57.65,691.8,0.22,12.68,cancelled,12
POL0003365,MEM003366,AGT0035,Zurich,Dental+Vision Bundle,2024-08-01,2025-08-01,72.26,867.12,0.25,18.07,cancelled,12
POL0003366,MEM003367,AGT0002,MetLife,Dental+Vision Bundle,2024-01-01,2026-01-01,75.58,906.96,0.25,18.89,active,24
POL0003367,MEM003368,AGT0009,Zurich,Dental+Vision Bundle,2024-11-01,2025-11-01,73.35,880.2,0.25,18.34,active,12
POL0003368,MEM003369,AGT0037,Zurich,Dental+Vision Bundle,2024-04-01,2025-04-01,74.82,897.84,0.25,18.7,active,12
POL0003369,MEM003370,AGT0036,VSP,Dental Premium,2024-04-01,2025-04-01,52.43,629.16,0.22,11.53,active,12
POL0003370,MEM003371,AGT0034,VSP,Dental Basic,2024-12-01,2026-12-01,31.36,376.32,0.18,5.64,active,24
POL0003371,MEM003372,AGT0047,Zurich,Dental Basic,2024-07-01,2025-07-01,29.88,358.56,0.18,5.38,active,12
POL0003372,MEM003373,AGT0071,MetLife,Dental Basic,2024-10-01,2025-10-01,29.03,348.36,0.18,5.23,active,12
POL0003373,MEM003374,AGT0077,MetLife,Dental Basic,2024-11-01,2027-11-01,30.17,362.04,0.18,5.43,expired,36
POL0003374,MEM003375,AGT0033,Zurich,Vision Premium,2024-05-01,2025-05-01,36.36,436.32,0.2,7.27,cancelled,12
POL0003375,MEM003376,AGT0055,Zurich,Vision Basic,2024-10-01,2027-10-01,19.59,235.08,0.16,3.13,active,36
POL0003376,MEM003377,AGT0040,VSP,Vision Basic,2023-07-01,2026-07-01,19.76,237.12,0.16,3.16,cancelled,36
POL0003377,MEM003378,AGT0036,VSP,Vision Premium,2023-06-01,2024-06-01,33.48,401.76,0.2,6.7,cancelled,12
POL0003378,MEM003379,AGT0005,MetLife,Dental+Vision Bundle,2023-10-01,2024-10-01,73.59,883.08,0.25,18.4,cancelled,12
POL0003379,MEM003380,AGT0033,MetLife,Dental Premium,2024-10-01,2026-10-01,53.85,646.2,0.22,11.85,active,24
POL0003380,MEM003381,AGT0076,VSP,Dental Basic,2023-08-01,2024-08-01,29.45,353.4,0.18,5.3,active,12
POL0003381,MEM003382,AGT0014,MetLife,Dental+Vision Bundle,2023-09-01,2024-09-01,71.47,857.64,0.25,17.87,active,12
POL0003382,MEM003383,AGT0004,VSP,Dental+Vision Bundle,2024-11-01,2025-11-01,73.51,882.12,0.25,18.38,active,12
POL0003383,MEM003384,AGT0023,Zurich,Dental+Vision Bundle,2023-07-01,2025-07-01,77.64,931.68,0.25,19.41,active,24
POL0003384,MEM003385,AGT0028,MetLife,Dental Basic,2023-03-01,2024-03-01,29.59,355.08,0.18,5.33,active,12
POL0003385,MEM003386,AGT0024,MetLife,Dental Basic,2023-03-01,2025-03-01,30.85,370.2,0.18,5.55,active,24
POL0003386,MEM003387,AGT0067,VSP,Vision Basic,2023-02-01,2024-02-01,19.97,239.64,0.16,3.2,cancelled,12
POL0003387,MEM003388,AGT0004,Zurich,Dental+Vision Bundle,2024-02-01,2026-02-01,72.18,866.16,0.25,18.05,cancelled,24
POL0003388,MEM003389,AGT0050,MetLife,Dental Basic,2024-10-01,2025-10-01,31.31,375.72,0.18,5.64,cancelled,12
POL0003389,MEM003390,AGT0048,VSP,Vision Premium,2023-04-01,2024-04-01,35.88,430.56,0.2,7.18,active,12
POL0003390,MEM003391,AGT0071,VSP,Dental+Vision Bundle,2023-11-01,2024-11-01,76.05,912.6,0.25,19.01,active,12
POL0003391,MEM003392,AGT0076,Zurich,Vision Premium,2024-11-01,2025-05-01,33.69,404.28,0.2,6.74,active,6
POL0003392,MEM003393,AGT0071,Zurich,Dental Basic,2024-06-01,2024-12-01,30.88,370.56,0.18,5.56,active,6
POL0003393,MEM003394,AGT0076,VSP,Dental+Vision Bundle,2023-12-01,2024-06-01,74.87,898.44,0.25,18.72,cancelled,6
POL0003394,MEM003395,AGT0026,Zurich,Vision Premium,2023-05-01,2025-05-01,34.97,419.64,0.2,6.99,active,24
POL0003395,MEM003396,AGT0024,MetLife,Dental Premium,2023-02-01,2025-02-01,52.48,629.76,0.22,11.55,active,24
POL0003396,MEM003397,AGT0049,VSP,Dental+Vision Bundle,2023-11-01,2024-11-01,72.9,874.8,0.25,18.23,active,12
POL0003397,MEM003398,AGT0056,VSP,Dental+Vision Bundle,2024-01-01,2026-01-01,75.65,907.8,0.25,18.91,active,24
POL0003398,MEM003399,AGT0035,MetLife,Dental Basic,2024-12-01,2026-12-01,28.75,345.0,0.18,5.17,expired,24
POL0003399,MEM003400,AGT0039,MetLife,Vision Premium,2024-11-01,2025-11-01,34.37,412.44,0.2,6.87,active,12
POL0003400,MEM003401,AGT0058,Zurich,Dental Premium,2023-09-01,2024-09-01,55.8,669.6,0.22,12.28,cancelled,12
POL0003401,MEM003402,AGT0080,VSP,Dental Basic,2024-03-01,2026-03-01,30.49,365.88,0.18,5.49,active,24
POL0003402,MEM003403,AGT0072,MetLife,Dental Premium,2024-10-01,2025-10-01,55.33,663.96,0.22,12.17,active,12
POL0003403,MEM003404,AGT0071,MetLife,Dental Premium,2024-08-01,2026-08-01,55.0,660.0,0.22,12.1,expired,24
POL0003404,MEM003405,AGT0052,MetLife,Dental Premium,2024-09-01,2027-09-01,55.98,671.76,0.22,12.32,active,36
POL0003405,MEM003406,AGT0030,Zurich,Dental Premium,2024-05-01,2026-05-01,55.11,661.32,0.22,12.12,active,24
POL0003406,MEM003407,AGT0016,VSP,Vision Basic,2024-08-01,2025-08-01,20.48,245.76,0.16,3.28,active,12
POL0003407,MEM003408,AGT0010,VSP,Dental Basic,2024-12-01,2025-12-01,31.0,372.0,0.18,5.58,cancelled,12
POL0003408,MEM003409,AGT0047,VSP,Dental+Vision Bundle,2024-09-01,2025-03-01,74.4,892.8,0.25,18.6,active,6
POL0003409,MEM003410,AGT0003,Zurich,Vision Basic,2024-09-01,2025-09-01,19.59,235.08,0.16,3.13,active,12
POL0003410,MEM003411,AGT0017,VSP,Dental+Vision Bundle,2023-06-01,2024-06-01,78.25,939.0,0.25,19.56,active,12
POL0003411,MEM003412,AGT0074,Zurich,Dental+Vision Bundle,2024-02-01,2025-02-01,76.03,912.36,0.25,19.01,active,12
POL0003412,MEM003413,AGT0039,MetLife,Vision Basic,2023-08-01,2025-08-01,19.62,235.44,0.16,3.14,cancelled,24
POL0003413,MEM003414,AGT0018,MetLife,Vision Premium,2023-02-01,2024-02-01,36.41,436.92,0.2,7.28,active,12
POL0003414,MEM003415,AGT0041,MetLife,Vision Basic,2024-02-01,2025-02-01,19.82,237.84,0.16,3.17,active,12
POL0003415,MEM003416,AGT0018,VSP,Dental Premium,2024-05-01,2025-05-01,57.22,686.64,0.22,12.59,expired,12
POL0003416,MEM003417,AGT0013,Zurich,Vision Premium,2024-10-01,2025-10-01,34.55,414.6,0.2,6.91,active,12
POL0003417,MEM003418,AGT0036,MetLife,Vision Basic,2024-11-01,2025-05-01,19.25,231.0,0.16,3.08,expired,6
POL0003418,MEM003419,AGT0056,VSP,Dental Basic,2024-09-01,2025-09-01,29.78,357.36,0.18,5.36,active,12
POL0003419,MEM003420,AGT0066,Zurich,Dental Basic,2023-06-01,2025-06-01,31.17,374.04,0.18,5.61,active,24
POL0003420,MEM003421,AGT0035,MetLife,Dental Basic,2023-03-01,2025-03-01,31.12,373.44,0.18,5.6,active,24
POL0003421,MEM003422,AGT0048,VSP,Dental+Vision Bundle,2024-08-01,2025-08-01,75.18,902.16,0.25,18.8,active,12
POL0003422,MEM003423,AGT0065,MetLife,Dental Basic,2023-03-01,2025-03-01,30.37,364.44,0.18,5.47,pending,24
POL0003423,MEM003424,AGT0047,VSP,Dental+Vision Bundle,2024-09-01,2026-09-01,71.88,862.56,0.25,17.97,active,24
POL0003424,MEM003425,AGT0009,Zurich,Dental Premium,2024-09-01,2025-09-01,54.15,649.8,0.22,11.91,active,12
POL0003425,MEM003426,AGT0007,VSP,Dental Basic,2024-01-01,2024-07-01,30.62,367.44,0.18,5.51,active,6
POL0003426,MEM003427,AGT0023,Zurich,Dental Basic,2023-06-01,2025-06-01,31.46,377.52,0.18,5.66,active,24
POL0003427,MEM003428,AGT0001,MetLife,Dental Basic,2024-08-01,2025-08-01,30.18,362.16,0.18,5.43,active,12
POL0003428,MEM003429,AGT0021,Zurich,Dental Premium,2024-07-01,2025-07-01,53.53,642.36,0.22,11.78,expired,12
POL0003429,MEM003430,AGT0018,VSP,Dental Basic,2024-05-01,2025-05-01,29.33,351.96,0.18,5.28,active,12
POL0003430,MEM003431,AGT0062,MetLife,Dental Basic,2024-08-01,2026-08-01,28.52,342.24,0.18,5.13,active,24
POL0003431,MEM003432,AGT0012,MetLife,Vision Basic,2024-01-01,2025-01-01,19.21,230.52,0.16,3.07,active,12
POL0003432,MEM003433,AGT0014,Zurich,Dental Basic,2023-02-01,2024-02-01,30.0,360.0,0.18,5.4,active,12
POL0003433,MEM003434,AGT0006,Zurich,Dental Premium,2023-08-01,2024-08-01,55.99,671.88,0.22,12.32,active,12
POL0003434,MEM003435,AGT0018,MetLife,Dental Basic,2024-04-01,2025-04-01,30.49,365.88,0.18,5.49,active,12
POL0003435,MEM003436,AGT0076,VSP,Vision Premium,2024-05-01,2025-05-01,34.71,416.52,0.2,6.94,active,12
POL0003436,MEM003437,AGT0012,Zurich,Vision Basic,2023-02-01,2024-02-01,19.82,237.84,0.16,3.17,active,12
POL0003437,MEM003438,AGT0038,MetLife,Dental+Vision Bundle,2023-12-01,2024-12-01,76.05,912.6,0.25,19.01,active,12
POL0003438,MEM003439,AGT0060,VSP,Vision Basic,2023-06-01,2024-06-01,19.77,237.24,0.16,3.16,cancelled,12
POL0003439,MEM003440,AGT0045,MetLife,Vision Basic,2024-09-01,2025-09-01,20.21,242.52,0.16,3.23,active,12
POL0003440,MEM003441,AGT0053,Zurich,Dental Basic,2023-11-01,2024-05-01,30.89,370.68,0.18,5.56,expired,6
POL0003441,MEM003442,AGT0061,MetLife,Dental+Vision Bundle,2024-11-01,2026-11-01,76.56,918.72,0.25,19.14,active,24
POL0003442,MEM003443,AGT0010,MetLife,Dental Premium,2024-08-01,2026-08-01,54.82,657.84,0.22,12.06,active,24
POL0003443,MEM003444,AGT0072,Zurich,Vision Basic,2023-03-01,2025-03-01,19.61,235.32,0.16,3.14,active,24
POL0003444,MEM003445,AGT0060,VSP,Dental Basic,2023-09-01,2025-09-01,29.4,352.8,0.18,5.29,cancelled,24
POL0003445,MEM003446,AGT0068,MetLife,Dental Premium,2024-02-01,2025-02-01,56.35,676.2,0.22,12.4,active,12
POL0003446,MEM003447,AGT0008,VSP,Dental+Vision Bundle,2023-07-01,2025-07-01,72.96,875.52,0.25,18.24,active,24
POL0003447,MEM003448,AGT0055,VSP,Dental Basic,2024-08-01,2025-08-01,28.84,346.08,0.18,5.19,active,12
POL0003448,MEM003449,AGT0039,Zurich,Vision Basic,2024-08-01,2026-08-01,19.02,228.24,0.16,3.04,active,24
POL0003449,MEM003450,AGT0041,MetLife,Dental Premium,2024-08-01,2027-08-01,52.26,627.12,0.22,11.5,expired,36
POL0003450,MEM003451,AGT0018,Zurich,Dental Basic,2024-11-01,2026-11-01,30.51,366.12,0.18,5.49,cancelled,24
POL0003451,MEM003452,AGT0057,VSP,Vision Premium,2024-01-01,2025-01-01,35.57,426.84,0.2,7.11,active,12
POL0003452,MEM003453,AGT0080,VSP,Dental Premium,2024-03-01,2025-03-01,52.61,631.32,0.22,11.57,active,12
POL0003453,MEM003454,AGT0027,Zurich,Dental Basic,2024-02-01,2027-02-01,31.39,376.68,0.18,5.65,expired,36
POL0003454,MEM003455,AGT0070,VSP,Dental+Vision Bundle,2023-02-01,2025-02-01,71.94,863.28,0.25,17.98,expired,24
POL0003455,MEM003456,AGT0064,Zurich,Vision Premium,2023-12-01,2024-12-01,33.52,402.24,0.2,6.7,active,12
POL0003456,MEM003457,AGT0030,MetLife,Dental+Vision Bundle,2023-02-01,2024-02-01,77.31,927.72,0.25,19.33,active,12
POL0003457,MEM003458,AGT0050,MetLife,Vision Basic,2023-05-01,2024-05-01,19.76,237.12,0.16,3.16,active,12
POL0003458,MEM003459,AGT0038,Zurich,Dental+Vision Bundle,2023-02-01,2025-02-01,78.28,939.36,0.25,19.57,active,24
POL0003459,MEM003460,AGT0023,MetLife,Vision Basic,2024-12-01,2025-12-01,19.14,229.68,0.16,3.06,active,12
POL0003460,MEM003461,AGT0041,VSP,Vision Premium,2024-03-01,2025-03-01,36.21,434.52,0.2,7.24,active,12
POL0003461,MEM003462,AGT0011,Zurich,Dental Basic,2023-04-01,2024-04-01,28.52,342.24,0.18,5.13,active,12
POL0003462,MEM003463,AGT0046,MetLife,Dental Basic,2024-04-01,2026-04-01,30.32,363.84,0.18,5.46,cancelled,24
POL0003463,MEM003464,AGT0041,MetLife,Dental Premium,2024-04-01,2026-04-01,55.55,666.6,0.22,12.22,pending,24
POL0003464,MEM003465,AGT0034,VSP,Vision Basic,2023-08-01,2024-02-01,19.44,233.28,0.16,3.11,active,6
POL0003465,MEM003466,AGT0057,VSP,Dental Basic,2024-10-01,2025-10-01,30.56,366.72,0.18,5.5,cancelled,12
POL0003466,MEM003467,AGT0025,MetLife,Vision Basic,2024-06-01,2025-06-01,19.39,232.68,0.16,3.1,cancelled,12
POL0003467,MEM003468,AGT0076,Zurich,Dental Premium,2024-08-01,2026-08-01,52.93,635.16,0.22,11.64,cancelled,24
POL0003468,MEM003469,AGT0007,MetLife,Dental+Vision Bundle,2023-02-01,2026-02-01,73.72,884.64,0.25,18.43,active,36
POL0003469,MEM003470,AGT0002,MetLife,Vision Premium,2023-11-01,2024-05-01,35.45,425.4,0.2,7.09,active,6
POL0003470,MEM003471,AGT0036,VSP,Dental Basic,2024-09-01,2026-09-01,30.84,370.08,0.18,5.55,active,24
POL0003471,MEM003472,AGT0006,Zurich,Vision Basic,2023-03-01,2024-03-01,19.99,239.88,0.16,3.2,active,12
POL0003472,MEM003473,AGT0070,VSP,Vision Basic,2023-11-01,2024-11-01,19.12,229.44,0.16,3.06,cancelled,12
POL0003473,MEM003474,AGT0079,Zurich,Dental+Vision Bundle,2023-05-01,2025-05-01,73.71,884.52,0.25,18.43,active,24
POL0003474,MEM003475,AGT0032,VSP,Vision Premium,2024-08-01,2026-08-01,34.26,411.12,0.2,6.85,active,24
POL0003475,MEM003476,AGT0047,VSP,Dental Basic,2024-01-01,2024-07-01,29.56,354.72,0.18,5.32,cancelled,6
POL0003476,MEM003477,AGT0073,Zurich,Dental Basic,2023-04-01,2024-04-01,30.01,360.12,0.18,5.4,active,12
POL0003477,MEM003478,AGT0055,Zurich,Dental Basic,2023-02-01,2025-02-01,31.22,374.64,0.18,5.62,expired,24
POL0003478,MEM003479,AGT0062,VSP,Dental Basic,2024-08-01,2025-02-01,28.85,346.2,0.18,5.19,active,6
POL0003479,MEM003480,AGT0035,Zurich,Vision Premium,2023-10-01,2024-10-01,34.69,416.28,0.2,6.94,active,12
POL0003480,MEM003481,AGT0037,VSP,Vision Basic,2023-09-01,2024-09-01,20.44,245.28,0.16,3.27,active,12
POL0003481,MEM003482,AGT0001,VSP,Vision Basic,2024-02-01,2025-02-01,19.82,237.84,0.16,3.17,active,12
POL0003482,MEM003483,AGT0042,MetLife,Dental Basic,2024-02-01,2025-02-01,31.47,377.64,0.18,5.66,expired,12
POL0003483,MEM003484,AGT0010,VSP,Dental Basic,2024-11-01,2026-11-01,30.9,370.8,0.18,5.56,active,24
POL0003484,MEM003485,AGT0017,VSP,Dental Basic,2024-02-01,2026-02-01,30.46,365.52,0.18,5.48,cancelled,24
POL0003485,MEM003486,AGT0033,MetLife,Vision Basic,2023-05-01,2025-05-01,20.12,241.44,0.16,3.22,cancelled,24
POL0003486,MEM003487,AGT0020,MetLife,Vision Premium,2024-11-01,2026-11-01,36.59,439.08,0.2,7.32,active,24
POL0003487,MEM003488,AGT0009,MetLife,Vision Premium,2023-12-01,2024-12-01,34.16,409.92,0.2,6.83,cancelled,12
POL0003488,MEM003489,AGT0054,Zurich,Dental Basic,2023-03-01,2024-03-01,31.05,372.6,0.18,5.59,cancelled,12
POL0003489,MEM003490,AGT0072,VSP,Vision Basic,2023-10-01,2025-10-01,19.63,235.56,0.16,3.14,active,24
POL0003490,MEM003491,AGT0015,MetLife,Dental Premium,2023-10-01,2025-10-01,54.49,653.88,0.22,11.99,active,24
POL0003491,MEM003492,AGT0079,MetLife,Dental Premium,2024-04-01,2026-04-01,53.55,642.6,0.22,11.78,active,24
POL0003492,MEM003493,AGT0043,Zurich,Vision Basic,2024-12-01,2026-12-01,19.68,236.16,0.16,3.15,active,24
POL0003493,MEM003494,AGT0073,MetLife,Dental Basic,2024-08-01,2026-08-01,31.36,376.32,0.18,5.64,expired,24
POL0003494,MEM003495,AGT0040,MetLife,Dental Premium,2024-09-01,2026-09-01,55.44,665.28,0.22,12.2,active,24
POL0003495,MEM003496,AGT0023,MetLife,Dental+Vision Bundle,2023-09-01,2024-09-01,73.84,886.08,0.25,18.46,active,12
POL0003496,MEM003497,AGT0046,Zurich,Dental Basic,2023-06-01,2024-06-01,29.05,348.6,0.18,5.23,expired,12
POL0003497,MEM003498,AGT0004,Zurich,Vision Basic,2023-10-01,2024-10-01,20.29,243.48,0.16,3.25,cancelled,12
POL0003498,MEM003499,AGT0012,VSP,Dental+Vision Bundle,2023-02-01,2025-02-01,78.43,941.16,0.25,19.61,cancelled,24
POL0003499,MEM003500,AGT0024,MetLife,Dental Premium,2023-09-01,2025-09-01,54.35,652.2,0.22,11.96,active,24
POL0003500,MEM003501,AGT0022,MetLife,Dental Premium,2023-07-01,2024-07-01,56.53,678.36,0.22,12.44,active,12
POL0003501,MEM003502,AGT0074,VSP,Vision Premium,2024-07-01,2025-07-01,33.35,400.2,0.2,6.67,active,12
POL0003502,MEM003503,AGT0056,MetLife,Vision Premium,2024-02-01,2025-02-01,34.39,412.68,0.2,6.88,active,12
POL0003503,MEM003504,AGT0069,VSP,Dental Premium,2024-06-01,2024-12-01,55.16,661.92,0.22,12.14,active,6
POL0003504,MEM003505,AGT0041,Zurich,Vision Premium,2024-08-01,2027-08-01,34.77,417.24,0.2,6.95,active,36
POL0003505,MEM003506,AGT0049,Zurich,Vision Basic,2024-05-01,2025-05-01,20.79,249.48,0.16,3.33,expired,12
POL0003506,MEM003507,AGT0062,Zurich,Vision Premium,2023-03-01,2026-03-01,35.73,428.76,0.2,7.15,active,36
POL0003507,MEM003508,AGT0071,VSP,Vision Basic,2024-10-01,2025-10-01,20.88,250.56,0.16,3.34,active,12
POL0003508,MEM003509,AGT0062,MetLife,Dental+Vision Bundle,2023-07-01,2025-07-01,75.57,906.84,0.25,18.89,active,24
POL0003509,MEM003510,AGT0007,Zurich,Dental Basic,2023-11-01,2025-11-01,29.78,357.36,0.18,5.36,active,24
POL0003510,MEM003511,AGT0062,MetLife,Dental Basic,2024-07-01,2025-07-01,28.54,342.48,0.18,5.14,cancelled,12
POL0003511,MEM003512,AGT0079,VSP,Vision Basic,2023-08-01,2024-08-01,20.54,246.48,0.16,3.29,active,12
POL0003512,MEM003513,AGT0020,MetLife,Dental Premium,2024-11-01,2027-11-01,54.3,651.6,0.22,11.95,active,36
POL0003513,MEM003514,AGT0036,Zurich,Dental Basic,2023-11-01,2024-05-01,30.41,364.92,0.18,5.47,active,6
POL0003514,MEM003515,AGT0009,VSP,Dental+Vision Bundle,2023-06-01,2025-06-01,73.85,886.2,0.25,18.46,cancelled,24
POL0003515,MEM003516,AGT0026,Zurich,Dental Basic,2024-02-01,2025-02-01,30.91,370.92,0.18,5.56,expired,12
POL0003516,MEM003517,AGT0005,Zurich,Dental Basic,2023-06-01,2025-06-01,30.26,363.12,0.18,5.45,active,24
POL0003517,MEM003518,AGT0029,MetLife,Dental Basic,2023-03-01,2023-09-01,29.27,351.24,0.18,5.27,cancelled,6
POL0003518,MEM003519,AGT0017,Zurich,Dental+Vision Bundle,2024-04-01,2025-04-01,73.07,876.84,0.25,18.27,active,12
POL0003519,MEM003520,AGT0006,MetLife,Vision Basic,2023-10-01,2025-10-01,19.0,228.0,0.16,3.04,expired,24
POL0003520,MEM003521,AGT0053,VSP,Dental Premium,2024-04-01,2027-04-01,53.73,644.76,0.22,11.82,active,36
POL0003521,MEM003522,AGT0077,MetLife,Dental+Vision Bundle,2023-02-01,2024-02-01,75.24,902.88,0.25,18.81,cancelled,12
POL0003522,MEM003523,AGT0046,VSP,Dental+Vision Bundle,2024-04-01,2025-04-01,76.2,914.4,0.25,19.05,cancelled,12
POL0003523,MEM003524,AGT0017,MetLife,Vision Premium,2023-05-01,2024-05-01,35.0,420.0,0.2,7.0,active,12
POL0003524,MEM003525,AGT0012,VSP,Vision Premium,2024-11-01,2025-05-01,33.8,405.6,0.2,6.76,active,6
POL0003525,MEM003526,AGT0049,Zurich,Dental Basic,2023-04-01,2023-10-01,31.39,376.68,0.18,5.65,cancelled,6
POL0003526,MEM003527,AGT0028,MetLife,Dental+Vision Bundle,2023-07-01,2024-07-01,77.86,934.32,0.25,19.46,active,12
POL0003527,MEM003528,AGT0070,VSP,Dental Basic,2023-02-01,2024-02-01,29.98,359.76,0.18,5.4,active,12
POL0003528,MEM003529,AGT0020,Zurich,Dental Basic,2024-03-01,2024-09-01,28.59,343.08,0.18,5.15,active,6
POL0003529,MEM003530,AGT0063,MetLife,Vision Basic,2023-08-01,2024-02-01,19.02,228.24,0.16,3.04,active,6
POL0003530,MEM003531,AGT0048,VSP,Dental+Vision Bundle,2024-02-01,2025-02-01,72.16,865.92,0.25,18.04,active,12
POL0003531,MEM003532,AGT0050,MetLife,Vision Premium,2024-03-01,2026-03-01,35.93,431.16,0.2,7.19,active,24
POL0003532,MEM003533,AGT0066,VSP,Dental Premium,2023-07-01,2024-01-01,57.28,687.36,0.22,12.6,cancelled,6
POL0003533,MEM003534,AGT0037,VSP,Dental Premium,2023-04-01,2026-04-01,57.33,687.96,0.22,12.61,active,36
POL0003534,MEM003535,AGT0051,MetLife,Vision Premium,2023-03-01,2024-03-01,36.52,438.24,0.2,7.3,active,12
POL0003535,MEM003536,AGT0073,VSP,Dental Premium,2024-10-01,2025-10-01,56.41,676.92,0.22,12.41,active,12
POL0003536,MEM003537,AGT0059,MetLife,Dental Basic,2023-12-01,2024-12-01,29.98,359.76,0.18,5.4,active,12
POL0003537,MEM003538,AGT0056,MetLife,Dental Basic,2023-07-01,2024-07-01,30.21,362.52,0.18,5.44,expired,12
POL0003538,MEM003539,AGT0053,Zurich,Dental Basic,2023-06-01,2024-06-01,28.59,343.08,0.18,5.15,active,12
POL0003539,MEM003540,AGT0035,Zurich,Dental Basic,2024-01-01,2025-01-01,28.81,345.72,0.18,5.19,active,12
POL0003540,MEM003541,AGT0006,Zurich,Vision Premium,2024-12-01,2027-12-01,34.56,414.72,0.2,6.91,active,36
POL0003541,MEM003542,AGT0053,MetLife,Vision Basic,2024-09-01,2025-09-01,19.21,230.52,0.16,3.07,expired,12
POL0003542,MEM003543,AGT0074,Zurich,Dental Premium,2023-12-01,2024-12-01,52.93,635.16,0.22,11.64,cancelled,12
POL0003543,MEM003544,AGT0044,MetLife,Dental+Vision Bundle,2023-09-01,2024-09-01,76.15,913.8,0.25,19.04,cancelled,12
POL0003544,MEM003545,AGT0047,Zurich,Dental Basic,2023-11-01,2024-11-01,28.69,344.28,0.18,5.16,active,12
POL0003545,MEM003546,AGT0032,VSP,Dental+Vision Bundle,2024-07-01,2027-07-01,76.16,913.92,0.25,19.04,active,36
POL0003546,MEM003547,AGT0011,Zurich,Dental+Vision Bundle,2023-03-01,2024-03-01,73.49,881.88,0.25,18.37,cancelled,12
POL0003547,MEM003548,AGT0052,MetLife,Dental Premium,2024-12-01,2025-12-01,53.15,637.8,0.22,11.69,active,12
POL0003548,MEM003549,AGT0050,Zurich,Vision Basic,2023-11-01,2024-05-01,19.35,232.2,0.16,3.1,active,6
POL0003549,MEM003550,AGT0059,VSP,Vision Basic,2023-11-01,2024-11-01,20.47,245.64,0.16,3.28,active,12
POL0003550,MEM003551,AGT0047,MetLife,Dental Premium,2023-11-01,2025-11-01,53.5,642.0,0.22,11.77,cancelled,24
POL0003551,MEM003552,AGT0051,VSP,Dental+Vision Bundle,2024-08-01,2025-08-01,75.31,903.72,0.25,18.83,active,12
POL0003552,MEM003553,AGT0009,VSP,Dental Basic,2024-09-01,2025-09-01,29.89,358.68,0.18,5.38,expired,12
POL0003553,MEM003554,AGT0023,VSP,Dental Premium,2023-11-01,2024-05-01,55.72,668.64,0.22,12.26,expired,6
POL0003554,MEM003555,AGT0074,VSP,Dental+Vision Bundle,2023-02-01,2025-02-01,75.17,902.04,0.25,18.79,expired,24
POL0003555,MEM003556,AGT0012,VSP,Dental Basic,2024-10-01,2026-10-01,31.0,372.0,0.18,5.58,expired,24
POL0003556,MEM003557,AGT0042,VSP,Vision Basic,2024-03-01,2026-03-01,20.65,247.8,0.16,3.3,active,24
POL0003557,MEM003558,AGT0024,MetLife,Dental+Vision Bundle,2024-03-01,2025-03-01,75.83,909.96,0.25,18.96,pending,12
POL0003558,MEM003559,AGT0036,MetLife,Dental Basic,2023-10-01,2024-10-01,30.09,361.08,0.18,5.42,active,12
POL0003559,MEM003560,AGT0024,VSP,Dental Basic,2024-09-01,2026-09-01,30.45,365.4,0.18,5.48,active,24
POL0003560,MEM003561,AGT0070,Zurich,Dental Basic,2023-11-01,2024-05-01,29.08,348.96,0.18,5.23,active,6
POL0003561,MEM003562,AGT0039,VSP,Dental+Vision Bundle,2023-07-01,2025-07-01,75.5,906.0,0.25,18.88,active,24
POL0003562,MEM003563,AGT0073,VSP,Dental Basic,2023-09-01,2024-09-01,30.54,366.48,0.18,5.5,active,12
POL0003563,MEM003564,AGT0003,MetLife,Vision Basic,2024-05-01,2024-11-01,19.76,237.12,0.16,3.16,active,6
POL0003564,MEM003565,AGT0046,MetLife,Dental Basic,2023-06-01,2024-06-01,31.12,373.44,0.18,5.6,active,12
POL0003565,MEM003566,AGT0071,VSP,Dental Basic,2023-06-01,2024-06-01,29.42,353.04,0.18,5.3,active,12
POL0003566,MEM003567,AGT0021,MetLife,Dental Premium,2024-08-01,2025-08-01,53.46,641.52,0.22,11.76,expired,12
POL0003567,MEM003568,AGT0056,Zurich,Vision Premium,2024-12-01,2025-12-01,36.08,432.96,0.2,7.22,active,12
POL0003568,MEM003569,AGT0007,MetLife,Vision Basic,2023-10-01,2024-04-01,19.87,238.44,0.16,3.18,active,6
POL0003569,MEM003570,AGT0068,VSP,Vision Premium,2024-11-01,2026-11-01,34.97,419.64,0.2,6.99,active,24
POL0003570,MEM003571,AGT0060,VSP,Dental Basic,2023-07-01,2026-07-01,30.84,370.08,0.18,5.55,cancelled,36
POL0003571,MEM003572,AGT0053,MetLife,Dental Basic,2024-04-01,2025-04-01,30.31,363.72,0.18,5.46,cancelled,12
POL0003572,MEM003573,AGT0008,Zurich,Dental+Vision Bundle,2023-02-01,2025-02-01,71.68,860.16,0.25,17.92,active,24
POL0003573,MEM003574,AGT0057,Zurich,Dental Basic,2024-11-01,2027-11-01,31.46,377.52,0.18,5.66,active,36
POL0003574,MEM003575,AGT0006,MetLife,Dental Basic,2024-02-01,2025-02-01,28.59,343.08,0.18,5.15,active,12
POL0003575,MEM003576,AGT0017,MetLife,Dental Premium,2023-07-01,2025-07-01,53.26,639.12,0.22,11.72,cancelled,24
POL0003576,MEM003577,AGT0016,VSP,Dental Basic,2023-12-01,2024-06-01,29.74,356.88,0.18,5.35,active,6
POL0003577,MEM003578,AGT0016,MetLife,Vision Premium,2023-12-01,2024-12-01,34.93,419.16,0.2,6.99,active,12
POL0003578,MEM003579,AGT0022,MetLife,Dental Basic,2024-07-01,2025-07-01,29.29,351.48,0.18,5.27,active,12
POL0003579,MEM003580,AGT0045,VSP,Vision Premium,2023-08-01,2025-08-01,33.85,406.2,0.2,6.77,active,24
POL0003580,MEM003581,AGT0004,Zurich,Vision Basic,2024-07-01,2026-07-01,19.92,239.04,0.16,3.19,active,24
POL0003581,MEM003582,AGT0045,MetLife,Vision Premium,2024-09-01,2025-09-01,35.26,423.12,0.2,7.05,active,12
POL0003582,MEM003583,AGT0031,MetLife,Dental Basic,2024-10-01,2027-10-01,30.58,366.96,0.18,5.5,active,36
POL0003583,MEM003584,AGT0079,MetLife,Dental+Vision Bundle,2024-11-01,2026-11-01,73.61,883.32,0.25,18.4,active,24
POL0003584,MEM003585,AGT0037,VSP,Dental+Vision Bundle,2024-10-01,2026-10-01,73.91,886.92,0.25,18.48,cancelled,24
POL0003585,MEM003586,AGT0017,MetLife,Dental Premium,2023-09-01,2026-09-01,53.87,646.44,0.22,11.85,cancelled,36
POL0003586,MEM003587,AGT0005,VSP,Dental Premium,2023-04-01,2025-04-01,55.17,662.04,0.22,12.14,pending,24
POL0003587,MEM003588,AGT0006,Zurich,Dental Basic,2023-03-01,2024-03-01,30.65,367.8,0.18,5.52,cancelled,12
POL0003588,MEM003589,AGT0065,MetLife,Dental+Vision Bundle,2024-10-01,2027-10-01,75.54,906.48,0.25,18.89,active,36
POL0003589,MEM003590,AGT0013,MetLife,Vision Basic,2023-08-01,2024-08-01,20.03,240.36,0.16,3.2,expired,12
POL0003590,MEM003591,AGT0046,Zurich,Dental+Vision Bundle,2023-07-01,2025-07-01,72.01,864.12,0.25,18.0,active,24
POL0003591,MEM003592,AGT0072,Zurich,Dental+Vision Bundle,2024-08-01,2026-08-01,74.81,897.72,0.25,18.7,active,24
POL0003592,MEM003593,AGT0034,Zurich,Dental+Vision Bundle,2023-05-01,2024-05-01,77.72,932.64,0.25,19.43,active,12
POL0003593,MEM003594,AGT0042,VSP,Vision Premium,2024-03-01,2025-03-01,34.24,410.88,0.2,6.85,active,12
POL0003594,MEM003595,AGT0028,Zurich,Dental+Vision Bundle,2023-06-01,2026-06-01,76.11,913.32,0.25,19.03,active,36
POL0003595,MEM003596,AGT0003,Zurich,Dental Basic,2023-06-01,2024-06-01,31.09,373.08,0.18,5.6,pending,12
POL0003596,MEM003597,AGT0020,VSP,Vision Basic,2024-10-01,2025-04-01,20.21,242.52,0.16,3.23,active,6
POL0003597,MEM003598,AGT0024,MetLife,Vision Premium,2024-12-01,2026-12-01,36.71,440.52,0.2,7.34,expired,24
POL0003598,MEM003599,AGT0049,MetLife,Dental+Vision Bundle,2024-01-01,2025-01-01,74.49,893.88,0.25,18.62,cancelled,12
POL0003599,MEM003600,AGT0048,Zurich,Dental Basic,2024-10-01,2025-10-01,29.94,359.28,0.18,5.39,active,12
POL0003600,MEM003601,AGT0032,MetLife,Dental+Vision Bundle,2024-03-01,2025-03-01,73.1,877.2,0.25,18.27,cancelled,12
POL0003601,MEM003602,AGT0035,VSP,Vision Premium,2023-05-01,2025-05-01,36.39,436.68,0.2,7.28,active,24
POL0003602,MEM003603,AGT0031,MetLife,Vision Basic,2024-06-01,2026-06-01,20.7,248.4,0.16,3.31,cancelled,24
POL0003603,MEM003604,AGT0040,MetLife,Vision Premium,2023-12-01,2024-12-01,34.09,409.08,0.2,6.82,cancelled,12
POL0003604,MEM003605,AGT0010,MetLife,Vision Premium,2023-12-01,2025-12-01,33.72,404.64,0.2,6.74,cancelled,24
POL0003605,MEM003606,AGT0066,VSP,Vision Premium,2023-07-01,2024-07-01,34.43,413.16,0.2,6.89,active,12
POL0003606,MEM003607,AGT0047,VSP,Dental Basic,2023-09-01,2025-09-01,29.5,354.0,0.18,5.31,active,24
POL0003607,MEM003608,AGT0047,VSP,Dental Premium,2023-11-01,2024-11-01,57.48,689.76,0.22,12.65,active,12
POL0003608,MEM003609,AGT0048,MetLife,Dental Premium,2023-04-01,2024-04-01,55.23,662.76,0.22,12.15,expired,12
POL0003609,MEM003610,AGT0073,Zurich,Dental Premium,2023-11-01,2024-11-01,53.15,637.8,0.22,11.69,active,12
POL0003610,MEM003611,AGT0073,Zurich,Dental Basic,2024-04-01,2026-04-01,31.11,373.32,0.18,5.6,active,24
POL0003611,MEM003612,AGT0076,VSP,Vision Basic,2024-02-01,2024-08-01,19.21,230.52,0.16,3.07,active,6
POL0003612,MEM003613,AGT0008,VSP,Dental+Vision Bundle,2024-06-01,2026-06-01,77.04,924.48,0.25,19.26,cancelled,24
POL0003613,MEM003614,AGT0022,VSP,Dental+Vision Bundle,2023-06-01,2025-06-01,78.06,936.72,0.25,19.52,active,24
POL0003614,MEM003615,AGT0080,Zurich,Vision Basic,2024-12-01,2027-12-01,20.91,250.92,0.16,3.35,active,36
POL0003615,MEM003616,AGT0040,MetLife,Dental+Vision Bundle,2023-06-01,2024-06-01,77.28,927.36,0.25,19.32,expired,12
POL0003616,MEM003617,AGT0080,VSP,Vision Basic,2024-09-01,2027-09-01,20.26,243.12,0.16,3.24,active,36
POL0003617,MEM003618,AGT0005,Zurich,Dental+Vision Bundle,2024-09-01,2026-09-01,73.82,885.84,0.25,18.45,pending,24
POL0003618,MEM003619,AGT0022,VSP,Vision Basic,2024-05-01,2025-05-01,20.5,246.0,0.16,3.28,cancelled,12
POL0003619,MEM003620,AGT0078,MetLife,Dental Basic,2024-06-01,2026-06-01,29.73,356.76,0.18,5.35,active,24
POL0003620,MEM003621,AGT0059,VSP,Vision Premium,2024-11-01,2027-11-01,33.9,406.8,0.2,6.78,active,36
POL0003621,MEM003622,AGT0061,Zurich,Vision Basic,2024-07-01,2025-07-01,19.35,232.2,0.16,3.1,active,12
POL0003622,MEM003623,AGT0074,Zurich,Vision Premium,2024-01-01,2025-01-01,35.94,431.28,0.2,7.19,cancelled,12
POL0003623,MEM003624,AGT0012,Zurich,Vision Premium,2023-08-01,2024-08-01,36.61,439.32,0.2,7.32,active,12
POL0003624,MEM003625,AGT0004,Zurich,Vision Premium,2024-01-01,2025-01-01,35.68,428.16,0.2,7.14,expired,12
POL0003625,MEM003626,AGT0030,MetLife,Dental Basic,2024-09-01,2026-09-01,31.06,372.72,0.18,5.59,active,24
POL0003626,MEM003627,AGT0009,VSP,Dental+Vision Bundle,2023-07-01,2024-07-01,75.59,907.08,0.25,18.9,expired,12
POL0003627,MEM003628,AGT0035,VSP,Vision Basic,2024-01-01,2024-07-01,19.99,239.88,0.16,3.2,active,6
POL0003628,MEM003629,AGT0001,Zurich,Dental Basic,2024-05-01,2025-05-01,28.68,344.16,0.18,5.16,active,12
POL0003629,MEM003630,AGT0060,VSP,Dental Premium,2023-06-01,2024-06-01,55.2,662.4,0.22,12.14,active,12
POL0003630,MEM003631,AGT0052,VSP,Vision Basic,2024-08-01,2027-08-01,19.47,233.64,0.16,3.12,active,36
POL0003631,MEM003632,AGT0012,VSP,Dental+Vision Bundle,2024-09-01,2025-03-01,77.92,935.04,0.25,19.48,active,6
POL0003632,MEM003633,AGT0005,VSP,Dental+Vision Bundle,2024-02-01,2025-02-01,72.76,873.12,0.25,18.19,expired,12
POL0003633,MEM003634,AGT0032,VSP,Dental Premium,2023-03-01,2024-03-01,54.61,655.32,0.22,12.01,active,12
POL0003634,MEM003635,AGT0005,Zurich,Vision Premium,2023-09-01,2025-09-01,36.29,435.48,0.2,7.26,active,24
POL0003635,MEM003636,AGT0079,MetLife,Dental+Vision Bundle,2023-11-01,2026-11-01,75.59,907.08,0.25,18.9,cancelled,36
POL0003636,MEM003637,AGT0073,Zurich,Dental Premium,2024-04-01,2027-04-01,54.22,650.64,0.22,11.93,active,36
POL0003637,MEM003638,AGT0042,MetLife,Dental Basic,2024-09-01,2026-09-01,30.0,360.0,0.18,5.4,cancelled,24
POL0003638,MEM003639,AGT0002,MetLife,Dental Premium,2024-02-01,2026-02-01,52.75,633.0,0.22,11.61,active,24
POL0003639,MEM003640,AGT0021,VSP,Dental Premium,2023-05-01,2025-05-01,54.26,651.12,0.22,11.94,active,24
POL0003640,MEM003641,AGT0031,MetLife,Dental+Vision Bundle,2023-08-01,2024-08-01,75.29,903.48,0.25,18.82,expired,12
POL0003641,MEM003642,AGT0080,Zurich,Dental+Vision Bundle,2024-10-01,2025-10-01,73.43,881.16,0.25,18.36,cancelled,12
POL0003642,MEM003643,AGT0037,VSP,Vision Premium,2024-01-01,2025-01-01,34.59,415.08,0.2,6.92,cancelled,12
POL0003643,MEM003644,AGT0034,VSP,Vision Premium,2023-10-01,2024-10-01,36.3,435.6,0.2,7.26,active,12
POL0003644,MEM003645,AGT0040,Zurich,Dental Basic,2023-12-01,2024-12-01,30.22,362.64,0.18,5.44,expired,12
POL0003645,MEM003646,AGT0078,MetLife,Dental+Vision Bundle,2024-09-01,2025-09-01,72.57,870.84,0.25,18.14,active,12
POL0003646,MEM003647,AGT0058,VSP,Dental Basic,2023-10-01,2025-10-01,29.36,352.32,0.18,5.28,active,24
POL0003647,MEM003648,AGT0003,Zurich,Vision Premium,2023-11-01,2025-11-01,33.99,407.88,0.2,6.8,active,24
POL0003648,MEM003649,AGT0019,MetLife,Dental Basic,2024-12-01,2025-12-01,29.22,350.64,0.18,5.26,expired,12
POL0003649,MEM003650,AGT0017,Zurich,Vision Premium,2024-01-01,2025-01-01,33.39,400.68,0.2,6.68,active,12
POL0003650,MEM003651,AGT0067,Zurich,Dental+Vision Bundle,2023-09-01,2025-09-01,78.5,942.0,0.25,19.62,active,24
POL0003651,MEM003652,AGT0021,MetLife,Dental+Vision Bundle,2023-11-01,2025-11-01,73.01,876.12,0.25,18.25,active,24
POL0003652,MEM003653,AGT0008,Zurich,Dental Basic,2024-09-01,2026-09-01,29.42,353.04,0.18,5.3,active,24
POL0003653,MEM003654,AGT0042,VSP,Dental+Vision Bundle,2024-06-01,2026-06-01,73.37,880.44,0.25,18.34,expired,24
POL0003654,MEM003655,AGT0037,Zurich,Vision Premium,2024-07-01,2025-07-01,35.24,422.88,0.2,7.05,cancelled,12
POL0003655,MEM003656,AGT0061,Zurich,Dental Basic,2024-03-01,2025-03-01,31.49,377.88,0.18,5.67,active,12
POL0003656,MEM003657,AGT0002,MetLife,Dental Premium,2023-06-01,2025-06-01,53.46,641.52,0.22,11.76,pending,24
POL0003657,MEM003658,AGT0049,MetLife,Dental Basic,2024-09-01,2025-03-01,31.32,375.84,0.18,5.64,active,6
POL0003658,MEM003659,AGT0007,MetLife,Dental Basic,2024-10-01,2027-10-01,28.78,345.36,0.18,5.18,active,36
POL0003659,MEM003660,AGT0015,MetLife,Vision Premium,2024-01-01,2026-01-01,34.75,417.0,0.2,6.95,pending,24
POL0003660,MEM003661,AGT0046,Zurich,Vision Premium,2024-05-01,2027-05-01,35.07,420.84,0.2,7.01,active,36
POL0003661,MEM003662,AGT0075,VSP,Vision Basic,2024-03-01,2025-03-01,19.14,229.68,0.16,3.06,cancelled,12
POL0003662,MEM003663,AGT0056,MetLife,Dental+Vision Bundle,2024-05-01,2025-05-01,73.72,884.64,0.25,18.43,active,12
POL0003663,MEM003664,AGT0034,Zurich,Dental Premium,2024-10-01,2027-10-01,57.47,689.64,0.22,12.64,active,36
POL0003664,MEM003665,AGT0042,VSP,Dental Premium,2023-12-01,2025-12-01,54.18,650.16,0.22,11.92,cancelled,24
POL0003665,MEM003666,AGT0070,Zurich,Dental Premium,2023-04-01,2024-04-01,52.25,627.0,0.22,11.49,active,12
POL0003666,MEM003667,AGT0025,VSP,Dental Basic,2023-08-01,2024-08-01,28.6,343.2,0.18,5.15,cancelled,12
POL0003667,MEM003668,AGT0032,MetLife,Dental Premium,2024-12-01,2026-12-01,56.35,676.2,0.22,12.4,cancelled,24
POL0003668,MEM003669,AGT0053,MetLife,Vision Premium,2023-11-01,2025-11-01,33.88,406.56,0.2,6.78,active,24
POL0003669,MEM003670,AGT0058,Zurich,Vision Basic,2023-02-01,2023-08-01,19.83,237.96,0.16,3.17,active,6
POL0003670,MEM003671,AGT0004,MetLife,Vision Basic,2024-06-01,2025-06-01,19.51,234.12,0.16,3.12,cancelled,12
POL0003671,MEM003672,AGT0073,VSP,Dental Premium,2024-11-01,2025-11-01,56.8,681.6,0.22,12.5,cancelled,12
POL0003672,MEM003673,AGT0012,Zurich,Vision Premium,2024-09-01,2027-09-01,35.76,429.12,0.2,7.15,expired,36
POL0003673,MEM003674,AGT0009,VSP,Dental Premium,2024-06-01,2025-06-01,53.96,647.52,0.22,11.87,active,12
POL0003674,MEM003675,AGT0041,MetLife,Dental Basic,2023-03-01,2023-09-01,29.66,355.92,0.18,5.34,active,6
POL0003675,MEM003676,AGT0021,MetLife,Dental+Vision Bundle,2024-08-01,2025-08-01,73.64,883.68,0.25,18.41,active,12
POL0003676,MEM003677,AGT0051,VSP,Dental Basic,2024-10-01,2027-10-01,31.03,372.36,0.18,5.59,active,36
POL0003677,MEM003678,AGT0026,MetLife,Vision Basic,2024-01-01,2024-07-01,19.69,236.28,0.16,3.15,expired,6
POL0003678,MEM003679,AGT0018,MetLife,Dental Basic,2023-07-01,2026-07-01,29.31,351.72,0.18,5.28,expired,36
POL0003679,MEM003680,AGT0028,MetLife,Dental+Vision Bundle,2024-03-01,2026-03-01,75.53,906.36,0.25,18.88,active,24
POL0003680,MEM003681,AGT0026,VSP,Dental Premium,2023-09-01,2025-09-01,56.9,682.8,0.22,12.52,active,24
POL0003681,MEM003682,AGT0055,VSP,Dental Premium,2024-04-01,2024-10-01,52.61,631.32,0.22,11.57,expired,6
POL0003682,MEM003683,AGT0019,VSP,Vision Basic,2023-02-01,2025-02-01,20.5,246.0,0.16,3.28,active,24
POL0003683,MEM003684,AGT0008,MetLife,Dental Premium,2024-01-01,2025-01-01,53.17,638.04,0.22,11.7,cancelled,12
POL0003684,MEM003685,AGT0011,MetLife,Dental+Vision Bundle,2024-02-01,2024-08-01,73.84,886.08,0.25,18.46,expired,6
POL0003685,MEM003686,AGT0063,MetLife,Dental Basic,2024-09-01,2025-03-01,29.77,357.24,0.18,5.36,active,6
POL0003686,MEM003687,AGT0006,MetLife,Vision Basic,2023-09-01,2024-09-01,19.67,236.04,0.16,3.15,expired,12
POL0003687,MEM003688,AGT0003,MetLife,Vision Basic,2024-05-01,2026-05-01,20.54,246.48,0.16,3.29,active,24
POL0003688,MEM003689,AGT0038,MetLife,Dental+Vision Bundle,2023-07-01,2024-01-01,74.65,895.8,0.25,18.66,cancelled,6
POL0003689,MEM003690,AGT0034,Zurich,Dental+Vision Bundle,2023-04-01,2024-04-01,76.76,921.12,0.25,19.19,active,12
POL0003690,MEM003691,AGT0064,VSP,Dental+Vision Bundle,2024-05-01,2025-05-01,77.24,926.88,0.25,19.31,active,12
POL0003691,MEM003692,AGT0077,MetLife,Dental+Vision Bundle,2024-03-01,2025-03-01,76.89,922.68,0.25,19.22,active,12
POL0003692,MEM003693,AGT0070,MetLife,Vision Basic,2023-03-01,2024-03-01,20.63,247.56,0.16,3.3,active,12
POL0003693,MEM003694,AGT0019,VSP,Vision Basic,2024-04-01,2027-04-01,20.79,249.48,0.16,3.33,active,36
POL0003694,MEM003695,AGT0041,Zurich,Dental Basic,2023-04-01,2025-04-01,29.03,348.36,0.18,5.23,active,24
POL0003695,MEM003696,AGT0051,Zurich,Dental Premium,2024-09-01,2026-09-01,55.98,671.76,0.22,12.32,active,24
POL0003696,MEM003697,AGT0032,VSP,Dental Basic,2023-10-01,2025-10-01,31.11,373.32,0.18,5.6,active,24
POL0003697,MEM003698,AGT0010,MetLife,Dental Basic,2023-08-01,2024-08-01,30.94,371.28,0.18,5.57,active,12
POL0003698,MEM003699,AGT0016,Zurich,Vision Basic,2023-04-01,2024-04-01,19.66,235.92,0.16,3.15,active,12
POL0003699,MEM003700,AGT0045,Zurich,Vision Basic,2024-07-01,2025-07-01,19.1,229.2,0.16,3.06,cancelled,12
POL0003700,MEM003701,AGT0059,MetLife,Dental+Vision Bundle,2024-10-01,2027-10-01,72.26,867.12,0.25,18.07,cancelled,36
POL0003701,MEM003702,AGT0029,Zurich,Dental Basic,2024-06-01,2025-06-01,29.19,350.28,0.18,5.25,active,12
POL0003702,MEM003703,AGT0080,VSP,Vision Premium,2023-05-01,2024-05-01,34.1,409.2,0.2,6.82,expired,12
POL0003703,MEM003704,AGT0015,VSP,Dental Basic,2023-08-01,2025-08-01,29.59,355.08,0.18,5.33,cancelled,24
POL0003704,MEM003705,AGT0050,Zurich,Dental Premium,2023-07-01,2024-07-01,53.62,643.44,0.22,11.8,active,12
POL0003705,MEM003706,AGT0024,MetLife,Dental Basic,2023-09-01,2024-09-01,31.41,376.92,0.18,5.65,active,12
POL0003706,MEM003707,AGT0015,VSP,Dental Basic,2023-11-01,2024-11-01,29.34,352.08,0.18,5.28,active,12
POL0003707,MEM003708,AGT0076,Zurich,Dental Premium,2024-12-01,2027-12-01,57.46,689.52,0.22,12.64,expired,36
POL0003708,MEM003709,AGT0070,MetLife,Dental Basic,2023-08-01,2025-08-01,29.94,359.28,0.18,5.39,active,24
POL0003709,MEM003710,AGT0057,MetLife,Dental Premium,2023-11-01,2024-11-01,55.52,666.24,0.22,12.21,active,12
POL0003710,MEM003711,AGT0077,Zurich,Dental+Vision Bundle,2024-07-01,2025-07-01,76.72,920.64,0.25,19.18,cancelled,12
POL0003711,MEM003712,AGT0003,MetLife,Dental Basic,2023-02-01,2025-02-01,28.55,342.6,0.18,5.14,active,24
POL0003712,MEM003713,AGT0045,MetLife,Vision Basic,2024-02-01,2024-08-01,19.81,237.72,0.16,3.17,active,6
POL0003713,MEM003714,AGT0064,VSP,Vision Basic,2023-12-01,2024-06-01,20.1,241.2,0.16,3.22,cancelled,6
POL0003714,MEM003715,AGT0027,MetLife,Dental+Vision Bundle,2023-08-01,2025-08-01,75.67,908.04,0.25,18.92,active,24
POL0003715,MEM003716,AGT0030,VSP,Dental Basic,2024-10-01,2025-10-01,28.55,342.6,0.18,5.14,pending,12
POL0003716,MEM003717,AGT0022,MetLife,Dental+Vision Bundle,2024-06-01,2026-06-01,73.28,879.36,0.25,18.32,cancelled,24
POL0003717,MEM003718,AGT0054,MetLife,Dental+Vision Bundle,2024-09-01,2026-09-01,76.2,914.4,0.25,19.05,active,24
POL0003718,MEM003719,AGT0019,Zurich,Dental Basic,2024-01-01,2024-07-01,29.44,353.28,0.18,5.3,active,6
POL0003719,MEM003720,AGT0021,MetLife,Vision Basic,2024-11-01,2027-11-01,19.92,239.04,0.16,3.19,active,36
POL0003720,MEM003721,AGT0053,MetLife,Dental Basic,2023-05-01,2023-11-01,28.65,343.8,0.18,5.16,active,6
POL0003721,MEM003722,AGT0075,VSP,Dental Basic,2024-09-01,2025-09-01,30.21,362.52,0.18,5.44,active,12
POL0003722,MEM003723,AGT0053,MetLife,Dental+Vision Bundle,2023-10-01,2024-10-01,71.78,861.36,0.25,17.95,active,12
POL0003723,MEM003724,AGT0056,VSP,Dental Basic,2023-11-01,2026-11-01,31.05,372.6,0.18,5.59,active,36
POL0003724,MEM003725,AGT0066,MetLife,Vision Basic,2024-12-01,2025-12-01,19.5,234.0,0.16,3.12,active,12
POL0003725,MEM003726,AGT0025,MetLife,Vision Premium,2024-08-01,2026-08-01,35.0,420.0,0.2,7.0,active,24
POL0003726,MEM003727,AGT0006,VSP,Vision Basic,2023-09-01,2026-09-01,19.78,237.36,0.16,3.16,cancelled,36
POL0003727,MEM003728,AGT0011,MetLife,Dental+Vision Bundle,2023-09-01,2024-09-01,72.8,873.6,0.25,18.2,active,12
POL0003728,MEM003729,AGT0048,Zurich,Dental Premium,2023-05-01,2024-05-01,54.32,651.84,0.22,11.95,active,12
POL0003729,MEM003730,AGT0069,MetLife,Dental+Vision Bundle,2024-12-01,2025-06-01,72.25,867.0,0.25,18.06,active,6
POL0003730,MEM003731,AGT0064,VSP,Dental Premium,2024-08-01,2026-08-01,56.46,677.52,0.22,12.42,expired,24
POL0003731,MEM003732,AGT0015,Zurich,Dental Premium,2023-02-01,2025-02-01,53.69,644.28,0.22,11.81,active,24
POL0003732,MEM003733,AGT0050,VSP,Dental+Vision Bundle,2024-08-01,2025-08-01,75.31,903.72,0.25,18.83,active,12
POL0003733,MEM003734,AGT0050,MetLife,Vision Basic,2023-06-01,2024-06-01,19.41,232.92,0.16,3.11,cancelled,12
POL0003734,MEM003735,AGT0068,VSP,Dental Basic,2024-06-01,2025-06-01,31.06,372.72,0.18,5.59,cancelled,12
POL0003735,MEM003736,AGT0050,Zurich,Dental Premium,2023-12-01,2025-12-01,55.46,665.52,0.22,12.2,active,24
POL0003736,MEM003737,AGT0077,VSP,Vision Premium,2024-03-01,2025-03-01,35.27,423.24,0.2,7.05,cancelled,12
POL0003737,MEM003738,AGT0015,Zurich,Dental Basic,2023-09-01,2024-09-01,28.55,342.6,0.18,5.14,active,12
POL0003738,MEM003739,AGT0010,MetLife,Dental Basic,2024-04-01,2026-04-01,29.48,353.76,0.18,5.31,pending,24
POL0003739,MEM003740,AGT0037,MetLife,Vision Basic,2023-12-01,2024-12-01,20.37,244.44,0.16,3.26,active,12
POL0003740,MEM003741,AGT0037,Zurich,Vision Basic,2024-07-01,2025-07-01,20.88,250.56,0.16,3.34,expired,12
POL0003741,MEM003742,AGT0012,VSP,Dental+Vision Bundle,2024-07-01,2025-07-01,76.79,921.48,0.25,19.2,active,12
POL0003742,MEM003743,AGT0076,Zurich,Vision Basic,2024-05-01,2025-05-01,20.04,240.48,0.16,3.21,active,12
POL0003743,MEM003744,AGT0068,MetLife,Vision Premium,2024-10-01,2025-10-01,36.16,433.92,0.2,7.23,active,12
POL0003744,MEM003745,AGT0071,MetLife,Dental Basic,2024-07-01,2025-07-01,29.22,350.64,0.18,5.26,active,12
POL0003745,MEM003746,AGT0003,Zurich,Vision Premium,2024-04-01,2025-04-01,35.37,424.44,0.2,7.07,expired,12
POL0003746,MEM003747,AGT0001,VSP,Dental+Vision Bundle,2023-07-01,2024-07-01,76.91,922.92,0.25,19.23,active,12
POL0003747,MEM003748,AGT0025,Zurich,Dental Premium,2023-07-01,2024-07-01,55.67,668.04,0.22,12.25,pending,12
POL0003748,MEM003749,AGT0006,VSP,Dental+Vision Bundle,2023-05-01,2024-05-01,73.99,887.88,0.25,18.5,cancelled,12
POL0003749,MEM003750,AGT0031,Zurich,Vision Premium,2023-11-01,2025-11-01,34.63,415.56,0.2,6.93,active,24
POL0003750,MEM003751,AGT0054,Zurich,Dental Basic,2024-01-01,2025-01-01,29.53,354.36,0.18,5.32,active,12
POL0003751,MEM003752,AGT0058,VSP,Vision Basic,2024-09-01,2026-09-01,20.66,247.92,0.16,3.31,expired,24
POL0003752,MEM003753,AGT0056,MetLife,Dental+Vision Bundle,2024-04-01,2025-04-01,77.73,932.76,0.25,19.43,active,12
POL0003753,MEM003754,AGT0065,Zurich,Dental+Vision Bundle,2023-08-01,2024-08-01,77.31,927.72,0.25,19.33,active,12
POL0003754,MEM003755,AGT0062,VSP,Dental+Vision Bundle,2024-12-01,2026-12-01,74.65,895.8,0.25,18.66,active,24
POL0003755,MEM003756,AGT0015,Zurich,Dental+Vision Bundle,2023-04-01,2025-04-01,72.75,873.0,0.25,18.19,expired,24
POL0003756,MEM003757,AGT0059,MetLife,Dental Basic,2024-03-01,2025-03-01,29.88,358.56,0.18,5.38,active,12
POL0003757,MEM003758,AGT0001,MetLife,Dental Basic,2024-08-01,2025-08-01,30.34,364.08,0.18,5.46,active,12
POL0003758,MEM003759,AGT0026,MetLife,Vision Premium,2024-12-01,2025-12-01,35.11,421.32,0.2,7.02,active,12
POL0003759,MEM003760,AGT0066,Zurich,Dental+Vision Bundle,2023-07-01,2024-07-01,77.18,926.16,0.25,19.3,pending,12
POL0003760,MEM003761,AGT0077,Zurich,Dental+Vision Bundle,2024-01-01,2025-01-01,74.83,897.96,0.25,18.71,active,12
POL0003761,MEM003762,AGT0003,VSP,Dental+Vision Bundle,2024-07-01,2025-07-01,71.95,863.4,0.25,17.99,expired,12
POL0003762,MEM003763,AGT0013,Zurich,Dental Basic,2024-06-01,2026-06-01,30.81,369.72,0.18,5.55,active,24
POL0003763,MEM003764,AGT0022,MetLife,Vision Basic,2024-11-01,2025-11-01,19.4,232.8,0.16,3.1,expired,12
POL0003764,MEM003765,AGT0035,MetLife,Vision Premium,2024-08-01,2025-08-01,36.21,434.52,0.2,7.24,active,12
POL0003765,MEM003766,AGT0078,VSP,Dental+Vision Bundle,2024-10-01,2027-10-01,75.13,901.56,0.25,18.78,cancelled,36
POL0003766,MEM003767,AGT0015,VSP,Dental+Vision Bundle,2023-05-01,2024-05-01,72.06,864.72,0.25,18.02,cancelled,12
POL0003767,MEM003768,AGT0032,Zurich,Vision Premium,2024-04-01,2027-04-01,34.34,412.08,0.2,6.87,cancelled,36
POL0003768,MEM003769,AGT0003,Zurich,Dental+Vision Bundle,2024-01-01,2025-01-01,72.85,874.2,0.25,18.21,active,12
POL0003769,MEM003770,AGT0048,Zurich,Dental+Vision Bundle,2023-07-01,2025-07-01,72.45,869.4,0.25,18.11,active,24
POL0003770,MEM003771,AGT0022,Zurich,Dental+Vision Bundle,2024-03-01,2026-03-01,76.19,914.28,0.25,19.05,active,24
POL0003771,MEM003772,AGT0042,VSP,Dental Basic,2024-09-01,2026-09-01,30.9,370.8,0.18,5.56,cancelled,24
POL0003772,MEM003773,AGT0073,MetLife,Dental Premium,2024-10-01,2025-10-01,57.32,687.84,0.22,12.61,active,12
POL0003773,MEM003774,AGT0002,VSP,Vision Premium,2023-09-01,2024-09-01,35.01,420.12,0.2,7.0,active,12
POL0003774,MEM003775,AGT0003,VSP,Dental Premium,2023-06-01,2024-06-01,53.94,647.28,0.22,11.87,active,12
POL0003775,MEM003776,AGT0053,VSP,Vision Basic,2024-06-01,2024-12-01,20.07,240.84,0.16,3.21,active,6
POL0003776,MEM003777,AGT0074,Zurich,Dental Premium,2023-12-01,2026-12-01,57.28,687.36,0.22,12.6,active,36
POL0003777,MEM003778,AGT0071,Zurich,Vision Basic,2023-02-01,2026-02-01,19.21,230.52,0.16,3.07,active,36
POL0003778,MEM003779,AGT0072,VSP,Vision Premium,2024-12-01,2025-12-01,34.91,418.92,0.2,6.98,active,12
POL0003779,MEM003780,AGT0036,MetLife,Dental+Vision Bundle,2024-09-01,2026-09-01,75.39,904.68,0.25,18.85,active,24
POL0003780,MEM003781,AGT0015,VSP,Vision Basic,2023-08-01,2025-08-01,20.67,248.04,0.16,3.31,active,24
POL0003781,MEM003782,AGT0044,MetLife,Dental Premium,2023-11-01,2024-11-01,55.33,663.96,0.22,12.17,cancelled,12
POL0003782,MEM003783,AGT0014,VSP,Dental Premium,2024-09-01,2025-09-01,54.26,651.12,0.22,11.94,cancelled,12
POL0003783,MEM003784,AGT0034,VSP,Dental Premium,2024-09-01,2025-09-01,57.49,689.88,0.22,12.65,active,12
POL0003784,MEM003785,AGT0051,MetLife,Dental Premium,2024-10-01,2025-10-01,54.46,653.52,0.22,11.98,cancelled,12
POL0003785,MEM003786,AGT0021,VSP,Dental Basic,2023-07-01,2024-07-01,30.65,367.8,0.18,5.52,active,12
POL0003786,MEM003787,AGT0052,VSP,Vision Basic,2024-05-01,2027-05-01,20.55,246.6,0.16,3.29,expired,36
POL0003787,MEM003788,AGT0023,VSP,Vision Basic,2023-04-01,2024-04-01,20.42,245.04,0.16,3.27,active,12
POL0003788,MEM003789,AGT0014,MetLife,Dental Basic,2023-10-01,2025-10-01,29.13,349.56,0.18,5.24,expired,24
POL0003789,MEM003790,AGT0025,Zurich,Dental+Vision Bundle,2024-08-01,2025-08-01,75.21,902.52,0.25,18.8,active,12
POL0003790,MEM003791,AGT0070,Zurich,Dental Basic,2024-01-01,2025-01-01,29.97,359.64,0.18,5.39,active,12
POL0003791,MEM003792,AGT0014,Zurich,Dental Premium,2024-10-01,2025-10-01,56.37,676.44,0.22,12.4,expired,12
POL0003792,MEM003793,AGT0058,VSP,Dental+Vision Bundle,2023-09-01,2024-09-01,76.56,918.72,0.25,19.14,expired,12
POL0003793,MEM003794,AGT0006,Zurich,Dental Premium,2023-03-01,2024-03-01,53.92,647.04,0.22,11.86,active,12
POL0003794,MEM003795,AGT0076,Zurich,Dental Premium,2024-03-01,2026-03-01,53.73,644.76,0.22,11.82,cancelled,24
POL0003795,MEM003796,AGT0050,VSP,Dental Basic,2023-08-01,2024-08-01,28.63,343.56,0.18,5.15,active,12
POL0003796,MEM003797,AGT0057,Zurich,Vision Premium,2023-10-01,2025-10-01,33.67,404.04,0.2,6.73,cancelled,24
POL0003797,MEM003798,AGT0073,MetLife,Vision Basic,2023-11-01,2024-11-01,20.54,246.48,0.16,3.29,active,12
POL0003798,MEM003799,AGT0068,VSP,Dental Basic,2024-06-01,2027-06-01,29.95,359.4,0.18,5.39,active,36
POL0003799,MEM003800,AGT0015,Zurich,Vision Premium,2024-11-01,2025-11-01,33.8,405.6,0.2,6.76,cancelled,12
POL0003800,MEM003801,AGT0007,MetLife,Dental Premium,2024-04-01,2025-04-01,57.18,686.16,0.22,12.58,cancelled,12
POL0003801,MEM003802,AGT0017,Zurich,Vision Basic,2023-11-01,2024-11-01,19.9,238.8,0.16,3.18,active,12
POL0003802,MEM003803,AGT0036,Zurich,Dental Premium,2023-03-01,2024-03-01,57.71,692.52,0.22,12.7,cancelled,12
POL0003803,MEM003804,AGT0048,MetLife,Dental Premium,2024-04-01,2025-04-01,56.31,675.72,0.22,12.39,active,12
POL0003804,MEM003805,AGT0017,MetLife,Dental Premium,2023-03-01,2025-03-01,52.87,634.44,0.22,11.63,expired,24
POL0003805,MEM003806,AGT0062,MetLife,Dental Premium,2024-01-01,2027-01-01,54.88,658.56,0.22,12.07,active,36
POL0003806,MEM003807,AGT0024,MetLife,Vision Basic,2024-04-01,2025-04-01,20.25,243.0,0.16,3.24,expired,12
POL0003807,MEM003808,AGT0038,VSP,Vision Premium,2024-01-01,2027-01-01,34.8,417.6,0.2,6.96,expired,36
POL0003808,MEM003809,AGT0062,VSP,Dental Premium,2023-10-01,2024-10-01,56.84,682.08,0.22,12.5,expired,12
POL0003809,MEM003810,AGT0077,MetLife,Vision Basic,2023-11-01,2025-11-01,20.87,250.44,0.16,3.34,expired,24
POL0003810,MEM003811,AGT0030,Zurich,Dental Basic,2024-01-01,2025-01-01,30.49,365.88,0.18,5.49,expired,12
POL0003811,MEM003812,AGT0018,VSP,Dental Premium,2023-02-01,2026-02-01,56.86,682.32,0.22,12.51,active,36
POL0003812,MEM003813,AGT0022,Zurich,Dental+Vision Bundle,2024-01-01,2027-01-01,76.83,921.96,0.25,19.21,active,36
POL0003813,MEM003814,AGT0032,VSP,Dental Basic,2024-10-01,2025-10-01,30.26,363.12,0.18,5.45,cancelled,12
POL0003814,MEM003815,AGT0061,MetLife,Dental+Vision Bundle,2023-08-01,2025-08-01,74.96,899.52,0.25,18.74,active,24
POL0003815,MEM003816,AGT0064,MetLife,Dental Premium,2024-11-01,2025-11-01,56.17,674.04,0.22,12.36,active,12
POL0003816,MEM003817,AGT0032,Zurich,Dental Premium,2023-11-01,2024-11-01,54.86,658.32,0.22,12.07,expired,12
POL0003817,MEM003818,AGT0042,MetLife,Dental Basic,2023-12-01,2025-12-01,29.26,351.12,0.18,5.27,expired,24
POL0003818,MEM003819,AGT0045,MetLife,Vision Premium,2024-12-01,2025-12-01,34.56,414.72,0.2,6.91,cancelled,12
POL0003819,MEM003820,AGT0015,Zurich,Dental Premium,2023-12-01,2024-06-01,52.91,634.92,0.22,11.64,expired,6
POL0003820,MEM003821,AGT0009,MetLife,Dental Premium,2024-02-01,2025-02-01,54.42,653.04,0.22,11.97,active,12
POL0003821,MEM003822,AGT0047,VSP,Vision Basic,2023-03-01,2024-03-01,19.95,239.4,0.16,3.19,pending,12
POL0003822,MEM003823,AGT0040,VSP,Vision Basic,2023-10-01,2024-10-01,20.97,251.64,0.16,3.36,expired,12
POL0003823,MEM003824,AGT0019,VSP,Dental Premium,2024-02-01,2025-02-01,56.13,673.56,0.22,12.35,cancelled,12
POL0003824,MEM003825,AGT0060,MetLife,Dental Premium,2024-07-01,2025-07-01,54.6,655.2,0.22,12.01,cancelled,12
POL0003825,MEM003826,AGT0026,VSP,Dental Premium,2023-12-01,2024-12-01,54.5,654.0,0.22,11.99,cancelled,12
POL0003826,MEM003827,AGT0043,MetLife,Vision Basic,2024-10-01,2025-10-01,20.99,251.88,0.16,3.36,active,12
POL0003827,MEM003828,AGT0025,MetLife,Vision Basic,2024-08-01,2025-08-01,20.2,242.4,0.16,3.23,active,12
POL0003828,MEM003829,AGT0026,MetLife,Dental+Vision Bundle,2024-04-01,2025-04-01,75.08,900.96,0.25,18.77,cancelled,12
POL0003829,MEM003830,AGT0055,MetLife,Vision Basic,2024-07-01,2025-07-01,20.43,245.16,0.16,3.27,active,12
POL0003830,MEM003831,AGT0072,MetLife,Dental Premium,2024-07-01,2025-07-01,56.99,683.88,0.22,12.54,expired,12
POL0003831,MEM003832,AGT0061,MetLife,Dental Basic,2023-07-01,2024-07-01,28.92,347.04,0.18,5.21,active,12
POL0003832,MEM003833,AGT0041,Zurich,Dental Basic,2024-08-01,2025-08-01,28.71,344.52,0.18,5.17,cancelled,12
POL0003833,MEM003834,AGT0040,VSP,Dental Premium,2023-08-01,2026-08-01,55.4,664.8,0.22,12.19,active,36
POL0003834,MEM003835,AGT0029,VSP,Dental+Vision Bundle,2024-12-01,2025-12-01,74.4,892.8,0.25,18.6,expired,12
POL0003835,MEM003836,AGT0066,Zurich,Dental+Vision Bundle,2024-07-01,2025-07-01,74.38,892.56,0.25,18.59,expired,12
POL0003836,MEM003837,AGT0025,VSP,Dental Premium,2024-01-01,2025-01-01,54.81,657.72,0.22,12.06,expired,12
POL0003837,MEM003838,AGT0062,VSP,Vision Premium,2024-02-01,2025-02-01,35.53,426.36,0.2,7.11,cancelled,12
POL0003838,MEM003839,AGT0076,MetLife,Dental+Vision Bundle,2023-07-01,2024-07-01,71.4,856.8,0.25,17.85,cancelled,12
POL0003839,MEM003840,AGT0018,Zurich,Vision Basic,2023-09-01,2024-09-01,20.41,244.92,0.16,3.27,cancelled,12
POL0003840,MEM003841,AGT0034,VSP,Dental Basic,2023-10-01,2024-04-01,30.93,371.16,0.18,5.57,active,6
POL0003841,MEM003842,AGT0004,Zurich,Dental Basic,2024-09-01,2025-03-01,29.26,351.12,0.18,5.27,cancelled,6
POL0003842,MEM003843,AGT0071,VSP,Vision Basic,2023-03-01,2025-03-01,19.93,239.16,0.16,3.19,active,24
POL0003843,MEM003844,AGT0030,Zurich,Vision Premium,2024-09-01,2025-09-01,36.02,432.24,0.2,7.2,cancelled,12
POL0003844,MEM003845,AGT0070,Zurich,Dental Premium,2023-07-01,2025-07-01,56.16,673.92,0.22,12.36,active,24
POL0003845,MEM003846,AGT0022,Zurich,Dental Premium,2024-07-01,2025-07-01,57.58,690.96,0.22,12.67,active,12
POL0003846,MEM003847,AGT0039,Zurich,Vision Premium,2023-11-01,2024-05-01,34.06,408.72,0.2,6.81,cancelled,6
POL0003847,MEM003848,AGT0048,VSP,Dental Basic,2024-12-01,2025-12-01,30.37,364.44,0.18,5.47,cancelled,12
POL0003848,MEM003849,AGT0074,VSP,Vision Premium,2024-02-01,2026-02-01,34.68,416.16,0.2,6.94,active,24
POL0003849,MEM003850,AGT0076,MetLife,Dental Basic,2023-06-01,2024-06-01,29.16,349.92,0.18,5.25,active,12
POL0003850,MEM003851,AGT0060,Zurich,Vision Basic,2023-04-01,2026-04-01,20.48,245.76,0.16,3.28,expired,36
POL0003851,MEM003852,AGT0039,Zurich,Vision Basic,2024-12-01,2025-12-01,20.32,243.84,0.16,3.25,active,12
POL0003852,MEM003853,AGT0060,MetLife,Dental+Vision Bundle,2024-11-01,2026-11-01,73.04,876.48,0.25,18.26,expired,24
POL0003853,MEM003854,AGT0034,VSP,Dental+Vision Bundle,2024-09-01,2025-03-01,73.74,884.88,0.25,18.43,active,6
POL0003854,MEM003855,AGT0064,MetLife,Vision Basic,2023-10-01,2024-10-01,19.75,237.0,0.16,3.16,cancelled,12
POL0003855,MEM003856,AGT0011,MetLife,Vision Premium,2024-03-01,2026-03-01,35.89,430.68,0.2,7.18,expired,24
POL0003856,MEM003857,AGT0068,Zurich,Dental Premium,2024-11-01,2025-11-01,53.87,646.44,0.22,11.85,active,12
POL0003857,MEM003858,AGT0011,Zurich,Dental Basic,2024-04-01,2025-04-01,29.72,356.64,0.18,5.35,active,12
POL0003858,MEM003859,AGT0036,VSP,Vision Basic,2024-06-01,2024-12-01,19.01,228.12,0.16,3.04,cancelled,6
POL0003859,MEM003860,AGT0014,VSP,Vision Basic,2023-02-01,2025-02-01,20.95,251.4,0.16,3.35,active,24
POL0003860,MEM003861,AGT0019,Zurich,Dental+Vision Bundle,2023-03-01,2026-03-01,72.41,868.92,0.25,18.1,expired,36
POL0003861,MEM003862,AGT0029,VSP,Dental Basic,2024-04-01,2024-10-01,29.69,356.28,0.18,5.34,active,6
POL0003862,MEM003863,AGT0069,MetLife,Vision Premium,2024-12-01,2026-12-01,34.25,411.0,0.2,6.85,active,24
POL0003863,MEM003864,AGT0025,MetLife,Vision Premium,2024-05-01,2025-05-01,36.49,437.88,0.2,7.3,active,12
POL0003864,MEM003865,AGT0074,MetLife,Vision Premium,2023-02-01,2025-02-01,36.63,439.56,0.2,7.33,active,24
POL0003865,MEM003866,AGT0069,MetLife,Dental+Vision Bundle,2023-04-01,2024-04-01,72.54,870.48,0.25,18.14,expired,12
POL0003866,MEM003867,AGT0041,VSP,Dental Basic,2024-05-01,2025-05-01,30.28,363.36,0.18,5.45,expired,12
POL0003867,MEM003868,AGT0008,Zurich,Vision Basic,2024-04-01,2025-04-01,19.85,238.2,0.16,3.18,active,12
POL0003868,MEM003869,AGT0016,MetLife,Dental Premium,2024-08-01,2025-08-01,54.08,648.96,0.22,11.9,active,12
POL0003869,MEM003870,AGT0028,Zurich,Vision Basic,2023-04-01,2024-04-01,19.96,239.52,0.16,3.19,cancelled,12
POL0003870,MEM003871,AGT0068,VSP,Dental Basic,2024-03-01,2025-03-01,30.76,369.12,0.18,5.54,cancelled,12
POL0003871,MEM003872,AGT0011,MetLife,Vision Premium,2024-03-01,2025-03-01,36.27,435.24,0.2,7.25,active,12
POL0003872,MEM003873,AGT0073,MetLife,Dental Basic,2024-07-01,2026-07-01,29.24,350.88,0.18,5.26,active,24
POL0003873,MEM003874,AGT0043,Zurich,Dental Premium,2023-10-01,2024-04-01,57.63,691.56,0.22,12.68,active,6
POL0003874,MEM003875,AGT0038,VSP,Vision Premium,2024-04-01,2025-04-01,35.92,431.04,0.2,7.18,active,12
POL0003875,MEM003876,AGT0049,MetLife,Vision Basic,2023-04-01,2025-04-01,20.05,240.6,0.16,3.21,active,24
POL0003876,MEM003877,AGT0045,MetLife,Dental Basic,2024-09-01,2025-03-01,31.47,377.64,0.18,5.66,active,6
POL0003877,MEM003878,AGT0079,MetLife,Vision Premium,2023-11-01,2024-11-01,33.93,407.16,0.2,6.79,active,12
POL0003878,MEM003879,AGT0063,MetLife,Vision Basic,2024-07-01,2026-07-01,19.78,237.36,0.16,3.16,cancelled,24
POL0003879,MEM003880,AGT0054,Zurich,Dental Premium,2023-07-01,2024-01-01,53.06,636.72,0.22,11.67,cancelled,6
POL0003880,MEM003881,AGT0038,MetLife,Vision Basic,2023-02-01,2026-02-01,20.53,246.36,0.16,3.28,active,36
POL0003881,MEM003882,AGT0009,Zurich,Vision Premium,2024-02-01,2026-02-01,33.69,404.28,0.2,6.74,cancelled,24
POL0003882,MEM003883,AGT0080,Zurich,Vision Basic,2023-04-01,2024-04-01,20.75,249.0,0.16,3.32,active,12
POL0003883,MEM003884,AGT0069,Zurich,Dental+Vision Bundle,2023-12-01,2025-12-01,75.07,900.84,0.25,18.77,pending,24
POL0003884,MEM003885,AGT0048,MetLife,Dental Basic,2024-03-01,2024-09-01,29.3,351.6,0.18,5.27,cancelled,6
POL0003885,MEM003886,AGT0001,MetLife,Vision Basic,2024-12-01,2025-12-01,20.43,245.16,0.16,3.27,active,12
POL0003886,MEM003887,AGT0019,VSP,Dental Premium,2023-09-01,2024-09-01,53.74,644.88,0.22,11.82,cancelled,12
POL0003887,MEM003888,AGT0014,VSP,Vision Basic,2024-04-01,2025-04-01,20.75,249.0,0.16,3.32,cancelled,12
POL0003888,MEM003889,AGT0015,Zurich,Vision Premium,2024-12-01,2025-12-01,35.93,431.16,0.2,7.19,expired,12
POL0003889,MEM003890,AGT0028,MetLife,Vision Basic,2023-09-01,2024-09-01,20.52,246.24,0.16,3.28,expired,12
POL0003890,MEM003891,AGT0064,VSP,Dental Premium,2024-09-01,2026-09-01,56.27,675.24,0.22,12.38,active,24
POL0003891,MEM003892,AGT0023,MetLife,Vision Basic,2024-12-01,2025-12-01,19.79,237.48,0.16,3.17,active,12
POL0003892,MEM003893,AGT0035,VSP,Vision Premium,2023-11-01,2025-11-01,35.35,424.2,0.2,7.07,active,24
POL0003893,MEM003894,AGT0043,Zurich,Vision Premium,2024-01-01,2024-07-01,36.22,434.64,0.2,7.24,active,6
POL0003894,MEM003895,AGT0016,VSP,Dental Premium,2024-05-01,2025-05-01,55.5,666.0,0.22,12.21,expired,12
POL0003895,MEM003896,AGT0071,Zurich,Dental+Vision Bundle,2023-08-01,2024-08-01,76.15,913.8,0.25,19.04,pending,12
POL0003896,MEM003897,AGT0005,MetLife,Dental Premium,2023-05-01,2023-11-01,52.9,634.8,0.22,11.64,active,6
POL0003897,MEM003898,AGT0067,MetLife,Vision Basic,2023-09-01,2024-09-01,20.41,244.92,0.16,3.27,active,12
POL0003898,MEM003899,AGT0057,Zurich,Vision Premium,2023-08-01,2026-08-01,35.17,422.04,0.2,7.03,cancelled,36
POL0003899,MEM003900,AGT0028,VSP,Dental Premium,2024-07-01,2026-07-01,57.15,685.8,0.22,12.57,active,24
POL0003900,MEM003901,AGT0033,MetLife,Dental Basic,2024-06-01,2027-06-01,30.62,367.44,0.18,5.51,active,36
POL0003901,MEM003902,AGT0015,VSP,Dental Basic,2023-02-01,2024-02-01,30.65,367.8,0.18,5.52,cancelled,12
POL0003902,MEM003903,AGT0024,Zurich,Dental Basic,2024-11-01,2026-11-01,30.26,363.12,0.18,5.45,active,24
POL0003903,MEM003904,AGT0022,MetLife,Dental+Vision Bundle,2023-06-01,2024-06-01,72.03,864.36,0.25,18.01,active,12
POL0003904,MEM003905,AGT0011,Zurich,Dental Basic,2023-04-01,2023-10-01,29.72,356.64,0.18,5.35,active,6
POL0003905,MEM003906,AGT0060,MetLife,Dental Basic,2024-11-01,2025-11-01,28.56,342.72,0.18,5.14,active,12
POL0003906,MEM003907,AGT0008,Zurich,Vision Premium,2023-11-01,2024-11-01,33.8,405.6,0.2,6.76,expired,12
POL0003907,MEM003908,AGT0073,MetLife,Dental Basic,2024-09-01,2025-09-01,29.78,357.36,0.18,5.36,active,12
POL0003908,MEM003909,AGT0010,MetLife,Vision Basic,2024-02-01,2025-02-01,19.51,234.12,0.16,3.12,active,12
POL0003909,MEM003910,AGT0019,MetLife,Vision Premium,2024-10-01,2025-10-01,35.64,427.68,0.2,7.13,cancelled,12
POL0003910,MEM003911,AGT0076,Zurich,Vision Premium,2024-08-01,2025-08-01,36.26,435.12,0.2,7.25,active,12
POL0003911,MEM003912,AGT0033,Zurich,Dental Premium,2024-06-01,2025-06-01,54.75,657.0,0.22,12.04,cancelled,12
POL0003912,MEM003913,AGT0011,VSP,Dental+Vision Bundle,2023-08-01,2024-08-01,77.42,929.04,0.25,19.36,cancelled,12
POL0003913,MEM003914,AGT0002,VSP,Dental+Vision Bundle,2023-06-01,2024-06-01,78.0,936.0,0.25,19.5,cancelled,12
POL0003914,MEM003915,AGT0054,MetLife,Dental Basic,2024-11-01,2025-11-01,31.03,372.36,0.18,5.59,active,12
POL0003915,MEM003916,AGT0025,VSP,Dental Premium,2024-10-01,2026-10-01,53.06,636.72,0.22,11.67,active,24
POL0003916,MEM003917,AGT0028,MetLife,Vision Basic,2024-04-01,2024-10-01,20.68,248.16,0.16,3.31,cancelled,6
POL0003917,MEM003918,AGT0058,Zurich,Vision Premium,2023-07-01,2024-07-01,36.63,439.56,0.2,7.33,active,12
POL0003918,MEM003919,AGT0005,Zurich,Dental Premium,2023-03-01,2025-03-01,57.03,684.36,0.22,12.55,cancelled,24
POL0003919,MEM003920,AGT0018,MetLife,Vision Basic,2023-09-01,2024-09-01,19.97,239.64,0.16,3.2,expired,12
POL0003920,MEM003921,AGT0075,MetLife,Dental Basic,2023-08-01,2024-08-01,28.78,345.36,0.18,5.18,active,12
POL0003921,MEM003922,AGT0041,MetLife,Dental Basic,2024-05-01,2027-05-01,30.36,364.32,0.18,5.46,expired,36
POL0003922,MEM003923,AGT0043,Zurich,Dental+Vision Bundle,2024-06-01,2025-06-01,78.19,938.28,0.25,19.55,active,12
POL0003923,MEM003924,AGT0079,VSP,Dental Basic,2023-02-01,2025-02-01,29.36,352.32,0.18,5.28,active,24
POL0003924,MEM003925,AGT0021,MetLife,Dental Basic,2023-03-01,2024-03-01,28.61,343.32,0.18,5.15,active,12
POL0003925,MEM003926,AGT0006,Zurich,Vision Basic,2024-08-01,2026-08-01,20.4,244.8,0.16,3.26,active,24
POL0003926,MEM003927,AGT0019,MetLife,Dental Basic,2023-04-01,2024-04-01,30.87,370.44,0.18,5.56,active,12
POL0003927,MEM003928,AGT0053,MetLife,Dental+Vision Bundle,2023-10-01,2024-10-01,72.94,875.28,0.25,18.23,active,12
POL0003928,MEM003929,AGT0071,MetLife,Vision Basic,2023-05-01,2024-05-01,19.53,234.36,0.16,3.12,cancelled,12
POL0003929,MEM003930,AGT0040,MetLife,Dental Premium,2023-02-01,2026-02-01,57.29,687.48,0.22,12.6,active,36
POL0003930,MEM003931,AGT0038,MetLife,Dental Basic,2023-06-01,2023-12-01,29.05,348.6,0.18,5.23,active,6
POL0003931,MEM003932,AGT0002,MetLife,Dental Premium,2023-06-01,2024-06-01,57.0,684.0,0.22,12.54,active,12
POL0003932,MEM003933,AGT0011,MetLife,Dental+Vision Bundle,2023-09-01,2025-09-01,77.08,924.96,0.25,19.27,active,24
POL0003933,MEM003934,AGT0035,VSP,Vision Premium,2024-12-01,2025-12-01,34.63,415.56,0.2,6.93,active,12
POL0003934,MEM003935,AGT0049,Zurich,Dental Basic,2024-05-01,2024-11-01,29.46,353.52,0.18,5.3,active,6
POL0003935,MEM003936,AGT0046,VSP,Dental Basic,2024-12-01,2025-12-01,29.43,353.16,0.18,5.3,expired,12
POL0003936,MEM003937,AGT0011,Zurich,Vision Basic,2023-06-01,2024-06-01,19.73,236.76,0.16,3.16,cancelled,12
POL0003937,MEM003938,AGT0018,VSP,Dental+Vision Bundle,2023-12-01,2026-12-01,77.54,930.48,0.25,19.39,cancelled,36
POL0003938,MEM003939,AGT0045,MetLife,Dental Premium,2024-02-01,2025-02-01,55.16,661.92,0.22,12.14,active,12
POL0003939,MEM003940,AGT0074,Zurich,Dental Basic,2023-06-01,2026-06-01,28.87,346.44,0.18,5.2,active,36
POL0003940,MEM003941,AGT0022,VSP,Vision Basic,2024-08-01,2025-08-01,19.76,237.12,0.16,3.16,active,12
POL0003941,MEM003942,AGT0069,VSP,Dental Premium,2024-03-01,2025-03-01,54.28,651.36,0.22,11.94,expired,12
POL0003942,MEM003943,AGT0054,MetLife,Dental Basic,2024-08-01,2025-08-01,28.92,347.04,0.18,5.21,active,12
POL0003943,MEM003944,AGT0065,Zurich,Dental Premium,2024-02-01,2026-02-01,53.0,636.0,0.22,11.66,active,24
POL0003944,MEM003945,AGT0066,Zurich,Dental Basic,2024-05-01,2025-05-01,30.91,370.92,0.18,5.56,active,12
POL0003945,MEM003946,AGT0073,MetLife,Vision Basic,2024-12-01,2025-12-01,19.5,234.0,0.16,3.12,active,12
POL0003946,MEM003947,AGT0073,MetLife,Dental Basic,2024-06-01,2025-06-01,30.31,363.72,0.18,5.46,cancelled,12
POL0003947,MEM003948,AGT0052,Zurich,Vision Premium,2023-12-01,2024-12-01,34.43,413.16,0.2,6.89,pending,12
POL0003948,MEM003949,AGT0078,Zurich,Vision Basic,2024-07-01,2026-07-01,20.63,247.56,0.16,3.3,cancelled,24
POL0003949,MEM003950,AGT0036,Zurich,Dental Premium,2023-08-01,2024-02-01,57.22,686.64,0.22,12.59,cancelled,6
POL0003950,MEM003951,AGT0006,Zurich,Dental Basic,2024-04-01,2026-04-01,31.02,372.24,0.18,5.58,expired,24
POL0003951,MEM003952,AGT0053,VSP,Dental Premium,2023-09-01,2024-03-01,56.97,683.64,0.22,12.53,active,6
POL0003952,MEM003953,AGT0022,MetLife,Dental+Vision Bundle,2023-08-01,2025-08-01,71.44,857.28,0.25,17.86,active,24
POL0003953,MEM003954,AGT0002,VSP,Dental+Vision Bundle,2023-08-01,2024-08-01,77.75,933.0,0.25,19.44,active,12
POL0003954,MEM003955,AGT0001,MetLife,Dental Basic,2023-02-01,2025-02-01,30.47,365.64,0.18,5.48,active,24
POL0003955,MEM003956,AGT0032,VSP,Vision Premium,2024-08-01,2025-08-01,34.02,408.24,0.2,6.8,active,12
POL0003956,MEM003957,AGT0076,MetLife,Vision Basic,2024-03-01,2025-03-01,19.18,230.16,0.16,3.07,expired,12
POL0003957,MEM003958,AGT0074,Zurich,Dental+Vision Bundle,2023-02-01,2024-02-01,76.46,917.52,0.25,19.11,cancelled,12
POL0003958,MEM003959,AGT0052,MetLife,Dental Basic,2023-06-01,2023-12-01,29.14,349.68,0.18,5.25,expired,6
POL0003959,MEM003960,AGT0020,MetLife,Dental Basic,2023-05-01,2025-05-01,28.86,346.32,0.18,5.19,active,24
POL0003960,MEM003961,AGT0075,Zurich,Vision Basic,2024-06-01,2026-06-01,20.49,245.88,0.16,3.28,expired,24
POL0003961,MEM003962,AGT0006,VSP,Dental Basic,2024-09-01,2026-09-01,30.4,364.8,0.18,5.47,expired,24
POL0003962,MEM003963,AGT0011,Zurich,Dental Premium,2024-01-01,2025-01-01,54.91,658.92,0.22,12.08,cancelled,12
POL0003963,MEM003964,AGT0006,MetLife,Dental Basic,2023-10-01,2024-10-01,30.43,365.16,0.18,5.48,active,12
POL0003964,MEM003965,AGT0036,Zurich,Dental Basic,2024-10-01,2025-04-01,31.27,375.24,0.18,5.63,active,6
POL0003965,MEM003966,AGT0032,VSP,Dental Basic,2024-04-01,2026-04-01,29.38,352.56,0.18,5.29,active,24
POL0003966,MEM003967,AGT0041,MetLife,Vision Premium,2023-05-01,2024-05-01,34.1,409.2,0.2,6.82,active,12
POL0003967,MEM003968,AGT0043,Zurich,Dental Basic,2024-08-01,2025-08-01,29.67,356.04,0.18,5.34,cancelled,12
POL0003968,MEM003969,AGT0003,MetLife,Vision Basic,2024-09-01,2025-09-01,19.88,238.56,0.16,3.18,cancelled,12
POL0003969,MEM003970,AGT0047,MetLife,Dental Premium,2024-12-01,2026-12-01,56.38,676.56,0.22,12.4,cancelled,24
POL0003970,MEM003971,AGT0053,MetLife,Dental Premium,2023-10-01,2024-10-01,57.37,688.44,0.22,12.62,expired,12
POL0003971,MEM003972,AGT0077,VSP,Dental Premium,2024-02-01,2025-02-01,54.02,648.24,0.22,11.88,active,12
POL0003972,MEM003973,AGT0057,MetLife,Vision Premium,2023-11-01,2026-11-01,33.69,404.28,0.2,6.74,active,36
POL0003973,MEM003974,AGT0018,VSP,Dental+Vision Bundle,2023-05-01,2024-05-01,76.97,923.64,0.25,19.24,active,12
POL0003974,MEM003975,AGT0012,Zurich,Vision Basic,2023-02-01,2025-02-01,19.9,238.8,0.16,3.18,active,24
POL0003975,MEM003976,AGT0058,Zurich,Dental+Vision Bundle,2023-06-01,2024-06-01,73.78,885.36,0.25,18.45,active,12
POL0003976,MEM003977,AGT0051,MetLife,Dental Basic,2023-11-01,2024-11-01,30.9,370.8,0.18,5.56,active,12
POL0003977,MEM003978,AGT0064,VSP,Vision Premium,2024-01-01,2025-01-01,33.57,402.84,0.2,6.71,expired,12
POL0003978,MEM003979,AGT0046,Zurich,Dental+Vision Bundle,2023-06-01,2024-06-01,73.56,882.72,0.25,18.39,pending,12
POL0003979,MEM003980,AGT0029,VSP,Dental+Vision Bundle,2024-03-01,2025-03-01,74.08,888.96,0.25,18.52,active,12
POL0003980,MEM003981,AGT0012,MetLife,Vision Basic,2023-02-01,2024-02-01,19.78,237.36,0.16,3.16,cancelled,12
POL0003981,MEM003982,AGT0043,MetLife,Vision Basic,2024-08-01,2025-08-01,20.65,247.8,0.16,3.3,expired,12
POL0003982,MEM003983,AGT0042,VSP,Vision Basic,2024-04-01,2025-04-01,20.56,246.72,0.16,3.29,cancelled,12
POL0003983,MEM003984,AGT0005,MetLife,Vision Basic,2023-11-01,2025-11-01,19.56,234.72,0.16,3.13,active,24
POL0003984,MEM003985,AGT0034,VSP,Dental Premium,2023-07-01,2025-07-01,56.05,672.6,0.22,12.33,active,24
POL0003985,MEM003986,AGT0072,MetLife,Vision Basic,2023-03-01,2024-03-01,19.73,236.76,0.16,3.16,active,12
POL0003986,MEM003987,AGT0012,Zurich,Dental+Vision Bundle,2024-05-01,2025-05-01,74.59,895.08,0.25,18.65,active,12
POL0003987,MEM003988,AGT0073,Zurich,Dental+Vision Bundle,2023-07-01,2025-07-01,75.56,906.72,0.25,18.89,expired,24
POL0003988,MEM003989,AGT0045,MetLife,Dental Basic,2024-11-01,2026-11-01,30.54,366.48,0.18,5.5,active,24
POL0003989,MEM003990,AGT0048,MetLife,Vision Basic,2024-12-01,2025-12-01,19.25,231.0,0.16,3.08,cancelled,12
POL0003990,MEM003991,AGT0029,Zurich,Dental+Vision Bundle,2024-04-01,2025-04-01,78.54,942.48,0.25,19.64,active,12
POL0003991,MEM003992,AGT0006,VSP,Vision Premium,2023-10-01,2024-10-01,36.22,434.64,0.2,7.24,cancelled,12
POL0003992,MEM003993,AGT0029,Zurich,Dental Premium,2023-06-01,2025-06-01,54.85,658.2,0.22,12.07,expired,24
POL0003993,MEM003994,AGT0012,VSP,Dental Basic,2023-02-01,2024-02-01,31.45,377.4,0.18,5.66,cancelled,12
POL0003994,MEM003995,AGT0040,VSP,Dental+Vision Bundle,2024-02-01,2025-02-01,77.19,926.28,0.25,19.3,active,12
POL0003995,MEM003996,AGT0072,VSP,Dental Basic,2023-10-01,2025-10-01,30.04,360.48,0.18,5.41,active,24
POL0003996,MEM003997,AGT0021,VSP,Vision Premium,2024-03-01,2026-03-01,35.85,430.2,0.2,7.17,active,24
POL0003997,MEM003998,AGT0024,VSP,Vision Basic,2024-12-01,2025-12-01,20.14,241.68,0.16,3.22,active,12
POL0003998,MEM003999,AGT0054,Zurich,Dental+Vision Bundle,2023-02-01,2024-02-01,76.02,912.24,0.25,19.0,pending,12
POL0003999,MEM004000,AGT0017,VSP,Dental+Vision Bundle,2024-01-01,2025-01-01,76.52,918.24,0.25,19.13,active,12
POL0004000,MEM004001,AGT0070,VSP,Vision Basic,2024-10-01,2026-10-01,19.66,235.92,0.16,3.15,active,24
POL0004001,MEM004002,AGT0060,MetLife,Vision Premium,2023-11-01,2024-11-01,35.45,425.4,0.2,7.09,expired,12
POL0004002,MEM004003,AGT0047,MetLife,Dental Basic,2024-09-01,2025-03-01,30.35,364.2,0.18,5.46,active,6
POL0004003,MEM004004,AGT0065,Zurich,Vision Basic,2023-05-01,2024-05-01,20.13,241.56,0.16,3.22,active,12
POL0004004,MEM004005,AGT0031,VSP,Dental+Vision Bundle,2023-12-01,2025-12-01,75.03,900.36,0.25,18.76,cancelled,24
POL0004005,MEM004006,AGT0040,Zurich,Dental Premium,2023-09-01,2024-09-01,56.81,681.72,0.22,12.5,active,12
POL0004006,MEM004007,AGT0015,MetLife,Dental Basic,2024-02-01,2027-02-01,31.32,375.84,0.18,5.64,expired,36
POL0004007,MEM004008,AGT0078,Zurich,Vision Premium,2024-11-01,2026-11-01,35.24,422.88,0.2,7.05,cancelled,24
POL0004008,MEM004009,AGT0074,MetLife,Dental Basic,2023-07-01,2024-07-01,30.38,364.56,0.18,5.47,cancelled,12
POL0004009,MEM004010,AGT0012,MetLife,Dental Basic,2024-03-01,2026-03-01,28.55,342.6,0.18,5.14,active,24
POL0004010,MEM004011,AGT0070,Zurich,Dental Basic,2024-10-01,2025-10-01,28.56,342.72,0.18,5.14,active,12
POL0004011,MEM004012,AGT0001,Zurich,Dental Premium,2023-06-01,2025-06-01,53.22,638.64,0.22,11.71,cancelled,24
POL0004012,MEM004013,AGT0076,VSP,Vision Basic,2023-12-01,2025-12-01,20.18,242.16,0.16,3.23,active,24
POL0004013,MEM004014,AGT0068,Zurich,Dental Premium,2024-06-01,2025-06-01,54.01,648.12,0.22,11.88,active,12
POL0004014,MEM004015,AGT0052,VSP,Dental Premium,2024-04-01,2025-04-01,53.63,643.56,0.22,11.8,active,12
POL0004015,MEM004016,AGT0013,MetLife,Dental Basic,2023-02-01,2025-02-01,28.62,343.44,0.18,5.15,cancelled,24
POL0004016,MEM004017,AGT0026,Zurich,Vision Premium,2023-07-01,2024-07-01,35.45,425.4,0.2,7.09,cancelled,12
POL0004017,MEM004018,AGT0004,MetLife,Vision Premium,2023-04-01,2026-04-01,33.29,399.48,0.2,6.66,active,36
POL0004018,MEM004019,AGT0068,VSP,Dental Basic,2023-03-01,2023-09-01,29.29,351.48,0.18,5.27,expired,6
POL0004019,MEM004020,AGT0013,Zurich,Vision Premium,2023-10-01,2024-10-01,34.93,419.16,0.2,6.99,active,12
POL0004020,MEM004021,AGT0008,MetLife,Dental Basic,2024-07-01,2025-07-01,29.01,348.12,0.18,5.22,expired,12
POL0004021,MEM004022,AGT0058,Zurich,Dental+Vision Bundle,2023-08-01,2025-08-01,73.44,881.28,0.25,18.36,pending,24
POL0004022,MEM004023,AGT0012,VSP,Dental Basic,2024-10-01,2026-10-01,31.37,376.44,0.18,5.65,active,24
POL0004023,MEM004024,AGT0061,MetLife,Dental Basic,2023-02-01,2025-02-01,28.88,346.56,0.18,5.2,active,24
POL0004024,MEM004025,AGT0060,Zurich,Vision Basic,2024-06-01,2025-06-01,20.7,248.4,0.16,3.31,expired,12
POL0004025,MEM004026,AGT0020,VSP,Vision Premium,2023-03-01,2024-03-01,34.84,418.08,0.2,6.97,active,12
POL0004026,MEM004027,AGT0034,MetLife,Vision Basic,2024-10-01,2025-10-01,19.65,235.8,0.16,3.14,active,12
POL0004027,MEM004028,AGT0043,VSP,Dental+Vision Bundle,2023-11-01,2024-11-01,78.07,936.84,0.25,19.52,active,12
POL0004028,MEM004029,AGT0027,VSP,Dental Premium,2024-11-01,2027-11-01,54.04,648.48,0.22,11.89,expired,36
POL0004029,MEM004030,AGT0016,MetLife,Vision Basic,2024-01-01,2025-01-01,20.34,244.08,0.16,3.25,cancelled,12
POL0004030,MEM004031,AGT0057,Zurich,Vision Premium,2023-07-01,2024-07-01,33.98,407.76,0.2,6.8,expired,12
POL0004031,MEM004032,AGT0077,MetLife,Vision Premium,2024-05-01,2026-05-01,33.7,404.4,0.2,6.74,cancelled,24
POL0004032,MEM004033,AGT0014,VSP,Dental Basic,2024-05-01,2026-05-01,30.09,361.08,0.18,5.42,active,24
POL0004033,MEM004034,AGT0061,MetLife,Dental Basic,2024-07-01,2025-01-01,30.49,365.88,0.18,5.49,active,6
POL0004034,MEM004035,AGT0050,VSP,Vision Basic,2023-08-01,2025-08-01,20.17,242.04,0.16,3.23,active,24
POL0004035,MEM004036,AGT0063,VSP,Dental+Vision Bundle,2023-06-01,2024-06-01,74.77,897.24,0.25,18.69,active,12
POL0004036,MEM004037,AGT0072,MetLife,Dental+Vision Bundle,2023-03-01,2024-03-01,76.38,916.56,0.25,19.09,active,12
POL0004037,MEM004038,AGT0071,MetLife,Vision Premium,2023-02-01,2024-02-01,36.58,438.96,0.2,7.32,active,12
POL0004038,MEM004039,AGT0060,Zurich,Dental Basic,2024-08-01,2027-08-01,31.46,377.52,0.18,5.66,active,36
POL0004039,MEM004040,AGT0025,MetLife,Dental Basic,2023-07-01,2024-07-01,29.28,351.36,0.18,5.27,active,12
POL0004040,MEM004041,AGT0016,VSP,Vision Basic,2024-03-01,2026-03-01,20.95,251.4,0.16,3.35,active,24
POL0004041,MEM004042,AGT0046,VSP,Dental Premium,2024-02-01,2025-02-01,55.92,671.04,0.22,12.3,active,12
POL0004042,MEM004043,AGT0050,VSP,Vision Premium,2024-12-01,2026-12-01,36.38,436.56,0.2,7.28,cancelled,24
POL0004043,MEM004044,AGT0080,Zurich,Dental Basic,2024-02-01,2025-02-01,30.74,368.88,0.18,5.53,active,12
POL0004044,MEM004045,AGT0012,VSP,Dental Basic,2024-09-01,2026-09-01,29.59,355.08,0.18,5.33,active,24
POL0004045,MEM004046,AGT0019,VSP,Dental Basic,2023-05-01,2025-05-01,29.23,350.76,0.18,5.26,pending,24
POL0004046,MEM004047,AGT0026,VSP,Dental Basic,2024-06-01,2024-12-01,28.95,347.4,0.18,5.21,cancelled,6
POL0004047,MEM004048,AGT0021,VSP,Dental+Vision Bundle,2024-11-01,2025-11-01,78.66,943.92,0.25,19.66,expired,12
POL0004048,MEM004049,AGT0074,MetLife,Dental Premium,2023-05-01,2024-05-01,53.03,636.36,0.22,11.67,active,12
POL0004049,MEM004050,AGT0029,MetLife,Dental Basic,2023-11-01,2024-11-01,30.67,368.04,0.18,5.52,expired,12
POL0004050,MEM004051,AGT0010,MetLife,Dental Premium,2023-05-01,2024-05-01,54.0,648.0,0.22,11.88,active,12
POL0004051,MEM004052,AGT0013,VSP,Dental+Vision Bundle,2023-09-01,2026-09-01,76.93,923.16,0.25,19.23,cancelled,36
POL0004052,MEM004053,AGT0071,VSP,Vision Premium,2024-02-01,2026-02-01,33.86,406.32,0.2,6.77,cancelled,24
POL0004053,MEM004054,AGT0079,VSP,Dental Basic,2024-03-01,2026-03-01,29.38,352.56,0.18,5.29,active,24
POL0004054,MEM004055,AGT0001,VSP,Dental Basic,2024-08-01,2025-08-01,31.33,375.96,0.18,5.64,active,12
POL0004055,MEM004056,AGT0054,VSP,Vision Premium,2023-06-01,2025-06-01,36.53,438.36,0.2,7.31,active,24
POL0004056,MEM004057,AGT0075,VSP,Dental+Vision Bundle,2023-07-01,2024-07-01,73.19,878.28,0.25,18.3,cancelled,12
POL0004057,MEM004058,AGT0032,Zurich,Dental Premium,2023-06-01,2025-06-01,53.37,640.44,0.22,11.74,active,24
POL0004058,MEM004059,AGT0010,VSP,Dental+Vision Bundle,2023-05-01,2026-05-01,72.05,864.6,0.25,18.01,active,36
POL0004059,MEM004060,AGT0030,Zurich,Dental Premium,2024-01-01,2025-01-01,57.53,690.36,0.22,12.66,active,12
POL0004060,MEM004061,AGT0013,VSP,Dental Premium,2024-08-01,2025-08-01,53.88,646.56,0.22,11.85,active,12
POL0004061,MEM004062,AGT0077,VSP,Dental Basic,2023-07-01,2025-07-01,28.61,343.32,0.18,5.15,active,24
POL0004062,MEM004063,AGT0038,VSP,Dental Premium,2024-02-01,2025-02-01,56.84,682.08,0.22,12.5,active,12
POL0004063,MEM004064,AGT0060,VSP,Dental Basic,2024-02-01,2027-02-01,29.14,349.68,0.18,5.25,active,36
POL0004064,MEM004065,AGT0014,MetLife,Vision Basic,2024-02-01,2026-02-01,19.39,232.68,0.16,3.1,active,24
POL0004065,MEM004066,AGT0016,VSP,Dental Premium,2023-04-01,2026-04-01,56.6,679.2,0.22,12.45,active,36
POL0004066,MEM004067,AGT0030,VSP,Vision Premium,2023-10-01,2025-10-01,34.6,415.2,0.2,6.92,active,24
POL0004067,MEM004068,AGT0063,VSP,Dental Premium,2023-04-01,2024-04-01,57.03,684.36,0.22,12.55,expired,12
POL0004068,MEM004069,AGT0024,VSP,Dental Premium,2023-09-01,2025-09-01,56.9,682.8,0.22,12.52,active,24
POL0004069,MEM004070,AGT0042,Zurich,Vision Basic,2023-04-01,2024-04-01,20.81,249.72,0.16,3.33,active,12
POL0004070,MEM004071,AGT0021,Zurich,Dental Basic,2023-08-01,2024-08-01,30.45,365.4,0.18,5.48,cancelled,12
POL0004071,MEM004072,AGT0052,MetLife,Dental+Vision Bundle,2023-10-01,2025-10-01,72.71,872.52,0.25,18.18,expired,24
POL0004072,MEM004073,AGT0039,MetLife,Dental Premium,2023-08-01,2025-08-01,56.36,676.32,0.22,12.4,pending,24
POL0004073,MEM004074,AGT0002,VSP,Vision Premium,2024-04-01,2025-04-01,35.36,424.32,0.2,7.07,active,12
POL0004074,MEM004075,AGT0062,MetLife,Dental+Vision Bundle,2024-02-01,2025-02-01,78.15,937.8,0.25,19.54,expired,12
POL0004075,MEM004076,AGT0071,VSP,Vision Basic,2023-08-01,2025-08-01,20.18,242.16,0.16,3.23,active,24
POL0004076,MEM004077,AGT0017,MetLife,Dental+Vision Bundle,2023-06-01,2024-06-01,74.55,894.6,0.25,18.64,active,12
POL0004077,MEM004078,AGT0078,MetLife,Dental Premium,2024-04-01,2024-10-01,54.22,650.64,0.22,11.93,active,6
POL0004078,MEM004079,AGT0067,Zurich,Dental+Vision Bundle,2024-12-01,2025-12-01,77.02,924.24,0.25,19.25,active,12
POL0004079,MEM004080,AGT0008,Zurich,Dental Premium,2024-09-01,2027-09-01,56.05,672.6,0.22,12.33,expired,36
POL0004080,MEM004081,AGT0001,VSP,Vision Premium,2024-02-01,2025-02-01,35.92,431.04,0.2,7.18,expired,12
POL0004081,MEM004082,AGT0026,Zurich,Dental Premium,2024-07-01,2025-07-01,56.11,673.32,0.22,12.34,active,12
POL0004082,MEM004083,AGT0058,VSP,Dental+Vision Bundle,2023-04-01,2025-04-01,74.83,897.96,0.25,18.71,active,24
POL0004083,MEM004084,AGT0042,VSP,Vision Basic,2023-02-01,2024-02-01,19.48,233.76,0.16,3.12,cancelled,12
POL0004084,MEM004085,AGT0060,VSP,Vision Premium,2024-05-01,2026-05-01,33.98,407.76,0.2,6.8,active,24
POL0004085,MEM004086,AGT0056,MetLife,Vision Basic,2024-01-01,2025-01-01,19.38,232.56,0.16,3.1,cancelled,12
POL0004086,MEM004087,AGT0034,MetLife,Dental+Vision Bundle,2023-02-01,2024-02-01,72.41,868.92,0.25,18.1,active,12
POL0004087,MEM004088,AGT0017,VSP,Vision Premium,2024-06-01,2026-06-01,36.19,434.28,0.2,7.24,active,24
POL0004088,MEM004089,AGT0023,Zurich,Dental Basic,2023-08-01,2024-08-01,29.94,359.28,0.18,5.39,cancelled,12
POL0004089,MEM004090,AGT0060,VSP,Vision Premium,2023-05-01,2025-05-01,36.71,440.52,0.2,7.34,active,24
POL0004090,MEM004091,AGT0016,VSP,Dental Basic,2024-06-01,2025-06-01,30.37,364.44,0.18,5.47,active,12
POL0004091,MEM004092,AGT0021,Zurich,Dental+Vision Bundle,2023-07-01,2025-07-01,73.89,886.68,0.25,18.47,active,24
POL0004092,MEM004093,AGT0035,Zurich,Dental Premium,2024-02-01,2024-08-01,54.64,655.68,0.22,12.02,pending,6
POL0004093,MEM004094,AGT0048,MetLife,Dental+Vision Bundle,2024-08-01,2025-08-01,75.42,905.04,0.25,18.86,active,12
POL0004094,MEM004095,AGT0027,Zurich,Dental+Vision Bundle,2024-04-01,2025-04-01,74.0,888.0,0.25,18.5,expired,12
POL0004095,MEM004096,AGT0024,Zurich,Dental Premium,2023-08-01,2025-08-01,54.02,648.24,0.22,11.88,active,24
POL0004096,MEM004097,AGT0013,VSP,Dental Basic,2024-09-01,2025-03-01,31.45,377.4,0.18,5.66,active,6
POL0004097,MEM004098,AGT0010,MetLife,Dental Premium,2024-03-01,2024-09-01,55.91,670.92,0.22,12.3,cancelled,6
POL0004098,MEM004099,AGT0060,MetLife,Dental+Vision Bundle,2023-02-01,2024-02-01,77.76,933.12,0.25,19.44,active,12
POL0004099,MEM004100,AGT0058,MetLife,Dental+Vision Bundle,2023-04-01,2026-04-01,77.22,926.64,0.25,19.3,active,36
POL0004100,MEM004101,AGT0075,MetLife,Dental Basic,2023-02-01,2024-02-01,31.05,372.6,0.18,5.59,active,12
POL0004101,MEM004102,AGT0033,VSP,Dental Premium,2024-03-01,2025-03-01,54.3,651.6,0.22,11.95,expired,12
POL0004102,MEM004103,AGT0021,Zurich,Dental Premium,2023-09-01,2024-09-01,57.22,686.64,0.22,12.59,cancelled,12
POL0004103,MEM004104,AGT0072,MetLife,Vision Basic,2024-04-01,2025-04-01,20.88,250.56,0.16,3.34,active,12
POL0004104,MEM004105,AGT0042,VSP,Dental Basic,2024-08-01,2026-08-01,31.04,372.48,0.18,5.59,active,24
POL0004105,MEM004106,AGT0014,Zurich,Vision Basic,2024-01-01,2025-01-01,20.34,244.08,0.16,3.25,active,12
POL0004106,MEM004107,AGT0060,Zurich,Dental Basic,2024-10-01,2025-10-01,28.94,347.28,0.18,5.21,active,12
POL0004107,MEM004108,AGT0012,MetLife,Dental+Vision Bundle,2024-06-01,2025-06-01,71.31,855.72,0.25,17.83,expired,12
POL0004108,MEM004109,AGT0045,Zurich,Dental Basic,2023-06-01,2026-06-01,31.34,376.08,0.18,5.64,cancelled,36
POL0004109,MEM004110,AGT0017,VSP,Vision Premium,2024-08-01,2025-02-01,35.15,421.8,0.2,7.03,expired,6
POL0004110,MEM004111,AGT0022,VSP,Dental+Vision Bundle,2024-05-01,2025-05-01,74.26,891.12,0.25,18.57,active,12
POL0004111,MEM004112,AGT0027,Zurich,Vision Basic,2024-08-01,2027-08-01,19.69,236.28,0.16,3.15,active,36
POL0004112,MEM004113,AGT0003,VSP,Vision Premium,2024-10-01,2026-10-01,35.14,421.68,0.2,7.03,cancelled,24
POL0004113,MEM004114,AGT0039,MetLife,Dental Premium,2024-07-01,2025-07-01,52.3,627.6,0.22,11.51,active,12
POL0004114,MEM004115,AGT0003,MetLife,Dental Basic,2024-06-01,2027-06-01,30.16,361.92,0.18,5.43,cancelled,36
POL0004115,MEM004116,AGT0022,Zurich,Dental Basic,2023-02-01,2024-02-01,30.27,363.24,0.18,5.45,cancelled,12
POL0004116,MEM004117,AGT0039,MetLife,Vision Basic,2023-08-01,2024-08-01,19.99,239.88,0.16,3.2,active,12
POL0004117,MEM004118,AGT0074,MetLife,Vision Basic,2023-11-01,2024-11-01,20.05,240.6,0.16,3.21,cancelled,12
POL0004118,MEM004119,AGT0025,MetLife,Dental Basic,2023-07-01,2024-07-01,29.77,357.24,0.18,5.36,active,12
POL0004119,MEM004120,AGT0046,MetLife,Dental Basic,2023-02-01,2024-02-01,30.39,364.68,0.18,5.47,active,12
POL0004120,MEM004121,AGT0008,MetLife,Vision Basic,2024-02-01,2025-02-01,20.86,250.32,0.16,3.34,active,12
POL0004121,MEM004122,AGT0043,Zurich,Vision Premium,2023-09-01,2025-09-01,34.79,417.48,0.2,6.96,cancelled,24
POL0004122,MEM004123,AGT0075,Zurich,Dental+Vision Bundle,2023-03-01,2024-03-01,72.96,875.52,0.25,18.24,expired,12
POL0004123,MEM004124,AGT0080,MetLife,Vision Premium,2024-08-01,2025-08-01,36.25,435.0,0.2,7.25,active,12
POL0004124,MEM004125,AGT0038,MetLife,Dental Premium,2023-10-01,2025-10-01,56.05,672.6,0.22,12.33,expired,24
POL0004125,MEM004126,AGT0017,MetLife,Dental+Vision Bundle,2023-07-01,2024-07-01,72.1,865.2,0.25,18.02,expired,12
POL0004126,MEM004127,AGT0069,Zurich,Dental Basic,2023-02-01,2024-02-01,29.03,348.36,0.18,5.23,active,12
POL0004127,MEM004128,AGT0012,MetLife,Dental+Vision Bundle,2023-06-01,2024-06-01,77.89,934.68,0.25,19.47,active,12
POL0004128,MEM004129,AGT0077,VSP,Dental Premium,2023-03-01,2024-03-01,53.96,647.52,0.22,11.87,active,12
POL0004129,MEM004130,AGT0018,MetLife,Dental Basic,2024-10-01,2025-10-01,30.29,363.48,0.18,5.45,active,12
POL0004130,MEM004131,AGT0026,MetLife,Vision Basic,2023-10-01,2026-10-01,19.0,228.0,0.16,3.04,active,36
POL0004131,MEM004132,AGT0036,MetLife,Dental Basic,2023-12-01,2025-12-01,28.57,342.84,0.18,5.14,active,24
POL0004132,MEM004133,AGT0077,VSP,Vision Basic,2023-02-01,2026-02-01,20.12,241.44,0.16,3.22,active,36
POL0004133,MEM004134,AGT0044,Zurich,Dental+Vision Bundle,2024-09-01,2025-03-01,73.91,886.92,0.25,18.48,active,6
POL0004134,MEM004135,AGT0024,VSP,Dental Premium,2023-05-01,2024-05-01,57.61,691.32,0.22,12.67,active,12
POL0004135,MEM004136,AGT0048,MetLife,Vision Premium,2023-09-01,2024-03-01,35.1,421.2,0.2,7.02,cancelled,6
POL0004136,MEM004137,AGT0061,VSP,Dental Basic,2023-06-01,2024-06-01,28.83,345.96,0.18,5.19,active,12
POL0004137,MEM004138,AGT0050,MetLife,Dental+Vision Bundle,2024-07-01,2025-07-01,73.48,881.76,0.25,18.37,pending,12
POL0004138,MEM004139,AGT0055,MetLife,Dental Premium,2023-06-01,2024-06-01,54.64,655.68,0.22,12.02,active,12
POL0004139,MEM004140,AGT0074,Zurich,Dental Basic,2023-09-01,2024-09-01,30.08,360.96,0.18,5.41,active,12
POL0004140,MEM004141,AGT0018,VSP,Dental Basic,2024-07-01,2025-07-01,29.39,352.68,0.18,5.29,cancelled,12
POL0004141,MEM004142,AGT0046,Zurich,Dental Basic,2023-07-01,2025-07-01,29.53,354.36,0.18,5.32,cancelled,24
POL0004142,MEM004143,AGT0041,MetLife,Dental Premium,2024-01-01,2025-01-01,52.88,634.56,0.22,11.63,active,12
POL0004143,MEM004144,AGT0014,VSP,Dental Basic,2023-06-01,2024-06-01,30.1,361.2,0.18,5.42,expired,12
POL0004144,MEM004145,AGT0063,Zurich,Vision Basic,2023-03-01,2024-03-01,20.57,246.84,0.16,3.29,active,12
POL0004145,MEM004146,AGT0078,MetLife,Dental Premium,2023-06-01,2024-06-01,57.29,687.48,0.22,12.6,active,12
POL0004146,MEM004147,AGT0012,Zurich,Vision Basic,2023-10-01,2024-10-01,19.35,232.2,0.16,3.1,active,12
POL0004147,MEM004148,AGT0015,Zurich,Dental Basic,2023-10-01,2024-10-01,29.94,359.28,0.18,5.39,active,12
POL0004148,MEM004149,AGT0062,VSP,Dental Basic,2023-02-01,2024-02-01,28.73,344.76,0.18,5.17,active,12
POL0004149,MEM004150,AGT0026,MetLife,Dental+Vision Bundle,2024-06-01,2025-06-01,74.65,895.8,0.25,18.66,active,12
POL0004150,MEM004151,AGT0072,VSP,Dental Premium,2023-07-01,2026-07-01,52.64,631.68,0.22,11.58,expired,36
POL0004151,MEM004152,AGT0044,VSP,Vision Premium,2024-02-01,2025-02-01,36.49,437.88,0.2,7.3,cancelled,12
POL0004152,MEM004153,AGT0036,MetLife,Dental+Vision Bundle,2024-12-01,2026-12-01,74.76,897.12,0.25,18.69,active,24
POL0004153,MEM004154,AGT0068,Zurich,Dental Basic,2024-01-01,2025-01-01,30.5,366.0,0.18,5.49,expired,12
POL0004154,MEM004155,AGT0056,Zurich,Vision Premium,2024-08-01,2025-08-01,35.8,429.6,0.2,7.16,cancelled,12
POL0004155,MEM004156,AGT0003,Zurich,Vision Basic,2023-06-01,2023-12-01,20.55,246.6,0.16,3.29,expired,6
POL0004156,MEM004157,AGT0075,MetLife,Dental Premium,2024-03-01,2025-03-01,52.31,627.72,0.22,11.51,active,12
POL0004157,MEM004158,AGT0011,Zurich,Dental Premium,2023-09-01,2025-09-01,54.65,655.8,0.22,12.02,active,24
POL0004158,MEM004159,AGT0024,VSP,Dental Basic,2024-08-01,2025-08-01,29.34,352.08,0.18,5.28,active,12
POL0004159,MEM004160,AGT0046,Zurich,Vision Premium,2023-05-01,2024-05-01,35.24,422.88,0.2,7.05,active,12
POL0004160,MEM004161,AGT0039,VSP,Dental Basic,2024-11-01,2027-11-01,29.36,352.32,0.18,5.28,active,36
POL0004161,MEM004162,AGT0033,MetLife,Vision Basic,2024-03-01,2026-03-01,20.73,248.76,0.16,3.32,active,24
POL0004162,MEM004163,AGT0032,VSP,Dental Basic,2023-05-01,2024-05-01,30.32,363.84,0.18,5.46,active,12
POL0004163,MEM004164,AGT0077,MetLife,Vision Premium,2024-09-01,2026-09-01,33.43,401.16,0.2,6.69,pending,24
POL0004164,MEM004165,AGT0022,Zurich,Dental Premium,2024-10-01,2025-10-01,53.54,642.48,0.22,11.78,active,12
POL0004165,MEM004166,AGT0001,VSP,Dental+Vision Bundle,2023-06-01,2025-06-01,77.82,933.84,0.25,19.45,active,24
POL0004166,MEM004167,AGT0047,VSP,Dental Basic,2024-01-01,2027-01-01,29.43,353.16,0.18,5.3,expired,36
POL0004167,MEM004168,AGT0006,MetLife,Vision Premium,2023-04-01,2024-04-01,35.14,421.68,0.2,7.03,active,12
POL0004168,MEM004169,AGT0011,Zurich,Dental Basic,2024-10-01,2027-10-01,28.96,347.52,0.18,5.21,active,36
POL0004169,MEM004170,AGT0080,MetLife,Dental Basic,2024-02-01,2026-02-01,30.27,363.24,0.18,5.45,expired,24
POL0004170,MEM004171,AGT0012,Zurich,Dental Basic,2023-12-01,2024-12-01,30.17,362.04,0.18,5.43,cancelled,12
POL0004171,MEM004172,AGT0003,Zurich,Dental Basic,2023-02-01,2024-02-01,29.9,358.8,0.18,5.38,cancelled,12
POL0004172,MEM004173,AGT0052,VSP,Dental Premium,2024-06-01,2025-06-01,56.52,678.24,0.22,12.43,cancelled,12
POL0004173,MEM004174,AGT0056,MetLife,Dental Premium,2024-04-01,2027-04-01,54.8,657.6,0.22,12.06,expired,36
POL0004174,MEM004175,AGT0002,MetLife,Vision Basic,2023-09-01,2024-09-01,20.17,242.04,0.16,3.23,active,12
POL0004175,MEM004176,AGT0026,VSP,Dental Premium,2023-09-01,2024-09-01,55.77,669.24,0.22,12.27,active,12
POL0004176,MEM004177,AGT0029,Zurich,Dental Basic,2024-04-01,2025-04-01,29.8,357.6,0.18,5.36,active,12
POL0004177,MEM004178,AGT0002,Zurich,Dental+Vision Bundle,2023-08-01,2024-02-01,74.99,899.88,0.25,18.75,active,6
POL0004178,MEM004179,AGT0012,VSP,Dental Premium,2024-10-01,2025-10-01,56.7,680.4,0.22,12.47,expired,12
POL0004179,MEM004180,AGT0045,VSP,Dental+Vision Bundle,2023-08-01,2026-08-01,77.17,926.04,0.25,19.29,cancelled,36
POL0004180,MEM004181,AGT0059,MetLife,Vision Basic,2023-11-01,2025-11-01,19.57,234.84,0.16,3.13,pending,24
POL0004181,MEM004182,AGT0047,VSP,Dental+Vision Bundle,2024-12-01,2026-12-01,74.57,894.84,0.25,18.64,active,24
POL0004182,MEM004183,AGT0033,Zurich,Dental Premium,2023-03-01,2024-03-01,57.44,689.28,0.22,12.64,expired,12
POL0004183,MEM004184,AGT0055,MetLife,Vision Basic,2024-10-01,2026-10-01,20.93,251.16,0.16,3.35,cancelled,24
POL0004184,MEM004185,AGT0071,VSP,Dental Basic,2024-01-01,2026-01-01,28.54,342.48,0.18,5.14,active,24
POL0004185,MEM004186,AGT0079,Zurich,Dental Basic,2023-04-01,2024-04-01,29.04,348.48,0.18,5.23,expired,12
POL0004186,MEM004187,AGT0022,VSP,Vision Basic,2023-12-01,2024-12-01,19.29,231.48,0.16,3.09,active,12
POL0004187,MEM004188,AGT0035,MetLife,Vision Premium,2024-04-01,2025-04-01,34.59,415.08,0.2,6.92,active,12
POL0004188,MEM004189,AGT0045,VSP,Vision Premium,2023-07-01,2024-07-01,35.59,427.08,0.2,7.12,cancelled,12
POL0004189,MEM004190,AGT0074,VSP,Dental Premium,2023-08-01,2024-08-01,52.91,634.92,0.22,11.64,active,12
POL0004190,MEM004191,AGT0038,Zurich,Dental Premium,2023-02-01,2024-02-01,55.45,665.4,0.22,12.2,expired,12
POL0004191,MEM004192,AGT0054,Zurich,Vision Basic,2023-09-01,2026-09-01,20.88,250.56,0.16,3.34,active,36
POL0004192,MEM004193,AGT0026,Zurich,Dental Premium,2023-11-01,2024-11-01,55.75,669.0,0.22,12.27,active,12
POL0004193,MEM004194,AGT0001,Zurich,Dental Premium,2023-10-01,2025-10-01,55.49,665.88,0.22,12.21,expired,24
POL0004194,MEM004195,AGT0062,Zurich,Dental+Vision Bundle,2024-06-01,2025-06-01,76.27,915.24,0.25,19.07,pending,12
POL0004195,MEM004196,AGT0036,MetLife,Dental Premium,2023-07-01,2025-07-01,53.91,646.92,0.22,11.86,active,24
POL0004196,MEM004197,AGT0075,MetLife,Vision Basic,2024-09-01,2026-09-01,20.52,246.24,0.16,3.28,cancelled,24
POL0004197,MEM004198,AGT0007,VSP,Vision Basic,2023-04-01,2025-04-01,19.72,236.64,0.16,3.16,cancelled,24
POL0004198,MEM004199,AGT0038,MetLife,Vision Basic,2024-11-01,2025-11-01,20.24,242.88,0.16,3.24,active,12
POL0004199,MEM004200,AGT0028,VSP,Dental Basic,2024-07-01,2025-07-01,31.1,373.2,0.18,5.6,expired,12
POL0004200,MEM004201,AGT0058,Zurich,Dental+Vision Bundle,2024-02-01,2024-08-01,74.64,895.68,0.25,18.66,cancelled,6
POL0004201,MEM004202,AGT0054,VSP,Dental Basic,2024-01-01,2024-07-01,28.74,344.88,0.18,5.17,active,6
POL0004202,MEM004203,AGT0071,MetLife,Dental Premium,2024-03-01,2024-09-01,55.57,666.84,0.22,12.23,active,6
POL0004203,MEM004204,AGT0048,Zurich,Vision Premium,2023-12-01,2024-06-01,33.69,404.28,0.2,6.74,active,6
POL0004204,MEM004205,AGT0020,VSP,Vision Basic,2024-09-01,2025-09-01,19.47,233.64,0.16,3.12,active,12
POL0004205,MEM004206,AGT0002,Zurich,Dental Premium,2023-07-01,2024-01-01,57.36,688.32,0.22,12.62,active,6
POL0004206,MEM004207,AGT0050,MetLife,Dental Premium,2023-03-01,2026-03-01,57.39,688.68,0.22,12.63,active,36
POL0004207,MEM004208,AGT0055,MetLife,Dental Premium,2023-09-01,2024-09-01,56.72,680.64,0.22,12.48,cancelled,12
POL0004208,MEM004209,AGT0057,VSP,Dental+Vision Bundle,2023-03-01,2024-03-01,78.58,942.96,0.25,19.64,cancelled,12
POL0004209,MEM004210,AGT0028,MetLife,Dental Premium,2024-09-01,2025-09-01,52.71,632.52,0.22,11.6,active,12
POL0004210,MEM004211,AGT0003,VSP,Vision Basic,2024-11-01,2025-11-01,19.0,228.0,0.16,3.04,expired,12
POL0004211,MEM004212,AGT0024,Zurich,Dental Basic,2023-06-01,2025-06-01,30.19,362.28,0.18,5.43,expired,24
POL0004212,MEM004213,AGT0036,MetLife,Vision Basic,2024-03-01,2025-03-01,20.05,240.6,0.16,3.21,active,12
POL0004213,MEM004214,AGT0065,VSP,Dental Premium,2024-07-01,2025-07-01,56.0,672.0,0.22,12.32,active,12
POL0004214,MEM004215,AGT0006,VSP,Vision Basic,2024-06-01,2027-06-01,19.84,238.08,0.16,3.17,expired,36
POL0004215,MEM004216,AGT0027,VSP,Vision Premium,2023-08-01,2024-08-01,33.67,404.04,0.2,6.73,active,12
POL0004216,MEM004217,AGT0065,VSP,Dental+Vision Bundle,2023-07-01,2024-07-01,74.2,890.4,0.25,18.55,active,12
POL0004217,MEM004218,AGT0003,Zurich,Vision Basic,2023-02-01,2024-02-01,20.86,250.32,0.16,3.34,active,12
POL0004218,MEM004219,AGT0016,Zurich,Vision Basic,2024-09-01,2025-09-01,20.86,250.32,0.16,3.34,active,12
POL0004219,MEM004220,AGT0010,Zurich,Dental+Vision Bundle,2023-10-01,2024-10-01,73.07,876.84,0.25,18.27,expired,12
POL0004220,MEM004221,AGT0053,VSP,Dental Basic,2024-12-01,2026-12-01,29.36,352.32,0.18,5.28,cancelled,24
POL0004221,MEM004222,AGT0021,Zurich,Dental+Vision Bundle,2023-04-01,2024-04-01,76.83,921.96,0.25,19.21,cancelled,12
POL0004222,MEM004223,AGT0025,Zurich,Vision Basic,2024-12-01,2026-12-01,19.95,239.4,0.16,3.19,cancelled,24
POL0004223,MEM004224,AGT0069,MetLife,Vision Basic,2024-07-01,2025-07-01,19.01,228.12,0.16,3.04,active,12
POL0004224,MEM004225,AGT0042,MetLife,Vision Premium,2024-08-01,2025-08-01,36.13,433.56,0.2,7.23,cancelled,12
POL0004225,MEM004226,AGT0059,Zurich,Dental+Vision Bundle,2023-09-01,2025-09-01,76.77,921.24,0.25,19.19,active,24
POL0004226,MEM004227,AGT0040,Zurich,Dental Premium,2023-02-01,2023-08-01,55.21,662.52,0.22,12.15,active,6
POL0004227,MEM004228,AGT0021,MetLife,Dental Basic,2024-03-01,2025-03-01,29.83,357.96,0.18,5.37,active,12
POL0004228,MEM004229,AGT0012,Zurich,Vision Premium,2024-09-01,2025-09-01,34.26,411.12,0.2,6.85,active,12
POL0004229,MEM004230,AGT0003,MetLife,Dental Premium,2024-01-01,2025-01-01,53.06,636.72,0.22,11.67,active,12
POL0004230,MEM004231,AGT0004,VSP,Vision Basic,2024-09-01,2025-09-01,20.87,250.44,0.16,3.34,active,12
POL0004231,MEM004232,AGT0057,MetLife,Dental Basic,2023-04-01,2024-04-01,29.6,355.2,0.18,5.33,cancelled,12
POL0004232,MEM004233,AGT0035,MetLife,Vision Basic,2023-10-01,2025-10-01,20.86,250.32,0.16,3.34,active,24
POL0004233,MEM004234,AGT0007,Zurich,Dental Basic,2024-07-01,2025-07-01,29.71,356.52,0.18,5.35,active,12
POL0004234,MEM004235,AGT0069,MetLife,Dental Premium,2024-12-01,2026-12-01,54.59,655.08,0.22,12.01,cancelled,24
POL0004235,MEM004236,AGT0049,Zurich,Dental Premium,2024-06-01,2025-06-01,54.13,649.56,0.22,11.91,active,12
POL0004236,MEM004237,AGT0068,Zurich,Dental+Vision Bundle,2023-09-01,2024-09-01,74.52,894.24,0.25,18.63,active,12
POL0004237,MEM004238,AGT0033,Zurich,Dental+Vision Bundle,2023-03-01,2024-03-01,76.52,918.24,0.25,19.13,active,12
POL0004238,MEM004239,AGT0012,VSP,Dental Basic,2024-12-01,2026-12-01,28.63,343.56,0.18,5.15,active,24
POL0004239,MEM004240,AGT0061,MetLife,Dental+Vision Bundle,2024-05-01,2026-05-01,73.76,885.12,0.25,18.44,active,24
POL0004240,MEM004241,AGT0006,VSP,Dental+Vision Bundle,2023-07-01,2026-07-01,75.39,904.68,0.25,18.85,active,36
POL0004241,MEM004242,AGT0070,MetLife,Vision Basic,2023-08-01,2024-08-01,19.04,228.48,0.16,3.05,expired,12
POL0004242,MEM004243,AGT0052,MetLife,Vision Basic,2023-04-01,2024-04-01,20.35,244.2,0.16,3.26,expired,12
POL0004243,MEM004244,AGT0023,Zurich,Dental+Vision Bundle,2024-10-01,2025-10-01,75.79,909.48,0.25,18.95,active,12
POL0004244,MEM004245,AGT0042,MetLife,Vision Premium,2023-11-01,2024-11-01,34.77,417.24,0.2,6.95,active,12
POL0004245,MEM004246,AGT0067,Zurich,Vision Premium,2023-02-01,2025-02-01,36.37,436.44,0.2,7.27,expired,24
POL0004246,MEM004247,AGT0060,Zurich,Dental Premium,2024-01-01,2027-01-01,57.3,687.6,0.22,12.61,active,36
POL0004247,MEM004248,AGT0001,VSP,Dental+Vision Bundle,2023-04-01,2025-04-01,72.82,873.84,0.25,18.2,active,24
POL0004248,MEM004249,AGT0015,MetLife,Vision Premium,2023-05-01,2024-05-01,33.73,404.76,0.2,6.75,active,12
POL0004249,MEM004250,AGT0002,Zurich,Dental Basic,2024-03-01,2025-03-01,30.8,369.6,0.18,5.54,expired,12
POL0004250,MEM004251,AGT0080,MetLife,Vision Basic,2023-06-01,2023-12-01,19.07,228.84,0.16,3.05,cancelled,6
POL0004251,MEM004252,AGT0025,Zurich,Dental+Vision Bundle,2024-11-01,2025-11-01,71.73,860.76,0.25,17.93,cancelled,12
POL0004252,MEM004253,AGT0028,VSP,Dental+Vision Bundle,2023-10-01,2024-10-01,76.06,912.72,0.25,19.02,active,12
POL0004253,MEM004254,AGT0043,Zurich,Vision Premium,2024-02-01,2025-02-01,35.47,425.64,0.2,7.09,cancelled,12
POL0004254,MEM004255,AGT0023,MetLife,Vision Premium,2024-06-01,2025-06-01,35.73,428.76,0.2,7.15,active,12
POL0004255,MEM004256,AGT0021,Zurich,Dental+Vision Bundle,2023-11-01,2024-11-01,75.8,909.6,0.25,18.95,cancelled,12
POL0004256,MEM004257,AGT0003,Zurich,Dental Basic,2023-09-01,2025-09-01,29.27,351.24,0.18,5.27,active,24
POL0004257,MEM004258,AGT0047,MetLife,Dental Basic,2023-07-01,2026-07-01,30.62,367.44,0.18,5.51,active,36
POL0004258,MEM004259,AGT0058,VSP,Dental+Vision Bundle,2024-08-01,2026-08-01,77.79,933.48,0.25,19.45,cancelled,24
POL0004259,MEM004260,AGT0049,Zurich,Vision Premium,2023-04-01,2025-04-01,35.14,421.68,0.2,7.03,cancelled,24
POL0004260,MEM004261,AGT0032,VSP,Dental Premium,2023-02-01,2024-02-01,53.15,637.8,0.22,11.69,active,12
POL0004261,MEM004262,AGT0046,MetLife,Vision Premium,2023-12-01,2024-12-01,35.65,427.8,0.2,7.13,active,12
POL0004262,MEM004263,AGT0011,Zurich,Vision Basic,2024-04-01,2026-04-01,19.09,229.08,0.16,3.05,active,24
POL0004263,MEM004264,AGT0003,MetLife,Dental+Vision Bundle,2024-04-01,2027-04-01,72.82,873.84,0.25,18.2,active,36
POL0004264,MEM004265,AGT0019,MetLife,Dental Premium,2023-11-01,2024-05-01,55.48,665.76,0.22,12.21,expired,6
POL0004265,MEM004266,AGT0032,Zurich,Dental Premium,2024-09-01,2026-09-01,57.57,690.84,0.22,12.67,expired,24
POL0004266,MEM004267,AGT0026,MetLife,Dental Basic,2024-03-01,2027-03-01,28.8,345.6,0.18,5.18,expired,36
POL0004267,MEM004268,AGT0060,Zurich,Vision Premium,2023-03-01,2024-03-01,35.43,425.16,0.2,7.09,active,12
POL0004268,MEM004269,AGT0075,MetLife,Dental Basic,2024-07-01,2025-07-01,30.53,366.36,0.18,5.5,active,12
POL0004269,MEM004270,AGT0063,Zurich,Dental+Vision Bundle,2024-09-01,2025-09-01,72.0,864.0,0.25,18.0,active,12
POL0004270,MEM004271,AGT0024,Zurich,Vision Basic,2023-06-01,2024-06-01,19.81,237.72,0.16,3.17,pending,12
POL0004271,MEM004272,AGT0073,Zurich,Dental Basic,2023-08-01,2024-08-01,29.19,350.28,0.18,5.25,active,12
POL0004272,MEM004273,AGT0010,VSP,Dental+Vision Bundle,2024-02-01,2025-02-01,74.4,892.8,0.25,18.6,active,12
POL0004273,MEM004274,AGT0023,MetLife,Dental+Vision Bundle,2024-09-01,2025-09-01,74.99,899.88,0.25,18.75,active,12
POL0004274,MEM004275,AGT0020,Zurich,Dental+Vision Bundle,2024-02-01,2026-02-01,72.45,869.4,0.25,18.11,cancelled,24
POL0004275,MEM004276,AGT0028,VSP,Vision Premium,2024-10-01,2026-10-01,34.48,413.76,0.2,6.9,active,24
POL0004276,MEM004277,AGT0066,VSP,Vision Premium,2024-06-01,2026-06-01,35.29,423.48,0.2,7.06,active,24
POL0004277,MEM004278,AGT0056,MetLife,Dental Premium,2024-05-01,2025-05-01,52.44,629.28,0.22,11.54,active,12
POL0004278,MEM004279,AGT0023,MetLife,Vision Basic,2023-10-01,2024-10-01,20.0,240.0,0.16,3.2,cancelled,12
POL0004279,MEM004280,AGT0042,MetLife,Vision Basic,2023-10-01,2024-10-01,20.8,249.6,0.16,3.33,cancelled,12
POL0004280,MEM004281,AGT0020,MetLife,Dental Premium,2023-08-01,2024-02-01,54.09,649.08,0.22,11.9,active,6
POL0004281,MEM004282,AGT0038,VSP,Dental Basic,2023-02-01,2026-02-01,28.6,343.2,0.18,5.15,active,36
POL0004282,MEM004283,AGT0019,Zurich,Vision Premium,2024-12-01,2025-12-01,36.54,438.48,0.2,7.31,active,12
POL0004283,MEM004284,AGT0005,VSP,Vision Premium,2023-04-01,2025-04-01,35.93,431.16,0.2,7.19,active,24
POL0004284,MEM004285,AGT0039,MetLife,Dental Basic,2024-08-01,2026-08-01,29.49,353.88,0.18,5.31,expired,24
POL0004285,MEM004286,AGT0042,MetLife,Dental+Vision Bundle,2024-07-01,2025-07-01,72.03,864.36,0.25,18.01,active,12
POL0004286,MEM004287,AGT0005,Zurich,Vision Basic,2024-08-01,2025-08-01,20.93,251.16,0.16,3.35,cancelled,12
POL0004287,MEM004288,AGT0039,MetLife,Vision Premium,2024-04-01,2025-04-01,35.45,425.4,0.2,7.09,active,12
POL0004288,MEM004289,AGT0002,VSP,Vision Basic,2024-12-01,2026-12-01,20.47,245.64,0.16,3.28,active,24
POL0004289,MEM004290,AGT0067,MetLife,Dental Basic,2024-11-01,2027-11-01,29.26,351.12,0.18,5.27,cancelled,36
POL0004290,MEM004291,AGT0063,VSP,Dental Premium,2023-09-01,2025-09-01,56.63,679.56,0.22,12.46,active,24
POL0004291,MEM004292,AGT0080,VSP,Dental Basic,2023-05-01,2024-05-01,30.68,368.16,0.18,5.52,active,12
POL0004292,MEM004293,AGT0048,VSP,Vision Basic,2024-09-01,2025-03-01,20.18,242.16,0.16,3.23,active,6
POL0004293,MEM004294,AGT0047,MetLife,Vision Basic,2023-02-01,2024-02-01,19.03,228.36,0.16,3.04,active,12
POL0004294,MEM004295,AGT0053,VSP,Dental Basic,2023-02-01,2024-02-01,29.07,348.84,0.18,5.23,active,12
POL0004295,MEM004296,AGT0043,VSP,Dental Basic,2024-07-01,2025-07-01,29.47,353.64,0.18,5.3,active,12
POL0004296,MEM004297,AGT0040,MetLife,Vision Premium,2024-11-01,2026-11-01,36.1,433.2,0.2,7.22,cancelled,24
POL0004297,MEM004298,AGT0016,Zurich,Dental Basic,2023-12-01,2024-06-01,30.89,370.68,0.18,5.56,active,6
POL0004298,MEM004299,AGT0062,Zurich,Vision Basic,2023-09-01,2025-09-01,19.61,235.32,0.16,3.14,active,24
POL0004299,MEM004300,AGT0007,VSP,Vision Basic,2024-03-01,2026-03-01,19.53,234.36,0.16,3.12,cancelled,24
POL0004300,MEM004301,AGT0064,VSP,Dental Basic,2023-08-01,2024-08-01,28.86,346.32,0.18,5.19,active,12
POL0004301,MEM004302,AGT0023,MetLife,Dental Basic,2024-04-01,2025-04-01,29.47,353.64,0.18,5.3,active,12
POL0004302,MEM004303,AGT0010,Zurich,Dental Basic,2024-01-01,2024-07-01,29.08,348.96,0.18,5.23,cancelled,6
POL0004303,MEM004304,AGT0059,MetLife,Dental Basic,2024-06-01,2025-06-01,28.95,347.4,0.18,5.21,active,12
POL0004304,MEM004305,AGT0036,VSP,Dental Premium,2023-08-01,2024-08-01,57.4,688.8,0.22,12.63,expired,12
POL0004305,MEM004306,AGT0064,VSP,Dental Basic,2024-10-01,2025-10-01,28.71,344.52,0.18,5.17,active,12
POL0004306,MEM004307,AGT0029,VSP,Dental+Vision Bundle,2024-08-01,2026-08-01,73.29,879.48,0.25,18.32,active,24
POL0004307,MEM004308,AGT0042,MetLife,Vision Premium,2023-02-01,2026-02-01,34.51,414.12,0.2,6.9,active,36
POL0004308,MEM004309,AGT0005,Zurich,Vision Basic,2024-10-01,2025-10-01,19.0,228.0,0.16,3.04,active,12
POL0004309,MEM004310,AGT0031,Zurich,Dental Basic,2024-02-01,2025-02-01,30.41,364.92,0.18,5.47,active,12
POL0004310,MEM004311,AGT0011,VSP,Dental Premium,2024-08-01,2025-08-01,57.06,684.72,0.22,12.55,expired,12
POL0004311,MEM004312,AGT0078,MetLife,Vision Basic,2023-08-01,2025-08-01,19.87,238.44,0.16,3.18,active,24
POL0004312,MEM004313,AGT0045,VSP,Vision Basic,2024-01-01,2025-01-01,19.37,232.44,0.16,3.1,active,12
POL0004313,MEM004314,AGT0058,VSP,Dental Premium,2023-04-01,2025-04-01,53.25,639.0,0.22,11.71,active,24
POL0004314,MEM004315,AGT0032,Zurich,Vision Premium,2024-10-01,2025-10-01,36.52,438.24,0.2,7.3,cancelled,12
POL0004315,MEM004316,AGT0061,MetLife,Dental Basic,2024-03-01,2025-03-01,29.71,356.52,0.18,5.35,active,12
POL0004316,MEM004317,AGT0002,Zurich,Dental Premium,2023-02-01,2024-02-01,53.09,637.08,0.22,11.68,active,12
POL0004317,MEM004318,AGT0036,MetLife,Dental+Vision Bundle,2023-12-01,2024-12-01,78.11,937.32,0.25,19.53,active,12
POL0004318,MEM004319,AGT0023,MetLife,Dental+Vision Bundle,2023-10-01,2024-10-01,77.86,934.32,0.25,19.46,active,12
POL0004319,MEM004320,AGT0049,VSP,Vision Premium,2023-02-01,2024-02-01,35.02,420.24,0.2,7.0,active,12
POL0004320,MEM004321,AGT0048,Zurich,Vision Basic,2023-03-01,2024-03-01,19.58,234.96,0.16,3.13,active,12
POL0004321,MEM004322,AGT0057,Zurich,Vision Basic,2025-01-01,2028-01-01,20.27,243.24,0.16,3.24,active,36
POL0004322,MEM004323,AGT0021,Zurich,Vision Premium,2023-07-01,2024-07-01,35.64,427.68,0.2,7.13,pending,12
POL0004323,MEM004324,AGT0056,Zurich,Vision Basic,2023-05-01,2024-05-01,20.2,242.4,0.16,3.23,active,12
POL0004324,MEM004325,AGT0054,MetLife,Dental Basic,2023-08-01,2024-02-01,29.74,356.88,0.18,5.35,active,6
POL0004325,MEM004326,AGT0034,MetLife,Vision Basic,2023-08-01,2025-08-01,19.3,231.6,0.16,3.09,expired,24
POL0004326,MEM004327,AGT0063,MetLife,Vision Basic,2024-07-01,2026-07-01,20.76,249.12,0.16,3.32,active,24
POL0004327,MEM004328,AGT0006,Zurich,Dental Basic,2024-10-01,2025-10-01,30.93,371.16,0.18,5.57,expired,12
POL0004328,MEM004329,AGT0079,MetLife,Vision Basic,2024-12-01,2025-06-01,20.36,244.32,0.16,3.26,active,6
POL0004329,MEM004330,AGT0011,MetLife,Dental Basic,2024-11-01,2025-11-01,31.18,374.16,0.18,5.61,cancelled,12
POL0004330,MEM004331,AGT0013,MetLife,Dental Premium,2023-06-01,2024-06-01,53.27,639.24,0.22,11.72,active,12
POL0004331,MEM004332,AGT0072,MetLife,Dental Premium,2023-11-01,2024-11-01,57.2,686.4,0.22,12.58,cancelled,12
POL0004332,MEM004333,AGT0016,MetLife,Vision Basic,2024-03-01,2025-03-01,19.2,230.4,0.16,3.07,active,12
POL0004333,MEM004334,AGT0059,Zurich,Vision Premium,2024-03-01,2024-09-01,34.09,409.08,0.2,6.82,active,6
POL0004334,MEM004335,AGT0041,MetLife,Vision Basic,2023-07-01,2024-07-01,20.35,244.2,0.16,3.26,active,12
POL0004335,MEM004336,AGT0062,VSP,Dental Premium,2024-05-01,2025-05-01,55.84,670.08,0.22,12.28,cancelled,12
POL0004336,MEM004337,AGT0008,Zurich,Vision Premium,2023-11-01,2025-11-01,36.34,436.08,0.2,7.27,active,24
POL0004337,MEM004338,AGT0011,VSP,Vision Premium,2024-12-01,2025-06-01,34.63,415.56,0.2,6.93,active,6
POL0004338,MEM004339,AGT0080,Zurich,Dental Premium,2023-11-01,2025-11-01,53.11,637.32,0.22,11.68,active,24
POL0004339,MEM004340,AGT0054,VSP,Dental+Vision Bundle,2023-10-01,2024-10-01,77.75,933.0,0.25,19.44,expired,12
POL0004340,MEM004341,AGT0024,MetLife,Dental Premium,2024-03-01,2025-03-01,55.15,661.8,0.22,12.13,cancelled,12
POL0004341,MEM004342,AGT0047,MetLife,Dental+Vision Bundle,2024-09-01,2027-09-01,76.07,912.84,0.25,19.02,active,36
POL0004342,MEM004343,AGT0069,VSP,Dental Basic,2023-06-01,2024-06-01,28.82,345.84,0.18,5.19,active,12
POL0004343,MEM004344,AGT0058,MetLife,Dental Basic,2024-02-01,2026-02-01,31.17,374.04,0.18,5.61,active,24
POL0004344,MEM004345,AGT0007,VSP,Dental+Vision Bundle,2024-03-01,2025-03-01,71.95,863.4,0.25,17.99,active,12
POL0004345,MEM004346,AGT0006,VSP,Dental Premium,2023-03-01,2024-03-01,52.72,632.64,0.22,11.6,active,12
POL0004346,MEM004347,AGT0006,MetLife,Vision Premium,2024-04-01,2026-04-01,33.32,399.84,0.2,6.66,active,24
POL0004347,MEM004348,AGT0035,MetLife,Vision Basic,2024-11-01,2025-11-01,19.99,239.88,0.16,3.2,expired,12
POL0004348,MEM004349,AGT0028,Zurich,Dental Basic,2024-09-01,2025-09-01,29.63,355.56,0.18,5.33,active,12
POL0004349,MEM004350,AGT0031,Zurich,Dental Basic,2023-06-01,2024-06-01,31.34,376.08,0.18,5.64,active,12
POL0004350,MEM004351,AGT0078,VSP,Dental Premium,2024-02-01,2027-02-01,53.2,638.4,0.22,11.7,active,36
POL0004351,MEM004352,AGT0073,VSP,Vision Premium,2023-08-01,2025-08-01,34.97,419.64,0.2,6.99,cancelled,24
POL0004352,MEM004353,AGT0074,Zurich,Dental+Vision Bundle,2024-02-01,2025-02-01,78.24,938.88,0.25,19.56,expired,12
POL0004353,MEM004354,AGT0080,Zurich,Vision Basic,2024-03-01,2025-03-01,20.55,246.6,0.16,3.29,pending,12
POL0004354,MEM004355,AGT0045,VSP,Dental+Vision Bundle,2023-03-01,2024-03-01,78.43,941.16,0.25,19.61,active,12
POL0004355,MEM004356,AGT0035,Zurich,Vision Basic,2024-12-01,2025-12-01,20.88,250.56,0.16,3.34,cancelled,12
POL0004356,MEM004357,AGT0037,Zurich,Vision Basic,2023-06-01,2024-06-01,20.9,250.8,0.16,3.34,active,12
POL0004357,MEM004358,AGT0043,MetLife,Vision Basic,2024-10-01,2025-04-01,19.57,234.84,0.16,3.13,active,6
POL0004358,MEM004359,AGT0072,MetLife,Vision Premium,2023-06-01,2025-06-01,36.19,434.28,0.2,7.24,expired,24
POL0004359,MEM004360,AGT0045,Zurich,Dental Basic,2024-10-01,2025-10-01,30.44,365.28,0.18,5.48,active,12
POL0004360,MEM004361,AGT0052,MetLife,Dental+Vision Bundle,2023-11-01,2025-11-01,77.87,934.44,0.25,19.47,active,24
POL0004361,MEM004362,AGT0016,VSP,Vision Basic,2024-10-01,2025-10-01,20.21,242.52,0.16,3.23,cancelled,12
POL0004362,MEM004363,AGT0049,MetLife,Dental Basic,2023-03-01,2024-03-01,31.36,376.32,0.18,5.64,active,12
POL0004363,MEM004364,AGT0018,VSP,Vision Basic,2024-03-01,2025-03-01,19.74,236.88,0.16,3.16,pending,12
POL0004364,MEM004365,AGT0038,VSP,Dental+Vision Bundle,2023-03-01,2024-03-01,75.38,904.56,0.25,18.84,cancelled,12
POL0004365,MEM004366,AGT0003,MetLife,Dental Basic,2023-07-01,2024-07-01,30.92,371.04,0.18,5.57,expired,12
POL0004366,MEM004367,AGT0047,MetLife,Dental Basic,2023-04-01,2024-04-01,28.62,343.44,0.18,5.15,expired,12
POL0004367,MEM004368,AGT0057,MetLife,Vision Premium,2023-08-01,2024-08-01,33.93,407.16,0.2,6.79,active,12
POL0004368,MEM004369,AGT0064,MetLife,Dental Premium,2024-11-01,2027-11-01,52.7,632.4,0.22,11.59,active,36
POL0004369,MEM004370,AGT0057,Zurich,Dental Basic,2023-03-01,2024-03-01,28.54,342.48,0.18,5.14,active,12
POL0004370,MEM004371,AGT0039,MetLife,Dental Basic,2023-06-01,2024-06-01,31.35,376.2,0.18,5.64,active,12
POL0004371,MEM004372,AGT0057,Zurich,Dental Premium,2024-09-01,2025-03-01,56.89,682.68,0.22,12.52,cancelled,6
POL0004372,MEM004373,AGT0028,MetLife,Vision Premium,2024-02-01,2025-02-01,34.63,415.56,0.2,6.93,active,12
POL0004373,MEM004374,AGT0007,VSP,Vision Premium,2023-12-01,2024-06-01,33.86,406.32,0.2,6.77,cancelled,6
POL0004374,MEM004375,AGT0068,Zurich,Vision Basic,2023-06-01,2024-06-01,19.56,234.72,0.16,3.13,expired,12
POL0004375,MEM004376,AGT0052,Zurich,Dental Basic,2024-03-01,2026-03-01,29.84,358.08,0.18,5.37,active,24
POL0004376,MEM004377,AGT0071,MetLife,Dental Basic,2024-01-01,2025-01-01,30.08,360.96,0.18,5.41,active,12
POL0004377,MEM004378,AGT0072,VSP,Dental Premium,2023-12-01,2024-12-01,54.78,657.36,0.22,12.05,active,12
POL0004378,MEM004379,AGT0007,MetLife,Dental+Vision Bundle,2023-02-01,2025-02-01,78.28,939.36,0.25,19.57,active,24
POL0004379,MEM004380,AGT0070,VSP,Dental Basic,2024-06-01,2026-06-01,29.11,349.32,0.18,5.24,active,24
POL0004380,MEM004381,AGT0024,MetLife,Dental Basic,2023-02-01,2024-02-01,30.53,366.36,0.18,5.5,expired,12
POL0004381,MEM004382,AGT0031,MetLife,Dental Basic,2024-02-01,2025-02-01,28.6,343.2,0.18,5.15,active,12
POL0004382,MEM004383,AGT0018,MetLife,Vision Basic,2023-06-01,2025-06-01,20.34,244.08,0.16,3.25,active,24
POL0004383,MEM004384,AGT0006,MetLife,Dental+Vision Bundle,2024-03-01,2027-03-01,77.94,935.28,0.25,19.48,active,36
POL0004384,MEM004385,AGT0021,VSP,Dental+Vision Bundle,2023-06-01,2025-06-01,73.43,881.16,0.25,18.36,cancelled,24
POL0004385,MEM004386,AGT0076,Zurich,Dental Basic,2024-05-01,2025-05-01,29.7,356.4,0.18,5.35,active,12
POL0004386,MEM004387,AGT0031,Zurich,Dental+Vision Bundle,2023-07-01,2024-07-01,74.65,895.8,0.25,18.66,active,12
POL0004387,MEM004388,AGT0044,Zurich,Dental Basic,2023-07-01,2024-07-01,30.38,364.56,0.18,5.47,expired,12
POL0004388,MEM004389,AGT0003,Zurich,Dental Basic,2023-06-01,2024-06-01,31.44,377.28,0.18,5.66,cancelled,12
POL0004389,MEM004390,AGT0079,MetLife,Dental Basic,2023-02-01,2024-02-01,29.72,356.64,0.18,5.35,active,12
POL0004390,MEM004391,AGT0038,MetLife,Dental Basic,2023-07-01,2024-07-01,29.92,359.04,0.18,5.39,active,12
POL0004391,MEM004392,AGT0078,Zurich,Vision Basic,2023-12-01,2026-12-01,20.29,243.48,0.16,3.25,cancelled,36
POL0004392,MEM004393,AGT0043,VSP,Dental+Vision Bundle,2024-10-01,2025-10-01,78.13,937.56,0.25,19.53,active,12
POL0004393,MEM004394,AGT0017,VSP,Dental Basic,2024-01-01,2025-01-01,29.57,354.84,0.18,5.32,active,12
POL0004394,MEM004395,AGT0073,Zurich,Vision Basic,2024-04-01,2026-04-01,20.49,245.88,0.16,3.28,expired,24
POL0004395,MEM004396,AGT0029,MetLife,Dental Basic,2023-04-01,2024-04-01,28.65,343.8,0.18,5.16,active,12
POL0004396,MEM004397,AGT0028,Zurich,Dental Basic,2024-03-01,2025-03-01,28.92,347.04,0.18,5.21,cancelled,12
POL0004397,MEM004398,AGT0064,VSP,Vision Basic,2024-04-01,2024-10-01,19.44,233.28,0.16,3.11,active,6
POL0004398,MEM004399,AGT0054,Zurich,Vision Basic,2023-09-01,2024-09-01,19.99,239.88,0.16,3.2,active,12
POL0004399,MEM004400,AGT0039,Zurich,Vision Basic,2023-03-01,2024-03-01,19.21,230.52,0.16,3.07,cancelled,12
POL0004400,MEM004401,AGT0072,VSP,Dental Basic,2024-04-01,2026-04-01,30.23,362.76,0.18,5.44,active,24
POL0004401,MEM004402,AGT0079,VSP,Dental Basic,2024-02-01,2025-02-01,28.74,344.88,0.18,5.17,active,12
POL0004402,MEM004403,AGT0037,MetLife,Vision Premium,2024-06-01,2024-12-01,35.4,424.8,0.2,7.08,active,6
POL0004403,MEM004404,AGT0007,MetLife,Dental+Vision Bundle,2023-03-01,2026-03-01,72.81,873.72,0.25,18.2,active,36
POL0004404,MEM004405,AGT0061,VSP,Vision Basic,2023-11-01,2025-11-01,19.86,238.32,0.16,3.18,pending,24
POL0004405,MEM004406,AGT0018,VSP,Vision Basic,2024-04-01,2026-04-01,19.76,237.12,0.16,3.16,cancelled,24
POL0004406,MEM004407,AGT0002,MetLife,Dental Basic,2023-02-01,2024-02-01,31.46,377.52,0.18,5.66,cancelled,12
POL0004407,MEM004408,AGT0046,Zurich,Dental+Vision Bundle,2024-03-01,2025-03-01,74.14,889.68,0.25,18.54,expired,12
POL0004408,MEM004409,AGT0010,VSP,Vision Basic,2024-03-01,2025-03-01,19.22,230.64,0.16,3.08,active,12
POL0004409,MEM004410,AGT0063,Zurich,Vision Basic,2023-11-01,2024-05-01,20.09,241.08,0.16,3.21,active,6
POL0004410,MEM004411,AGT0076,Zurich,Vision Premium,2023-05-01,2024-05-01,33.46,401.52,0.2,6.69,active,12
POL0004411,MEM004412,AGT0070,Zurich,Dental Premium,2024-12-01,2025-12-01,55.55,666.6,0.22,12.22,active,12
POL0004412,MEM004413,AGT0077,Zurich,Vision Basic,2024-10-01,2025-10-01,20.83,249.96,0.16,3.33,active,12
POL0004413,MEM004414,AGT0041,VSP,Dental Basic,2023-03-01,2024-03-01,28.82,345.84,0.18,5.19,cancelled,12
POL0004414,MEM004415,AGT0019,VSP,Vision Premium,2023-11-01,2024-11-01,33.34,400.08,0.2,6.67,active,12
POL0004415,MEM004416,AGT0017,MetLife,Vision Premium,2024-04-01,2026-04-01,33.28,399.36,0.2,6.66,expired,24
POL0004416,MEM004417,AGT0013,MetLife,Dental Basic,2024-09-01,2026-09-01,29.49,353.88,0.18,5.31,cancelled,24
POL0004417,MEM004418,AGT0010,Zurich,Dental+Vision Bundle,2024-08-01,2026-08-01,72.99,875.88,0.25,18.25,active,24
POL0004418,MEM004419,AGT0037,Zurich,Dental+Vision Bundle,2023-05-01,2025-05-01,78.72,944.64,0.25,19.68,active,24
POL0004419,MEM004420,AGT0001,Zurich,Dental Basic,2023-09-01,2024-09-01,29.91,358.92,0.18,5.38,active,12
POL0004420,MEM004421,AGT0018,MetLife,Dental+Vision Bundle,2024-05-01,2025-05-01,73.22,878.64,0.25,18.3,active,12
POL0004421,MEM004422,AGT0039,MetLife,Dental+Vision Bundle,2024-07-01,2027-07-01,72.37,868.44,0.25,18.09,active,36
POL0004422,MEM004423,AGT0051,Zurich,Vision Basic,2024-11-01,2027-11-01,20.04,240.48,0.16,3.21,cancelled,36
POL0004423,MEM004424,AGT0066,Zurich,Vision Basic,2024-06-01,2025-06-01,19.19,230.28,0.16,3.07,active,12
POL0004424,MEM004425,AGT0068,Zurich,Vision Basic,2023-06-01,2024-06-01,19.84,238.08,0.16,3.17,active,12
POL0004425,MEM004426,AGT0070,VSP,Dental Basic,2024-06-01,2025-06-01,31.39,376.68,0.18,5.65,active,12
POL0004426,MEM004427,AGT0010,Zurich,Dental Basic,2024-07-01,2025-07-01,29.82,357.84,0.18,5.37,active,12
POL0004427,MEM004428,AGT0052,VSP,Vision Basic,2023-10-01,2024-10-01,19.08,228.96,0.16,3.05,active,12
POL0004428,MEM004429,AGT0035,VSP,Dental Basic,2024-09-01,2025-09-01,29.07,348.84,0.18,5.23,active,12
POL0004429,MEM004430,AGT0055,Zurich,Dental Premium,2024-12-01,2025-12-01,55.99,671.88,0.22,12.32,expired,12
POL0004430,MEM004431,AGT0025,Zurich,Vision Basic,2023-11-01,2025-11-01,19.98,239.76,0.16,3.2,cancelled,24
POL0004431,MEM004432,AGT0026,VSP,Dental+Vision Bundle,2023-02-01,2025-02-01,72.46,869.52,0.25,18.11,pending,24
POL0004432,MEM004433,AGT0074,MetLife,Dental Premium,2023-03-01,2024-03-01,54.8,657.6,0.22,12.06,expired,12
POL0004433,MEM004434,AGT0001,MetLife,Dental Premium,2024-02-01,2025-02-01,57.25,687.0,0.22,12.6,expired,12
POL0004434,MEM004435,AGT0065,VSP,Dental+Vision Bundle,2024-01-01,2025-01-01,76.6,919.2,0.25,19.15,active,12
POL0004435,MEM004436,AGT0052,VSP,Dental Premium,2024-01-01,2026-01-01,56.98,683.76,0.22,12.54,active,24
POL0004436,MEM004437,AGT0013,MetLife,Dental Premium,2024-02-01,2027-02-01,53.99,647.88,0.22,11.88,expired,36
POL0004437,MEM004438,AGT0001,MetLife,Dental Premium,2024-04-01,2024-10-01,53.66,643.92,0.22,11.81,cancelled,6
POL0004438,MEM004439,AGT0054,Zurich,Dental+Vision Bundle,2024-05-01,2025-05-01,73.44,881.28,0.25,18.36,cancelled,12
POL0004439,MEM004440,AGT0010,VSP,Dental Premium,2023-11-01,2024-11-01,54.24,650.88,0.22,11.93,active,12
POL0004440,MEM004441,AGT0020,MetLife,Dental+Vision Bundle,2023-10-01,2024-10-01,72.87,874.44,0.25,18.22,expired,12
POL0004441,MEM004442,AGT0066,Zurich,Vision Basic,2023-12-01,2026-12-01,19.88,238.56,0.16,3.18,expired,36
POL0004442,MEM004443,AGT0026,MetLife,Vision Basic,2023-11-01,2024-11-01,20.67,248.04,0.16,3.31,cancelled,12
POL0004443,MEM004444,AGT0066,MetLife,Dental+Vision Bundle,2024-08-01,2025-02-01,77.92,935.04,0.25,19.48,active,6
POL0004444,MEM004445,AGT0058,MetLife,Dental+Vision Bundle,2024-05-01,2025-05-01,75.72,908.64,0.25,18.93,active,12
POL0004445,MEM004446,AGT0080,VSP,Dental+Vision Bundle,2024-03-01,2027-03-01,76.15,913.8,0.25,19.04,active,36
POL0004446,MEM004447,AGT0066,Zurich,Dental Premium,2023-11-01,2024-11-01,56.72,680.64,0.22,12.48,active,12
POL0004447,MEM004448,AGT0007,Zurich,Vision Basic,2023-07-01,2024-01-01,19.23,230.76,0.16,3.08,pending,6
POL0004448,MEM004449,AGT0078,VSP,Vision Premium,2024-08-01,2025-02-01,34.97,419.64,0.2,6.99,expired,6
POL0004449,MEM004450,AGT0002,Zurich,Vision Premium,2023-09-01,2024-03-01,33.34,400.08,0.2,6.67,active,6
POL0004450,MEM004451,AGT0061,Zurich,Vision Basic,2024-11-01,2026-11-01,19.06,228.72,0.16,3.05,active,24
POL0004451,MEM004452,AGT0035,VSP,Dental+Vision Bundle,2024-09-01,2025-09-01,72.84,874.08,0.25,18.21,active,12
POL0004452,MEM004453,AGT0027,VSP,Dental Premium,2024-08-01,2025-02-01,57.48,689.76,0.22,12.65,cancelled,6
POL0004453,MEM004454,AGT0039,VSP,Dental+Vision Bundle,2023-11-01,2024-11-01,74.65,895.8,0.25,18.66,active,12
POL0004454,MEM004455,AGT0049,Zurich,Vision Basic,2024-05-01,2025-05-01,19.63,235.56,0.16,3.14,active,12
POL0004455,MEM004456,AGT0042,VSP,Vision Basic,2024-07-01,2025-07-01,20.67,248.04,0.16,3.31,active,12
POL0004456,MEM004457,AGT0003,VSP,Vision Basic,2023-09-01,2024-03-01,20.13,241.56,0.16,3.22,cancelled,6
POL0004457,MEM004458,AGT0018,Zurich,Dental+Vision Bundle,2024-11-01,2026-11-01,78.21,938.52,0.25,19.55,expired,24
POL0004458,MEM004459,AGT0033,VSP,Dental Basic,2023-02-01,2024-02-01,28.88,346.56,0.18,5.2,active,12
POL0004459,MEM004460,AGT0046,Zurich,Vision Basic,2023-03-01,2023-09-01,20.78,249.36,0.16,3.32,active,6
POL0004460,MEM004461,AGT0036,Zurich,Dental+Vision Bundle,2023-06-01,2025-06-01,72.35,868.2,0.25,18.09,active,24
POL0004461,MEM004462,AGT0040,MetLife,Dental Basic,2023-02-01,2024-02-01,31.1,373.2,0.18,5.6,active,12
POL0004462,MEM004463,AGT0059,VSP,Dental Premium,2023-05-01,2025-05-01,53.19,638.28,0.22,11.7,expired,24
POL0004463,MEM004464,AGT0079,VSP,Dental+Vision Bundle,2024-04-01,2026-04-01,77.56,930.72,0.25,19.39,expired,24
POL0004464,MEM004465,AGT0066,VSP,Vision Premium,2023-05-01,2024-05-01,36.73,440.76,0.2,7.35,active,12
POL0004465,MEM004466,AGT0001,Zurich,Vision Basic,2024-07-01,2025-07-01,19.78,237.36,0.16,3.16,active,12
POL0004466,MEM004467,AGT0051,Zurich,Vision Basic,2023-06-01,2024-06-01,20.5,246.0,0.16,3.28,active,12
POL0004467,MEM004468,AGT0054,MetLife,Dental Basic,2023-11-01,2024-11-01,31.02,372.24,0.18,5.58,cancelled,12
POL0004468,MEM004469,AGT0004,Zurich,Vision Basic,2023-09-01,2025-09-01,20.75,249.0,0.16,3.32,active,24
POL0004469,MEM004470,AGT0036,MetLife,Vision Basic,2024-08-01,2025-02-01,19.15,229.8,0.16,3.06,expired,6
POL0004470,MEM004471,AGT0027,MetLife,Dental+Vision Bundle,2024-06-01,2025-06-01,71.65,859.8,0.25,17.91,active,12
POL0004471,MEM004472,AGT0050,VSP,Dental Basic,2024-04-01,2027-04-01,30.28,363.36,0.18,5.45,active,36
POL0004472,MEM004473,AGT0048,MetLife,Dental+Vision Bundle,2024-09-01,2025-09-01,73.77,885.24,0.25,18.44,active,12
POL0004473,MEM004474,AGT0070,Zurich,Dental Basic,2024-07-01,2025-07-01,30.56,366.72,0.18,5.5,active,12
POL0004474,MEM004475,AGT0044,Zurich,Dental Premium,2023-06-01,2024-06-01,56.89,682.68,0.22,12.52,active,12
POL0004475,MEM004476,AGT0003,VSP,Dental+Vision Bundle,2024-10-01,2025-10-01,73.68,884.16,0.25,18.42,cancelled,12
POL0004476,MEM004477,AGT0019,MetLife,Vision Premium,2023-09-01,2024-09-01,36.55,438.6,0.2,7.31,cancelled,12
POL0004477,MEM004478,AGT0065,Zurich,Dental Basic,2023-06-01,2024-06-01,30.87,370.44,0.18,5.56,active,12
POL0004478,MEM004479,AGT0061,Zurich,Dental+Vision Bundle,2023-07-01,2024-01-01,73.67,884.04,0.25,18.42,expired,6
POL0004479,MEM004480,AGT0041,VSP,Dental+Vision Bundle,2023-03-01,2024-03-01,76.42,917.04,0.25,19.11,active,12
POL0004480,MEM004481,AGT0071,VSP,Dental+Vision Bundle,2024-08-01,2027-08-01,78.2,938.4,0.25,19.55,active,36
POL0004481,MEM004482,AGT0034,MetLife,Vision Basic,2024-05-01,2025-05-01,20.34,244.08,0.16,3.25,cancelled,12
POL0004482,MEM004483,AGT0041,VSP,Dental Basic,2024-04-01,2026-04-01,30.86,370.32,0.18,5.55,cancelled,24
POL0004483,MEM004484,AGT0070,Zurich,Vision Premium,2024-07-01,2026-07-01,33.28,399.36,0.2,6.66,active,24
POL0004484,MEM004485,AGT0066,MetLife,Dental Premium,2024-05-01,2025-05-01,56.0,672.0,0.22,12.32,cancelled,12
POL0004485,MEM004486,AGT0078,MetLife,Vision Basic,2023-04-01,2024-04-01,20.14,241.68,0.16,3.22,cancelled,12
POL0004486,MEM004487,AGT0078,Zurich,Vision Basic,2023-12-01,2024-12-01,20.49,245.88,0.16,3.28,active,12
POL0004487,MEM004488,AGT0027,Zurich,Dental Premium,2023-07-01,2024-07-01,56.45,677.4,0.22,12.42,active,12
POL0004488,MEM004489,AGT0027,Zurich,Dental Basic,2024-07-01,2025-01-01,28.81,345.72,0.18,5.19,cancelled,6
POL0004489,MEM004490,AGT0052,MetLife,Dental Basic,2023-07-01,2024-07-01,31.39,376.68,0.18,5.65,cancelled,12
POL0004490,MEM004491,AGT0024,MetLife,Dental+Vision Bundle,2024-09-01,2025-09-01,77.52,930.24,0.25,19.38,active,12
POL0004491,MEM004492,AGT0012,Zurich,Dental+Vision Bundle,2024-12-01,2025-12-01,72.91,874.92,0.25,18.23,pending,12
POL0004492,MEM004493,AGT0073,Zurich,Vision Premium,2024-08-01,2026-08-01,36.24,434.88,0.2,7.25,active,24
POL0004493,MEM004494,AGT0066,MetLife,Dental+Vision Bundle,2024-07-01,2025-07-01,75.76,909.12,0.25,18.94,active,12
POL0004494,MEM004495,AGT0052,VSP,Vision Premium,2023-02-01,2025-02-01,35.0,420.0,0.2,7.0,active,24
POL0004495,MEM004496,AGT0007,VSP,Vision Basic,2024-10-01,2026-10-01,19.72,236.64,0.16,3.16,active,24
POL0004496,MEM004497,AGT0076,Zurich,Dental Basic,2023-09-01,2025-09-01,31.01,372.12,0.18,5.58,active,24
POL0004497,MEM004498,AGT0036,Zurich,Vision Basic,2024-08-01,2026-08-01,19.09,229.08,0.16,3.05,pending,24
POL0004498,MEM004499,AGT0059,MetLife,Dental Basic,2024-04-01,2026-04-01,29.13,349.56,0.18,5.24,active,24
POL0004499,MEM004500,AGT0063,VSP,Vision Basic,2023-12-01,2026-12-01,19.22,230.64,0.16,3.08,active,36
POL0004500,MEM004501,AGT0029,MetLife,Dental Premium,2024-10-01,2025-10-01,55.39,664.68,0.22,12.19,active,12
POL0004501,MEM004502,AGT0057,MetLife,Vision Premium,2024-05-01,2025-05-01,35.82,429.84,0.2,7.16,active,12
POL0004502,MEM004503,AGT0042,VSP,Dental Premium,2023-07-01,2024-07-01,54.04,648.48,0.22,11.89,cancelled,12
POL0004503,MEM004504,AGT0005,VSP,Dental Basic,2023-03-01,2026-03-01,28.59,343.08,0.18,5.15,active,36
POL0004504,MEM004505,AGT0080,Zurich,Vision Premium,2023-05-01,2026-05-01,33.78,405.36,0.2,6.76,active,36
POL0004505,MEM004506,AGT0036,VSP,Dental Basic,2023-09-01,2024-09-01,30.68,368.16,0.18,5.52,active,12
POL0004506,MEM004507,AGT0027,MetLife,Dental+Vision Bundle,2024-02-01,2025-02-01,74.22,890.64,0.25,18.55,active,12
POL0004507,MEM004508,AGT0062,MetLife,Vision Premium,2023-12-01,2025-12-01,35.36,424.32,0.2,7.07,expired,24
POL0004508,MEM004509,AGT0042,MetLife,Dental Basic,2023-05-01,2024-05-01,29.77,357.24,0.18,5.36,cancelled,12
POL0004509,MEM004510,AGT0042,Zurich,Vision Premium,2024-08-01,2025-02-01,34.45,413.4,0.2,6.89,active,6
POL0004510,MEM004511,AGT0005,Zurich,Vision Basic,2024-07-01,2026-07-01,20.43,245.16,0.16,3.27,expired,24
POL0004511,MEM004512,AGT0007,MetLife,Dental Basic,2024-05-01,2025-05-01,31.28,375.36,0.18,5.63,active,12
POL0004512,MEM004513,AGT0055,Zurich,Dental Premium,2023-12-01,2025-12-01,55.06,660.72,0.22,12.11,expired,24
POL0004513,MEM004514,AGT0038,MetLife,Dental+Vision Bundle,2024-03-01,2025-03-01,75.07,900.84,0.25,18.77,active,12
POL0004514,MEM004515,AGT0039,MetLife,Dental Basic,2023-09-01,2025-09-01,30.46,365.52,0.18,5.48,active,24
POL0004515,MEM004516,AGT0041,VSP,Dental Basic,2023-09-01,2025-09-01,28.76,345.12,0.18,5.18,active,24
POL0004516,MEM004517,AGT0016,VSP,Vision Basic,2024-06-01,2027-06-01,20.63,247.56,0.16,3.3,active,36
POL0004517,MEM004518,AGT0021,Zurich,Dental+Vision Bundle,2024-06-01,2025-06-01,75.76,909.12,0.25,18.94,expired,12
POL0004518,MEM004519,AGT0030,MetLife,Vision Basic,2024-12-01,2025-12-01,20.64,247.68,0.16,3.3,active,12
POL0004519,MEM004520,AGT0018,Zurich,Dental+Vision Bundle,2024-08-01,2025-08-01,71.85,862.2,0.25,17.96,active,12
POL0004520,MEM004521,AGT0039,Zurich,Dental Basic,2024-01-01,2025-01-01,28.9,346.8,0.18,5.2,active,12
POL0004521,MEM004522,AGT0039,MetLife,Dental Premium,2023-09-01,2025-09-01,56.82,681.84,0.22,12.5,active,24
POL0004522,MEM004523,AGT0045,Zurich,Vision Premium,2024-02-01,2025-02-01,35.89,430.68,0.2,7.18,active,12
POL0004523,MEM004524,AGT0056,VSP,Dental Basic,2024-08-01,2025-08-01,30.56,366.72,0.18,5.5,cancelled,12
POL0004524,MEM004525,AGT0038,VSP,Dental+Vision Bundle,2024-05-01,2027-05-01,73.2,878.4,0.25,18.3,active,36
POL0004525,MEM004526,AGT0016,VSP,Vision Premium,2023-10-01,2025-10-01,34.98,419.76,0.2,7.0,cancelled,24
POL0004526,MEM004527,AGT0037,Zurich,Dental Basic,2024-09-01,2025-09-01,29.09,349.08,0.18,5.24,cancelled,12
POL0004527,MEM004528,AGT0079,MetLife,Dental Premium,2024-11-01,2025-11-01,54.94,659.28,0.22,12.09,active,12
POL0004528,MEM004529,AGT0002,MetLife,Dental+Vision Bundle,2024-04-01,2027-04-01,72.0,864.0,0.25,18.0,expired,36
POL0004529,MEM004530,AGT0052,Zurich,Vision Basic,2023-04-01,2025-04-01,19.01,228.12,0.16,3.04,active,24
POL0004530,MEM004531,AGT0030,VSP,Dental+Vision Bundle,2024-11-01,2025-05-01,75.69,908.28,0.25,18.92,expired,6
POL0004531,MEM004532,AGT0008,Zurich,Vision Basic,2024-12-01,2025-12-01,19.73,236.76,0.16,3.16,active,12
POL0004532,MEM004533,AGT0058,VSP,Dental Basic,2024-08-01,2025-02-01,30.62,367.44,0.18,5.51,active,6
POL0004533,MEM004534,AGT0069,VSP,Dental Premium,2023-06-01,2024-06-01,57.62,691.44,0.22,12.68,cancelled,12
POL0004534,MEM004535,AGT0004,MetLife,Dental Premium,2024-11-01,2027-11-01,52.99,635.88,0.22,11.66,expired,36
POL0004535,MEM004536,AGT0074,Zurich,Vision Basic,2024-11-01,2026-11-01,19.44,233.28,0.16,3.11,expired,24
POL0004536,MEM004537,AGT0072,MetLife,Dental Premium,2024-02-01,2025-02-01,57.23,686.76,0.22,12.59,expired,12
POL0004537,MEM004538,AGT0077,Zurich,Dental Premium,2024-05-01,2025-05-01,54.21,650.52,0.22,11.93,expired,12
POL0004538,MEM004539,AGT0010,MetLife,Dental Basic,2024-04-01,2026-04-01,29.97,359.64,0.18,5.39,active,24
POL0004539,MEM004540,AGT0036,MetLife,Dental+Vision Bundle,2023-12-01,2026-12-01,75.79,909.48,0.25,18.95,active,36
POL0004540,MEM004541,AGT0018,Zurich,Vision Premium,2023-03-01,2025-03-01,33.88,406.56,0.2,6.78,active,24
POL0004541,MEM004542,AGT0076,Zurich,Dental Basic,2023-09-01,2024-09-01,29.85,358.2,0.18,5.37,active,12
POL0004542,MEM004543,AGT0071,MetLife,Dental+Vision Bundle,2023-09-01,2025-09-01,71.99,863.88,0.25,18.0,expired,24
POL0004543,MEM004544,AGT0003,MetLife,Vision Basic,2024-06-01,2026-06-01,19.13,229.56,0.16,3.06,active,24
POL0004544,MEM004545,AGT0020,Zurich,Dental Premium,2024-05-01,2024-11-01,54.0,648.0,0.22,11.88,active,6
POL0004545,MEM004546,AGT0038,MetLife,Vision Basic,2024-03-01,2026-03-01,19.14,229.68,0.16,3.06,cancelled,24
POL0004546,MEM004547,AGT0009,VSP,Dental Premium,2023-09-01,2024-03-01,52.4,628.8,0.22,11.53,active,6
POL0004547,MEM004548,AGT0040,MetLife,Dental+Vision Bundle,2024-03-01,2025-03-01,76.98,923.76,0.25,19.25,active,12
POL0004548,MEM004549,AGT0071,VSP,Dental Basic,2024-02-01,2026-02-01,29.71,356.52,0.18,5.35,active,24
POL0004549,MEM004550,AGT0009,Zurich,Vision Basic,2023-06-01,2026-06-01,20.65,247.8,0.16,3.3,cancelled,36
POL0004550,MEM004551,AGT0043,VSP,Vision Basic,2024-02-01,2026-02-01,20.74,248.88,0.16,3.32,active,24
POL0004551,MEM004552,AGT0057,VSP,Dental+Vision Bundle,2023-07-01,2024-07-01,76.71,920.52,0.25,19.18,active,12
POL0004552,MEM004553,AGT0078,MetLife,Dental Basic,2023-10-01,2025-10-01,31.21,374.52,0.18,5.62,active,24
POL0004553,MEM004554,AGT0023,Zurich,Dental+Vision Bundle,2024-08-01,2026-08-01,75.17,902.04,0.25,18.79,active,24
POL0004554,MEM004555,AGT0035,VSP,Dental+Vision Bundle,2024-01-01,2026-01-01,77.28,927.36,0.25,19.32,active,24
POL0004555,MEM004556,AGT0062,MetLife,Dental Basic,2023-10-01,2025-10-01,30.78,369.36,0.18,5.54,active,24
POL0004556,MEM004557,AGT0001,VSP,Vision Basic,2024-08-01,2025-08-01,20.65,247.8,0.16,3.3,active,12
POL0004557,MEM004558,AGT0033,VSP,Dental Premium,2023-10-01,2024-10-01,57.65,691.8,0.22,12.68,pending,12
POL0004558,MEM004559,AGT0038,Zurich,Dental+Vision Bundle,2023-04-01,2024-04-01,74.54,894.48,0.25,18.64,active,12
POL0004559,MEM004560,AGT0015,VSP,Vision Premium,2023-07-01,2024-07-01,33.83,405.96,0.2,6.77,active,12
POL0004560,MEM004561,AGT0067,VSP,Vision Basic,2024-09-01,2027-09-01,19.84,238.08,0.16,3.17,expired,36
POL0004561,MEM004562,AGT0018,Zurich,Dental Basic,2023-12-01,2024-12-01,28.91,346.92,0.18,5.2,cancelled,12
POL0004562,MEM004563,AGT0037,MetLife,Dental Premium,2023-02-01,2024-02-01,55.63,667.56,0.22,12.24,cancelled,12
POL0004563,MEM004564,AGT0013,Zurich,Dental Basic,2024-11-01,2025-11-01,28.69,344.28,0.18,5.16,active,12
POL0004564,MEM004565,AGT0007,MetLife,Dental Basic,2024-07-01,2025-07-01,31.27,375.24,0.18,5.63,expired,12
POL0004565,MEM004566,AGT0011,VSP,Dental Basic,2024-08-01,2025-08-01,30.63,367.56,0.18,5.51,active,12
POL0004566,MEM004567,AGT0009,VSP,Dental Basic,2023-04-01,2025-04-01,30.9,370.8,0.18,5.56,active,24
POL0004567,MEM004568,AGT0022,Zurich,Dental Basic,2024-06-01,2025-06-01,30.4,364.8,0.18,5.47,pending,12
POL0004568,MEM004569,AGT0010,Zurich,Vision Basic,2023-02-01,2024-02-01,20.47,245.64,0.16,3.28,active,12
POL0004569,MEM004570,AGT0041,VSP,Dental Premium,2023-03-01,2024-03-01,53.47,641.64,0.22,11.76,active,12
POL0004570,MEM004571,AGT0053,Zurich,Vision Basic,2024-01-01,2024-07-01,19.49,233.88,0.16,3.12,active,6
POL0004571,MEM004572,AGT0075,Zurich,Dental Basic,2023-02-01,2024-02-01,31.02,372.24,0.18,5.58,active,12
POL0004572,MEM004573,AGT0023,Zurich,Vision Premium,2023-04-01,2023-10-01,36.24,434.88,0.2,7.25,expired,6
POL0004573,MEM004574,AGT0007,MetLife,Dental Basic,2023-02-01,2023-08-01,29.45,353.4,0.18,5.3,active,6
POL0004574,MEM004575,AGT0043,Zurich,Vision Premium,2023-08-01,2024-08-01,35.51,426.12,0.2,7.1,active,12
POL0004575,MEM004576,AGT0018,MetLife,Dental Premium,2024-01-01,2025-01-01,53.36,640.32,0.22,11.74,active,12
POL0004576,MEM004577,AGT0020,MetLife,Dental Premium,2023-05-01,2025-05-01,55.91,670.92,0.22,12.3,cancelled,24
POL0004577,MEM004578,AGT0041,MetLife,Dental Premium,2024-06-01,2024-12-01,55.29,663.48,0.22,12.16,active,6
POL0004578,MEM004579,AGT0003,MetLife,Dental+Vision Bundle,2024-09-01,2026-09-01,72.98,875.76,0.25,18.25,pending,24
POL0004579,MEM004580,AGT0027,Zurich,Vision Basic,2024-03-01,2024-09-01,20.85,250.2,0.16,3.34,cancelled,6
POL0004580,MEM004581,AGT0036,MetLife,Dental Basic,2023-06-01,2024-06-01,29.97,359.64,0.18,5.39,active,12
POL0004581,MEM004582,AGT0017,MetLife,Vision Premium,2023-12-01,2024-12-01,33.82,405.84,0.2,6.76,active,12
POL0004582,MEM004583,AGT0018,Zurich,Dental Basic,2023-03-01,2024-03-01,29.55,354.6,0.18,5.32,active,12
POL0004583,MEM004584,AGT0015,MetLife,Dental Premium,2024-12-01,2027-12-01,54.58,654.96,0.22,12.01,active,36
POL0004584,MEM004585,AGT0074,MetLife,Dental Basic,2023-12-01,2024-12-01,31.04,372.48,0.18,5.59,expired,12
POL0004585,MEM004586,AGT0024,Zurich,Dental Premium,2024-11-01,2025-11-01,52.42,629.04,0.22,11.53,cancelled,12
POL0004586,MEM004587,AGT0032,Zurich,Vision Basic,2023-05-01,2024-05-01,19.82,237.84,0.16,3.17,expired,12
POL0004587,MEM004588,AGT0043,MetLife,Dental Basic,2024-01-01,2024-07-01,31.16,373.92,0.18,5.61,cancelled,6
POL0004588,MEM004589,AGT0039,VSP,Vision Basic,2023-08-01,2024-08-01,20.8,249.6,0.16,3.33,active,12
POL0004589,MEM004590,AGT0034,Zurich,Vision Basic,2024-04-01,2025-04-01,20.96,251.52,0.16,3.35,cancelled,12
POL0004590,MEM004591,AGT0023,Zurich,Dental Basic,2024-04-01,2026-04-01,31.49,377.88,0.18,5.67,pending,24
POL0004591,MEM004592,AGT0056,VSP,Vision Basic,2024-09-01,2025-09-01,19.66,235.92,0.16,3.15,active,12
POL0004592,MEM004593,AGT0074,Zurich,Vision Basic,2024-05-01,2025-05-01,19.97,239.64,0.16,3.2,cancelled,12
POL0004593,MEM004594,AGT0061,MetLife,Dental Premium,2024-02-01,2026-02-01,53.65,643.8,0.22,11.8,active,24
POL0004594,MEM004595,AGT0050,VSP,Dental Premium,2023-05-01,2024-05-01,55.67,668.04,0.22,12.25,pending,12
POL0004595,MEM004596,AGT0035,VSP,Vision Premium,2024-01-01,2024-07-01,36.56,438.72,0.2,7.31,active,6
POL0004596,MEM004597,AGT0032,Zurich,Vision Basic,2024-03-01,2025-03-01,19.41,232.92,0.16,3.11,active,12
POL0004597,MEM004598,AGT0039,MetLife,Dental Premium,2024-10-01,2026-10-01,55.43,665.16,0.22,12.19,expired,24
POL0004598,MEM004599,AGT0052,Zurich,Vision Premium,2024-02-01,2026-02-01,34.24,410.88,0.2,6.85,expired,24
POL0004599,MEM004600,AGT0035,VSP,Dental Premium,2023-07-01,2024-07-01,52.49,629.88,0.22,11.55,active,12
POL0004600,MEM004601,AGT0027,Zurich,Vision Basic,2023-12-01,2024-06-01,19.36,232.32,0.16,3.1,active,6
POL0004601,MEM004602,AGT0071,VSP,Vision Premium,2024-03-01,2027-03-01,34.29,411.48,0.2,6.86,active,36
POL0004602,MEM004603,AGT0050,VSP,Dental+Vision Bundle,2023-07-01,2024-07-01,78.23,938.76,0.25,19.56,active,12
POL0004603,MEM004604,AGT0044,VSP,Dental Basic,2023-07-01,2024-07-01,30.86,370.32,0.18,5.55,active,12
POL0004604,MEM004605,AGT0026,Zurich,Vision Basic,2024-11-01,2026-11-01,20.88,250.56,0.16,3.34,expired,24
POL0004605,MEM004606,AGT0028,Zurich,Dental Premium,2023-09-01,2024-09-01,55.57,666.84,0.22,12.23,active,12
POL0004606,MEM004607,AGT0055,MetLife,Vision Premium,2024-08-01,2026-08-01,34.59,415.08,0.2,6.92,expired,24
POL0004607,MEM004608,AGT0051,Zurich,Vision Basic,2023-02-01,2024-02-01,20.26,243.12,0.16,3.24,active,12
POL0004608,MEM004609,AGT0076,Zurich,Dental Basic,2023-11-01,2025-11-01,31.45,377.4,0.18,5.66,expired,24
POL0004609,MEM004610,AGT0054,MetLife,Dental Premium,2024-10-01,2026-10-01,52.43,629.16,0.22,11.53,active,24
POL0004610,MEM004611,AGT0013,VSP,Dental+Vision Bundle,2023-09-01,2024-09-01,76.2,914.4,0.25,19.05,active,12
POL0004611,MEM004612,AGT0012,MetLife,Dental Basic,2024-07-01,2026-07-01,29.43,353.16,0.18,5.3,pending,24
POL0004612,MEM004613,AGT0017,VSP,Dental Basic,2024-06-01,2025-06-01,31.25,375.0,0.18,5.62,active,12
POL0004613,MEM004614,AGT0036,Zurich,Vision Basic,2023-07-01,2024-07-01,20.5,246.0,0.16,3.28,cancelled,12
POL0004614,MEM004615,AGT0072,MetLife,Dental Premium,2024-06-01,2026-06-01,55.21,662.52,0.22,12.15,cancelled,24
POL0004615,MEM004616,AGT0016,MetLife,Dental+Vision Bundle,2023-11-01,2026-11-01,73.21,878.52,0.25,18.3,active,36
POL0004616,MEM004617,AGT0076,VSP,Vision Premium,2023-11-01,2024-11-01,35.7,428.4,0.2,7.14,pending,12
POL0004617,MEM004618,AGT0042,Zurich,Dental Premium,2024-04-01,2026-04-01,56.2,674.4,0.22,12.36,cancelled,24
POL0004618,MEM004619,AGT0050,Zurich,Dental Premium,2023-06-01,2025-06-01,54.7,656.4,0.22,12.03,active,24
POL0004619,MEM004620,AGT0077,MetLife,Vision Basic,2024-03-01,2025-03-01,20.93,251.16,0.16,3.35,active,12
POL0004620,MEM004621,AGT0002,MetLife,Dental Premium,2024-09-01,2027-09-01,55.74,668.88,0.22,12.26,expired,36
POL0004621,MEM004622,AGT0011,Zurich,Dental Basic,2024-09-01,2027-09-01,31.25,375.0,0.18,5.62,expired,36
POL0004622,MEM004623,AGT0038,Zurich,Vision Basic,2024-11-01,2026-11-01,19.83,237.96,0.16,3.17,cancelled,24
POL0004623,MEM004624,AGT0004,VSP,Vision Premium,2024-10-01,2025-10-01,35.21,422.52,0.2,7.04,active,12
POL0004624,MEM004625,AGT0043,MetLife,Vision Basic,2024-08-01,2025-08-01,19.78,237.36,0.16,3.16,active,12
POL0004625,MEM004626,AGT0014,MetLife,Dental Premium,2023-03-01,2024-03-01,56.29,675.48,0.22,12.38,cancelled,12
POL0004626,MEM004627,AGT0052,Zurich,Dental Basic,2024-09-01,2025-03-01,31.43,377.16,0.18,5.66,active,6
POL0004627,MEM004628,AGT0005,MetLife,Dental Basic,2024-10-01,2026-10-01,31.08,372.96,0.18,5.59,active,24
POL0004628,MEM004629,AGT0028,VSP,Dental+Vision Bundle,2023-09-01,2025-09-01,73.86,886.32,0.25,18.46,cancelled,24
POL0004629,MEM004630,AGT0036,Zurich,Vision Premium,2024-04-01,2024-10-01,35.45,425.4,0.2,7.09,active,6
POL0004630,MEM004631,AGT0070,Zurich,Dental Premium,2023-11-01,2024-05-01,53.64,643.68,0.22,11.8,cancelled,6
POL0004631,MEM004632,AGT0064,Zurich,Dental Basic,2023-04-01,2026-04-01,29.57,354.84,0.18,5.32,active,36
POL0004632,MEM004633,AGT0012,MetLife,Dental Premium,2023-04-01,2023-10-01,52.51,630.12,0.22,11.55,active,6
POL0004633,MEM004634,AGT0011,MetLife,Dental Basic,2023-11-01,2024-11-01,28.56,342.72,0.18,5.14,cancelled,12
POL0004634,MEM004635,AGT0020,Zurich,Vision Basic,2023-12-01,2024-12-01,19.71,236.52,0.16,3.15,cancelled,12
POL0004635,MEM004636,AGT0052,Zurich,Dental+Vision Bundle,2024-04-01,2025-04-01,77.18,926.16,0.25,19.3,active,12
POL0004636,MEM004637,AGT0038,MetLife,Dental Basic,2023-04-01,2026-04-01,30.92,371.04,0.18,5.57,active,36
POL0004637,MEM004638,AGT0043,VSP,Vision Basic,2023-08-01,2024-08-01,19.03,228.36,0.16,3.04,pending,12
POL0004638,MEM004639,AGT0041,MetLife,Dental Basic,2023-07-01,2024-07-01,30.3,363.6,0.18,5.45,expired,12
POL0004639,MEM004640,AGT0013,VSP,Dental+Vision Bundle,2023-04-01,2024-04-01,72.25,867.0,0.25,18.06,active,12
POL0004640,MEM004641,AGT0070,VSP,Dental Basic,2024-09-01,2025-03-01,31.39,376.68,0.18,5.65,active,6
POL0004641,MEM004642,AGT0012,VSP,Dental Basic,2023-12-01,2025-12-01,30.3,363.6,0.18,5.45,cancelled,24
POL0004642,MEM004643,AGT0040,MetLife,Dental+Vision Bundle,2023-06-01,2023-12-01,75.04,900.48,0.25,18.76,active,6
POL0004643,MEM004644,AGT0021,Zurich,Vision Basic,2023-12-01,2025-12-01,20.57,246.84,0.16,3.29,active,24
POL0004644,MEM004645,AGT0012,MetLife,Dental Basic,2024-12-01,2025-12-01,30.46,365.52,0.18,5.48,active,12
POL0004645,MEM004646,AGT0041,MetLife,Dental+Vision Bundle,2024-07-01,2026-07-01,74.0,888.0,0.25,18.5,active,24
POL0004646,MEM004647,AGT0061,Zurich,Dental Premium,2023-04-01,2023-10-01,53.56,642.72,0.22,11.78,active,6
POL0004647,MEM004648,AGT0025,Zurich,Dental Basic,2024-02-01,2024-08-01,31.09,373.08,0.18,5.6,expired,6
POL0004648,MEM004649,AGT0064,VSP,Vision Basic,2024-08-01,2025-02-01,19.98,239.76,0.16,3.2,active,6
POL0004649,MEM004650,AGT0074,VSP,Dental Basic,2023-05-01,2024-05-01,29.31,351.72,0.18,5.28,expired,12
POL0004650,MEM004651,AGT0045,VSP,Dental+Vision Bundle,2024-11-01,2025-11-01,76.99,923.88,0.25,19.25,cancelled,12
POL0004651,MEM004652,AGT0043,MetLife,Dental Premium,2023-04-01,2024-04-01,53.28,639.36,0.22,11.72,cancelled,12
POL0004652,MEM004653,AGT0024,VSP,Dental Basic,2024-03-01,2026-03-01,30.37,364.44,0.18,5.47,cancelled,24
POL0004653,MEM004654,AGT0044,MetLife,Dental+Vision Bundle,2024-08-01,2026-08-01,77.07,924.84,0.25,19.27,active,24
POL0004654,MEM004655,AGT0010,MetLife,Dental Basic,2023-07-01,2024-07-01,30.24,362.88,0.18,5.44,active,12
POL0004655,MEM004656,AGT0009,Zurich,Vision Basic,2024-02-01,2024-08-01,19.71,236.52,0.16,3.15,expired,6
POL0004656,MEM004657,AGT0036,Zurich,Vision Basic,2024-08-01,2025-02-01,20.01,240.12,0.16,3.2,expired,6
POL0004657,MEM004658,AGT0078,VSP,Vision Basic,2024-02-01,2025-02-01,20.18,242.16,0.16,3.23,active,12
POL0004658,MEM004659,AGT0004,VSP,Dental Basic,2024-10-01,2026-10-01,30.42,365.04,0.18,5.48,active,24
POL0004659,MEM004660,AGT0058,VSP,Dental+Vision Bundle,2024-11-01,2026-11-01,73.12,877.44,0.25,18.28,active,24
POL0004660,MEM004661,AGT0047,Zurich,Dental Premium,2024-03-01,2027-03-01,55.22,662.64,0.22,12.15,active,36
POL0004661,MEM004662,AGT0012,VSP,Dental Basic,2023-06-01,2025-06-01,28.69,344.28,0.18,5.16,active,24
POL0004662,MEM004663,AGT0052,VSP,Dental Basic,2024-03-01,2026-03-01,29.22,350.64,0.18,5.26,active,24
POL0004663,MEM004664,AGT0003,Zurich,Dental Basic,2024-02-01,2025-02-01,31.31,375.72,0.18,5.64,cancelled,12
POL0004664,MEM004665,AGT0029,MetLife,Dental+Vision Bundle,2023-11-01,2024-11-01,74.94,899.28,0.25,18.73,cancelled,12
POL0004665,MEM004666,AGT0024,VSP,Dental Basic,2024-02-01,2026-02-01,28.96,347.52,0.18,5.21,active,24
POL0004666,MEM004667,AGT0001,MetLife,Dental+Vision Bundle,2024-07-01,2026-07-01,73.67,884.04,0.25,18.42,active,24
POL0004667,MEM004668,AGT0077,MetLife,Vision Premium,2024-03-01,2026-03-01,34.17,410.04,0.2,6.83,expired,24
POL0004668,MEM004669,AGT0069,MetLife,Dental Basic,2023-05-01,2026-05-01,31.22,374.64,0.18,5.62,active,36
POL0004669,MEM004670,AGT0065,Zurich,Dental Basic,2024-03-01,2025-03-01,31.16,373.92,0.18,5.61,active,12
POL0004670,MEM004671,AGT0030,MetLife,Vision Basic,2024-01-01,2025-01-01,19.67,236.04,0.16,3.15,cancelled,12
POL0004671,MEM004672,AGT0020,VSP,Dental Basic,2023-08-01,2024-08-01,31.18,374.16,0.18,5.61,active,12
POL0004672,MEM004673,AGT0020,Zurich,Dental Basic,2023-11-01,2026-11-01,30.23,362.76,0.18,5.44,cancelled,36
POL0004673,MEM004674,AGT0039,MetLife,Dental Basic,2024-10-01,2025-10-01,30.71,368.52,0.18,5.53,cancelled,12
POL0004674,MEM004675,AGT0035,VSP,Vision Basic,2023-05-01,2024-05-01,19.03,228.36,0.16,3.04,expired,12
POL0004675,MEM004676,AGT0014,Zurich,Dental Basic,2023-05-01,2025-05-01,29.93,359.16,0.18,5.39,cancelled,24
POL0004676,MEM004677,AGT0041,MetLife,Dental Premium,2023-10-01,2025-10-01,54.87,658.44,0.22,12.07,cancelled,24
POL0004677,MEM004678,AGT0068,Zurich,Dental Basic,2024-04-01,2026-04-01,29.9,358.8,0.18,5.38,active,24
POL0004678,MEM004679,AGT0016,Zurich,Vision Premium,2023-02-01,2024-02-01,34.37,412.44,0.2,6.87,active,12
POL0004679,MEM004680,AGT0072,MetLife,Vision Basic,2024-12-01,2025-12-01,19.21,230.52,0.16,3.07,active,12
POL0004680,MEM004681,AGT0004,MetLife,Dental+Vision Bundle,2024-05-01,2025-05-01,72.16,865.92,0.25,18.04,active,12
POL0004681,MEM004682,AGT0039,MetLife,Vision Basic,2023-02-01,2024-02-01,19.88,238.56,0.16,3.18,active,12
POL0004682,MEM004683,AGT0010,Zurich,Dental Premium,2024-01-01,2026-01-01,54.62,655.44,0.22,12.02,cancelled,24
POL0004683,MEM004684,AGT0034,VSP,Vision Basic,2023-06-01,2024-06-01,19.11,229.32,0.16,3.06,active,12
POL0004684,MEM004685,AGT0017,Zurich,Dental Basic,2024-03-01,2025-03-01,30.29,363.48,0.18,5.45,expired,12
POL0004685,MEM004686,AGT0079,MetLife,Dental Basic,2023-04-01,2024-04-01,31.01,372.12,0.18,5.58,active,12
POL0004686,MEM004687,AGT0072,Zurich,Vision Premium,2023-09-01,2024-09-01,35.51,426.12,0.2,7.1,active,12
POL0004687,MEM004688,AGT0072,Zurich,Vision Premium,2023-02-01,2024-02-01,36.27,435.24,0.2,7.25,active,12
POL0004688,MEM004689,AGT0029,Zurich,Vision Basic,2024-12-01,2027-12-01,19.02,228.24,0.16,3.04,cancelled,36
POL0004689,MEM004690,AGT0052,Zurich,Vision Basic,2024-04-01,2025-04-01,20.7,248.4,0.16,3.31,active,12
POL0004690,MEM004691,AGT0042,VSP,Dental+Vision Bundle,2023-12-01,2024-12-01,75.95,911.4,0.25,18.99,expired,12
POL0004691,MEM004692,AGT0040,Zurich,Vision Premium,2024-02-01,2025-02-01,35.99,431.88,0.2,7.2,cancelled,12
POL0004692,MEM004693,AGT0074,Zurich,Dental Basic,2024-08-01,2026-08-01,30.45,365.4,0.18,5.48,expired,24
POL0004693,MEM004694,AGT0007,Zurich,Dental Premium,2024-04-01,2025-04-01,52.5,630.0,0.22,11.55,active,12
POL0004694,MEM004695,AGT0070,VSP,Dental Basic,2023-07-01,2024-07-01,29.83,357.96,0.18,5.37,expired,12
POL0004695,MEM004696,AGT0043,VSP,Vision Basic,2023-04-01,2026-04-01,20.98,251.76,0.16,3.36,active,36
POL0004696,MEM004697,AGT0048,VSP,Dental+Vision Bundle,2023-09-01,2024-09-01,74.62,895.44,0.25,18.66,expired,12
POL0004697,MEM004698,AGT0019,VSP,Dental Premium,2023-04-01,2026-04-01,52.55,630.6,0.22,11.56,expired,36
POL0004698,MEM004699,AGT0009,VSP,Vision Basic,2023-09-01,2026-09-01,20.49,245.88,0.16,3.28,cancelled,36
POL0004699,MEM004700,AGT0046,MetLife,Vision Basic,2024-08-01,2025-08-01,20.91,250.92,0.16,3.35,active,12
POL0004700,MEM004701,AGT0062,Zurich,Dental Premium,2024-07-01,2025-07-01,55.76,669.12,0.22,12.27,cancelled,12
POL0004701,MEM004702,AGT0051,VSP,Dental Premium,2024-10-01,2026-10-01,57.07,684.84,0.22,12.56,active,24
POL0004702,MEM004703,AGT0042,MetLife,Vision Basic,2024-05-01,2026-05-01,19.25,231.0,0.16,3.08,active,24
POL0004703,MEM004704,AGT0019,VSP,Dental Basic,2024-12-01,2025-12-01,29.96,359.52,0.18,5.39,expired,12
POL0004704,MEM004705,AGT0005,VSP,Dental Basic,2023-12-01,2024-12-01,30.73,368.76,0.18,5.53,active,12
POL0004705,MEM004706,AGT0043,VSP,Dental Basic,2023-06-01,2024-06-01,29.5,354.0,0.18,5.31,cancelled,12
POL0004706,MEM004707,AGT0042,Zurich,Dental Premium,2024-03-01,2025-03-01,57.42,689.04,0.22,12.63,expired,12
POL0004707,MEM004708,AGT0004,VSP,Dental Basic,2024-05-01,2026-05-01,29.12,349.44,0.18,5.24,expired,24
POL0004708,MEM004709,AGT0002,MetLife,Dental Premium,2024-06-01,2026-06-01,57.58,690.96,0.22,12.67,active,24
POL0004709,MEM004710,AGT0031,MetLife,Dental Basic,2024-02-01,2027-02-01,29.49,353.88,0.18,5.31,pending,36
POL0004710,MEM004711,AGT0038,VSP,Dental Basic,2023-06-01,2025-06-01,31.35,376.2,0.18,5.64,cancelled,24
POL0004711,MEM004712,AGT0069,MetLife,Vision Basic,2023-09-01,2025-09-01,19.31,231.72,0.16,3.09,expired,24
POL0004712,MEM004713,AGT0003,MetLife,Vision Basic,2023-09-01,2024-09-01,20.05,240.6,0.16,3.21,cancelled,12
POL0004713,MEM004714,AGT0077,MetLife,Dental Premium,2024-03-01,2026-03-01,54.85,658.2,0.22,12.07,active,24
POL0004714,MEM004715,AGT0021,Zurich,Dental Basic,2023-05-01,2025-05-01,31.13,373.56,0.18,5.6,active,24
POL0004715,MEM004716,AGT0012,VSP,Vision Basic,2023-06-01,2026-06-01,20.1,241.2,0.16,3.22,pending,36
POL0004716,MEM004717,AGT0031,Zurich,Dental Basic,2023-08-01,2025-08-01,31.08,372.96,0.18,5.59,cancelled,24
POL0004717,MEM004718,AGT0027,VSP,Dental+Vision Bundle,2024-03-01,2025-03-01,74.44,893.28,0.25,18.61,active,12
POL0004718,MEM004719,AGT0017,VSP,Vision Premium,2023-02-01,2024-02-01,36.48,437.76,0.2,7.3,cancelled,12
POL0004719,MEM004720,AGT0076,MetLife,Vision Basic,2023-09-01,2024-09-01,20.57,246.84,0.16,3.29,active,12
POL0004720,MEM004721,AGT0001,MetLife,Dental Basic,2023-12-01,2024-12-01,30.53,366.36,0.18,5.5,active,12
POL0004721,MEM004722,AGT0007,MetLife,Vision Basic,2024-04-01,2025-04-01,20.27,243.24,0.16,3.24,cancelled,12
POL0004722,MEM004723,AGT0048,Zurich,Dental Basic,2024-11-01,2027-11-01,30.9,370.8,0.18,5.56,active,36
POL0004723,MEM004724,AGT0078,MetLife,Dental Basic,2024-10-01,2026-10-01,28.63,343.56,0.18,5.15,expired,24
POL0004724,MEM004725,AGT0075,Zurich,Dental Premium,2024-11-01,2025-11-01,54.43,653.16,0.22,11.97,active,12
POL0004725,MEM004726,AGT0024,VSP,Dental Premium,2023-05-01,2024-05-01,54.87,658.44,0.22,12.07,expired,12
POL0004726,MEM004727,AGT0009,Zurich,Vision Premium,2024-12-01,2025-12-01,35.08,420.96,0.2,7.02,active,12
POL0004727,MEM004728,AGT0001,Zurich,Dental Premium,2024-01-01,2025-01-01,54.55,654.6,0.22,12.0,active,12
POL0004728,MEM004729,AGT0001,VSP,Vision Premium,2024-10-01,2027-10-01,35.29,423.48,0.2,7.06,active,36
POL0004729,MEM004730,AGT0030,MetLife,Dental+Vision Bundle,2024-01-01,2027-01-01,74.45,893.4,0.25,18.61,active,36
POL0004730,MEM004731,AGT0069,MetLife,Dental Premium,2024-11-01,2026-11-01,56.02,672.24,0.22,12.32,cancelled,24
POL0004731,MEM004732,AGT0037,MetLife,Dental Premium,2024-02-01,2025-02-01,53.21,638.52,0.22,11.71,active,12
POL0004732,MEM004733,AGT0026,Zurich,Vision Basic,2023-06-01,2024-06-01,19.14,229.68,0.16,3.06,active,12
POL0004733,MEM004734,AGT0064,VSP,Dental+Vision Bundle,2023-05-01,2024-05-01,71.71,860.52,0.25,17.93,cancelled,12
POL0004734,MEM004735,AGT0045,MetLife,Vision Premium,2024-04-01,2025-04-01,33.43,401.16,0.2,6.69,cancelled,12
POL0004735,MEM004736,AGT0017,MetLife,Vision Premium,2024-11-01,2025-05-01,33.46,401.52,0.2,6.69,active,6
POL0004736,MEM004737,AGT0042,VSP,Vision Basic,2023-07-01,2025-07-01,19.61,235.32,0.16,3.14,cancelled,24
POL0004737,MEM004738,AGT0008,MetLife,Dental Basic,2024-03-01,2024-09-01,29.12,349.44,0.18,5.24,cancelled,6
POL0004738,MEM004739,AGT0062,Zurich,Vision Basic,2023-04-01,2024-04-01,19.35,232.2,0.16,3.1,pending,12
POL0004739,MEM004740,AGT0062,Zurich,Dental Premium,2024-04-01,2025-04-01,56.18,674.16,0.22,12.36,cancelled,12
POL0004740,MEM004741,AGT0020,MetLife,Vision Premium,2024-01-01,2025-01-01,34.23,410.76,0.2,6.85,active,12
POL0004741,MEM004742,AGT0075,MetLife,Dental Basic,2023-06-01,2023-12-01,29.63,355.56,0.18,5.33,active,6
POL0004742,MEM004743,AGT0037,Zurich,Vision Basic,2023-06-01,2024-06-01,20.21,242.52,0.16,3.23,active,12
POL0004743,MEM004744,AGT0011,MetLife,Dental Premium,2024-03-01,2025-03-01,53.2,638.4,0.22,11.7,expired,12
POL0004744,MEM004745,AGT0003,MetLife,Dental Basic,2023-07-01,2024-07-01,29.28,351.36,0.18,5.27,active,12
POL0004745,MEM004746,AGT0032,Zurich,Vision Premium,2023-10-01,2026-10-01,35.14,421.68,0.2,7.03,active,36
POL0004746,MEM004747,AGT0010,MetLife,Dental Basic,2024-09-01,2027-09-01,31.21,374.52,0.18,5.62,active,36
POL0004747,MEM004748,AGT0065,VSP,Dental Premium,2024-04-01,2027-04-01,55.49,665.88,0.22,12.21,active,36
POL0004748,MEM004749,AGT0069,Zurich,Dental Premium,2023-09-01,2024-03-01,53.04,636.48,0.22,11.67,cancelled,6
POL0004749,MEM004750,AGT0064,VSP,Dental Premium,2024-06-01,2026-06-01,55.34,664.08,0.22,12.17,expired,24
POL0004750,MEM004751,AGT0068,MetLife,Dental Basic,2023-04-01,2026-04-01,31.47,377.64,0.18,5.66,active,36
POL0004751,MEM004752,AGT0050,VSP,Dental Basic,2023-05-01,2024-05-01,29.79,357.48,0.18,5.36,active,12
POL0004752,MEM004753,AGT0024,VSP,Dental Premium,2024-04-01,2025-04-01,53.09,637.08,0.22,11.68,active,12
POL0004753,MEM004754,AGT0019,VSP,Dental Basic,2023-09-01,2026-09-01,30.97,371.64,0.18,5.57,active,36
POL0004754,MEM004755,AGT0029,MetLife,Vision Basic,2023-11-01,2024-11-01,19.95,239.4,0.16,3.19,expired,12
POL0004755,MEM004756,AGT0050,Zurich,Vision Basic,2024-02-01,2026-02-01,20.76,249.12,0.16,3.32,active,24
POL0004756,MEM004757,AGT0057,Zurich,Dental Premium,2024-03-01,2025-03-01,54.99,659.88,0.22,12.1,active,12
POL0004757,MEM004758,AGT0036,Zurich,Dental Premium,2024-04-01,2025-04-01,54.88,658.56,0.22,12.07,active,12
POL0004758,MEM004759,AGT0040,VSP,Vision Basic,2024-02-01,2025-02-01,20.55,246.6,0.16,3.29,active,12
POL0004759,MEM004760,AGT0075,MetLife,Dental+Vision Bundle,2023-12-01,2024-12-01,77.36,928.32,0.25,19.34,cancelled,12
POL0004760,MEM004761,AGT0069,VSP,Dental+Vision Bundle,2024-04-01,2026-04-01,74.8,897.6,0.25,18.7,active,24
POL0004761,MEM004762,AGT0017,VSP,Dental+Vision Bundle,2023-06-01,2025-06-01,78.71,944.52,0.25,19.68,active,24
POL0004762,MEM004763,AGT0030,Zurich,Dental Premium,2024-06-01,2026-06-01,54.45,653.4,0.22,11.98,active,24
POL0004763,MEM004764,AGT0028,VSP,Vision Premium,2023-02-01,2026-02-01,34.4,412.8,0.2,6.88,active,36
POL0004764,MEM004765,AGT0017,Zurich,Dental Basic,2023-11-01,2024-11-01,30.34,364.08,0.18,5.46,active,12
POL0004765,MEM004766,AGT0024,MetLife,Vision Premium,2024-04-01,2026-04-01,35.53,426.36,0.2,7.11,active,24
POL0004766,MEM004767,AGT0071,Zurich,Dental+Vision Bundle,2023-11-01,2025-11-01,75.07,900.84,0.25,18.77,cancelled,24
POL0004767,MEM004768,AGT0045,VSP,Vision Premium,2024-12-01,2025-12-01,36.58,438.96,0.2,7.32,cancelled,12
POL0004768,MEM004769,AGT0015,Zurich,Dental Premium,2024-05-01,2026-05-01,54.92,659.04,0.22,12.08,expired,24
POL0004769,MEM004770,AGT0004,MetLife,Dental Basic,2024-12-01,2026-12-01,31.13,373.56,0.18,5.6,active,24
POL0004770,MEM004771,AGT0012,VSP,Vision Basic,2024-10-01,2026-10-01,20.71,248.52,0.16,3.31,active,24
POL0004771,MEM004772,AGT0025,VSP,Vision Basic,2024-12-01,2025-12-01,20.04,240.48,0.16,3.21,active,12
POL0004772,MEM004773,AGT0035,VSP,Dental Basic,2023-07-01,2024-07-01,29.95,359.4,0.18,5.39,active,12
POL0004773,MEM004774,AGT0057,MetLife,Dental Premium,2024-03-01,2026-03-01,54.35,652.2,0.22,11.96,active,24
POL0004774,MEM004775,AGT0067,VSP,Dental Basic,2024-03-01,2024-09-01,28.54,342.48,0.18,5.14,active,6
POL0004775,MEM004776,AGT0020,MetLife,Dental+Vision Bundle,2023-05-01,2025-05-01,77.12,925.44,0.25,19.28,active,24
POL0004776,MEM004777,AGT0065,VSP,Dental Basic,2023-03-01,2025-03-01,31.36,376.32,0.18,5.64,active,24
POL0004777,MEM004778,AGT0027,MetLife,Dental Premium,2023-10-01,2024-10-01,56.36,676.32,0.22,12.4,active,12
POL0004778,MEM004779,AGT0003,Zurich,Dental Basic,2024-05-01,2025-05-01,29.15,349.8,0.18,5.25,cancelled,12
POL0004779,MEM004780,AGT0011,Zurich,Dental Basic,2024-08-01,2025-02-01,28.55,342.6,0.18,5.14,active,6
POL0004780,MEM004781,AGT0078,VSP,Dental+Vision Bundle,2023-02-01,2023-08-01,77.96,935.52,0.25,19.49,active,6
POL0004781,MEM004782,AGT0072,VSP,Dental+Vision Bundle,2024-10-01,2025-10-01,71.76,861.12,0.25,17.94,active,12
POL0004782,MEM004783,AGT0015,MetLife,Dental Basic,2023-11-01,2025-11-01,29.24,350.88,0.18,5.26,cancelled,24
POL0004783,MEM004784,AGT0073,MetLife,Dental Premium,2024-10-01,2025-10-01,57.68,692.16,0.22,12.69,active,12
POL0004784,MEM004785,AGT0014,VSP,Dental Premium,2024-11-01,2025-11-01,55.15,661.8,0.22,12.13,active,12
POL0004785,MEM004786,AGT0068,Zurich,Vision Premium,2023-05-01,2024-05-01,34.02,408.24,0.2,6.8,active,12
POL0004786,MEM004787,AGT0007,MetLife,Dental+Vision Bundle,2024-11-01,2025-05-01,75.61,907.32,0.25,18.9,active,6
POL0004787,MEM004788,AGT0037,VSP,Vision Basic,2024-07-01,2027-07-01,20.31,243.72,0.16,3.25,active,36
POL0004788,MEM004789,AGT0035,MetLife,Dental Basic,2023-04-01,2024-04-01,29.46,353.52,0.18,5.3,active,12
POL0004789,MEM004790,AGT0044,MetLife,Vision Premium,2024-03-01,2025-03-01,36.19,434.28,0.2,7.24,expired,12
POL0004790,MEM004791,AGT0014,VSP,Vision Basic,2024-01-01,2024-07-01,19.43,233.16,0.16,3.11,active,6
POL0004791,MEM004792,AGT0059,VSP,Dental Premium,2023-09-01,2024-03-01,56.08,672.96,0.22,12.34,active,6
POL0004792,MEM004793,AGT0080,Zurich,Dental Basic,2023-03-01,2025-03-01,29.87,358.44,0.18,5.38,active,24
POL0004793,MEM004794,AGT0049,VSP,Dental Premium,2024-03-01,2024-09-01,57.47,689.64,0.22,12.64,active,6
POL0004794,MEM004795,AGT0034,MetLife,Dental Basic,2024-06-01,2027-06-01,30.9,370.8,0.18,5.56,pending,36
POL0004795,MEM004796,AGT0060,Zurich,Dental Basic,2024-10-01,2025-04-01,31.32,375.84,0.18,5.64,cancelled,6
POL0004796,MEM004797,AGT0027,VSP,Vision Premium,2024-10-01,2026-10-01,36.73,440.76,0.2,7.35,pending,24
POL0004797,MEM004798,AGT0047,Zurich,Dental+Vision Bundle,2024-04-01,2025-04-01,72.84,874.08,0.25,18.21,expired,12
POL0004798,MEM004799,AGT0015,MetLife,Vision Basic,2024-04-01,2025-04-01,20.26,243.12,0.16,3.24,active,12
POL0004799,MEM004800,AGT0046,Zurich,Vision Premium,2024-05-01,2026-05-01,36.3,435.6,0.2,7.26,active,24
POL0004800,MEM004801,AGT0021,VSP,Dental Basic,2024-07-01,2026-07-01,29.36,352.32,0.18,5.28,active,24
POL0004801,MEM004802,AGT0043,Zurich,Dental Basic,2023-03-01,2024-03-01,30.97,371.64,0.18,5.57,pending,12
POL0004802,MEM004803,AGT0070,MetLife,Vision Basic,2023-08-01,2024-08-01,19.31,231.72,0.16,3.09,expired,12
POL0004803,MEM004804,AGT0020,Zurich,Dental Premium,2024-04-01,2027-04-01,55.96,671.52,0.22,12.31,active,36
POL0004804,MEM004805,AGT0075,Zurich,Vision Basic,2024-02-01,2027-02-01,19.82,237.84,0.16,3.17,active,36
POL0004805,MEM004806,AGT0021,VSP,Dental Premium,2024-07-01,2025-07-01,53.72,644.64,0.22,11.82,cancelled,12
POL0004806,MEM004807,AGT0062,VSP,Vision Basic,2023-06-01,2024-06-01,19.8,237.6,0.16,3.17,active,12
POL0004807,MEM004808,AGT0035,VSP,Dental Premium,2023-04-01,2025-04-01,56.94,683.28,0.22,12.53,pending,24
POL0004808,MEM004809,AGT0026,MetLife,Dental Basic,2024-06-01,2025-06-01,29.51,354.12,0.18,5.31,cancelled,12
POL0004809,MEM004810,AGT0021,VSP,Dental Basic,2024-07-01,2026-07-01,30.98,371.76,0.18,5.58,active,24
POL0004810,MEM004811,AGT0072,Zurich,Dental Basic,2024-02-01,2026-02-01,30.62,367.44,0.18,5.51,active,24
POL0004811,MEM004812,AGT0008,MetLife,Dental Premium,2023-12-01,2025-12-01,57.5,690.0,0.22,12.65,active,24
POL0004812,MEM004813,AGT0055,MetLife,Dental+Vision Bundle,2024-07-01,2025-01-01,73.61,883.32,0.25,18.4,active,6
POL0004813,MEM004814,AGT0025,MetLife,Vision Basic,2023-02-01,2023-08-01,19.22,230.64,0.16,3.08,expired,6
POL0004814,MEM004815,AGT0002,Zurich,Vision Basic,2024-08-01,2025-08-01,20.81,249.72,0.16,3.33,expired,12
POL0004815,MEM004816,AGT0062,VSP,Vision Basic,2023-09-01,2025-09-01,19.8,237.6,0.16,3.17,expired,24
POL0004816,MEM004817,AGT0038,MetLife,Dental Premium,2023-05-01,2024-05-01,54.47,653.64,0.22,11.98,cancelled,12
POL0004817,MEM004818,AGT0026,MetLife,Vision Premium,2024-06-01,2026-06-01,35.7,428.4,0.2,7.14,active,24
POL0004818,MEM004819,AGT0011,MetLife,Dental Basic,2023-04-01,2026-04-01,30.76,369.12,0.18,5.54,pending,36
POL0004819,MEM004820,AGT0025,VSP,Vision Premium,2023-06-01,2024-06-01,34.7,416.4,0.2,6.94,expired,12
POL0004820,MEM004821,AGT0045,Zurich,Vision Premium,2024-06-01,2025-06-01,35.0,420.0,0.2,7.0,expired,12
POL0004821,MEM004822,AGT0013,Zurich,Dental+Vision Bundle,2024-12-01,2025-12-01,73.62,883.44,0.25,18.41,active,12
POL0004822,MEM004823,AGT0075,Zurich,Vision Basic,2024-04-01,2026-04-01,19.33,231.96,0.16,3.09,active,24
POL0004823,MEM004824,AGT0056,VSP,Vision Premium,2024-02-01,2026-02-01,35.89,430.68,0.2,7.18,active,24
POL0004824,MEM004825,AGT0038,MetLife,Vision Basic,2024-03-01,2026-03-01,20.32,243.84,0.16,3.25,cancelled,24
POL0004825,MEM004826,AGT0031,MetLife,Dental Premium,2024-12-01,2025-12-01,52.84,634.08,0.22,11.62,cancelled,12
POL0004826,MEM004827,AGT0079,Zurich,Dental Premium,2023-10-01,2024-10-01,56.93,683.16,0.22,12.52,expired,12
POL0004827,MEM004828,AGT0049,Zurich,Vision Premium,2023-07-01,2025-07-01,33.8,405.6,0.2,6.76,cancelled,24
POL0004828,MEM004829,AGT0026,Zurich,Dental Basic,2023-08-01,2024-08-01,28.84,346.08,0.18,5.19,active,12
POL0004829,MEM004830,AGT0034,MetLife,Dental+Vision Bundle,2023-05-01,2025-05-01,71.97,863.64,0.25,17.99,active,24
POL0004830,MEM004831,AGT0047,Zurich,Dental Premium,2023-02-01,2026-02-01,52.36,628.32,0.22,11.52,active,36
POL0004831,MEM004832,AGT0007,MetLife,Dental Premium,2024-12-01,2025-12-01,56.56,678.72,0.22,12.44,active,12
POL0004832,MEM004833,AGT0011,VSP,Dental Basic,2024-11-01,2027-11-01,28.62,343.44,0.18,5.15,active,36
POL0004833,MEM004834,AGT0051,Zurich,Dental+Vision Bundle,2023-05-01,2024-05-01,75.35,904.2,0.25,18.84,expired,12
POL0004834,MEM004835,AGT0004,Zurich,Dental Basic,2023-07-01,2024-07-01,28.63,343.56,0.18,5.15,active,12
POL0004835,MEM004836,AGT0074,Zurich,Dental Basic,2024-03-01,2025-03-01,31.2,374.4,0.18,5.62,expired,12
POL0004836,MEM004837,AGT0077,VSP,Dental+Vision Bundle,2023-10-01,2024-10-01,72.27,867.24,0.25,18.07,pending,12
POL0004837,MEM004838,AGT0037,Zurich,Vision Basic,2023-08-01,2024-08-01,19.28,231.36,0.16,3.08,active,12
POL0004838,MEM004839,AGT0012,Zurich,Dental Basic,2023-08-01,2025-08-01,28.55,342.6,0.18,5.14,active,24
POL0004839,MEM004840,AGT0061,Zurich,Dental Basic,2023-11-01,2025-11-01,31.03,372.36,0.18,5.59,active,24
POL0004840,MEM004841,AGT0065,VSP,Dental+Vision Bundle,2023-10-01,2025-10-01,72.95,875.4,0.25,18.24,cancelled,24
POL0004841,MEM004842,AGT0020,MetLife,Dental+Vision Bundle,2024-03-01,2026-03-01,78.59,943.08,0.25,19.65,expired,24
POL0004842,MEM004843,AGT0053,VSP,Dental Premium,2023-05-01,2024-05-01,53.63,643.56,0.22,11.8,active,12
POL0004843,MEM004844,AGT0051,Zurich,Dental Premium,2024-07-01,2027-07-01,52.48,629.76,0.22,11.55,active,36
POL0004844,MEM004845,AGT0017,VSP,Dental Basic,2024-09-01,2025-03-01,30.67,368.04,0.18,5.52,cancelled,6
POL0004845,MEM004846,AGT0070,VSP,Vision Premium,2023-03-01,2024-03-01,33.76,405.12,0.2,6.75,expired,12
POL0004846,MEM004847,AGT0003,VSP,Dental Basic,2023-04-01,2023-10-01,31.42,377.04,0.18,5.66,cancelled,6
POL0004847,MEM004848,AGT0036,MetLife,Dental+Vision Bundle,2023-02-01,2023-08-01,76.14,913.68,0.25,19.04,active,6
POL0004848,MEM004849,AGT0026,Zurich,Dental Basic,2024-06-01,2025-06-01,31.19,374.28,0.18,5.61,active,12
POL0004849,MEM004850,AGT0041,VSP,Dental+Vision Bundle,2024-11-01,2025-11-01,74.78,897.36,0.25,18.7,cancelled,12
POL0004850,MEM004851,AGT0026,MetLife,Dental Basic,2023-09-01,2024-09-01,30.73,368.76,0.18,5.53,cancelled,12
POL0004851,MEM004852,AGT0076,MetLife,Vision Basic,2023-04-01,2024-04-01,20.46,245.52,0.16,3.27,cancelled,12
POL0004852,MEM004853,AGT0009,Zurich,Dental Premium,2024-10-01,2025-10-01,52.91,634.92,0.22,11.64,active,12
POL0004853,MEM004854,AGT0069,MetLife,Dental Basic,2023-05-01,2023-11-01,28.6,343.2,0.18,5.15,cancelled,6
POL0004854,MEM004855,AGT0036,MetLife,Dental Premium,2024-11-01,2025-11-01,52.68,632.16,0.22,11.59,expired,12
POL0004855,MEM004856,AGT0007,Zurich,Vision Premium,2024-10-01,2025-10-01,35.89,430.68,0.2,7.18,active,12
POL0004856,MEM004857,AGT0057,VSP,Dental Premium,2023-03-01,2025-03-01,57.08,684.96,0.22,12.56,active,24
POL0004857,MEM004858,AGT0022,Zurich,Dental+Vision Bundle,2023-10-01,2024-10-01,74.79,897.48,0.25,18.7,active,12
POL0004858,MEM004859,AGT0018,MetLife,Vision Premium,2023-02-01,2024-02-01,36.65,439.8,0.2,7.33,active,12
POL0004859,MEM004860,AGT0045,Zurich,Dental Premium,2024-04-01,2025-04-01,55.15,661.8,0.22,12.13,active,12
POL0004860,MEM004861,AGT0001,VSP,Dental+Vision Bundle,2024-05-01,2025-05-01,77.23,926.76,0.25,19.31,active,12
POL0004861,MEM004862,AGT0005,VSP,Vision Premium,2023-09-01,2024-09-01,35.65,427.8,0.2,7.13,active,12
POL0004862,MEM004863,AGT0079,VSP,Vision Basic,2023-09-01,2024-09-01,20.64,247.68,0.16,3.3,active,12
POL0004863,MEM004864,AGT0065,VSP,Dental+Vision Bundle,2023-08-01,2024-08-01,75.64,907.68,0.25,18.91,active,12
POL0004864,MEM004865,AGT0016,Zurich,Dental Premium,2023-05-01,2024-05-01,57.47,689.64,0.22,12.64,active,12
POL0004865,MEM004866,AGT0030,VSP,Dental+Vision Bundle,2024-12-01,2025-12-01,73.96,887.52,0.25,18.49,active,12
POL0004866,MEM004867,AGT0052,VSP,Dental Premium,2024-01-01,2025-01-01,54.24,650.88,0.22,11.93,active,12
POL0004867,MEM004868,AGT0062,VSP,Dental+Vision Bundle,2023-05-01,2024-05-01,74.41,892.92,0.25,18.6,expired,12
POL0004868,MEM004869,AGT0028,VSP,Dental+Vision Bundle,2023-06-01,2026-06-01,73.34,880.08,0.25,18.34,cancelled,36
POL0004869,MEM004870,AGT0046,MetLife,Dental Basic,2024-04-01,2026-04-01,30.52,366.24,0.18,5.49,active,24
POL0004870,MEM004871,AGT0059,VSP,Dental Basic,2024-12-01,2026-12-01,28.63,343.56,0.18,5.15,active,24
POL0004871,MEM004872,AGT0056,VSP,Dental Premium,2023-07-01,2025-07-01,56.68,680.16,0.22,12.47,cancelled,24
POL0004872,MEM004873,AGT0025,VSP,Vision Basic,2024-07-01,2025-07-01,20.54,246.48,0.16,3.29,active,12
POL0004873,MEM004874,AGT0022,MetLife,Vision Basic,2023-04-01,2025-04-01,20.97,251.64,0.16,3.36,active,24
POL0004874,MEM004875,AGT0001,VSP,Dental Premium,2024-11-01,2025-05-01,55.93,671.16,0.22,12.3,active,6
POL0004875,MEM004876,AGT0073,Zurich,Dental Basic,2024-09-01,2026-09-01,30.88,370.56,0.18,5.56,active,24
POL0004876,MEM004877,AGT0062,VSP,Vision Basic,2023-12-01,2024-12-01,19.18,230.16,0.16,3.07,active,12
POL0004877,MEM004878,AGT0064,VSP,Dental Premium,2024-04-01,2025-04-01,52.45,629.4,0.22,11.54,active,12
POL0004878,MEM004879,AGT0048,Zurich,Vision Basic,2024-08-01,2026-08-01,19.07,228.84,0.16,3.05,active,24
POL0004879,MEM004880,AGT0038,MetLife,Vision Premium,2023-12-01,2024-12-01,35.51,426.12,0.2,7.1,cancelled,12
POL0004880,MEM004881,AGT0062,Zurich,Vision Basic,2023-05-01,2025-05-01,19.79,237.48,0.16,3.17,active,24
POL0004881,MEM004882,AGT0076,VSP,Dental+Vision Bundle,2024-09-01,2025-03-01,78.0,936.0,0.25,19.5,expired,6
POL0004882,MEM004883,AGT0069,VSP,Dental Basic,2024-01-01,2025-01-01,31.14,373.68,0.18,5.61,cancelled,12
POL0004883,MEM004884,AGT0055,MetLife,Dental Basic,2023-05-01,2024-05-01,29.66,355.92,0.18,5.34,expired,12
POL0004884,MEM004885,AGT0001,Zurich,Vision Basic,2024-11-01,2026-11-01,19.86,238.32,0.16,3.18,active,24
POL0004885,MEM004886,AGT0024,Zurich,Dental+Vision Bundle,2023-10-01,2026-10-01,74.28,891.36,0.25,18.57,cancelled,36
POL0004886,MEM004887,AGT0060,MetLife,Vision Basic,2024-08-01,2025-08-01,20.71,248.52,0.16,3.31,expired,12
POL0004887,MEM004888,AGT0076,MetLife,Dental Basic,2024-11-01,2026-11-01,29.65,355.8,0.18,5.34,pending,24
POL0004888,MEM004889,AGT0002,MetLife,Vision Basic,2023-05-01,2024-05-01,19.71,236.52,0.16,3.15,pending,12
POL0004889,MEM004890,AGT0036,MetLife,Vision Basic,2024-03-01,2025-03-01,19.97,239.64,0.16,3.2,expired,12
POL0004890,MEM004891,AGT0045,MetLife,Dental+Vision Bundle,2023-02-01,2025-02-01,75.88,910.56,0.25,18.97,active,24
POL0004891,MEM004892,AGT0053,Zurich,Dental Basic,2023-07-01,2025-07-01,29.57,354.84,0.18,5.32,cancelled,24
POL0004892,MEM004893,AGT0050,MetLife,Dental+Vision Bundle,2023-06-01,2026-06-01,78.09,937.08,0.25,19.52,active,36
POL0004893,MEM004894,AGT0003,MetLife,Dental+Vision Bundle,2023-02-01,2024-02-01,75.83,909.96,0.25,18.96,active,12
POL0004894,MEM004895,AGT0018,VSP,Vision Premium,2023-07-01,2026-07-01,36.11,433.32,0.2,7.22,expired,36
POL0004895,MEM004896,AGT0031,VSP,Dental+Vision Bundle,2024-09-01,2027-09-01,77.71,932.52,0.25,19.43,active,36
POL0004896,MEM004897,AGT0042,VSP,Dental+Vision Bundle,2024-11-01,2025-05-01,77.54,930.48,0.25,19.39,expired,6
POL0004897,MEM004898,AGT0051,Zurich,Dental+Vision Bundle,2023-05-01,2024-05-01,73.4,880.8,0.25,18.35,active,12
POL0004898,MEM004899,AGT0033,MetLife,Vision Premium,2024-02-01,2024-08-01,33.42,401.04,0.2,6.68,active,6
POL0004899,MEM004900,AGT0047,Zurich,Dental Premium,2024-08-01,2025-08-01,55.21,662.52,0.22,12.15,active,12
POL0004900,MEM004901,AGT0043,Zurich,Dental Basic,2024-02-01,2027-02-01,31.39,376.68,0.18,5.65,active,36
POL0004901,MEM004902,AGT0069,Zurich,Dental+Vision Bundle,2024-02-01,2026-02-01,77.31,927.72,0.25,19.33,active,24
POL0004902,MEM004903,AGT0035,Zurich,Dental Basic,2024-01-01,2027-01-01,30.76,369.12,0.18,5.54,active,36
POL0004903,MEM004904,AGT0046,Zurich,Vision Basic,2023-11-01,2024-05-01,20.39,244.68,0.16,3.26,active,6
POL0004904,MEM004905,AGT0064,MetLife,Dental Premium,2024-04-01,2026-04-01,54.52,654.24,0.22,11.99,cancelled,24
POL0004905,MEM004906,AGT0041,MetLife,Dental Basic,2024-03-01,2025-03-01,31.05,372.6,0.18,5.59,cancelled,12
POL0004906,MEM004907,AGT0047,Zurich,Vision Basic,2024-12-01,2026-12-01,19.76,237.12,0.16,3.16,active,24
POL0004907,MEM004908,AGT0021,Zurich,Dental Premium,2024-07-01,2026-07-01,53.59,643.08,0.22,11.79,active,24
POL0004908,MEM004909,AGT0033,VSP,Dental Basic,2024-10-01,2026-10-01,29.34,352.08,0.18,5.28,active,24
POL0004909,MEM004910,AGT0069,MetLife,Dental Premium,2024-04-01,2025-04-01,52.52,630.24,0.22,11.55,expired,12
POL0004910,MEM004911,AGT0047,Zurich,Dental Basic,2023-12-01,2024-12-01,30.15,361.8,0.18,5.43,active,12
POL0004911,MEM004912,AGT0052,VSP,Dental Basic,2023-07-01,2024-07-01,28.53,342.36,0.18,5.14,active,12
POL0004912,MEM004913,AGT0026,VSP,Dental Basic,2023-02-01,2024-02-01,28.56,342.72,0.18,5.14,expired,12
POL0004913,MEM004914,AGT0006,Zurich,Vision Basic,2024-10-01,2025-10-01,19.73,236.76,0.16,3.16,pending,12
POL0004914,MEM004915,AGT0076,VSP,Dental Premium,2023-09-01,2024-03-01,57.43,689.16,0.22,12.63,active,6
POL0004915,MEM004916,AGT0072,MetLife,Dental Basic,2024-01-01,2027-01-01,30.87,370.44,0.18,5.56,expired,36
POL0004916,MEM004917,AGT0045,MetLife,Dental Premium,2023-06-01,2024-06-01,55.67,668.04,0.22,12.25,expired,12
POL0004917,MEM004918,AGT0039,VSP,Dental Basic,2024-12-01,2025-12-01,29.96,359.52,0.18,5.39,active,12
POL0004918,MEM004919,AGT0040,MetLife,Dental Premium,2023-08-01,2024-08-01,55.22,662.64,0.22,12.15,cancelled,12
POL0004919,MEM004920,AGT0077,VSP,Vision Premium,2023-04-01,2024-04-01,33.87,406.44,0.2,6.77,active,12
POL0004920,MEM004921,AGT0063,Zurich,Dental+Vision Bundle,2024-12-01,2025-12-01,75.07,900.84,0.25,18.77,active,12
POL0004921,MEM004922,AGT0013,MetLife,Dental Basic,2024-01-01,2026-01-01,29.82,357.84,0.18,5.37,active,24
POL0004922,MEM004923,AGT0004,VSP,Dental+Vision Bundle,2024-12-01,2025-12-01,71.34,856.08,0.25,17.84,cancelled,12
POL0004923,MEM004924,AGT0024,VSP,Dental+Vision Bundle,2023-07-01,2026-07-01,73.95,887.4,0.25,18.49,active,36
POL0004924,MEM004925,AGT0049,MetLife,Dental+Vision Bundle,2023-07-01,2024-07-01,71.66,859.92,0.25,17.91,active,12
POL0004925,MEM004926,AGT0068,VSP,Vision Basic,2024-01-01,2025-01-01,19.93,239.16,0.16,3.19,active,12
POL0004926,MEM004927,AGT0045,VSP,Dental Premium,2024-07-01,2025-07-01,55.05,660.6,0.22,12.11,cancelled,12
POL0004927,MEM004928,AGT0006,Zurich,Dental+Vision Bundle,2023-04-01,2026-04-01,73.83,885.96,0.25,18.46,cancelled,36
POL0004928,MEM004929,AGT0030,VSP,Dental Basic,2024-11-01,2025-11-01,31.44,377.28,0.18,5.66,cancelled,12
POL0004929,MEM004930,AGT0046,VSP,Vision Premium,2024-06-01,2026-06-01,36.31,435.72,0.2,7.26,cancelled,24
POL0004930,MEM004931,AGT0054,MetLife,Vision Basic,2023-09-01,2024-03-01,19.04,228.48,0.16,3.05,cancelled,6
POL0004931,MEM004932,AGT0059,MetLife,Dental Basic,2024-08-01,2026-08-01,28.8,345.6,0.18,5.18,active,24
POL0004932,MEM004933,AGT0018,MetLife,Vision Premium,2023-10-01,2025-10-01,36.13,433.56,0.2,7.23,active,24
POL0004933,MEM004934,AGT0022,VSP,Dental Premium,2024-06-01,2025-06-01,52.47,629.64,0.22,11.54,active,12
POL0004934,MEM004935,AGT0004,Zurich,Dental Premium,2023-05-01,2026-05-01,52.61,631.32,0.22,11.57,active,36
POL0004935,MEM004936,AGT0051,MetLife,Dental Basic,2023-06-01,2024-06-01,31.0,372.0,0.18,5.58,active,12
POL0004936,MEM004937,AGT0074,MetLife,Dental Basic,2024-10-01,2026-10-01,29.91,358.92,0.18,5.38,cancelled,24
POL0004937,MEM004938,AGT0031,Zurich,Vision Basic,2024-04-01,2025-04-01,20.54,246.48,0.16,3.29,active,12
POL0004938,MEM004939,AGT0008,VSP,Dental Premium,2023-04-01,2025-04-01,55.45,665.4,0.22,12.2,active,24
POL0004939,MEM004940,AGT0019,MetLife,Dental+Vision Bundle,2024-01-01,2025-01-01,77.52,930.24,0.25,19.38,active,12
POL0004940,MEM004941,AGT0013,MetLife,Dental+Vision Bundle,2024-04-01,2025-04-01,72.37,868.44,0.25,18.09,active,12
POL0004941,MEM004942,AGT0068,Zurich,Vision Basic,2023-09-01,2025-09-01,20.2,242.4,0.16,3.23,active,24
POL0004942,MEM004943,AGT0045,MetLife,Vision Premium,2023-03-01,2023-09-01,34.68,416.16,0.2,6.94,active,6
POL0004943,MEM004944,AGT0019,VSP,Vision Basic,2024-11-01,2025-05-01,19.15,229.8,0.16,3.06,active,6
POL0004944,MEM004945,AGT0047,MetLife,Dental+Vision Bundle,2023-10-01,2025-10-01,72.16,865.92,0.25,18.04,active,24
POL0004945,MEM004946,AGT0031,MetLife,Dental Basic,2023-06-01,2024-06-01,29.38,352.56,0.18,5.29,active,12
POL0004946,MEM004947,AGT0048,VSP,Dental Premium,2023-06-01,2024-06-01,55.18,662.16,0.22,12.14,cancelled,12
POL0004947,MEM004948,AGT0043,VSP,Vision Basic,2023-08-01,2024-08-01,20.78,249.36,0.16,3.32,active,12
POL0004948,MEM004949,AGT0011,Zurich,Dental+Vision Bundle,2023-11-01,2024-11-01,72.66,871.92,0.25,18.16,active,12
POL0004949,MEM004950,AGT0056,Zurich,Dental Premium,2023-08-01,2026-08-01,54.16,649.92,0.22,11.92,cancelled,36
POL0004950,MEM004951,AGT0075,VSP,Vision Basic,2023-04-01,2023-10-01,19.6,235.2,0.16,3.14,cancelled,6
POL0004951,MEM004952,AGT0003,VSP,Dental Basic,2024-12-01,2025-12-01,31.4,376.8,0.18,5.65,pending,12
POL0004952,MEM004953,AGT0078,MetLife,Dental Premium,2024-09-01,2025-09-01,57.48,689.76,0.22,12.65,active,12
POL0004953,MEM004954,AGT0028,MetLife,Vision Basic,2024-01-01,2025-01-01,19.05,228.6,0.16,3.05,active,12
POL0004954,MEM004955,AGT0011,Zurich,Dental Basic,2024-04-01,2025-04-01,28.82,345.84,0.18,5.19,active,12
POL0004955,MEM004956,AGT0080,MetLife,Dental Basic,2024-06-01,2026-06-01,30.86,370.32,0.18,5.55,expired,24
POL0004956,MEM004957,AGT0051,Zurich,Dental+Vision Bundle,2024-09-01,2025-09-01,74.6,895.2,0.25,18.65,active,12
POL0004957,MEM004958,AGT0059,VSP,Vision Premium,2023-12-01,2024-12-01,34.68,416.16,0.2,6.94,active,12
POL0004958,MEM004959,AGT0018,Zurich,Vision Basic,2023-05-01,2026-05-01,20.51,246.12,0.16,3.28,active,36
POL0004959,MEM004960,AGT0057,Zurich,Dental Premium,2024-05-01,2024-11-01,53.1,637.2,0.22,11.68,expired,6
POL0004960,MEM004961,AGT0026,MetLife,Dental Premium,2024-10-01,2025-10-01,53.46,641.52,0.22,11.76,active,12
POL0004961,MEM004962,AGT0023,MetLife,Dental Basic,2023-12-01,2024-12-01,29.21,350.52,0.18,5.26,cancelled,12
POL0004962,MEM004963,AGT0032,Zurich,Vision Basic,2024-11-01,2025-11-01,20.53,246.36,0.16,3.28,active,12
POL0004963,MEM004964,AGT0040,Zurich,Dental Premium,2024-10-01,2025-10-01,56.17,674.04,0.22,12.36,active,12
POL0004964,MEM004965,AGT0041,Zurich,Dental Premium,2023-03-01,2023-09-01,52.27,627.24,0.22,11.5,cancelled,6
POL0004965,MEM004966,AGT0007,VSP,Dental Basic,2024-03-01,2025-03-01,30.99,371.88,0.18,5.58,expired,12
POL0004966,MEM004967,AGT0059,Zurich,Dental Premium,2023-08-01,2026-08-01,54.6,655.2,0.22,12.01,active,36
POL0004967,MEM004968,AGT0019,MetLife,Vision Premium,2024-11-01,2025-05-01,34.99,419.88,0.2,7.0,active,6
POL0004968,MEM004969,AGT0006,MetLife,Dental+Vision Bundle,2024-08-01,2025-02-01,72.44,869.28,0.25,18.11,active,6
POL0004969,MEM004970,AGT0023,MetLife,Dental Basic,2024-08-01,2026-08-01,30.31,363.72,0.18,5.46,expired,24
POL0004970,MEM004971,AGT0032,VSP,Dental Premium,2023-12-01,2024-12-01,55.01,660.12,0.22,12.1,active,12
POL0004971,MEM004972,AGT0021,MetLife,Dental Basic,2023-05-01,2026-05-01,29.95,359.4,0.18,5.39,active,36
POL0004972,MEM004973,AGT0022,VSP,Vision Premium,2023-09-01,2025-09-01,35.95,431.4,0.2,7.19,pending,24
POL0004973,MEM004974,AGT0026,Zurich,Vision Premium,2023-07-01,2024-07-01,33.9,406.8,0.2,6.78,expired,12
POL0004974,MEM004975,AGT0016,Zurich,Vision Premium,2024-12-01,2025-12-01,33.34,400.08,0.2,6.67,active,12
POL0004975,MEM004976,AGT0002,MetLife,Vision Basic,2024-03-01,2027-03-01,20.07,240.84,0.16,3.21,active,36
POL0004976,MEM004977,AGT0032,Zurich,Dental Premium,2024-12-01,2025-12-01,55.71,668.52,0.22,12.26,active,12
POL0004977,MEM004978,AGT0076,Zurich,Dental Premium,2023-02-01,2023-08-01,56.05,672.6,0.22,12.33,active,6
POL0004978,MEM004979,AGT0024,MetLife,Dental Basic,2024-06-01,2025-06-01,30.18,362.16,0.18,5.43,cancelled,12
POL0004979,MEM004980,AGT0033,Zurich,Vision Premium,2024-01-01,2026-01-01,35.54,426.48,0.2,7.11,expired,24
POL0004980,MEM004981,AGT0059,MetLife,Dental Premium,2023-03-01,2025-03-01,54.46,653.52,0.22,11.98,active,24
POL0004981,MEM004982,AGT0004,Zurich,Vision Premium,2023-11-01,2026-11-01,33.85,406.2,0.2,6.77,cancelled,36
POL0004982,MEM004983,AGT0024,MetLife,Vision Basic,2024-10-01,2025-04-01,19.84,238.08,0.16,3.17,expired,6
POL0004983,MEM004984,AGT0015,Zurich,Vision Premium,2024-07-01,2025-07-01,33.29,399.48,0.2,6.66,cancelled,12
POL0004984,MEM004985,AGT0047,VSP,Dental+Vision Bundle,2024-10-01,2026-10-01,77.64,931.68,0.25,19.41,active,24
POL0004985,MEM004986,AGT0079,VSP,Dental Premium,2024-04-01,2027-04-01,52.59,631.08,0.22,11.57,expired,36
POL0004986,MEM004987,AGT0024,VSP,Dental Premium,2024-03-01,2025-03-01,52.5,630.0,0.22,11.55,cancelled,12
POL0004987,MEM004988,AGT0058,Zurich,Vision Premium,2023-04-01,2024-04-01,33.84,406.08,0.2,6.77,cancelled,12
POL0004988,MEM004989,AGT0054,MetLife,Dental+Vision Bundle,2023-05-01,2024-05-01,75.02,900.24,0.25,18.75,active,12
POL0004989,MEM004990,AGT0052,MetLife,Dental Basic,2023-10-01,2024-10-01,28.72,344.64,0.18,5.17,active,12
POL0004990,MEM004991,AGT0070,MetLife,Dental+Vision Bundle,2024-03-01,2025-03-01,75.97,911.64,0.25,18.99,active,12
POL0004991,MEM004992,AGT0027,VSP,Dental Basic,2024-02-01,2025-02-01,30.85,370.2,0.18,5.55,pending,12
POL0004992,MEM004993,AGT0037,MetLife,Dental Basic,2024-08-01,2025-08-01,29.14,349.68,0.18,5.25,active,12
POL0004993,MEM004994,AGT0049,MetLife,Dental Premium,2023-06-01,2023-12-01,53.41,640.92,0.22,11.75,active,6
POL0004994,MEM004995,AGT0064,VSP,Dental Basic,2024-03-01,2024-09-01,30.13,361.56,0.18,5.42,expired,6
POL0004995,MEM004996,AGT0015,MetLife,Dental+Vision Bundle,2023-09-01,2025-09-01,73.18,878.16,0.25,18.3,expired,24
POL0004996,MEM004997,AGT0023,Zurich,Vision Premium,2024-04-01,2027-04-01,35.17,422.04,0.2,7.03,active,36
POL0004997,MEM004998,AGT0066,MetLife,Dental Basic,2024-02-01,2026-02-01,31.33,375.96,0.18,5.64,expired,24
POL0004998,MEM004999,AGT0027,VSP,Dental Premium,2024-03-01,2025-03-01,53.3,639.6,0.22,11.73,active,12
POL0004999,MEM005000,AGT0041,VSP,Vision Basic,2023-02-01,2025-02-01,20.07,240.84,0.16,3.21,expired,24
